Fitter report for clock_top_scheme1
Mon Jun 15 21:47:09 2026
Quartus II 64-Bit Version 13.1.0 Build 162 10/23/2013 SJ Full Version


---------------------
; Table of Contents ;
---------------------
  1. Legal Notice
  2. Fitter Summary
  3. Fitter Settings
  4. Parallel Compilation
  5. I/O Assignment Warnings
  6. Incremental Compilation Preservation Summary
  7. Incremental Compilation Partition Settings
  8. Incremental Compilation Placement Preservation
  9. Pin-Out File
 10. Fitter Resource Usage Summary
 11. Fitter Partition Statistics
 12. Input Pins
 13. Output Pins
 14. Dual Purpose and Dedicated Pins
 15. I/O Bank Usage
 16. All Package Pins
 17. Fitter Resource Utilization by Entity
 18. Delay Chain Summary
 19. Pad To Core Delay Chain Fanout
 20. Control Signals
 21. Global & Other Fast Signals
 22. Non-Global High Fan-Out Signals
 23. Routing Usage Summary
 24. LAB Logic Elements
 25. LAB-wide Signals
 26. LAB Signals Sourced
 27. LAB Signals Sourced Out
 28. LAB Distinct Inputs
 29. I/O Rules Summary
 30. I/O Rules Details
 31. I/O Rules Matrix
 32. Fitter Device Options
 33. Operating Settings and Conditions
 34. Estimated Delay Added for Hold Timing Summary
 35. Estimated Delay Added for Hold Timing Details
 36. Fitter Messages
 37. Fitter Suppressed Messages



----------------
; Legal Notice ;
----------------
Copyright (C) 1991-2013 Altera Corporation
Your use of Altera Corporation's design tools, logic functions 
and other software and tools, and its AMPP partner logic 
functions, and any output files from any of the foregoing 
(including device programming or simulation files), and any 
associated documentation or information are expressly subject 
to the terms and conditions of the Altera Program License 
Subscription Agreement, Altera MegaCore Function License 
Agreement, or other applicable license agreement, including, 
without limitation, that your use is for the sole purpose of 
programming logic devices manufactured by Altera and sold by 
Altera or its authorized distributors.  Please refer to the 
applicable agreement for further details.



+----------------------------------------------------------------------------------+
; Fitter Summary                                                                   ;
+------------------------------------+---------------------------------------------+
; Fitter Status                      ; Successful - Mon Jun 15 21:47:09 2026       ;
; Quartus II 64-Bit Version          ; 13.1.0 Build 162 10/23/2013 SJ Full Version ;
; Revision Name                      ; clock_top_scheme1                           ;
; Top-level Entity Name              ; clock_top_scheme1                           ;
; Family                             ; Cyclone III                                 ;
; Device                             ; EP3C5F256C6                                 ;
; Timing Models                      ; Final                                       ;
; Total logic elements               ; 542 / 5,136 ( 11 % )                        ;
;     Total combinational functions  ; 541 / 5,136 ( 11 % )                        ;
;     Dedicated logic registers      ; 39 / 5,136 ( < 1 % )                        ;
; Total registers                    ; 39                                          ;
; Total pins                         ; 72 / 183 ( 39 % )                           ;
; Total virtual pins                 ; 0                                           ;
; Total memory bits                  ; 0 / 423,936 ( 0 % )                         ;
; Embedded Multiplier 9-bit elements ; 0 / 46 ( 0 % )                              ;
; Total PLLs                         ; 0 / 2 ( 0 % )                               ;
+------------------------------------+---------------------------------------------+


+------------------------------------------------------------------------------------------------------------------------------------------------------------+
; Fitter Settings                                                                                                                                            ;
+----------------------------------------------------------------------------+---------------------------------------+---------------------------------------+
; Option                                                                     ; Setting                               ; Default Value                         ;
+----------------------------------------------------------------------------+---------------------------------------+---------------------------------------+
; Device                                                                     ; AUTO                                  ;                                       ;
; Fit Attempts to Skip                                                       ; 0                                     ; 0.0                                   ;
; Use smart compilation                                                      ; Off                                   ; Off                                   ;
; Enable parallel Assembler and TimeQuest Timing Analyzer during compilation ; On                                    ; On                                    ;
; Enable compact report table                                                ; Off                                   ; Off                                   ;
; Auto Merge PLLs                                                            ; On                                    ; On                                    ;
; Router Timing Optimization Level                                           ; Normal                                ; Normal                                ;
; Perform Clocking Topology Analysis During Routing                          ; Off                                   ; Off                                   ;
; Placement Effort Multiplier                                                ; 1.0                                   ; 1.0                                   ;
; Router Effort Multiplier                                                   ; 1.0                                   ; 1.0                                   ;
; Optimize Hold Timing                                                       ; All Paths                             ; All Paths                             ;
; Optimize Multi-Corner Timing                                               ; On                                    ; On                                    ;
; PowerPlay Power Optimization                                               ; Normal compilation                    ; Normal compilation                    ;
; SSN Optimization                                                           ; Off                                   ; Off                                   ;
; Optimize Timing                                                            ; Normal compilation                    ; Normal compilation                    ;
; Optimize Timing for ECOs                                                   ; Off                                   ; Off                                   ;
; Regenerate full fit report during ECO compiles                             ; Off                                   ; Off                                   ;
; Optimize IOC Register Placement for Timing                                 ; Normal                                ; Normal                                ;
; Limit to One Fitting Attempt                                               ; Off                                   ; Off                                   ;
; Final Placement Optimizations                                              ; Automatically                         ; Automatically                         ;
; Fitter Aggressive Routability Optimizations                                ; Automatically                         ; Automatically                         ;
; Fitter Initial Placement Seed                                              ; 1                                     ; 1                                     ;
; PCI I/O                                                                    ; Off                                   ; Off                                   ;
; Weak Pull-Up Resistor                                                      ; Off                                   ; Off                                   ;
; Enable Bus-Hold Circuitry                                                  ; Off                                   ; Off                                   ;
; Auto Packed Registers                                                      ; Auto                                  ; Auto                                  ;
; Auto Delay Chains                                                          ; On                                    ; On                                    ;
; Auto Delay Chains for High Fanout Input Pins                               ; Off                                   ; Off                                   ;
; Allow Single-ended Buffer for Differential-XSTL Input                      ; Off                                   ; Off                                   ;
; Treat Bidirectional Pin as Output Pin                                      ; Off                                   ; Off                                   ;
; Perform Physical Synthesis for Combinational Logic for Fitting             ; Off                                   ; Off                                   ;
; Perform Physical Synthesis for Combinational Logic for Performance         ; Off                                   ; Off                                   ;
; Perform Register Duplication for Performance                               ; Off                                   ; Off                                   ;
; Perform Logic to Memory Mapping for Fitting                                ; Off                                   ; Off                                   ;
; Perform Register Retiming for Performance                                  ; Off                                   ; Off                                   ;
; Perform Asynchronous Signal Pipelining                                     ; Off                                   ; Off                                   ;
; Fitter Effort                                                              ; Auto Fit                              ; Auto Fit                              ;
; Physical Synthesis Effort Level                                            ; Normal                                ; Normal                                ;
; Logic Cell Insertion - Logic Duplication                                   ; Auto                                  ; Auto                                  ;
; Auto Register Duplication                                                  ; Auto                                  ; Auto                                  ;
; Auto Global Clock                                                          ; On                                    ; On                                    ;
; Auto Global Register Control Signals                                       ; On                                    ; On                                    ;
; Reserve all unused pins                                                    ; As input tri-stated with weak pull-up ; As input tri-stated with weak pull-up ;
; Synchronizer Identification                                                ; Off                                   ; Off                                   ;
; Enable Beneficial Skew Optimization                                        ; On                                    ; On                                    ;
; Optimize Design for Metastability                                          ; On                                    ; On                                    ;
; Force Fitter to Avoid Periphery Placement Warnings                         ; Off                                   ; Off                                   ;
; RAM Bit Reservation (Cyclone III)                                          ; Off                                   ; Off                                   ;
; Enable input tri-state on active configuration pins in user mode           ; Off                                   ; Off                                   ;
+----------------------------------------------------------------------------+---------------------------------------+---------------------------------------+


+------------------------------------------+
; Parallel Compilation                     ;
+----------------------------+-------------+
; Processors                 ; Number      ;
+----------------------------+-------------+
; Number detected on machine ; 16          ;
; Maximum allowed            ; 10          ;
;                            ;             ;
; Average used               ; 1.60        ;
; Maximum used               ; 10          ;
;                            ;             ;
; Usage by Processor         ; % Time Used ;
;     Processor 1            ; 100.0%      ;
;     Processors 2-4         ;  20.0%      ;
;     Processors 5-10        ; < 0.1%      ;
;     Processors 11-16       ;   0.0%      ;
+----------------------------+-------------+


+----------------------------------------------+
; I/O Assignment Warnings                      ;
+--------------+-------------------------------+
; Pin Name     ; Reason                        ;
+--------------+-------------------------------+
; sec0[0]      ; Incomplete set of assignments ;
; sec0[1]      ; Incomplete set of assignments ;
; sec0[2]      ; Incomplete set of assignments ;
; sec0[3]      ; Incomplete set of assignments ;
; sec1[0]      ; Incomplete set of assignments ;
; sec1[1]      ; Incomplete set of assignments ;
; sec1[2]      ; Incomplete set of assignments ;
; sec1[3]      ; Incomplete set of assignments ;
; min0[0]      ; Incomplete set of assignments ;
; min0[1]      ; Incomplete set of assignments ;
; min0[2]      ; Incomplete set of assignments ;
; min0[3]      ; Incomplete set of assignments ;
; min1[0]      ; Incomplete set of assignments ;
; min1[1]      ; Incomplete set of assignments ;
; min1[2]      ; Incomplete set of assignments ;
; min1[3]      ; Incomplete set of assignments ;
; hour0[0]     ; Incomplete set of assignments ;
; hour0[1]     ; Incomplete set of assignments ;
; hour0[2]     ; Incomplete set of assignments ;
; hour0[3]     ; Incomplete set of assignments ;
; hour1[0]     ; Incomplete set of assignments ;
; hour1[1]     ; Incomplete set of assignments ;
; hour1[2]     ; Incomplete set of assignments ;
; hour1[3]     ; Incomplete set of assignments ;
; speak        ; Incomplete set of assignments ;
; seg_sec0[0]  ; Incomplete set of assignments ;
; seg_sec0[1]  ; Incomplete set of assignments ;
; seg_sec0[2]  ; Incomplete set of assignments ;
; seg_sec0[3]  ; Incomplete set of assignments ;
; seg_sec0[4]  ; Incomplete set of assignments ;
; seg_sec0[5]  ; Incomplete set of assignments ;
; seg_sec0[6]  ; Incomplete set of assignments ;
; seg_sec1[0]  ; Incomplete set of assignments ;
; seg_sec1[1]  ; Incomplete set of assignments ;
; seg_sec1[2]  ; Incomplete set of assignments ;
; seg_sec1[3]  ; Incomplete set of assignments ;
; seg_sec1[4]  ; Incomplete set of assignments ;
; seg_sec1[5]  ; Incomplete set of assignments ;
; seg_sec1[6]  ; Incomplete set of assignments ;
; seg_min0[0]  ; Incomplete set of assignments ;
; seg_min0[1]  ; Incomplete set of assignments ;
; seg_min0[2]  ; Incomplete set of assignments ;
; seg_min0[3]  ; Incomplete set of assignments ;
; seg_min0[4]  ; Incomplete set of assignments ;
; seg_min0[5]  ; Incomplete set of assignments ;
; seg_min0[6]  ; Incomplete set of assignments ;
; seg_min1[0]  ; Incomplete set of assignments ;
; seg_min1[1]  ; Incomplete set of assignments ;
; seg_min1[2]  ; Incomplete set of assignments ;
; seg_min1[3]  ; Incomplete set of assignments ;
; seg_min1[4]  ; Incomplete set of assignments ;
; seg_min1[5]  ; Incomplete set of assignments ;
; seg_min1[6]  ; Incomplete set of assignments ;
; seg_hour0[0] ; Incomplete set of assignments ;
; seg_hour0[1] ; Incomplete set of assignments ;
; seg_hour0[2] ; Incomplete set of assignments ;
; seg_hour0[3] ; Incomplete set of assignments ;
; seg_hour0[4] ; Incomplete set of assignments ;
; seg_hour0[5] ; Incomplete set of assignments ;
; seg_hour0[6] ; Incomplete set of assignments ;
; seg_hour1[0] ; Incomplete set of assignments ;
; seg_hour1[1] ; Incomplete set of assignments ;
; seg_hour1[2] ; Incomplete set of assignments ;
; seg_hour1[3] ; Incomplete set of assignments ;
; seg_hour1[4] ; Incomplete set of assignments ;
; seg_hour1[5] ; Incomplete set of assignments ;
; seg_hour1[6] ; Incomplete set of assignments ;
; key_sec      ; Incomplete set of assignments ;
; key_shift    ; Incomplete set of assignments ;
; clk          ; Incomplete set of assignments ;
; key_min      ; Incomplete set of assignments ;
; key_hour     ; Incomplete set of assignments ;
+--------------+-------------------------------+


+--------------------------------------------------------------------------------------------------+
; Incremental Compilation Preservation Summary                                                     ;
+---------------------+--------------------+----------------------------+--------------------------+
; Type                ; Total [A + B]      ; From Design Partitions [A] ; From Rapid Recompile [B] ;
+---------------------+--------------------+----------------------------+--------------------------+
; Placement (by node) ;                    ;                            ;                          ;
;     -- Requested    ; 0.00 % ( 0 / 738 ) ; 0.00 % ( 0 / 738 )         ; 0.00 % ( 0 / 738 )       ;
;     -- Achieved     ; 0.00 % ( 0 / 738 ) ; 0.00 % ( 0 / 738 )         ; 0.00 % ( 0 / 738 )       ;
;                     ;                    ;                            ;                          ;
; Routing (by net)    ;                    ;                            ;                          ;
;     -- Requested    ; 0.00 % ( 0 / 0 )   ; 0.00 % ( 0 / 0 )           ; 0.00 % ( 0 / 0 )         ;
;     -- Achieved     ; 0.00 % ( 0 / 0 )   ; 0.00 % ( 0 / 0 )           ; 0.00 % ( 0 / 0 )         ;
+---------------------+--------------------+----------------------------+--------------------------+


+----------------------------------------------------------------------------------------------------------------------------------------------------------------------------------------+
; Incremental Compilation Partition Settings                                                                                                                                             ;
+--------------------------------+----------------+-------------------+-------------------------+------------------------+------------------------------+--------------------------------+
; Partition Name                 ; Partition Type ; Netlist Type Used ; Preservation Level Used ; Netlist Type Requested ; Preservation Level Requested ; Contents                       ;
+--------------------------------+----------------+-------------------+-------------------------+------------------------+------------------------------+--------------------------------+
; Top                            ; User-created   ; Source File       ; N/A                     ; Source File            ; N/A                          ;                                ;
; hard_block:auto_generated_inst ; Auto-generated ; Source File       ; N/A                     ; Source File            ; N/A                          ; hard_block:auto_generated_inst ;
+--------------------------------+----------------+-------------------+-------------------------+------------------------+------------------------------+--------------------------------+


+------------------------------------------------------------------------------------------------------------------------------------+
; Incremental Compilation Placement Preservation                                                                                     ;
+--------------------------------+-----------------------+-------------------------+-------------------+---------------------+-------+
; Partition Name                 ; Preservation Achieved ; Preservation Level Used ; Netlist Type Used ; Preservation Method ; Notes ;
+--------------------------------+-----------------------+-------------------------+-------------------+---------------------+-------+
; Top                            ; 0.00 % ( 0 / 728 )    ; N/A                     ; Source File       ; N/A                 ;       ;
; hard_block:auto_generated_inst ; 0.00 % ( 0 / 10 )     ; N/A                     ; Source File       ; N/A                 ;       ;
+--------------------------------+-----------------------+-------------------------+-------------------+---------------------+-------+


+--------------+
; Pin-Out File ;
+--------------+
The pin-out file can be found in C:/Users/Lenovo/Desktop/shudiankeshe/scheme1/output_files/clock_top_scheme1.pin.


+--------------------------------------------------------------------+
; Fitter Resource Usage Summary                                      ;
+---------------------------------------------+----------------------+
; Resource                                    ; Usage                ;
+---------------------------------------------+----------------------+
; Total logic elements                        ; 542 / 5,136 ( 11 % ) ;
;     -- Combinational with no register       ; 503                  ;
;     -- Register only                        ; 1                    ;
;     -- Combinational with a register        ; 38                   ;
;                                             ;                      ;
; Logic element usage by number of LUT inputs ;                      ;
;     -- 4 input functions                    ; 126                  ;
;     -- 3 input functions                    ; 200                  ;
;     -- <=2 input functions                  ; 215                  ;
;     -- Register only                        ; 1                    ;
;                                             ;                      ;
; Logic elements by mode                      ;                      ;
;     -- normal mode                          ; 387                  ;
;     -- arithmetic mode                      ; 154                  ;
;                                             ;                      ;
; Total registers*                            ; 39 / 6,000 ( < 1 % ) ;
;     -- Dedicated logic registers            ; 39 / 5,136 ( < 1 % ) ;
;     -- I/O registers                        ; 0 / 864 ( 0 % )      ;
;                                             ;                      ;
; Total LABs:  partially or completely used   ; 45 / 321 ( 14 % )    ;
; Virtual pins                                ; 0                    ;
; I/O pins                                    ; 72 / 183 ( 39 % )    ;
;     -- Clock pins                           ; 2 / 4 ( 50 % )       ;
;     -- Dedicated input pins                 ; 0 / 9 ( 0 % )        ;
;                                             ;                      ;
; Global signals                              ; 3                    ;
; M9Ks                                        ; 0 / 46 ( 0 % )       ;
; Total block memory bits                     ; 0 / 423,936 ( 0 % )  ;
; Total block memory implementation bits      ; 0 / 423,936 ( 0 % )  ;
; Embedded Multiplier 9-bit elements          ; 0 / 46 ( 0 % )       ;
; PLLs                                        ; 0 / 2 ( 0 % )        ;
; Global clocks                               ; 3 / 10 ( 30 % )      ;
; JTAGs                                       ; 0 / 1 ( 0 % )        ;
; CRC blocks                                  ; 0 / 1 ( 0 % )        ;
; ASMI blocks                                 ; 0 / 1 ( 0 % )        ;
; Impedance control blocks                    ; 0 / 4 ( 0 % )        ;
; Average interconnect usage (total/H/V)      ; 0% / 0% / 1%         ;
; Peak interconnect usage (total/H/V)         ; 2% / 2% / 2%         ;
; Maximum fan-out                             ; 31                   ;
; Highest non-global fan-out                  ; 31                   ;
; Total fan-out                               ; 1697                 ;
; Average fan-out                             ; 2.30                 ;
+---------------------------------------------+----------------------+
*  Register count does not include registers inside RAM blocks or DSP blocks.



+----------------------------------------------------------------------------------------------------+
; Fitter Partition Statistics                                                                        ;
+---------------------------------------------+---------------------+--------------------------------+
; Statistic                                   ; Top                 ; hard_block:auto_generated_inst ;
+---------------------------------------------+---------------------+--------------------------------+
; Difficulty Clustering Region                ; Low                 ; Low                            ;
;                                             ;                     ;                                ;
; Total logic elements                        ; 542 / 5136 ( 11 % ) ; 0 / 5136 ( 0 % )               ;
;     -- Combinational with no register       ; 503                 ; 0                              ;
;     -- Register only                        ; 1                   ; 0                              ;
;     -- Combinational with a register        ; 38                  ; 0                              ;
;                                             ;                     ;                                ;
; Logic element usage by number of LUT inputs ;                     ;                                ;
;     -- 4 input functions                    ; 126                 ; 0                              ;
;     -- 3 input functions                    ; 200                 ; 0                              ;
;     -- <=2 input functions                  ; 215                 ; 0                              ;
;     -- Register only                        ; 1                   ; 0                              ;
;                                             ;                     ;                                ;
; Logic elements by mode                      ;                     ;                                ;
;     -- normal mode                          ; 387                 ; 0                              ;
;     -- arithmetic mode                      ; 154                 ; 0                              ;
;                                             ;                     ;                                ;
; Total registers                             ; 39                  ; 0                              ;
;     -- Dedicated logic registers            ; 39 / 5136 ( < 1 % ) ; 0 / 5136 ( 0 % )               ;
;     -- I/O registers                        ; 0                   ; 0                              ;
;                                             ;                     ;                                ;
; Total LABs:  partially or completely used   ; 45 / 321 ( 14 % )   ; 0 / 321 ( 0 % )                ;
;                                             ;                     ;                                ;
; Virtual pins                                ; 0                   ; 0                              ;
; I/O pins                                    ; 72                  ; 0                              ;
; Embedded Multiplier 9-bit elements          ; 0 / 46 ( 0 % )      ; 0 / 46 ( 0 % )                 ;
; Total memory bits                           ; 0                   ; 0                              ;
; Total RAM block bits                        ; 0                   ; 0                              ;
; Clock control block                         ; 3 / 12 ( 25 % )     ; 0 / 12 ( 0 % )                 ;
;                                             ;                     ;                                ;
; Connections                                 ;                     ;                                ;
;     -- Input Connections                    ; 0                   ; 0                              ;
;     -- Registered Input Connections         ; 0                   ; 0                              ;
;     -- Output Connections                   ; 0                   ; 0                              ;
;     -- Registered Output Connections        ; 0                   ; 0                              ;
;                                             ;                     ;                                ;
; Internal Connections                        ;                     ;                                ;
;     -- Total Connections                    ; 1692                ; 5                              ;
;     -- Registered Connections               ; 317                 ; 0                              ;
;                                             ;                     ;                                ;
; External Connections                        ;                     ;                                ;
;     -- Top                                  ; 0                   ; 0                              ;
;     -- hard_block:auto_generated_inst       ; 0                   ; 0                              ;
;                                             ;                     ;                                ;
; Partition Interface                         ;                     ;                                ;
;     -- Input Ports                          ; 5                   ; 0                              ;
;     -- Output Ports                         ; 67                  ; 0                              ;
;     -- Bidir Ports                          ; 0                   ; 0                              ;
;                                             ;                     ;                                ;
; Registered Ports                            ;                     ;                                ;
;     -- Registered Input Ports               ; 0                   ; 0                              ;
;     -- Registered Output Ports              ; 0                   ; 0                              ;
;                                             ;                     ;                                ;
; Port Connectivity                           ;                     ;                                ;
;     -- Input Ports driven by GND            ; 0                   ; 0                              ;
;     -- Output Ports driven by GND           ; 0                   ; 0                              ;
;     -- Input Ports driven by VCC            ; 0                   ; 0                              ;
;     -- Output Ports driven by VCC           ; 0                   ; 0                              ;
;     -- Input Ports with no Source           ; 0                   ; 0                              ;
;     -- Output Ports with no Source          ; 0                   ; 0                              ;
;     -- Input Ports with no Fanout           ; 0                   ; 0                              ;
;     -- Output Ports with no Fanout          ; 0                   ; 0                              ;
+---------------------------------------------+---------------------+--------------------------------+


+--------------------------------------------------------------------------------------------------------------------------------------------------------------------------------------------------------------------------------------------------------------------------------+
; Input Pins                                                                                                                                                                                                                                                                     ;
+-----------+-------+----------+--------------+--------------+--------------+-----------------------+--------------------+--------+----------------+---------------+-----------------+----------+--------------+--------------+---------------------------+----------------------+
; Name      ; Pin # ; I/O Bank ; X coordinate ; Y coordinate ; Z coordinate ; Combinational Fan-Out ; Registered Fan-Out ; Global ; Input Register ; Power Up High ; PCI I/O Enabled ; Bus Hold ; Weak Pull Up ; I/O Standard ; Termination Control Block ; Location assigned by ;
+-----------+-------+----------+--------------+--------------+--------------+-----------------------+--------------------+--------+----------------+---------------+-----------------+----------+--------------+--------------+---------------------------+----------------------+
; clk       ; E2    ; 1        ; 0            ; 11           ; 0            ; 5                     ; 0                  ; yes    ; no             ; no            ; yes             ; no       ; Off          ; 2.5 V        ; --                        ; Fitter               ;
; key_hour  ; T6    ; 3        ; 11           ; 0            ; 14           ; 2                     ; 0                  ; no     ; no             ; no            ; yes             ; no       ; Off          ; 2.5 V        ; --                        ; Fitter               ;
; key_min   ; L8    ; 3        ; 13           ; 0            ; 14           ; 2                     ; 0                  ; no     ; no             ; no            ; yes             ; no       ; Off          ; 2.5 V        ; --                        ; Fitter               ;
; key_sec   ; M2    ; 2        ; 0            ; 11           ; 14           ; 1                     ; 0                  ; no     ; no             ; no            ; yes             ; no       ; Off          ; 2.5 V        ; --                        ; Fitter               ;
; key_shift ; M1    ; 2        ; 0            ; 11           ; 21           ; 1                     ; 0                  ; no     ; no             ; no            ; yes             ; no       ; Off          ; 2.5 V        ; --                        ; Fitter               ;
+-----------+-------+----------+--------------+--------------+--------------+-----------------------+--------------------+--------+----------------+---------------+-----------------+----------+--------------+--------------+---------------------------+----------------------+


+---------------------------------------------------------------------------------------------------------------------------------------------------------------------------------------------------------------------------------------------------------------------------------------------------------------------------------------------------------------------------------------------------------------------------------------------------------------+
; Output Pins                                                                                                                                                                                                                                                                                                                                                                                                                                                   ;
+--------------+-------+----------+--------------+--------------+--------------+-----------------+------------------------+---------------+-----------+-----------------+------------+---------------+----------+--------------+--------------+------------------+-----------------------------------+---------------------------+----------------------------+-----------------------------+----------------------+----------------------+---------------------+
; Name         ; Pin # ; I/O Bank ; X coordinate ; Y coordinate ; Z coordinate ; Output Register ; Output Enable Register ; Power Up High ; Slew Rate ; PCI I/O Enabled ; Open Drain ; TRI Primitive ; Bus Hold ; Weak Pull Up ; I/O Standard ; Current Strength ; Termination                       ; Termination Control Block ; Output Buffer Pre-emphasis ; Voltage Output Differential ; Location assigned by ; Output Enable Source ; Output Enable Group ;
+--------------+-------+----------+--------------+--------------+--------------+-----------------+------------------------+---------------+-----------+-----------------+------------+---------------+----------+--------------+--------------+------------------+-----------------------------------+---------------------------+----------------------------+-----------------------------+----------------------+----------------------+---------------------+
; hour0[0]     ; F11   ; 7        ; 23           ; 24           ; 21           ; no              ; no                     ; no            ; 2         ; no              ; no         ; no            ; no       ; Off          ; 2.5 V        ; Default          ; Series 50 Ohm without Calibration ; --                        ; no                         ; no                          ; Fitter               ; -                    ; -                   ;
; hour0[1]     ; E8    ; 8        ; 13           ; 24           ; 14           ; no              ; no                     ; no            ; 2         ; no              ; no         ; no            ; no       ; Off          ; 2.5 V        ; Default          ; Series 50 Ohm without Calibration ; --                        ; no                         ; no                          ; Fitter               ; -                    ; -                   ;
; hour0[2]     ; C8    ; 8        ; 13           ; 24           ; 0            ; no              ; no                     ; no            ; 2         ; no              ; no         ; no            ; no       ; Off          ; 2.5 V        ; Default          ; Series 50 Ohm without Calibration ; --                        ; no                         ; no                          ; Fitter               ; -                    ; -                   ;
; hour0[3]     ; B10   ; 7        ; 21           ; 24           ; 14           ; no              ; no                     ; no            ; 2         ; no              ; no         ; no            ; no       ; Off          ; 2.5 V        ; Default          ; Series 50 Ohm without Calibration ; --                        ; no                         ; no                          ; Fitter               ; -                    ; -                   ;
; hour1[0]     ; D9    ; 7        ; 18           ; 24           ; 14           ; no              ; no                     ; no            ; 2         ; no              ; no         ; no            ; no       ; Off          ; 2.5 V        ; Default          ; Series 50 Ohm without Calibration ; --                        ; no                         ; no                          ; Fitter               ; -                    ; -                   ;
; hour1[1]     ; N6    ; 3        ; 7            ; 0            ; 14           ; no              ; no                     ; no            ; 2         ; no              ; no         ; no            ; no       ; Off          ; 2.5 V        ; Default          ; Series 50 Ohm without Calibration ; --                        ; no                         ; no                          ; Fitter               ; -                    ; -                   ;
; hour1[2]     ; E5    ; 1        ; 0            ; 23           ; 7            ; no              ; no                     ; no            ; 2         ; no              ; no         ; no            ; no       ; Off          ; 2.5 V        ; Default          ; Series 50 Ohm without Calibration ; --                        ; no                         ; no                          ; Fitter               ; -                    ; -                   ;
; hour1[3]     ; M9    ; 4        ; 21           ; 0            ; 21           ; no              ; no                     ; no            ; 2         ; no              ; no         ; no            ; no       ; Off          ; 2.5 V        ; Default          ; Series 50 Ohm without Calibration ; --                        ; no                         ; no                          ; Fitter               ; -                    ; -                   ;
; min0[0]      ; A7    ; 8        ; 11           ; 24           ; 0            ; no              ; no                     ; no            ; 2         ; no              ; no         ; no            ; no       ; Off          ; 2.5 V        ; Default          ; Series 50 Ohm without Calibration ; --                        ; no                         ; no                          ; Fitter               ; -                    ; -                   ;
; min0[1]      ; F8    ; 8        ; 13           ; 24           ; 21           ; no              ; no                     ; no            ; 2         ; no              ; no         ; no            ; no       ; Off          ; 2.5 V        ; Default          ; Series 50 Ohm without Calibration ; --                        ; no                         ; no                          ; Fitter               ; -                    ; -                   ;
; min0[2]      ; E6    ; 8        ; 7            ; 24           ; 7            ; no              ; no                     ; no            ; 2         ; no              ; no         ; no            ; no       ; Off          ; 2.5 V        ; Default          ; Series 50 Ohm without Calibration ; --                        ; no                         ; no                          ; Fitter               ; -                    ; -                   ;
; min0[3]      ; D6    ; 8        ; 3            ; 24           ; 7            ; no              ; no                     ; no            ; 2         ; no              ; no         ; no            ; no       ; Off          ; 2.5 V        ; Default          ; Series 50 Ohm without Calibration ; --                        ; no                         ; no                          ; Fitter               ; -                    ; -                   ;
; min1[0]      ; A3    ; 8        ; 3            ; 24           ; 14           ; no              ; no                     ; no            ; 2         ; no              ; no         ; no            ; no       ; Off          ; 2.5 V        ; Default          ; Series 50 Ohm without Calibration ; --                        ; no                         ; no                          ; Fitter               ; -                    ; -                   ;
; min1[1]      ; B5    ; 8        ; 5            ; 24           ; 7            ; no              ; no                     ; no            ; 2         ; no              ; no         ; no            ; no       ; Off          ; 2.5 V        ; Default          ; Series 50 Ohm without Calibration ; --                        ; no                         ; no                          ; Fitter               ; -                    ; -                   ;
; min1[2]      ; F1    ; 1        ; 0            ; 19           ; 21           ; no              ; no                     ; no            ; 2         ; no              ; no         ; no            ; no       ; Off          ; 2.5 V        ; Default          ; Series 50 Ohm without Calibration ; --                        ; no                         ; no                          ; Fitter               ; -                    ; -                   ;
; min1[3]      ; R10   ; 4        ; 21           ; 0            ; 7            ; no              ; no                     ; no            ; 2         ; no              ; no         ; no            ; no       ; Off          ; 2.5 V        ; Default          ; Series 50 Ohm without Calibration ; --                        ; no                         ; no                          ; Fitter               ; -                    ; -                   ;
; sec0[0]      ; G1    ; 1        ; 0            ; 18           ; 21           ; no              ; no                     ; no            ; 2         ; no              ; no         ; no            ; no       ; Off          ; 2.5 V        ; Default          ; Series 50 Ohm without Calibration ; --                        ; no                         ; no                          ; Fitter               ; -                    ; -                   ;
; sec0[1]      ; K2    ; 2        ; 0            ; 8            ; 0            ; no              ; no                     ; no            ; 2         ; no              ; no         ; no            ; no       ; Off          ; 2.5 V        ; Default          ; Series 50 Ohm without Calibration ; --                        ; no                         ; no                          ; Fitter               ; -                    ; -                   ;
; sec0[2]      ; L6    ; 2        ; 0            ; 9            ; 7            ; no              ; no                     ; no            ; 2         ; no              ; no         ; no            ; no       ; Off          ; 2.5 V        ; Default          ; Series 50 Ohm without Calibration ; --                        ; no                         ; no                          ; Fitter               ; -                    ; -                   ;
; sec0[3]      ; R7    ; 3        ; 11           ; 0            ; 0            ; no              ; no                     ; no            ; 2         ; no              ; no         ; no            ; no       ; Off          ; 2.5 V        ; Default          ; Series 50 Ohm without Calibration ; --                        ; no                         ; no                          ; Fitter               ; -                    ; -                   ;
; sec1[0]      ; T7    ; 3        ; 13           ; 0            ; 21           ; no              ; no                     ; no            ; 2         ; no              ; no         ; no            ; no       ; Off          ; 2.5 V        ; Default          ; Series 50 Ohm without Calibration ; --                        ; no                         ; no                          ; Fitter               ; -                    ; -                   ;
; sec1[1]      ; R6    ; 3        ; 11           ; 0            ; 21           ; no              ; no                     ; no            ; 2         ; no              ; no         ; no            ; no       ; Off          ; 2.5 V        ; Default          ; Series 50 Ohm without Calibration ; --                        ; no                         ; no                          ; Fitter               ; -                    ; -                   ;
; sec1[2]      ; M8    ; 3        ; 13           ; 0            ; 0            ; no              ; no                     ; no            ; 2         ; no              ; no         ; no            ; no       ; Off          ; 2.5 V        ; Default          ; Series 50 Ohm without Calibration ; --                        ; no                         ; no                          ; Fitter               ; -                    ; -                   ;
; sec1[3]      ; T14   ; 4        ; 30           ; 0            ; 14           ; no              ; no                     ; no            ; 2         ; no              ; no         ; no            ; no       ; Off          ; 2.5 V        ; Default          ; Series 50 Ohm without Calibration ; --                        ; no                         ; no                          ; Fitter               ; -                    ; -                   ;
; seg_hour0[0] ; A9    ; 7        ; 16           ; 24           ; 0            ; no              ; no                     ; no            ; 2         ; no              ; no         ; no            ; no       ; Off          ; 2.5 V        ; Default          ; Series 50 Ohm without Calibration ; --                        ; no                         ; no                          ; Fitter               ; -                    ; -                   ;
; seg_hour0[1] ; A8    ; 8        ; 16           ; 24           ; 14           ; no              ; no                     ; no            ; 2         ; no              ; no         ; no            ; no       ; Off          ; 2.5 V        ; Default          ; Series 50 Ohm without Calibration ; --                        ; no                         ; no                          ; Fitter               ; -                    ; -                   ;
; seg_hour0[2] ; A10   ; 7        ; 21           ; 24           ; 7            ; no              ; no                     ; no            ; 2         ; no              ; no         ; no            ; no       ; Off          ; 2.5 V        ; Default          ; Series 50 Ohm without Calibration ; --                        ; no                         ; no                          ; Fitter               ; -                    ; -                   ;
; seg_hour0[3] ; A4    ; 8        ; 5            ; 24           ; 14           ; no              ; no                     ; no            ; 2         ; no              ; no         ; no            ; no       ; Off          ; 2.5 V        ; Default          ; Series 50 Ohm without Calibration ; --                        ; no                         ; no                          ; Fitter               ; -                    ; -                   ;
; seg_hour0[4] ; B9    ; 7        ; 16           ; 24           ; 7            ; no              ; no                     ; no            ; 2         ; no              ; no         ; no            ; no       ; Off          ; 2.5 V        ; Default          ; Series 50 Ohm without Calibration ; --                        ; no                         ; no                          ; Fitter               ; -                    ; -                   ;
; seg_hour0[5] ; E9    ; 7        ; 18           ; 24           ; 21           ; no              ; no                     ; no            ; 2         ; no              ; no         ; no            ; no       ; Off          ; 2.5 V        ; Default          ; Series 50 Ohm without Calibration ; --                        ; no                         ; no                          ; Fitter               ; -                    ; -                   ;
; seg_hour0[6] ; D8    ; 8        ; 13           ; 24           ; 7            ; no              ; no                     ; no            ; 2         ; no              ; no         ; no            ; no       ; Off          ; 2.5 V        ; Default          ; Series 50 Ohm without Calibration ; --                        ; no                         ; no                          ; Fitter               ; -                    ; -                   ;
; seg_hour1[0] ; M6    ; 3        ; 7            ; 0            ; 7            ; no              ; no                     ; no            ; 2         ; no              ; no         ; no            ; no       ; Off          ; 2.5 V        ; Default          ; Series 50 Ohm without Calibration ; --                        ; no                         ; no                          ; Fitter               ; -                    ; -                   ;
; seg_hour1[1] ; B13   ; 7        ; 30           ; 24           ; 21           ; no              ; no                     ; no            ; 2         ; no              ; no         ; no            ; no       ; Off          ; 2.5 V        ; Default          ; Series 50 Ohm without Calibration ; --                        ; no                         ; no                          ; Fitter               ; -                    ; -                   ;
; seg_hour1[2] ; E7    ; 8        ; 7            ; 24           ; 0            ; no              ; no                     ; no            ; 2         ; no              ; no         ; no            ; no       ; Off          ; 2.5 V        ; Default          ; Series 50 Ohm without Calibration ; --                        ; no                         ; no                          ; Fitter               ; -                    ; -                   ;
; seg_hour1[3] ; M7    ; 3        ; 9            ; 0            ; 21           ; no              ; no                     ; no            ; 2         ; no              ; no         ; no            ; no       ; Off          ; 2.5 V        ; Default          ; Series 50 Ohm without Calibration ; --                        ; no                         ; no                          ; Fitter               ; -                    ; -                   ;
; seg_hour1[4] ; C11   ; 7        ; 23           ; 24           ; 0            ; no              ; no                     ; no            ; 2         ; no              ; no         ; no            ; no       ; Off          ; 2.5 V        ; Default          ; Series 50 Ohm without Calibration ; --                        ; no                         ; no                          ; Fitter               ; -                    ; -                   ;
; seg_hour1[5] ; K8    ; 3        ; 9            ; 0            ; 14           ; no              ; no                     ; no            ; 2         ; no              ; no         ; no            ; no       ; Off          ; 2.5 V        ; Default          ; Series 50 Ohm without Calibration ; --                        ; no                         ; no                          ; Fitter               ; -                    ; -                   ;
; seg_hour1[6] ; P6    ; 3        ; 7            ; 0            ; 0            ; no              ; no                     ; no            ; 2         ; no              ; no         ; no            ; no       ; Off          ; 2.5 V        ; Default          ; Series 50 Ohm without Calibration ; --                        ; no                         ; no                          ; Fitter               ; -                    ; -                   ;
; seg_min0[0]  ; F7    ; 8        ; 11           ; 24           ; 21           ; no              ; no                     ; no            ; 2         ; no              ; no         ; no            ; no       ; Off          ; 2.5 V        ; Default          ; Series 50 Ohm without Calibration ; --                        ; no                         ; no                          ; Fitter               ; -                    ; -                   ;
; seg_min0[1]  ; A6    ; 8        ; 9            ; 24           ; 14           ; no              ; no                     ; no            ; 2         ; no              ; no         ; no            ; no       ; Off          ; 2.5 V        ; Default          ; Series 50 Ohm without Calibration ; --                        ; no                         ; no                          ; Fitter               ; -                    ; -                   ;
; seg_min0[2]  ; B8    ; 8        ; 16           ; 24           ; 21           ; no              ; no                     ; no            ; 2         ; no              ; no         ; no            ; no       ; Off          ; 2.5 V        ; Default          ; Series 50 Ohm without Calibration ; --                        ; no                         ; no                          ; Fitter               ; -                    ; -                   ;
; seg_min0[3]  ; B6    ; 8        ; 9            ; 24           ; 21           ; no              ; no                     ; no            ; 2         ; no              ; no         ; no            ; no       ; Off          ; 2.5 V        ; Default          ; Series 50 Ohm without Calibration ; --                        ; no                         ; no                          ; Fitter               ; -                    ; -                   ;
; seg_min0[4]  ; C9    ; 7        ; 18           ; 24           ; 7            ; no              ; no                     ; no            ; 2         ; no              ; no         ; no            ; no       ; Off          ; 2.5 V        ; Default          ; Series 50 Ohm without Calibration ; --                        ; no                         ; no                          ; Fitter               ; -                    ; -                   ;
; seg_min0[5]  ; A5    ; 8        ; 7            ; 24           ; 14           ; no              ; no                     ; no            ; 2         ; no              ; no         ; no            ; no       ; Off          ; 2.5 V        ; Default          ; Series 50 Ohm without Calibration ; --                        ; no                         ; no                          ; Fitter               ; -                    ; -                   ;
; seg_min0[6]  ; F6    ; 8        ; 11           ; 24           ; 14           ; no              ; no                     ; no            ; 2         ; no              ; no         ; no            ; no       ; Off          ; 2.5 V        ; Default          ; Series 50 Ohm without Calibration ; --                        ; no                         ; no                          ; Fitter               ; -                    ; -                   ;
; seg_min1[0]  ; A2    ; 8        ; 5            ; 24           ; 0            ; no              ; no                     ; no            ; 2         ; no              ; no         ; no            ; no       ; Off          ; 2.5 V        ; Default          ; Series 50 Ohm without Calibration ; --                        ; no                         ; no                          ; Fitter               ; -                    ; -                   ;
; seg_min1[1]  ; B3    ; 8        ; 3            ; 24           ; 21           ; no              ; no                     ; no            ; 2         ; no              ; no         ; no            ; no       ; Off          ; 2.5 V        ; Default          ; Series 50 Ohm without Calibration ; --                        ; no                         ; no                          ; Fitter               ; -                    ; -                   ;
; seg_min1[2]  ; G5    ; 1        ; 0            ; 19           ; 0            ; no              ; no                     ; no            ; 2         ; no              ; no         ; no            ; no       ; Off          ; 2.5 V        ; Default          ; Series 50 Ohm without Calibration ; --                        ; no                         ; no                          ; Fitter               ; -                    ; -                   ;
; seg_min1[3]  ; B4    ; 8        ; 5            ; 24           ; 21           ; no              ; no                     ; no            ; 2         ; no              ; no         ; no            ; no       ; Off          ; 2.5 V        ; Default          ; Series 50 Ohm without Calibration ; --                        ; no                         ; no                          ; Fitter               ; -                    ; -                   ;
; seg_min1[4]  ; F2    ; 1        ; 0            ; 19           ; 14           ; no              ; no                     ; no            ; 2         ; no              ; no         ; no            ; no       ; Off          ; 2.5 V        ; Default          ; Series 50 Ohm without Calibration ; --                        ; no                         ; no                          ; Fitter               ; -                    ; -                   ;
; seg_min1[5]  ; T5    ; 3        ; 9            ; 0            ; 0            ; no              ; no                     ; no            ; 2         ; no              ; no         ; no            ; no       ; Off          ; 2.5 V        ; Default          ; Series 50 Ohm without Calibration ; --                        ; no                         ; no                          ; Fitter               ; -                    ; -                   ;
; seg_min1[6]  ; C6    ; 8        ; 9            ; 24           ; 7            ; no              ; no                     ; no            ; 2         ; no              ; no         ; no            ; no       ; Off          ; 2.5 V        ; Default          ; Series 50 Ohm without Calibration ; --                        ; no                         ; no                          ; Fitter               ; -                    ; -                   ;
; seg_sec0[0]  ; T4    ; 3        ; 5            ; 0            ; 14           ; no              ; no                     ; no            ; 2         ; no              ; no         ; no            ; no       ; Off          ; 2.5 V        ; Default          ; Series 50 Ohm without Calibration ; --                        ; no                         ; no                          ; Fitter               ; -                    ; -                   ;
; seg_sec0[1]  ; K6    ; 2        ; 0            ; 9            ; 0            ; no              ; no                     ; no            ; 2         ; no              ; no         ; no            ; no       ; Off          ; 2.5 V        ; Default          ; Series 50 Ohm without Calibration ; --                        ; no                         ; no                          ; Fitter               ; -                    ; -                   ;
; seg_sec0[2]  ; J1    ; 2        ; 0            ; 10           ; 14           ; no              ; no                     ; no            ; 2         ; no              ; no         ; no            ; no       ; Off          ; 2.5 V        ; Default          ; Series 50 Ohm without Calibration ; --                        ; no                         ; no                          ; Fitter               ; -                    ; -                   ;
; seg_sec0[3]  ; J12   ; 5        ; 34           ; 11           ; 7            ; no              ; no                     ; no            ; 2         ; no              ; no         ; no            ; no       ; Off          ; 2.5 V        ; Default          ; Series 50 Ohm without Calibration ; --                        ; no                         ; no                          ; Fitter               ; -                    ; -                   ;
; seg_sec0[4]  ; J6    ; 2        ; 0            ; 10           ; 21           ; no              ; no                     ; no            ; 2         ; no              ; no         ; no            ; no       ; Off          ; 2.5 V        ; Default          ; Series 50 Ohm without Calibration ; --                        ; no                         ; no                          ; Fitter               ; -                    ; -                   ;
; seg_sec0[5]  ; G2    ; 1        ; 0            ; 18           ; 14           ; no              ; no                     ; no            ; 2         ; no              ; no         ; no            ; no       ; Off          ; 2.5 V        ; Default          ; Series 50 Ohm without Calibration ; --                        ; no                         ; no                          ; Fitter               ; -                    ; -                   ;
; seg_sec0[6]  ; J2    ; 2        ; 0            ; 10           ; 0            ; no              ; no                     ; no            ; 2         ; no              ; no         ; no            ; no       ; Off          ; 2.5 V        ; Default          ; Series 50 Ohm without Calibration ; --                        ; no                         ; no                          ; Fitter               ; -                    ; -                   ;
; seg_sec1[0]  ; N8    ; 3        ; 16           ; 0            ; 21           ; no              ; no                     ; no            ; 2         ; no              ; no         ; no            ; no       ; Off          ; 2.5 V        ; Default          ; Series 50 Ohm without Calibration ; --                        ; no                         ; no                          ; Fitter               ; -                    ; -                   ;
; seg_sec1[1]  ; R8    ; 3        ; 16           ; 0            ; 7            ; no              ; no                     ; no            ; 2         ; no              ; no         ; no            ; no       ; Off          ; 2.5 V        ; Default          ; Series 50 Ohm without Calibration ; --                        ; no                         ; no                          ; Fitter               ; -                    ; -                   ;
; seg_sec1[2]  ; R9    ; 4        ; 18           ; 0            ; 21           ; no              ; no                     ; no            ; 2         ; no              ; no         ; no            ; no       ; Off          ; 2.5 V        ; Default          ; Series 50 Ohm without Calibration ; --                        ; no                         ; no                          ; Fitter               ; -                    ; -                   ;
; seg_sec1[3]  ; K9    ; 4        ; 18           ; 0            ; 7            ; no              ; no                     ; no            ; 2         ; no              ; no         ; no            ; no       ; Off          ; 2.5 V        ; Default          ; Series 50 Ohm without Calibration ; --                        ; no                         ; no                          ; Fitter               ; -                    ; -                   ;
; seg_sec1[4]  ; L9    ; 4        ; 18           ; 0            ; 0            ; no              ; no                     ; no            ; 2         ; no              ; no         ; no            ; no       ; Off          ; 2.5 V        ; Default          ; Series 50 Ohm without Calibration ; --                        ; no                         ; no                          ; Fitter               ; -                    ; -                   ;
; seg_sec1[5]  ; T9    ; 4        ; 18           ; 0            ; 14           ; no              ; no                     ; no            ; 2         ; no              ; no         ; no            ; no       ; Off          ; 2.5 V        ; Default          ; Series 50 Ohm without Calibration ; --                        ; no                         ; no                          ; Fitter               ; -                    ; -                   ;
; seg_sec1[6]  ; T8    ; 3        ; 16           ; 0            ; 0            ; no              ; no                     ; no            ; 2         ; no              ; no         ; no            ; no       ; Off          ; 2.5 V        ; Default          ; Series 50 Ohm without Calibration ; --                        ; no                         ; no                          ; Fitter               ; -                    ; -                   ;
; speak        ; B7    ; 8        ; 11           ; 24           ; 7            ; no              ; no                     ; no            ; 2         ; no              ; no         ; no            ; no       ; Off          ; 2.5 V        ; Default          ; Series 50 Ohm without Calibration ; --                        ; no                         ; no                          ; Fitter               ; -                    ; -                   ;
+--------------+-------+----------+--------------+--------------+--------------+-----------------+------------------------+---------------+-----------+-----------------+------------+---------------+----------+--------------+--------------+------------------+-----------------------------------+---------------------------+----------------------------+-----------------------------+----------------------+----------------------+---------------------+


+-------------------------------------------------------------------------------------------------------------------------+
; Dual Purpose and Dedicated Pins                                                                                         ;
+----------+-----------------------------+--------------------------+-------------------------+---------------------------+
; Location ; Pin Name                    ; Reserved As              ; User Signal Name        ; Pin Type                  ;
+----------+-----------------------------+--------------------------+-------------------------+---------------------------+
; C1       ; DIFFIO_L1n, DATA1, ASDO     ; As input tri-stated      ; ~ALTERA_ASDO_DATA1~     ; Dual Purpose Pin          ;
; D2       ; DIFFIO_L2p, FLASH_nCE, nCSO ; As input tri-stated      ; ~ALTERA_FLASH_nCE_nCSO~ ; Dual Purpose Pin          ;
; F4       ; nSTATUS                     ; -                        ; -                       ; Dedicated Programming Pin ;
; H1       ; DCLK                        ; As output driving ground ; ~ALTERA_DCLK~           ; Dual Purpose Pin          ;
; H2       ; DATA0                       ; As input tri-stated      ; ~ALTERA_DATA0~          ; Dual Purpose Pin          ;
; H5       ; nCONFIG                     ; -                        ; -                       ; Dedicated Programming Pin ;
; J3       ; nCE                         ; -                        ; -                       ; Dedicated Programming Pin ;
; H14      ; CONF_DONE                   ; -                        ; -                       ; Dedicated Programming Pin ;
; H13      ; MSEL0                       ; -                        ; -                       ; Dedicated Programming Pin ;
; H12      ; MSEL1                       ; -                        ; -                       ; Dedicated Programming Pin ;
; G12      ; MSEL2                       ; -                        ; -                       ; Dedicated Programming Pin ;
; G12      ; MSEL3                       ; -                        ; -                       ; Dedicated Programming Pin ;
; F16      ; DIFFIO_R3n, nCEO            ; Use as programming pin   ; ~ALTERA_nCEO~           ; Dual Purpose Pin          ;
; E8       ; DIFFIO_T10n, DATA2          ; Use as regular IO        ; hour0[1]                ; Dual Purpose Pin          ;
; F8       ; DIFFIO_T10p, DATA3          ; Use as regular IO        ; min0[1]                 ; Dual Purpose Pin          ;
; B7       ; DIFFIO_T9p, DATA4           ; Use as regular IO        ; speak                   ; Dual Purpose Pin          ;
; E7       ; DATA5                       ; Use as regular IO        ; seg_hour1[2]            ; Dual Purpose Pin          ;
; E6       ; DATA6                       ; Use as regular IO        ; min0[2]                 ; Dual Purpose Pin          ;
; A5       ; DIFFIO_T6n, DATA7           ; Use as regular IO        ; seg_min0[5]             ; Dual Purpose Pin          ;
+----------+-----------------------------+--------------------------+-------------------------+---------------------------+


+------------------------------------------------------------+
; I/O Bank Usage                                             ;
+----------+------------------+---------------+--------------+
; I/O Bank ; Usage            ; VCCIO Voltage ; VREF Voltage ;
+----------+------------------+---------------+--------------+
; 1        ; 11 / 18 ( 61 % ) ; 2.5V          ; --           ;
; 2        ; 8 / 19 ( 42 % )  ; 2.5V          ; --           ;
; 3        ; 16 / 26 ( 62 % ) ; 2.5V          ; --           ;
; 4        ; 7 / 27 ( 26 % )  ; 2.5V          ; --           ;
; 5        ; 1 / 25 ( 4 % )   ; 2.5V          ; --           ;
; 6        ; 1 / 16 ( 6 % )   ; 2.5V          ; --           ;
; 7        ; 10 / 26 ( 38 % ) ; 2.5V          ; --           ;
; 8        ; 23 / 26 ( 88 % ) ; 2.5V          ; --           ;
+----------+------------------+---------------+--------------+


+-----------------------------------------------------------------------------------------------------------------------------------------------------------------------------------------+
; All Package Pins                                                                                                                                                                        ;
+----------+------------+----------+-----------------------------------------------------------+--------+--------------+---------+------------+-----------------+----------+--------------+
; Location ; Pad Number ; I/O Bank ; Pin Name/Usage                                            ; Dir.   ; I/O Standard ; Voltage ; I/O Type   ; User Assignment ; Bus Hold ; Weak Pull Up ;
+----------+------------+----------+-----------------------------------------------------------+--------+--------------+---------+------------+-----------------+----------+--------------+
; A1       ;            ; 8        ; VCCIO8                                                    ; power  ;              ; 2.5V    ; --         ;                 ; --       ; --           ;
; A2       ; 194        ; 8        ; seg_min1[0]                                               ; output ; 2.5 V        ;         ; Column I/O ; N               ; no       ; Off          ;
; A3       ; 200        ; 8        ; min1[0]                                                   ; output ; 2.5 V        ;         ; Column I/O ; N               ; no       ; Off          ;
; A4       ; 196        ; 8        ; seg_hour0[3]                                              ; output ; 2.5 V        ;         ; Column I/O ; N               ; no       ; Off          ;
; A5       ; 192        ; 8        ; seg_min0[5]                                               ; output ; 2.5 V        ;         ; Column I/O ; N               ; no       ; Off          ;
; A6       ; 188        ; 8        ; seg_min0[1]                                               ; output ; 2.5 V        ;         ; Column I/O ; N               ; no       ; Off          ;
; A7       ; 183        ; 8        ; min0[0]                                                   ; output ; 2.5 V        ;         ; Column I/O ; N               ; no       ; Off          ;
; A8       ; 177        ; 8        ; seg_hour0[1]                                              ; output ; 2.5 V        ;         ; Column I/O ; N               ; no       ; Off          ;
; A9       ; 175        ; 7        ; seg_hour0[0]                                              ; output ; 2.5 V        ;         ; Column I/O ; N               ; no       ; Off          ;
; A10      ; 168        ; 7        ; seg_hour0[2]                                              ; output ; 2.5 V        ;         ; Column I/O ; N               ; no       ; Off          ;
; A11      ; 161        ; 7        ; RESERVED_INPUT_WITH_WEAK_PULLUP                           ;        ;              ;         ; Column I/O ;                 ; no       ; On           ;
; A12      ; 159        ; 7        ; RESERVED_INPUT_WITH_WEAK_PULLUP                           ;        ;              ;         ; Column I/O ;                 ; no       ; On           ;
; A13      ; 153        ; 7        ; RESERVED_INPUT_WITH_WEAK_PULLUP                           ;        ;              ;         ; Column I/O ;                 ; no       ; On           ;
; A14      ; 155        ; 7        ; RESERVED_INPUT_WITH_WEAK_PULLUP                           ;        ;              ;         ; Column I/O ;                 ; no       ; On           ;
; A15      ; 167        ; 7        ; RESERVED_INPUT_WITH_WEAK_PULLUP                           ;        ;              ;         ; Column I/O ;                 ; no       ; On           ;
; A16      ;            ; 7        ; VCCIO7                                                    ; power  ;              ; 2.5V    ; --         ;                 ; --       ; --           ;
; B1       ; 3          ; 1        ; RESERVED_INPUT_WITH_WEAK_PULLUP                           ;        ;              ;         ; Row I/O    ;                 ; no       ; On           ;
; B2       ;            ;          ; GND                                                       ; gnd    ;              ;         ; --         ;                 ; --       ; --           ;
; B3       ; 201        ; 8        ; seg_min1[1]                                               ; output ; 2.5 V        ;         ; Column I/O ; N               ; no       ; Off          ;
; B4       ; 197        ; 8        ; seg_min1[3]                                               ; output ; 2.5 V        ;         ; Column I/O ; N               ; no       ; Off          ;
; B5       ; 195        ; 8        ; min1[1]                                                   ; output ; 2.5 V        ;         ; Column I/O ; N               ; no       ; Off          ;
; B6       ; 189        ; 8        ; seg_min0[3]                                               ; output ; 2.5 V        ;         ; Column I/O ; N               ; no       ; Off          ;
; B7       ; 184        ; 8        ; speak                                                     ; output ; 2.5 V        ;         ; Column I/O ; N               ; no       ; Off          ;
; B8       ; 178        ; 8        ; seg_min0[2]                                               ; output ; 2.5 V        ;         ; Column I/O ; N               ; no       ; Off          ;
; B9       ; 176        ; 7        ; seg_hour0[4]                                              ; output ; 2.5 V        ;         ; Column I/O ; N               ; no       ; Off          ;
; B10      ; 169        ; 7        ; hour0[3]                                                  ; output ; 2.5 V        ;         ; Column I/O ; N               ; no       ; Off          ;
; B11      ; 162        ; 7        ; RESERVED_INPUT_WITH_WEAK_PULLUP                           ;        ;              ;         ; Column I/O ;                 ; no       ; On           ;
; B12      ; 160        ; 7        ; RESERVED_INPUT_WITH_WEAK_PULLUP                           ;        ;              ;         ; Column I/O ;                 ; no       ; On           ;
; B13      ; 154        ; 7        ; seg_hour1[1]                                              ; output ; 2.5 V        ;         ; Column I/O ; N               ; no       ; Off          ;
; B14      ; 156        ; 7        ; RESERVED_INPUT_WITH_WEAK_PULLUP                           ;        ;              ;         ; Column I/O ;                 ; no       ; On           ;
; B15      ;            ;          ; GND                                                       ; gnd    ;              ;         ; --         ;                 ; --       ; --           ;
; B16      ; 141        ; 6        ; RESERVED_INPUT_WITH_WEAK_PULLUP                           ;        ;              ;         ; Row I/O    ;                 ; no       ; On           ;
; C1       ; 5          ; 1        ; ~ALTERA_ASDO_DATA1~ / RESERVED_INPUT_WITH_WEAK_PULLUP     ; input  ; 2.5 V        ;         ; Row I/O    ; N               ; no       ; On           ;
; C2       ; 4          ; 1        ; RESERVED_INPUT_WITH_WEAK_PULLUP                           ;        ;              ;         ; Row I/O    ;                 ; no       ; On           ;
; C3       ; 202        ; 8        ; RESERVED_INPUT_WITH_WEAK_PULLUP                           ;        ;              ;         ; Column I/O ;                 ; no       ; On           ;
; C4       ;            ; 8        ; VCCIO8                                                    ; power  ;              ; 2.5V    ; --         ;                 ; --       ; --           ;
; C5       ;            ;          ; GND                                                       ; gnd    ;              ;         ; --         ;                 ; --       ; --           ;
; C6       ; 187        ; 8        ; seg_min1[6]                                               ; output ; 2.5 V        ;         ; Column I/O ; N               ; no       ; Off          ;
; C7       ;            ; 8        ; VCCIO8                                                    ; power  ;              ; 2.5V    ; --         ;                 ; --       ; --           ;
; C8       ; 179        ; 8        ; hour0[2]                                                  ; output ; 2.5 V        ;         ; Column I/O ; N               ; no       ; Off          ;
; C9       ; 172        ; 7        ; seg_min0[4]                                               ; output ; 2.5 V        ;         ; Column I/O ; N               ; no       ; Off          ;
; C10      ;            ; 7        ; VCCIO7                                                    ; power  ;              ; 2.5V    ; --         ;                 ; --       ; --           ;
; C11      ; 163        ; 7        ; seg_hour1[4]                                              ; output ; 2.5 V        ;         ; Column I/O ; N               ; no       ; Off          ;
; C12      ;            ;          ; GND                                                       ; gnd    ;              ;         ; --         ;                 ; --       ; --           ;
; C13      ;            ; 7        ; VCCIO7                                                    ; power  ;              ; 2.5V    ; --         ;                 ; --       ; --           ;
; C14      ; 149        ; 7        ; RESERVED_INPUT_WITH_WEAK_PULLUP                           ;        ;              ;         ; Column I/O ;                 ; no       ; On           ;
; C15      ; 147        ; 6        ; RESERVED_INPUT_WITH_WEAK_PULLUP                           ;        ;              ;         ; Row I/O    ;                 ; no       ; On           ;
; C16      ; 146        ; 6        ; RESERVED_INPUT_WITH_WEAK_PULLUP                           ;        ;              ;         ; Row I/O    ;                 ; no       ; On           ;
; D1       ; 8          ; 1        ; RESERVED_INPUT_WITH_WEAK_PULLUP                           ;        ;              ;         ; Row I/O    ;                 ; no       ; On           ;
; D2       ; 7          ; 1        ; ~ALTERA_FLASH_nCE_nCSO~ / RESERVED_INPUT_WITH_WEAK_PULLUP ; input  ; 2.5 V        ;         ; Row I/O    ; N               ; no       ; On           ;
; D3       ; 203        ; 8        ; RESERVED_INPUT_WITH_WEAK_PULLUP                           ;        ;              ;         ; Column I/O ;                 ; no       ; On           ;
; D4       ; 0          ; 1        ; RESERVED_INPUT_WITH_WEAK_PULLUP                           ;        ;              ;         ; Row I/O    ;                 ; no       ; On           ;
; D5       ; 198        ; 8        ; RESERVED_INPUT_WITH_WEAK_PULLUP                           ;        ;              ;         ; Column I/O ;                 ; no       ; On           ;
; D6       ; 199        ; 8        ; min0[3]                                                   ; output ; 2.5 V        ;         ; Column I/O ; N               ; no       ; Off          ;
; D7       ;            ;          ; GND                                                       ; gnd    ;              ;         ; --         ;                 ; --       ; --           ;
; D8       ; 180        ; 8        ; seg_hour0[6]                                              ; output ; 2.5 V        ;         ; Column I/O ; N               ; no       ; Off          ;
; D9       ; 173        ; 7        ; hour1[0]                                                  ; output ; 2.5 V        ;         ; Column I/O ; N               ; no       ; Off          ;
; D10      ;            ;          ; GND                                                       ; gnd    ;              ;         ; --         ;                 ; --       ; --           ;
; D11      ; 151        ; 7        ; RESERVED_INPUT_WITH_WEAK_PULLUP                           ;        ;              ;         ; Column I/O ;                 ; no       ; On           ;
; D12      ; 152        ; 7        ; RESERVED_INPUT_WITH_WEAK_PULLUP                           ;        ;              ;         ; Column I/O ;                 ; no       ; On           ;
; D13      ;            ;          ; VCCD_PLL2                                                 ; power  ;              ; 1.2V    ; --         ;                 ; --       ; --           ;
; D14      ; 150        ; 7        ; RESERVED_INPUT_WITH_WEAK_PULLUP                           ;        ;              ;         ; Column I/O ;                 ; no       ; On           ;
; D15      ; 144        ; 6        ; RESERVED_INPUT_WITH_WEAK_PULLUP                           ;        ;              ;         ; Row I/O    ;                 ; no       ; On           ;
; D16      ; 143        ; 6        ; RESERVED_INPUT_WITH_WEAK_PULLUP                           ;        ;              ;         ; Row I/O    ;                 ; no       ; On           ;
; E1       ; 24         ; 1        ; GND+                                                      ;        ;              ;         ; Row I/O    ;                 ; --       ; --           ;
; E2       ; 23         ; 1        ; clk                                                       ; input  ; 2.5 V        ;         ; Row I/O    ; N               ; no       ; Off          ;
; E3       ;            ; 1        ; VCCIO1                                                    ; power  ;              ; 2.5V    ; --         ;                 ; --       ; --           ;
; E4       ;            ;          ; GND                                                       ; gnd    ;              ;         ; --         ;                 ; --       ; --           ;
; E5       ; 1          ; 1        ; hour1[2]                                                  ; output ; 2.5 V        ;         ; Row I/O    ; N               ; no       ; Off          ;
; E6       ; 191        ; 8        ; min0[2]                                                   ; output ; 2.5 V        ;         ; Column I/O ; N               ; no       ; Off          ;
; E7       ; 190        ; 8        ; seg_hour1[2]                                              ; output ; 2.5 V        ;         ; Column I/O ; N               ; no       ; Off          ;
; E8       ; 181        ; 8        ; hour0[1]                                                  ; output ; 2.5 V        ;         ; Column I/O ; N               ; no       ; Off          ;
; E9       ; 174        ; 7        ; seg_hour0[5]                                              ; output ; 2.5 V        ;         ; Column I/O ; N               ; no       ; Off          ;
; E10      ; 158        ; 7        ; RESERVED_INPUT_WITH_WEAK_PULLUP                           ;        ;              ;         ; Column I/O ;                 ; no       ; On           ;
; E11      ; 157        ; 7        ; RESERVED_INPUT_WITH_WEAK_PULLUP                           ;        ;              ;         ; Column I/O ;                 ; no       ; On           ;
; E12      ;            ;          ; GNDA2                                                     ; gnd    ;              ;         ; --         ;                 ; --       ; --           ;
; E13      ;            ;          ; GND                                                       ; gnd    ;              ;         ; --         ;                 ; --       ; --           ;
; E14      ;            ; 6        ; VCCIO6                                                    ; power  ;              ; 2.5V    ; --         ;                 ; --       ; --           ;
; E15      ; 128        ; 6        ; GND+                                                      ;        ;              ;         ; Row I/O    ;                 ; --       ; --           ;
; E16      ; 127        ; 6        ; GND+                                                      ;        ;              ;         ; Row I/O    ;                 ; --       ; --           ;
; F1       ; 12         ; 1        ; min1[2]                                                   ; output ; 2.5 V        ;         ; Row I/O    ; N               ; no       ; Off          ;
; F2       ; 11         ; 1        ; seg_min1[4]                                               ; output ; 2.5 V        ;         ; Row I/O    ; N               ; no       ; Off          ;
; F3       ; 6          ; 1        ; RESERVED_INPUT_WITH_WEAK_PULLUP                           ;        ;              ;         ; Row I/O    ;                 ; --       ; --           ;
; F4       ; 9          ; 1        ; ^nSTATUS                                                  ;        ;              ;         ; --         ;                 ; --       ; --           ;
; F5       ; 2          ; 1        ; RESERVED_INPUT_WITH_WEAK_PULLUP                           ;        ;              ;         ; Row I/O    ;                 ; no       ; On           ;
; F6       ; 185        ; 8        ; seg_min0[6]                                               ; output ; 2.5 V        ;         ; Column I/O ; N               ; no       ; Off          ;
; F7       ; 186        ; 8        ; seg_min0[0]                                               ; output ; 2.5 V        ;         ; Column I/O ; N               ; no       ; Off          ;
; F8       ; 182        ; 8        ; min0[1]                                                   ; output ; 2.5 V        ;         ; Column I/O ; N               ; no       ; Off          ;
; F9       ; 165        ; 7        ; RESERVED_INPUT_WITH_WEAK_PULLUP                           ;        ;              ;         ; Column I/O ;                 ; no       ; On           ;
; F10      ; 164        ; 7        ; RESERVED_INPUT_WITH_WEAK_PULLUP                           ;        ;              ;         ; Column I/O ;                 ; no       ; On           ;
; F11      ; 166        ; 7        ; hour0[0]                                                  ; output ; 2.5 V        ;         ; Column I/O ; N               ; no       ; Off          ;
; F12      ;            ; --       ; VCCA2                                                     ; power  ;              ; 2.5V    ; --         ;                 ; --       ; --           ;
; F13      ; 138        ; 6        ; RESERVED_INPUT_WITH_WEAK_PULLUP                           ;        ;              ;         ; Row I/O    ;                 ; no       ; On           ;
; F14      ; 142        ; 6        ; RESERVED_INPUT_WITH_WEAK_PULLUP                           ;        ;              ;         ; Row I/O    ;                 ; --       ; --           ;
; F15      ; 140        ; 6        ; RESERVED_INPUT_WITH_WEAK_PULLUP                           ;        ;              ;         ; Row I/O    ;                 ; no       ; On           ;
; F16      ; 139        ; 6        ; ~ALTERA_nCEO~ / RESERVED_OUTPUT_OPEN_DRAIN                ; output ; 2.5 V        ;         ; Row I/O    ; N               ; no       ; Off          ;
; G1       ; 14         ; 1        ; sec0[0]                                                   ; output ; 2.5 V        ;         ; Row I/O    ; N               ; no       ; Off          ;
; G2       ; 13         ; 1        ; seg_sec0[5]                                               ; output ; 2.5 V        ;         ; Row I/O    ; N               ; no       ; Off          ;
; G3       ;            ; 1        ; VCCIO1                                                    ; power  ;              ; 2.5V    ; --         ;                 ; --       ; --           ;
; G4       ;            ;          ; GND                                                       ; gnd    ;              ;         ; --         ;                 ; --       ; --           ;
; G5       ; 10         ; 1        ; seg_min1[2]                                               ; output ; 2.5 V        ;         ; Row I/O    ; N               ; no       ; Off          ;
; G6       ;            ;          ; VCCINT                                                    ; power  ;              ; 1.2V    ; --         ;                 ; --       ; --           ;
; G7       ;            ;          ; VCCINT                                                    ; power  ;              ; 1.2V    ; --         ;                 ; --       ; --           ;
; G8       ;            ;          ; VCCINT                                                    ; power  ;              ; 1.2V    ; --         ;                 ; --       ; --           ;
; G9       ;            ;          ; VCCINT                                                    ; power  ;              ; 1.2V    ; --         ;                 ; --       ; --           ;
; G10      ;            ;          ; VCCINT                                                    ; power  ;              ; 1.2V    ; --         ;                 ; --       ; --           ;
; G11      ; 145        ; 6        ; RESERVED_INPUT_WITH_WEAK_PULLUP                           ;        ;              ;         ; Row I/O    ;                 ; no       ; On           ;
; G12      ; 132        ; 6        ; ^MSEL2                                                    ;        ;              ;         ; --         ;                 ; --       ; --           ;
; G12      ; 133        ; 6        ; ^MSEL3                                                    ;        ;              ;         ; --         ;                 ; --       ; --           ;
; G13      ;            ;          ; GND                                                       ; gnd    ;              ;         ; --         ;                 ; --       ; --           ;
; G14      ;            ; 6        ; VCCIO6                                                    ; power  ;              ; 2.5V    ; --         ;                 ; --       ; --           ;
; G15      ; 137        ; 6        ; RESERVED_INPUT_WITH_WEAK_PULLUP                           ;        ;              ;         ; Row I/O    ;                 ; no       ; On           ;
; G16      ; 136        ; 6        ; RESERVED_INPUT_WITH_WEAK_PULLUP                           ;        ;              ;         ; Row I/O    ;                 ; no       ; On           ;
; H1       ; 15         ; 1        ; ~ALTERA_DCLK~                                             ; output ; 2.5 V        ;         ; Row I/O    ; N               ; no       ; On           ;
; H2       ; 16         ; 1        ; ~ALTERA_DATA0~ / RESERVED_INPUT_WITH_WEAK_PULLUP          ; input  ; 2.5 V        ;         ; Row I/O    ; N               ; no       ; On           ;
; H3       ; 19         ; 1        ; #TCK                                                      ; input  ;              ;         ; --         ;                 ; --       ; --           ;
; H4       ; 18         ; 1        ; #TDI                                                      ; input  ;              ;         ; --         ;                 ; --       ; --           ;
; H5       ; 17         ; 1        ; ^nCONFIG                                                  ;        ;              ;         ; --         ;                 ; --       ; --           ;
; H6       ;            ;          ; VCCINT                                                    ; power  ;              ; 1.2V    ; --         ;                 ; --       ; --           ;
; H7       ;            ;          ; GND                                                       ; gnd    ;              ;         ; --         ;                 ; --       ; --           ;
; H8       ;            ;          ; GND                                                       ; gnd    ;              ;         ; --         ;                 ; --       ; --           ;
; H9       ;            ;          ; GND                                                       ; gnd    ;              ;         ; --         ;                 ; --       ; --           ;
; H10      ;            ;          ; GND                                                       ; gnd    ;              ;         ; --         ;                 ; --       ; --           ;
; H11      ;            ;          ; VCCINT                                                    ; power  ;              ; 1.2V    ; --         ;                 ; --       ; --           ;
; H12      ; 131        ; 6        ; ^MSEL1                                                    ;        ;              ;         ; --         ;                 ; --       ; --           ;
; H13      ; 130        ; 6        ; ^MSEL0                                                    ;        ;              ;         ; --         ;                 ; --       ; --           ;
; H14      ; 129        ; 6        ; ^CONF_DONE                                                ;        ;              ;         ; --         ;                 ; --       ; --           ;
; H15      ; 135        ; 6        ; RESERVED_INPUT_WITH_WEAK_PULLUP                           ;        ;              ;         ; Row I/O    ;                 ; no       ; On           ;
; H16      ; 134        ; 6        ; RESERVED_INPUT_WITH_WEAK_PULLUP                           ;        ;              ;         ; Row I/O    ;                 ; no       ; On           ;
; J1       ; 28         ; 2        ; seg_sec0[2]                                               ; output ; 2.5 V        ;         ; Row I/O    ; N               ; no       ; Off          ;
; J2       ; 27         ; 2        ; seg_sec0[6]                                               ; output ; 2.5 V        ;         ; Row I/O    ; N               ; no       ; Off          ;
; J3       ; 22         ; 1        ; ^nCE                                                      ;        ;              ;         ; --         ;                 ; --       ; --           ;
; J4       ; 21         ; 1        ; #TDO                                                      ; output ;              ;         ; --         ;                 ; --       ; --           ;
; J5       ; 20         ; 1        ; #TMS                                                      ; input  ;              ;         ; --         ;                 ; --       ; --           ;
; J6       ; 29         ; 2        ; seg_sec0[4]                                               ; output ; 2.5 V        ;         ; Row I/O    ; N               ; no       ; Off          ;
; J7       ;            ;          ; GND                                                       ; gnd    ;              ;         ; --         ;                 ; --       ; --           ;
; J8       ;            ;          ; GND                                                       ; gnd    ;              ;         ; --         ;                 ; --       ; --           ;
; J9       ;            ;          ; GND                                                       ; gnd    ;              ;         ; --         ;                 ; --       ; --           ;
; J10      ;            ;          ; GND                                                       ; gnd    ;              ;         ; --         ;                 ; --       ; --           ;
; J11      ; 117        ; 5        ; RESERVED_INPUT_WITH_WEAK_PULLUP                           ;        ;              ;         ; Row I/O    ;                 ; no       ; On           ;
; J12      ; 123        ; 5        ; seg_sec0[3]                                               ; output ; 2.5 V        ;         ; Row I/O    ; N               ; no       ; Off          ;
; J13      ; 124        ; 5        ; RESERVED_INPUT_WITH_WEAK_PULLUP                           ;        ;              ;         ; Row I/O    ;                 ; no       ; On           ;
; J14      ; 122        ; 5        ; RESERVED_INPUT_WITH_WEAK_PULLUP                           ;        ;              ;         ; Row I/O    ;                 ; no       ; On           ;
; J15      ; 121        ; 5        ; RESERVED_INPUT_WITH_WEAK_PULLUP                           ;        ;              ;         ; Row I/O    ;                 ; no       ; On           ;
; J16      ; 120        ; 5        ; RESERVED_INPUT_WITH_WEAK_PULLUP                           ;        ;              ;         ; Row I/O    ;                 ; no       ; On           ;
; K1       ; 33         ; 2        ; RESERVED_INPUT_WITH_WEAK_PULLUP                           ;        ;              ;         ; Row I/O    ;                 ; no       ; On           ;
; K2       ; 32         ; 2        ; sec0[1]                                                   ; output ; 2.5 V        ;         ; Row I/O    ; N               ; no       ; Off          ;
; K3       ;            ; 2        ; VCCIO2                                                    ; power  ;              ; 2.5V    ; --         ;                 ; --       ; --           ;
; K4       ;            ;          ; GND                                                       ; gnd    ;              ;         ; --         ;                 ; --       ; --           ;
; K5       ; 39         ; 2        ; RESERVED_INPUT_WITH_WEAK_PULLUP                           ;        ;              ;         ; Row I/O    ;                 ; no       ; On           ;
; K6       ; 30         ; 2        ; seg_sec0[1]                                               ; output ; 2.5 V        ;         ; Row I/O    ; N               ; no       ; Off          ;
; K7       ;            ;          ; VCCINT                                                    ; power  ;              ; 1.2V    ; --         ;                 ; --       ; --           ;
; K8       ; 60         ; 3        ; seg_hour1[5]                                              ; output ; 2.5 V        ;         ; Column I/O ; N               ; no       ; Off          ;
; K9       ; 76         ; 4        ; seg_sec1[3]                                               ; output ; 2.5 V        ;         ; Column I/O ; N               ; no       ; Off          ;
; K10      ; 87         ; 4        ; RESERVED_INPUT_WITH_WEAK_PULLUP                           ;        ;              ;         ; Column I/O ;                 ; no       ; On           ;
; K11      ; 110        ; 5        ; RESERVED_INPUT_WITH_WEAK_PULLUP                           ;        ;              ;         ; Row I/O    ;                 ; no       ; On           ;
; K12      ; 105        ; 5        ; RESERVED_INPUT_WITH_WEAK_PULLUP                           ;        ;              ;         ; Row I/O    ;                 ; no       ; On           ;
; K13      ;            ;          ; GND                                                       ; gnd    ;              ;         ; --         ;                 ; --       ; --           ;
; K14      ;            ; 5        ; VCCIO5                                                    ; power  ;              ; 2.5V    ; --         ;                 ; --       ; --           ;
; K15      ; 119        ; 5        ; RESERVED_INPUT_WITH_WEAK_PULLUP                           ;        ;              ;         ; Row I/O    ;                 ; no       ; On           ;
; K16      ; 118        ; 5        ; RESERVED_INPUT_WITH_WEAK_PULLUP                           ;        ;              ;         ; Row I/O    ;                 ; no       ; On           ;
; L1       ; 35         ; 2        ; RESERVED_INPUT_WITH_WEAK_PULLUP                           ;        ;              ;         ; Row I/O    ;                 ; no       ; On           ;
; L2       ; 34         ; 2        ; RESERVED_INPUT_WITH_WEAK_PULLUP                           ;        ;              ;         ; Row I/O    ;                 ; no       ; On           ;
; L3       ; 36         ; 2        ; RESERVED_INPUT_WITH_WEAK_PULLUP                           ;        ;              ;         ; Row I/O    ;                 ; --       ; --           ;
; L4       ; 40         ; 2        ; RESERVED_INPUT_WITH_WEAK_PULLUP                           ;        ;              ;         ; Row I/O    ;                 ; no       ; On           ;
; L5       ;            ; --       ; VCCA1                                                     ; power  ;              ; 2.5V    ; --         ;                 ; --       ; --           ;
; L6       ; 31         ; 2        ; sec0[2]                                                   ; output ; 2.5 V        ;         ; Row I/O    ; N               ; no       ; Off          ;
; L7       ; 65         ; 3        ; RESERVED_INPUT_WITH_WEAK_PULLUP                           ;        ;              ;         ; Column I/O ;                 ; no       ; On           ;
; L8       ; 68         ; 3        ; key_min                                                   ; input  ; 2.5 V        ;         ; Column I/O ; N               ; no       ; Off          ;
; L9       ; 77         ; 4        ; seg_sec1[4]                                               ; output ; 2.5 V        ;         ; Column I/O ; N               ; no       ; Off          ;
; L10      ; 88         ; 4        ; RESERVED_INPUT_WITH_WEAK_PULLUP                           ;        ;              ;         ; Column I/O ;                 ; no       ; On           ;
; L11      ; 99         ; 4        ; RESERVED_INPUT_WITH_WEAK_PULLUP                           ;        ;              ;         ; Column I/O ;                 ; no       ; On           ;
; L12      ; 104        ; 5        ; RESERVED_INPUT_WITH_WEAK_PULLUP                           ;        ;              ;         ; Row I/O    ;                 ; no       ; On           ;
; L13      ; 114        ; 5        ; RESERVED_INPUT_WITH_WEAK_PULLUP                           ;        ;              ;         ; Row I/O    ;                 ; no       ; On           ;
; L14      ; 113        ; 5        ; RESERVED_INPUT_WITH_WEAK_PULLUP                           ;        ;              ;         ; Row I/O    ;                 ; --       ; --           ;
; L15      ; 116        ; 5        ; RESERVED_INPUT_WITH_WEAK_PULLUP                           ;        ;              ;         ; Row I/O    ;                 ; no       ; On           ;
; L16      ; 115        ; 5        ; RESERVED_INPUT_WITH_WEAK_PULLUP                           ;        ;              ;         ; Row I/O    ;                 ; no       ; On           ;
; M1       ; 26         ; 2        ; key_shift                                                 ; input  ; 2.5 V        ;         ; Row I/O    ; N               ; no       ; Off          ;
; M2       ; 25         ; 2        ; key_sec                                                   ; input  ; 2.5 V        ;         ; Row I/O    ; N               ; no       ; Off          ;
; M3       ;            ; 2        ; VCCIO2                                                    ; power  ;              ; 2.5V    ; --         ;                 ; --       ; --           ;
; M4       ;            ;          ; GND                                                       ; gnd    ;              ;         ; --         ;                 ; --       ; --           ;
; M5       ;            ;          ; GNDA1                                                     ; gnd    ;              ;         ; --         ;                 ; --       ; --           ;
; M6       ; 57         ; 3        ; seg_hour1[0]                                              ; output ; 2.5 V        ;         ; Column I/O ; N               ; no       ; Off          ;
; M7       ; 59         ; 3        ; seg_hour1[3]                                              ; output ; 2.5 V        ;         ; Column I/O ; N               ; no       ; Off          ;
; M8       ; 69         ; 3        ; sec1[2]                                                   ; output ; 2.5 V        ;         ; Column I/O ; N               ; no       ; Off          ;
; M9       ; 78         ; 4        ; hour1[3]                                                  ; output ; 2.5 V        ;         ; Column I/O ; N               ; no       ; Off          ;
; M10      ; 93         ; 4        ; RESERVED_INPUT_WITH_WEAK_PULLUP                           ;        ;              ;         ; Column I/O ;                 ; no       ; On           ;
; M11      ; 100        ; 4        ; RESERVED_INPUT_WITH_WEAK_PULLUP                           ;        ;              ;         ; Column I/O ;                 ; no       ; On           ;
; M12      ; 103        ; 5        ; RESERVED_INPUT_WITH_WEAK_PULLUP                           ;        ;              ;         ; Row I/O    ;                 ; no       ; On           ;
; M13      ;            ;          ; GND                                                       ; gnd    ;              ;         ; --         ;                 ; --       ; --           ;
; M14      ;            ; 5        ; VCCIO5                                                    ; power  ;              ; 2.5V    ; --         ;                 ; --       ; --           ;
; M15      ; 126        ; 5        ; GND+                                                      ;        ;              ;         ; Row I/O    ;                 ; --       ; --           ;
; M16      ; 125        ; 5        ; GND+                                                      ;        ;              ;         ; Row I/O    ;                 ; --       ; --           ;
; N1       ; 38         ; 2        ; RESERVED_INPUT_WITH_WEAK_PULLUP                           ;        ;              ;         ; Row I/O    ;                 ; no       ; On           ;
; N2       ; 37         ; 2        ; RESERVED_INPUT_WITH_WEAK_PULLUP                           ;        ;              ;         ; Row I/O    ;                 ; no       ; On           ;
; N3       ; 45         ; 3        ; RESERVED_INPUT_WITH_WEAK_PULLUP                           ;        ;              ;         ; Column I/O ;                 ; no       ; On           ;
; N4       ;            ;          ; VCCD_PLL1                                                 ; power  ;              ; 1.2V    ; --         ;                 ; --       ; --           ;
; N5       ; 55         ; 3        ; RESERVED_INPUT_WITH_WEAK_PULLUP                           ;        ;              ;         ; Column I/O ;                 ; no       ; On           ;
; N6       ; 56         ; 3        ; hour1[1]                                                  ; output ; 2.5 V        ;         ; Column I/O ; N               ; no       ; Off          ;
; N7       ;            ;          ; GND                                                       ; gnd    ;              ;         ; --         ;                 ; --       ; --           ;
; N8       ; 70         ; 3        ; seg_sec1[0]                                               ; output ; 2.5 V        ;         ; Column I/O ; N               ; no       ; Off          ;
; N9       ; 79         ; 4        ; RESERVED_INPUT_WITH_WEAK_PULLUP                           ;        ;              ;         ; Column I/O ;                 ; no       ; On           ;
; N10      ;            ;          ; GND                                                       ; gnd    ;              ;         ; --         ;                 ; --       ; --           ;
; N11      ; 94         ; 4        ; RESERVED_INPUT_WITH_WEAK_PULLUP                           ;        ;              ;         ; Column I/O ;                 ; no       ; On           ;
; N12      ; 101        ; 4        ; RESERVED_INPUT_WITH_WEAK_PULLUP                           ;        ;              ;         ; Column I/O ;                 ; no       ; On           ;
; N13      ; 102        ; 5        ; RESERVED_INPUT_WITH_WEAK_PULLUP                           ;        ;              ;         ; Row I/O    ;                 ; no       ; On           ;
; N14      ; 106        ; 5        ; RESERVED_INPUT_WITH_WEAK_PULLUP                           ;        ;              ;         ; Row I/O    ;                 ; no       ; On           ;
; N15      ; 112        ; 5        ; RESERVED_INPUT_WITH_WEAK_PULLUP                           ;        ;              ;         ; Row I/O    ;                 ; no       ; On           ;
; N16      ; 111        ; 5        ; RESERVED_INPUT_WITH_WEAK_PULLUP                           ;        ;              ;         ; Row I/O    ;                 ; no       ; On           ;
; P1       ; 44         ; 2        ; RESERVED_INPUT_WITH_WEAK_PULLUP                           ;        ;              ;         ; Row I/O    ;                 ; no       ; On           ;
; P2       ; 43         ; 2        ; RESERVED_INPUT_WITH_WEAK_PULLUP                           ;        ;              ;         ; Row I/O    ;                 ; no       ; On           ;
; P3       ; 46         ; 3        ; RESERVED_INPUT_WITH_WEAK_PULLUP                           ;        ;              ;         ; Column I/O ;                 ; no       ; On           ;
; P4       ;            ; 3        ; VCCIO3                                                    ; power  ;              ; 2.5V    ; --         ;                 ; --       ; --           ;
; P5       ;            ;          ; GND                                                       ; gnd    ;              ;         ; --         ;                 ; --       ; --           ;
; P6       ; 58         ; 3        ; seg_hour1[6]                                              ; output ; 2.5 V        ;         ; Column I/O ; N               ; no       ; Off          ;
; P7       ;            ; 3        ; VCCIO3                                                    ; power  ;              ; 2.5V    ; --         ;                 ; --       ; --           ;
; P8       ; 71         ; 3        ; RESERVED_INPUT_WITH_WEAK_PULLUP                           ;        ;              ;         ; Column I/O ;                 ; no       ; On           ;
; P9       ; 89         ; 4        ; RESERVED_INPUT_WITH_WEAK_PULLUP                           ;        ;              ;         ; Column I/O ;                 ; no       ; On           ;
; P10      ;            ; 4        ; VCCIO4                                                    ; power  ;              ; 2.5V    ; --         ;                 ; --       ; --           ;
; P11      ; 90         ; 4        ; RESERVED_INPUT_WITH_WEAK_PULLUP                           ;        ;              ;         ; Column I/O ;                 ; --       ; --           ;
; P12      ;            ;          ; GND                                                       ; gnd    ;              ;         ; --         ;                 ; --       ; --           ;
; P13      ;            ; 4        ; VCCIO4                                                    ; power  ;              ; 2.5V    ; --         ;                 ; --       ; --           ;
; P14      ; 98         ; 4        ; RESERVED_INPUT_WITH_WEAK_PULLUP                           ;        ;              ;         ; Column I/O ;                 ; no       ; On           ;
; P15      ; 107        ; 5        ; RESERVED_INPUT_WITH_WEAK_PULLUP                           ;        ;              ;         ; Row I/O    ;                 ; no       ; On           ;
; P16      ; 108        ; 5        ; RESERVED_INPUT_WITH_WEAK_PULLUP                           ;        ;              ;         ; Row I/O    ;                 ; no       ; On           ;
; R1       ; 42         ; 2        ; RESERVED_INPUT_WITH_WEAK_PULLUP                           ;        ;              ;         ; Row I/O    ;                 ; no       ; On           ;
; R2       ;            ;          ; GND                                                       ; gnd    ;              ;         ; --         ;                 ; --       ; --           ;
; R3       ; 47         ; 3        ; RESERVED_INPUT_WITH_WEAK_PULLUP                           ;        ;              ;         ; Column I/O ;                 ; no       ; On           ;
; R4       ; 53         ; 3        ; RESERVED_INPUT_WITH_WEAK_PULLUP                           ;        ;              ;         ; Column I/O ;                 ; no       ; On           ;
; R5       ; 61         ; 3        ; RESERVED_INPUT_WITH_WEAK_PULLUP                           ;        ;              ;         ; Column I/O ;                 ; no       ; On           ;
; R6       ; 63         ; 3        ; sec1[1]                                                   ; output ; 2.5 V        ;         ; Column I/O ; N               ; no       ; Off          ;
; R7       ; 66         ; 3        ; sec0[3]                                                   ; output ; 2.5 V        ;         ; Column I/O ; N               ; no       ; Off          ;
; R8       ; 72         ; 3        ; seg_sec1[1]                                               ; output ; 2.5 V        ;         ; Column I/O ; N               ; no       ; Off          ;
; R9       ; 74         ; 4        ; seg_sec1[2]                                               ; output ; 2.5 V        ;         ; Column I/O ; N               ; no       ; Off          ;
; R10      ; 80         ; 4        ; min1[3]                                                   ; output ; 2.5 V        ;         ; Column I/O ; N               ; no       ; Off          ;
; R11      ; 83         ; 4        ; RESERVED_INPUT_WITH_WEAK_PULLUP                           ;        ;              ;         ; Column I/O ;                 ; no       ; On           ;
; R12      ; 85         ; 4        ; RESERVED_INPUT_WITH_WEAK_PULLUP                           ;        ;              ;         ; Column I/O ;                 ; no       ; On           ;
; R13      ; 91         ; 4        ; RESERVED_INPUT_WITH_WEAK_PULLUP                           ;        ;              ;         ; Column I/O ;                 ; no       ; On           ;
; R14      ; 97         ; 4        ; RESERVED_INPUT_WITH_WEAK_PULLUP                           ;        ;              ;         ; Column I/O ;                 ; no       ; On           ;
; R15      ;            ;          ; GND                                                       ; gnd    ;              ;         ; --         ;                 ; --       ; --           ;
; R16      ; 109        ; 5        ; RESERVED_INPUT_WITH_WEAK_PULLUP                           ;        ;              ;         ; Row I/O    ;                 ; no       ; On           ;
; T1       ;            ; 3        ; VCCIO3                                                    ; power  ;              ; 2.5V    ; --         ;                 ; --       ; --           ;
; T2       ; 52         ; 3        ; RESERVED_INPUT_WITH_WEAK_PULLUP                           ;        ;              ;         ; Column I/O ;                 ; no       ; On           ;
; T3       ; 48         ; 3        ; RESERVED_INPUT_WITH_WEAK_PULLUP                           ;        ;              ;         ; Column I/O ;                 ; no       ; On           ;
; T4       ; 54         ; 3        ; seg_sec0[0]                                               ; output ; 2.5 V        ;         ; Column I/O ; N               ; no       ; Off          ;
; T5       ; 62         ; 3        ; seg_min1[5]                                               ; output ; 2.5 V        ;         ; Column I/O ; N               ; no       ; Off          ;
; T6       ; 64         ; 3        ; key_hour                                                  ; input  ; 2.5 V        ;         ; Column I/O ; N               ; no       ; Off          ;
; T7       ; 67         ; 3        ; sec1[0]                                                   ; output ; 2.5 V        ;         ; Column I/O ; N               ; no       ; Off          ;
; T8       ; 73         ; 3        ; seg_sec1[6]                                               ; output ; 2.5 V        ;         ; Column I/O ; N               ; no       ; Off          ;
; T9       ; 75         ; 4        ; seg_sec1[5]                                               ; output ; 2.5 V        ;         ; Column I/O ; N               ; no       ; Off          ;
; T10      ; 81         ; 4        ; RESERVED_INPUT_WITH_WEAK_PULLUP                           ;        ;              ;         ; Column I/O ;                 ; no       ; On           ;
; T11      ; 84         ; 4        ; RESERVED_INPUT_WITH_WEAK_PULLUP                           ;        ;              ;         ; Column I/O ;                 ; no       ; On           ;
; T12      ; 86         ; 4        ; RESERVED_INPUT_WITH_WEAK_PULLUP                           ;        ;              ;         ; Column I/O ;                 ; no       ; On           ;
; T13      ; 92         ; 4        ; RESERVED_INPUT_WITH_WEAK_PULLUP                           ;        ;              ;         ; Column I/O ;                 ; no       ; On           ;
; T14      ; 95         ; 4        ; sec1[3]                                                   ; output ; 2.5 V        ;         ; Column I/O ; N               ; no       ; Off          ;
; T15      ; 96         ; 4        ; RESERVED_INPUT_WITH_WEAK_PULLUP                           ;        ;              ;         ; Column I/O ;                 ; no       ; On           ;
; T16      ;            ; 4        ; VCCIO4                                                    ; power  ;              ; 2.5V    ; --         ;                 ; --       ; --           ;
+----------+------------+----------+-----------------------------------------------------------+--------+--------------+---------+------------+-----------------+----------+--------------+
Note: Pin directions (input, output or bidir) are based on device operating in user mode.


+-------------------------------------------------------------------------------------------------------------------------------------------------------------------------------------------------------------------------------------------------------------------------------------------------------------------------------------------------------------------------------------------------------+
; Fitter Resource Utilization by Entity                                                                                                                                                                                                                                                                                                                                                                 ;
+-------------------------------------------+-------------+---------------------------+---------------+-------------+------+--------------+---------+-----------+------+--------------+--------------+-------------------+------------------+--------------------------------------------------------------------------------------------------------------------------------------------+--------------+
; Compilation Hierarchy Node                ; Logic Cells ; Dedicated Logic Registers ; I/O Registers ; Memory Bits ; M9Ks ; DSP Elements ; DSP 9x9 ; DSP 18x18 ; Pins ; Virtual Pins ; LUT-Only LCs ; Register-Only LCs ; LUT/Register LCs ; Full Hierarchy Name                                                                                                                        ; Library Name ;
+-------------------------------------------+-------------+---------------------------+---------------+-------------+------+--------------+---------+-----------+------+--------------+--------------+-------------------+------------------+--------------------------------------------------------------------------------------------------------------------------------------------+--------------+
; |clock_top_scheme1                        ; 542 (1)     ; 39 (0)                    ; 0 (0)         ; 0           ; 0    ; 0            ; 0       ; 0         ; 72   ; 0            ; 503 (1)      ; 1 (0)             ; 38 (0)           ; |clock_top_scheme1                                                                                                                         ; work         ;
;    |alarm:U_ALARM|                        ; 9 (9)       ; 0 (0)                     ; 0 (0)         ; 0           ; 0    ; 0            ; 0       ; 0         ; 0    ; 0            ; 9 (9)        ; 0 (0)             ; 0 (0)            ; |clock_top_scheme1|alarm:U_ALARM                                                                                                           ; work         ;
;    |baoshi:U_BAOSHI|                      ; 4 (4)       ; 0 (0)                     ; 0 (0)         ; 0           ; 0    ; 0            ; 0       ; 0         ; 0    ; 0            ; 4 (4)        ; 0 (0)             ; 0 (0)            ; |clock_top_scheme1|baoshi:U_BAOSHI                                                                                                         ; work         ;
;    |bin2bcd:U_ABIN2BCD_HOUR|              ; 49 (4)      ; 0 (0)                     ; 0 (0)         ; 0           ; 0    ; 0            ; 0       ; 0         ; 0    ; 0            ; 49 (4)       ; 0 (0)             ; 0 (0)            ; |clock_top_scheme1|bin2bcd:U_ABIN2BCD_HOUR                                                                                                 ; work         ;
;       |lpm_divide:Div0|                   ; 19 (0)      ; 0 (0)                     ; 0 (0)         ; 0           ; 0    ; 0            ; 0       ; 0         ; 0    ; 0            ; 19 (0)       ; 0 (0)             ; 0 (0)            ; |clock_top_scheme1|bin2bcd:U_ABIN2BCD_HOUR|lpm_divide:Div0                                                                                 ; work         ;
;          |lpm_divide_8gm:auto_generated|  ; 19 (0)      ; 0 (0)                     ; 0 (0)         ; 0           ; 0    ; 0            ; 0       ; 0         ; 0    ; 0            ; 19 (0)       ; 0 (0)             ; 0 (0)            ; |clock_top_scheme1|bin2bcd:U_ABIN2BCD_HOUR|lpm_divide:Div0|lpm_divide_8gm:auto_generated                                                   ; work         ;
;             |sign_div_unsign_9kh:divider| ; 19 (0)      ; 0 (0)                     ; 0 (0)         ; 0           ; 0    ; 0            ; 0       ; 0         ; 0    ; 0            ; 19 (0)       ; 0 (0)             ; 0 (0)            ; |clock_top_scheme1|bin2bcd:U_ABIN2BCD_HOUR|lpm_divide:Div0|lpm_divide_8gm:auto_generated|sign_div_unsign_9kh:divider                       ; work         ;
;                |alt_u_div_t2f:divider|    ; 19 (19)     ; 0 (0)                     ; 0 (0)         ; 0           ; 0    ; 0            ; 0       ; 0         ; 0    ; 0            ; 19 (19)      ; 0 (0)             ; 0 (0)            ; |clock_top_scheme1|bin2bcd:U_ABIN2BCD_HOUR|lpm_divide:Div0|lpm_divide_8gm:auto_generated|sign_div_unsign_9kh:divider|alt_u_div_t2f:divider ; work         ;
;       |lpm_divide:Mod0|                   ; 26 (0)      ; 0 (0)                     ; 0 (0)         ; 0           ; 0    ; 0            ; 0       ; 0         ; 0    ; 0            ; 26 (0)       ; 0 (0)             ; 0 (0)            ; |clock_top_scheme1|bin2bcd:U_ABIN2BCD_HOUR|lpm_divide:Mod0                                                                                 ; work         ;
;          |lpm_divide_d8m:auto_generated|  ; 26 (0)      ; 0 (0)                     ; 0 (0)         ; 0           ; 0    ; 0            ; 0       ; 0         ; 0    ; 0            ; 26 (0)       ; 0 (0)             ; 0 (0)            ; |clock_top_scheme1|bin2bcd:U_ABIN2BCD_HOUR|lpm_divide:Mod0|lpm_divide_d8m:auto_generated                                                   ; work         ;
;             |sign_div_unsign_bkh:divider| ; 26 (0)      ; 0 (0)                     ; 0 (0)         ; 0           ; 0    ; 0            ; 0       ; 0         ; 0    ; 0            ; 26 (0)       ; 0 (0)             ; 0 (0)            ; |clock_top_scheme1|bin2bcd:U_ABIN2BCD_HOUR|lpm_divide:Mod0|lpm_divide_d8m:auto_generated|sign_div_unsign_bkh:divider                       ; work         ;
;                |alt_u_div_13f:divider|    ; 26 (26)     ; 0 (0)                     ; 0 (0)         ; 0           ; 0    ; 0            ; 0       ; 0         ; 0    ; 0            ; 26 (26)      ; 0 (0)             ; 0 (0)            ; |clock_top_scheme1|bin2bcd:U_ABIN2BCD_HOUR|lpm_divide:Mod0|lpm_divide_d8m:auto_generated|sign_div_unsign_bkh:divider|alt_u_div_13f:divider ; work         ;
;    |bin2bcd:U_ABIN2BCD_MIN|               ; 73 (1)      ; 0 (0)                     ; 0 (0)         ; 0           ; 0    ; 0            ; 0       ; 0         ; 0    ; 0            ; 73 (1)       ; 0 (0)             ; 0 (0)            ; |clock_top_scheme1|bin2bcd:U_ABIN2BCD_MIN                                                                                                  ; work         ;
;       |lpm_divide:Div0|                   ; 32 (0)      ; 0 (0)                     ; 0 (0)         ; 0           ; 0    ; 0            ; 0       ; 0         ; 0    ; 0            ; 32 (0)       ; 0 (0)             ; 0 (0)            ; |clock_top_scheme1|bin2bcd:U_ABIN2BCD_MIN|lpm_divide:Div0                                                                                  ; work         ;
;          |lpm_divide_8gm:auto_generated|  ; 32 (0)      ; 0 (0)                     ; 0 (0)         ; 0           ; 0    ; 0            ; 0       ; 0         ; 0    ; 0            ; 32 (0)       ; 0 (0)             ; 0 (0)            ; |clock_top_scheme1|bin2bcd:U_ABIN2BCD_MIN|lpm_divide:Div0|lpm_divide_8gm:auto_generated                                                    ; work         ;
;             |sign_div_unsign_9kh:divider| ; 32 (0)      ; 0 (0)                     ; 0 (0)         ; 0           ; 0    ; 0            ; 0       ; 0         ; 0    ; 0            ; 32 (0)       ; 0 (0)             ; 0 (0)            ; |clock_top_scheme1|bin2bcd:U_ABIN2BCD_MIN|lpm_divide:Div0|lpm_divide_8gm:auto_generated|sign_div_unsign_9kh:divider                        ; work         ;
;                |alt_u_div_t2f:divider|    ; 32 (32)     ; 0 (0)                     ; 0 (0)         ; 0           ; 0    ; 0            ; 0       ; 0         ; 0    ; 0            ; 32 (32)      ; 0 (0)             ; 0 (0)            ; |clock_top_scheme1|bin2bcd:U_ABIN2BCD_MIN|lpm_divide:Div0|lpm_divide_8gm:auto_generated|sign_div_unsign_9kh:divider|alt_u_div_t2f:divider  ; work         ;
;       |lpm_divide:Mod0|                   ; 40 (0)      ; 0 (0)                     ; 0 (0)         ; 0           ; 0    ; 0            ; 0       ; 0         ; 0    ; 0            ; 40 (0)       ; 0 (0)             ; 0 (0)            ; |clock_top_scheme1|bin2bcd:U_ABIN2BCD_MIN|lpm_divide:Mod0                                                                                  ; work         ;
;          |lpm_divide_d8m:auto_generated|  ; 40 (0)      ; 0 (0)                     ; 0 (0)         ; 0           ; 0    ; 0            ; 0       ; 0         ; 0    ; 0            ; 40 (0)       ; 0 (0)             ; 0 (0)            ; |clock_top_scheme1|bin2bcd:U_ABIN2BCD_MIN|lpm_divide:Mod0|lpm_divide_d8m:auto_generated                                                    ; work         ;
;             |sign_div_unsign_bkh:divider| ; 40 (0)      ; 0 (0)                     ; 0 (0)         ; 0           ; 0    ; 0            ; 0       ; 0         ; 0    ; 0            ; 40 (0)       ; 0 (0)             ; 0 (0)            ; |clock_top_scheme1|bin2bcd:U_ABIN2BCD_MIN|lpm_divide:Mod0|lpm_divide_d8m:auto_generated|sign_div_unsign_bkh:divider                        ; work         ;
;                |alt_u_div_13f:divider|    ; 40 (40)     ; 0 (0)                     ; 0 (0)         ; 0           ; 0    ; 0            ; 0       ; 0         ; 0    ; 0            ; 40 (40)      ; 0 (0)             ; 0 (0)            ; |clock_top_scheme1|bin2bcd:U_ABIN2BCD_MIN|lpm_divide:Mod0|lpm_divide_d8m:auto_generated|sign_div_unsign_bkh:divider|alt_u_div_13f:divider  ; work         ;
;    |bin2bcd:U_ABIN2BCD_SEC|               ; 69 (1)      ; 0 (0)                     ; 0 (0)         ; 0           ; 0    ; 0            ; 0       ; 0         ; 0    ; 0            ; 69 (1)       ; 0 (0)             ; 0 (0)            ; |clock_top_scheme1|bin2bcd:U_ABIN2BCD_SEC                                                                                                  ; work         ;
;       |lpm_divide:Div0|                   ; 32 (0)      ; 0 (0)                     ; 0 (0)         ; 0           ; 0    ; 0            ; 0       ; 0         ; 0    ; 0            ; 32 (0)       ; 0 (0)             ; 0 (0)            ; |clock_top_scheme1|bin2bcd:U_ABIN2BCD_SEC|lpm_divide:Div0                                                                                  ; work         ;
;          |lpm_divide_8gm:auto_generated|  ; 32 (0)      ; 0 (0)                     ; 0 (0)         ; 0           ; 0    ; 0            ; 0       ; 0         ; 0    ; 0            ; 32 (0)       ; 0 (0)             ; 0 (0)            ; |clock_top_scheme1|bin2bcd:U_ABIN2BCD_SEC|lpm_divide:Div0|lpm_divide_8gm:auto_generated                                                    ; work         ;
;             |sign_div_unsign_9kh:divider| ; 32 (0)      ; 0 (0)                     ; 0 (0)         ; 0           ; 0    ; 0            ; 0       ; 0         ; 0    ; 0            ; 32 (0)       ; 0 (0)             ; 0 (0)            ; |clock_top_scheme1|bin2bcd:U_ABIN2BCD_SEC|lpm_divide:Div0|lpm_divide_8gm:auto_generated|sign_div_unsign_9kh:divider                        ; work         ;
;                |alt_u_div_t2f:divider|    ; 32 (32)     ; 0 (0)                     ; 0 (0)         ; 0           ; 0    ; 0            ; 0       ; 0         ; 0    ; 0            ; 32 (32)      ; 0 (0)             ; 0 (0)            ; |clock_top_scheme1|bin2bcd:U_ABIN2BCD_SEC|lpm_divide:Div0|lpm_divide_8gm:auto_generated|sign_div_unsign_9kh:divider|alt_u_div_t2f:divider  ; work         ;
;       |lpm_divide:Mod0|                   ; 36 (0)      ; 0 (0)                     ; 0 (0)         ; 0           ; 0    ; 0            ; 0       ; 0         ; 0    ; 0            ; 36 (0)       ; 0 (0)             ; 0 (0)            ; |clock_top_scheme1|bin2bcd:U_ABIN2BCD_SEC|lpm_divide:Mod0                                                                                  ; work         ;
;          |lpm_divide_d8m:auto_generated|  ; 36 (0)      ; 0 (0)                     ; 0 (0)         ; 0           ; 0    ; 0            ; 0       ; 0         ; 0    ; 0            ; 36 (0)       ; 0 (0)             ; 0 (0)            ; |clock_top_scheme1|bin2bcd:U_ABIN2BCD_SEC|lpm_divide:Mod0|lpm_divide_d8m:auto_generated                                                    ; work         ;
;             |sign_div_unsign_bkh:divider| ; 36 (0)      ; 0 (0)                     ; 0 (0)         ; 0           ; 0    ; 0            ; 0       ; 0         ; 0    ; 0            ; 36 (0)       ; 0 (0)             ; 0 (0)            ; |clock_top_scheme1|bin2bcd:U_ABIN2BCD_SEC|lpm_divide:Mod0|lpm_divide_d8m:auto_generated|sign_div_unsign_bkh:divider                        ; work         ;
;                |alt_u_div_13f:divider|    ; 36 (36)     ; 0 (0)                     ; 0 (0)         ; 0           ; 0    ; 0            ; 0       ; 0         ; 0    ; 0            ; 36 (36)      ; 0 (0)             ; 0 (0)            ; |clock_top_scheme1|bin2bcd:U_ABIN2BCD_SEC|lpm_divide:Mod0|lpm_divide_d8m:auto_generated|sign_div_unsign_bkh:divider|alt_u_div_13f:divider  ; work         ;
;    |bin2bcd:U_BIN2BCD_HOUR|               ; 49 (4)      ; 0 (0)                     ; 0 (0)         ; 0           ; 0    ; 0            ; 0       ; 0         ; 0    ; 0            ; 49 (4)       ; 0 (0)             ; 0 (0)            ; |clock_top_scheme1|bin2bcd:U_BIN2BCD_HOUR                                                                                                  ; work         ;
;       |lpm_divide:Div0|                   ; 19 (0)      ; 0 (0)                     ; 0 (0)         ; 0           ; 0    ; 0            ; 0       ; 0         ; 0    ; 0            ; 19 (0)       ; 0 (0)             ; 0 (0)            ; |clock_top_scheme1|bin2bcd:U_BIN2BCD_HOUR|lpm_divide:Div0                                                                                  ; work         ;
;          |lpm_divide_8gm:auto_generated|  ; 19 (0)      ; 0 (0)                     ; 0 (0)         ; 0           ; 0    ; 0            ; 0       ; 0         ; 0    ; 0            ; 19 (0)       ; 0 (0)             ; 0 (0)            ; |clock_top_scheme1|bin2bcd:U_BIN2BCD_HOUR|lpm_divide:Div0|lpm_divide_8gm:auto_generated                                                    ; work         ;
;             |sign_div_unsign_9kh:divider| ; 19 (0)      ; 0 (0)                     ; 0 (0)         ; 0           ; 0    ; 0            ; 0       ; 0         ; 0    ; 0            ; 19 (0)       ; 0 (0)             ; 0 (0)            ; |clock_top_scheme1|bin2bcd:U_BIN2BCD_HOUR|lpm_divide:Div0|lpm_divide_8gm:auto_generated|sign_div_unsign_9kh:divider                        ; work         ;
;                |alt_u_div_t2f:divider|    ; 19 (19)     ; 0 (0)                     ; 0 (0)         ; 0           ; 0    ; 0            ; 0       ; 0         ; 0    ; 0            ; 19 (19)      ; 0 (0)             ; 0 (0)            ; |clock_top_scheme1|bin2bcd:U_BIN2BCD_HOUR|lpm_divide:Div0|lpm_divide_8gm:auto_generated|sign_div_unsign_9kh:divider|alt_u_div_t2f:divider  ; work         ;
;       |lpm_divide:Mod0|                   ; 26 (0)      ; 0 (0)                     ; 0 (0)         ; 0           ; 0    ; 0            ; 0       ; 0         ; 0    ; 0            ; 26 (0)       ; 0 (0)             ; 0 (0)            ; |clock_top_scheme1|bin2bcd:U_BIN2BCD_HOUR|lpm_divide:Mod0                                                                                  ; work         ;
;          |lpm_divide_d8m:auto_generated|  ; 26 (0)      ; 0 (0)                     ; 0 (0)         ; 0           ; 0    ; 0            ; 0       ; 0         ; 0    ; 0            ; 26 (0)       ; 0 (0)             ; 0 (0)            ; |clock_top_scheme1|bin2bcd:U_BIN2BCD_HOUR|lpm_divide:Mod0|lpm_divide_d8m:auto_generated                                                    ; work         ;
;             |sign_div_unsign_bkh:divider| ; 26 (0)      ; 0 (0)                     ; 0 (0)         ; 0           ; 0    ; 0            ; 0       ; 0         ; 0    ; 0            ; 26 (0)       ; 0 (0)             ; 0 (0)            ; |clock_top_scheme1|bin2bcd:U_BIN2BCD_HOUR|lpm_divide:Mod0|lpm_divide_d8m:auto_generated|sign_div_unsign_bkh:divider                        ; work         ;
;                |alt_u_div_13f:divider|    ; 26 (26)     ; 0 (0)                     ; 0 (0)         ; 0           ; 0    ; 0            ; 0       ; 0         ; 0    ; 0            ; 26 (26)      ; 0 (0)             ; 0 (0)            ; |clock_top_scheme1|bin2bcd:U_BIN2BCD_HOUR|lpm_divide:Mod0|lpm_divide_d8m:auto_generated|sign_div_unsign_bkh:divider|alt_u_div_13f:divider  ; work         ;
;    |bin2bcd:U_BIN2BCD_MIN|                ; 73 (1)      ; 0 (0)                     ; 0 (0)         ; 0           ; 0    ; 0            ; 0       ; 0         ; 0    ; 0            ; 73 (1)       ; 0 (0)             ; 0 (0)            ; |clock_top_scheme1|bin2bcd:U_BIN2BCD_MIN                                                                                                   ; work         ;
;       |lpm_divide:Div0|                   ; 32 (0)      ; 0 (0)                     ; 0 (0)         ; 0           ; 0    ; 0            ; 0       ; 0         ; 0    ; 0            ; 32 (0)       ; 0 (0)             ; 0 (0)            ; |clock_top_scheme1|bin2bcd:U_BIN2BCD_MIN|lpm_divide:Div0                                                                                   ; work         ;
;          |lpm_divide_8gm:auto_generated|  ; 32 (0)      ; 0 (0)                     ; 0 (0)         ; 0           ; 0    ; 0            ; 0       ; 0         ; 0    ; 0            ; 32 (0)       ; 0 (0)             ; 0 (0)            ; |clock_top_scheme1|bin2bcd:U_BIN2BCD_MIN|lpm_divide:Div0|lpm_divide_8gm:auto_generated                                                     ; work         ;
;             |sign_div_unsign_9kh:divider| ; 32 (0)      ; 0 (0)                     ; 0 (0)         ; 0           ; 0    ; 0            ; 0       ; 0         ; 0    ; 0            ; 32 (0)       ; 0 (0)             ; 0 (0)            ; |clock_top_scheme1|bin2bcd:U_BIN2BCD_MIN|lpm_divide:Div0|lpm_divide_8gm:auto_generated|sign_div_unsign_9kh:divider                         ; work         ;
;                |alt_u_div_t2f:divider|    ; 32 (32)     ; 0 (0)                     ; 0 (0)         ; 0           ; 0    ; 0            ; 0       ; 0         ; 0    ; 0            ; 32 (32)      ; 0 (0)             ; 0 (0)            ; |clock_top_scheme1|bin2bcd:U_BIN2BCD_MIN|lpm_divide:Div0|lpm_divide_8gm:auto_generated|sign_div_unsign_9kh:divider|alt_u_div_t2f:divider   ; work         ;
;       |lpm_divide:Mod0|                   ; 40 (0)      ; 0 (0)                     ; 0 (0)         ; 0           ; 0    ; 0            ; 0       ; 0         ; 0    ; 0            ; 40 (0)       ; 0 (0)             ; 0 (0)            ; |clock_top_scheme1|bin2bcd:U_BIN2BCD_MIN|lpm_divide:Mod0                                                                                   ; work         ;
;          |lpm_divide_d8m:auto_generated|  ; 40 (0)      ; 0 (0)                     ; 0 (0)         ; 0           ; 0    ; 0            ; 0       ; 0         ; 0    ; 0            ; 40 (0)       ; 0 (0)             ; 0 (0)            ; |clock_top_scheme1|bin2bcd:U_BIN2BCD_MIN|lpm_divide:Mod0|lpm_divide_d8m:auto_generated                                                     ; work         ;
;             |sign_div_unsign_bkh:divider| ; 40 (0)      ; 0 (0)                     ; 0 (0)         ; 0           ; 0    ; 0            ; 0       ; 0         ; 0    ; 0            ; 40 (0)       ; 0 (0)             ; 0 (0)            ; |clock_top_scheme1|bin2bcd:U_BIN2BCD_MIN|lpm_divide:Mod0|lpm_divide_d8m:auto_generated|sign_div_unsign_bkh:divider                         ; work         ;
;                |alt_u_div_13f:divider|    ; 40 (40)     ; 0 (0)                     ; 0 (0)         ; 0           ; 0    ; 0            ; 0       ; 0         ; 0    ; 0            ; 40 (40)      ; 0 (0)             ; 0 (0)            ; |clock_top_scheme1|bin2bcd:U_BIN2BCD_MIN|lpm_divide:Mod0|lpm_divide_d8m:auto_generated|sign_div_unsign_bkh:divider|alt_u_div_13f:divider   ; work         ;
;    |bin2bcd:U_BIN2BCD_SEC|                ; 69 (1)      ; 0 (0)                     ; 0 (0)         ; 0           ; 0    ; 0            ; 0       ; 0         ; 0    ; 0            ; 69 (1)       ; 0 (0)             ; 0 (0)            ; |clock_top_scheme1|bin2bcd:U_BIN2BCD_SEC                                                                                                   ; work         ;
;       |lpm_divide:Div0|                   ; 32 (0)      ; 0 (0)                     ; 0 (0)         ; 0           ; 0    ; 0            ; 0       ; 0         ; 0    ; 0            ; 32 (0)       ; 0 (0)             ; 0 (0)            ; |clock_top_scheme1|bin2bcd:U_BIN2BCD_SEC|lpm_divide:Div0                                                                                   ; work         ;
;          |lpm_divide_8gm:auto_generated|  ; 32 (0)      ; 0 (0)                     ; 0 (0)         ; 0           ; 0    ; 0            ; 0       ; 0         ; 0    ; 0            ; 32 (0)       ; 0 (0)             ; 0 (0)            ; |clock_top_scheme1|bin2bcd:U_BIN2BCD_SEC|lpm_divide:Div0|lpm_divide_8gm:auto_generated                                                     ; work         ;
;             |sign_div_unsign_9kh:divider| ; 32 (0)      ; 0 (0)                     ; 0 (0)         ; 0           ; 0    ; 0            ; 0       ; 0         ; 0    ; 0            ; 32 (0)       ; 0 (0)             ; 0 (0)            ; |clock_top_scheme1|bin2bcd:U_BIN2BCD_SEC|lpm_divide:Div0|lpm_divide_8gm:auto_generated|sign_div_unsign_9kh:divider                         ; work         ;
;                |alt_u_div_t2f:divider|    ; 32 (32)     ; 0 (0)                     ; 0 (0)         ; 0           ; 0    ; 0            ; 0       ; 0         ; 0    ; 0            ; 32 (32)      ; 0 (0)             ; 0 (0)            ; |clock_top_scheme1|bin2bcd:U_BIN2BCD_SEC|lpm_divide:Div0|lpm_divide_8gm:auto_generated|sign_div_unsign_9kh:divider|alt_u_div_t2f:divider   ; work         ;
;       |lpm_divide:Mod0|                   ; 36 (0)      ; 0 (0)                     ; 0 (0)         ; 0           ; 0    ; 0            ; 0       ; 0         ; 0    ; 0            ; 36 (0)       ; 0 (0)             ; 0 (0)            ; |clock_top_scheme1|bin2bcd:U_BIN2BCD_SEC|lpm_divide:Mod0                                                                                   ; work         ;
;          |lpm_divide_d8m:auto_generated|  ; 36 (0)      ; 0 (0)                     ; 0 (0)         ; 0           ; 0    ; 0            ; 0       ; 0         ; 0    ; 0            ; 36 (0)       ; 0 (0)             ; 0 (0)            ; |clock_top_scheme1|bin2bcd:U_BIN2BCD_SEC|lpm_divide:Mod0|lpm_divide_d8m:auto_generated                                                     ; work         ;
;             |sign_div_unsign_bkh:divider| ; 36 (0)      ; 0 (0)                     ; 0 (0)         ; 0           ; 0    ; 0            ; 0       ; 0         ; 0    ; 0            ; 36 (0)       ; 0 (0)             ; 0 (0)            ; |clock_top_scheme1|bin2bcd:U_BIN2BCD_SEC|lpm_divide:Mod0|lpm_divide_d8m:auto_generated|sign_div_unsign_bkh:divider                         ; work         ;
;                |alt_u_div_13f:divider|    ; 36 (36)     ; 0 (0)                     ; 0 (0)         ; 0           ; 0    ; 0            ; 0       ; 0         ; 0    ; 0            ; 36 (36)      ; 0 (0)             ; 0 (0)            ; |clock_top_scheme1|bin2bcd:U_BIN2BCD_SEC|lpm_divide:Mod0|lpm_divide_d8m:auto_generated|sign_div_unsign_bkh:divider|alt_u_div_13f:divider   ; work         ;
;    |count_hour_bin:U_HOUR_ALARM|          ; 8 (8)       ; 5 (5)                     ; 0 (0)         ; 0           ; 0    ; 0            ; 0       ; 0         ; 0    ; 0            ; 3 (3)        ; 0 (0)             ; 5 (5)            ; |clock_top_scheme1|count_hour_bin:U_HOUR_ALARM                                                                                             ; work         ;
;    |count_hour_bin:U_HOUR_BIN|            ; 8 (8)       ; 5 (5)                     ; 0 (0)         ; 0           ; 0    ; 0            ; 0       ; 0         ; 0    ; 0            ; 3 (3)        ; 0 (0)             ; 5 (5)            ; |clock_top_scheme1|count_hour_bin:U_HOUR_BIN                                                                                               ; work         ;
;    |count_min_bin:U_MIN_ALARM|            ; 11 (11)     ; 6 (6)                     ; 0 (0)         ; 0           ; 0    ; 0            ; 0       ; 0         ; 0    ; 0            ; 5 (5)        ; 0 (0)             ; 6 (6)            ; |clock_top_scheme1|count_min_bin:U_MIN_ALARM                                                                                               ; work         ;
;    |count_min_bin:U_MIN_BIN|              ; 12 (12)     ; 6 (6)                     ; 0 (0)         ; 0           ; 0    ; 0            ; 0       ; 0         ; 0    ; 0            ; 6 (6)        ; 0 (0)             ; 6 (6)            ; |clock_top_scheme1|count_min_bin:U_MIN_BIN                                                                                                 ; work         ;
;    |count_sec_bin:U_SEC_ALARM|            ; 11 (11)     ; 6 (6)                     ; 0 (0)         ; 0           ; 0    ; 0            ; 0       ; 0         ; 0    ; 0            ; 5 (5)        ; 0 (0)             ; 6 (6)            ; |clock_top_scheme1|count_sec_bin:U_SEC_ALARM                                                                                               ; work         ;
;    |count_sec_bin:U_SEC_BIN|              ; 12 (12)     ; 6 (6)                     ; 0 (0)         ; 0           ; 0    ; 0            ; 0       ; 0         ; 0    ; 0            ; 6 (6)        ; 0 (0)             ; 6 (6)            ; |clock_top_scheme1|count_sec_bin:U_SEC_BIN                                                                                                 ; work         ;
;    |diver:U_DIVER|                        ; 6 (6)       ; 4 (4)                     ; 0 (0)         ; 0           ; 0    ; 0            ; 0       ; 0         ; 0    ; 0            ; 2 (2)        ; 1 (1)             ; 3 (3)            ; |clock_top_scheme1|diver:U_DIVER                                                                                                           ; work         ;
;    |mmux21a:U_MUX_DISP0|                  ; 17 (17)     ; 0 (0)                     ; 0 (0)         ; 0           ; 0    ; 0            ; 0       ; 0         ; 0    ; 0            ; 17 (17)      ; 0 (0)             ; 0 (0)            ; |clock_top_scheme1|mmux21a:U_MUX_DISP0                                                                                                     ; work         ;
;    |mmux21a:U_MUX_DISP1|                  ; 3 (3)       ; 0 (0)                     ; 0 (0)         ; 0           ; 0    ; 0            ; 0       ; 0         ; 0    ; 0            ; 3 (3)        ; 0 (0)             ; 0 (0)            ; |clock_top_scheme1|mmux21a:U_MUX_DISP1                                                                                                     ; work         ;
;    |mmux21a:U_MUX_DISP2|                  ; 4 (4)       ; 0 (0)                     ; 0 (0)         ; 0           ; 0    ; 0            ; 0       ; 0         ; 0    ; 0            ; 4 (4)        ; 0 (0)             ; 0 (0)            ; |clock_top_scheme1|mmux21a:U_MUX_DISP2                                                                                                     ; work         ;
;    |mmux21a:U_MUX_DISP3|                  ; 3 (3)       ; 0 (0)                     ; 0 (0)         ; 0           ; 0    ; 0            ; 0       ; 0         ; 0    ; 0            ; 3 (3)        ; 0 (0)             ; 0 (0)            ; |clock_top_scheme1|mmux21a:U_MUX_DISP3                                                                                                     ; work         ;
;    |mmux21a:U_MUX_DISP4|                  ; 4 (4)       ; 0 (0)                     ; 0 (0)         ; 0           ; 0    ; 0            ; 0       ; 0         ; 0    ; 0            ; 4 (4)        ; 0 (0)             ; 0 (0)            ; |clock_top_scheme1|mmux21a:U_MUX_DISP4                                                                                                     ; work         ;
;    |mmux21a:U_MUX_DISP5|                  ; 2 (2)       ; 0 (0)                     ; 0 (0)         ; 0           ; 0    ; 0            ; 0       ; 0         ; 0    ; 0            ; 2 (2)        ; 0 (0)             ; 0 (0)            ; |clock_top_scheme1|mmux21a:U_MUX_DISP5                                                                                                     ; work         ;
;    |mux21a:U_MUX_HOUR|                    ; 1 (1)       ; 0 (0)                     ; 0 (0)         ; 0           ; 0    ; 0            ; 0       ; 0         ; 0    ; 0            ; 0 (0)        ; 0 (0)             ; 1 (1)            ; |clock_top_scheme1|mux21a:U_MUX_HOUR                                                                                                       ; work         ;
;    |mux21a:U_MUX_MIN|                     ; 1 (1)       ; 0 (0)                     ; 0 (0)         ; 0           ; 0    ; 0            ; 0       ; 0         ; 0    ; 0            ; 1 (1)        ; 0 (0)             ; 0 (0)            ; |clock_top_scheme1|mux21a:U_MUX_MIN                                                                                                        ; work         ;
;    |seg7_decoder:U_SEG_HOUR0|             ; 7 (7)       ; 0 (0)                     ; 0 (0)         ; 0           ; 0    ; 0            ; 0       ; 0         ; 0    ; 0            ; 7 (7)        ; 0 (0)             ; 0 (0)            ; |clock_top_scheme1|seg7_decoder:U_SEG_HOUR0                                                                                                ; work         ;
;    |seg7_decoder:U_SEG_HOUR1|             ; 3 (3)       ; 0 (0)                     ; 0 (0)         ; 0           ; 0    ; 0            ; 0       ; 0         ; 0    ; 0            ; 3 (3)        ; 0 (0)             ; 0 (0)            ; |clock_top_scheme1|seg7_decoder:U_SEG_HOUR1                                                                                                ; work         ;
;    |seg7_decoder:U_SEG_MIN0|              ; 7 (7)       ; 0 (0)                     ; 0 (0)         ; 0           ; 0    ; 0            ; 0       ; 0         ; 0    ; 0            ; 7 (7)        ; 0 (0)             ; 0 (0)            ; |clock_top_scheme1|seg7_decoder:U_SEG_MIN0                                                                                                 ; work         ;
;    |seg7_decoder:U_SEG_MIN1|              ; 7 (7)       ; 0 (0)                     ; 0 (0)         ; 0           ; 0    ; 0            ; 0       ; 0         ; 0    ; 0            ; 7 (7)        ; 0 (0)             ; 0 (0)            ; |clock_top_scheme1|seg7_decoder:U_SEG_MIN1                                                                                                 ; work         ;
;    |seg7_decoder:U_SEG_SEC0|              ; 7 (7)       ; 0 (0)                     ; 0 (0)         ; 0           ; 0    ; 0            ; 0       ; 0         ; 0    ; 0            ; 7 (7)        ; 0 (0)             ; 0 (0)            ; |clock_top_scheme1|seg7_decoder:U_SEG_SEC0                                                                                                 ; work         ;
;    |seg7_decoder:U_SEG_SEC1|              ; 7 (7)       ; 0 (0)                     ; 0 (0)         ; 0           ; 0    ; 0            ; 0       ; 0         ; 0    ; 0            ; 7 (7)        ; 0 (0)             ; 0 (0)            ; |clock_top_scheme1|seg7_decoder:U_SEG_SEC1                                                                                                 ; work         ;
;    |switch:U_SW_HOUR|                     ; 2 (2)       ; 0 (0)                     ; 0 (0)         ; 0           ; 0    ; 0            ; 0       ; 0         ; 0    ; 0            ; 2 (2)        ; 0 (0)             ; 0 (0)            ; |clock_top_scheme1|switch:U_SW_HOUR                                                                                                        ; work         ;
;    |switch:U_SW_MIN|                      ; 2 (2)       ; 0 (0)                     ; 0 (0)         ; 0           ; 0    ; 0            ; 0       ; 0         ; 0    ; 0            ; 2 (2)        ; 0 (0)             ; 0 (0)            ; |clock_top_scheme1|switch:U_SW_MIN                                                                                                         ; work         ;
;    |switch:U_SW_SEC|                      ; 1 (1)       ; 0 (0)                     ; 0 (0)         ; 0           ; 0    ; 0            ; 0       ; 0         ; 0    ; 0            ; 1 (1)        ; 0 (0)             ; 0 (0)            ; |clock_top_scheme1|switch:U_SW_SEC                                                                                                         ; work         ;
;    |trigger:U_TRIGGER|                    ; 1 (1)       ; 1 (1)                     ; 0 (0)         ; 0           ; 0    ; 0            ; 0       ; 0         ; 0    ; 0            ; 0 (0)        ; 0 (0)             ; 1 (1)            ; |clock_top_scheme1|trigger:U_TRIGGER                                                                                                       ; work         ;
+-------------------------------------------+-------------+---------------------------+---------------+-------------+------+--------------+---------+-----------+------+--------------+--------------+-------------------+------------------+--------------------------------------------------------------------------------------------------------------------------------------------+--------------+
Note: For table entries with two numbers listed, the numbers in parentheses indicate the number of resources of the given type used by the specific entity alone. The numbers listed outside of parentheses indicate the total resources of the given type used by the specific entity and all of its sub-entities in the hierarchy.


+----------------------------------------------------------------------------------------------+
; Delay Chain Summary                                                                          ;
+--------------+----------+---------------+---------------+-----------------------+-----+------+
; Name         ; Pin Type ; Pad to Core 0 ; Pad to Core 1 ; Pad to Input Register ; TCO ; TCOE ;
+--------------+----------+---------------+---------------+-----------------------+-----+------+
; sec0[0]      ; Output   ; --            ; --            ; --                    ; --  ; --   ;
; sec0[1]      ; Output   ; --            ; --            ; --                    ; --  ; --   ;
; sec0[2]      ; Output   ; --            ; --            ; --                    ; --  ; --   ;
; sec0[3]      ; Output   ; --            ; --            ; --                    ; --  ; --   ;
; sec1[0]      ; Output   ; --            ; --            ; --                    ; --  ; --   ;
; sec1[1]      ; Output   ; --            ; --            ; --                    ; --  ; --   ;
; sec1[2]      ; Output   ; --            ; --            ; --                    ; --  ; --   ;
; sec1[3]      ; Output   ; --            ; --            ; --                    ; --  ; --   ;
; min0[0]      ; Output   ; --            ; --            ; --                    ; --  ; --   ;
; min0[1]      ; Output   ; --            ; --            ; --                    ; --  ; --   ;
; min0[2]      ; Output   ; --            ; --            ; --                    ; --  ; --   ;
; min0[3]      ; Output   ; --            ; --            ; --                    ; --  ; --   ;
; min1[0]      ; Output   ; --            ; --            ; --                    ; --  ; --   ;
; min1[1]      ; Output   ; --            ; --            ; --                    ; --  ; --   ;
; min1[2]      ; Output   ; --            ; --            ; --                    ; --  ; --   ;
; min1[3]      ; Output   ; --            ; --            ; --                    ; --  ; --   ;
; hour0[0]     ; Output   ; --            ; --            ; --                    ; --  ; --   ;
; hour0[1]     ; Output   ; --            ; --            ; --                    ; --  ; --   ;
; hour0[2]     ; Output   ; --            ; --            ; --                    ; --  ; --   ;
; hour0[3]     ; Output   ; --            ; --            ; --                    ; --  ; --   ;
; hour1[0]     ; Output   ; --            ; --            ; --                    ; --  ; --   ;
; hour1[1]     ; Output   ; --            ; --            ; --                    ; --  ; --   ;
; hour1[2]     ; Output   ; --            ; --            ; --                    ; --  ; --   ;
; hour1[3]     ; Output   ; --            ; --            ; --                    ; --  ; --   ;
; speak        ; Output   ; --            ; --            ; --                    ; --  ; --   ;
; seg_sec0[0]  ; Output   ; --            ; --            ; --                    ; --  ; --   ;
; seg_sec0[1]  ; Output   ; --            ; --            ; --                    ; --  ; --   ;
; seg_sec0[2]  ; Output   ; --            ; --            ; --                    ; --  ; --   ;
; seg_sec0[3]  ; Output   ; --            ; --            ; --                    ; --  ; --   ;
; seg_sec0[4]  ; Output   ; --            ; --            ; --                    ; --  ; --   ;
; seg_sec0[5]  ; Output   ; --            ; --            ; --                    ; --  ; --   ;
; seg_sec0[6]  ; Output   ; --            ; --            ; --                    ; --  ; --   ;
; seg_sec1[0]  ; Output   ; --            ; --            ; --                    ; --  ; --   ;
; seg_sec1[1]  ; Output   ; --            ; --            ; --                    ; --  ; --   ;
; seg_sec1[2]  ; Output   ; --            ; --            ; --                    ; --  ; --   ;
; seg_sec1[3]  ; Output   ; --            ; --            ; --                    ; --  ; --   ;
; seg_sec1[4]  ; Output   ; --            ; --            ; --                    ; --  ; --   ;
; seg_sec1[5]  ; Output   ; --            ; --            ; --                    ; --  ; --   ;
; seg_sec1[6]  ; Output   ; --            ; --            ; --                    ; --  ; --   ;
; seg_min0[0]  ; Output   ; --            ; --            ; --                    ; --  ; --   ;
; seg_min0[1]  ; Output   ; --            ; --            ; --                    ; --  ; --   ;
; seg_min0[2]  ; Output   ; --            ; --            ; --                    ; --  ; --   ;
; seg_min0[3]  ; Output   ; --            ; --            ; --                    ; --  ; --   ;
; seg_min0[4]  ; Output   ; --            ; --            ; --                    ; --  ; --   ;
; seg_min0[5]  ; Output   ; --            ; --            ; --                    ; --  ; --   ;
; seg_min0[6]  ; Output   ; --            ; --            ; --                    ; --  ; --   ;
; seg_min1[0]  ; Output   ; --            ; --            ; --                    ; --  ; --   ;
; seg_min1[1]  ; Output   ; --            ; --            ; --                    ; --  ; --   ;
; seg_min1[2]  ; Output   ; --            ; --            ; --                    ; --  ; --   ;
; seg_min1[3]  ; Output   ; --            ; --            ; --                    ; --  ; --   ;
; seg_min1[4]  ; Output   ; --            ; --            ; --                    ; --  ; --   ;
; seg_min1[5]  ; Output   ; --            ; --            ; --                    ; --  ; --   ;
; seg_min1[6]  ; Output   ; --            ; --            ; --                    ; --  ; --   ;
; seg_hour0[0] ; Output   ; --            ; --            ; --                    ; --  ; --   ;
; seg_hour0[1] ; Output   ; --            ; --            ; --                    ; --  ; --   ;
; seg_hour0[2] ; Output   ; --            ; --            ; --                    ; --  ; --   ;
; seg_hour0[3] ; Output   ; --            ; --            ; --                    ; --  ; --   ;
; seg_hour0[4] ; Output   ; --            ; --            ; --                    ; --  ; --   ;
; seg_hour0[5] ; Output   ; --            ; --            ; --                    ; --  ; --   ;
; seg_hour0[6] ; Output   ; --            ; --            ; --                    ; --  ; --   ;
; seg_hour1[0] ; Output   ; --            ; --            ; --                    ; --  ; --   ;
; seg_hour1[1] ; Output   ; --            ; --            ; --                    ; --  ; --   ;
; seg_hour1[2] ; Output   ; --            ; --            ; --                    ; --  ; --   ;
; seg_hour1[3] ; Output   ; --            ; --            ; --                    ; --  ; --   ;
; seg_hour1[4] ; Output   ; --            ; --            ; --                    ; --  ; --   ;
; seg_hour1[5] ; Output   ; --            ; --            ; --                    ; --  ; --   ;
; seg_hour1[6] ; Output   ; --            ; --            ; --                    ; --  ; --   ;
; key_sec      ; Input    ; (0) 0 ps      ; --            ; --                    ; --  ; --   ;
; key_shift    ; Input    ; (0) 0 ps      ; --            ; --                    ; --  ; --   ;
; clk          ; Input    ; (0) 0 ps      ; --            ; --                    ; --  ; --   ;
; key_min      ; Input    ; (6) 1314 ps   ; --            ; --                    ; --  ; --   ;
; key_hour     ; Input    ; --            ; (6) 1314 ps   ; --                    ; --  ; --   ;
+--------------+----------+---------------+---------------+-----------------------+-----+------+


+----------------------------------------------------------+
; Pad To Core Delay Chain Fanout                           ;
+----------------------------+-------------------+---------+
; Source Pin / Fanout        ; Pad To Core Index ; Setting ;
+----------------------------+-------------------+---------+
; key_sec                    ;                   ;         ;
; key_shift                  ;                   ;         ;
; clk                        ;                   ;         ;
; key_min                    ;                   ;         ;
;      - switch:U_SW_MIN|s2  ; 0                 ; 6       ;
;      - switch:U_SW_MIN|s1  ; 0                 ; 6       ;
; key_hour                   ;                   ;         ;
;      - switch:U_SW_HOUR|s2 ; 1                 ; 6       ;
;      - switch:U_SW_HOUR|s1 ; 1                 ; 6       ;
+----------------------------+-------------------+---------+


+---------------------------------------------------------------------------------------------------------------------------------------------------+
; Control Signals                                                                                                                                   ;
+----------------------+--------------------+---------+--------------+--------+----------------------+------------------+---------------------------+
; Name                 ; Location           ; Fan-Out ; Usage        ; Global ; Global Resource Used ; Global Line Name ; Enable Signal Source Name ;
+----------------------+--------------------+---------+--------------+--------+----------------------+------------------+---------------------------+
; clk                  ; PIN_E2             ; 2       ; Clock        ; no     ; --                   ; --               ; --                        ;
; clk                  ; PIN_E2             ; 4       ; Clock        ; yes    ; Global Clock         ; GCLK4            ; --                        ;
; diver:U_DIVER|m_clk0 ; FF_X12_Y15_N31     ; 7       ; Clock        ; no     ; --                   ; --               ; --                        ;
; diver:U_DIVER|m_clk1 ; FF_X11_Y14_N19     ; 17      ; Clock        ; yes    ; Global Clock         ; GCLK2            ; --                        ;
; mux21a:U_MUX_HOUR|y  ; LCCOMB_X11_Y14_N18 ; 5       ; Clock        ; yes    ; Global Clock         ; GCLK1            ; --                        ;
; mux21a:U_MUX_MIN|y   ; LCCOMB_X11_Y14_N20 ; 6       ; Clock        ; no     ; --                   ; --               ; --                        ;
; switch:U_SW_HOUR|s2  ; LCCOMB_X13_Y14_N6  ; 5       ; Clock enable ; no     ; --                   ; --               ; --                        ;
; switch:U_SW_MIN|s2   ; LCCOMB_X14_Y14_N26 ; 6       ; Clock enable ; no     ; --                   ; --               ; --                        ;
; switch:U_SW_SEC|s2   ; LCCOMB_X12_Y14_N16 ; 6       ; Clock enable ; no     ; --                   ; --               ; --                        ;
+----------------------+--------------------+---------+--------------+--------+----------------------+------------------+---------------------------+


+------------------------------------------------------------------------------------------------------------------------------------------------------------------+
; Global & Other Fast Signals                                                                                                                                      ;
+----------------------+--------------------+---------+--------------------------------------+----------------------+------------------+---------------------------+
; Name                 ; Location           ; Fan-Out ; Fan-Out Using Intentional Clock Skew ; Global Resource Used ; Global Line Name ; Enable Signal Source Name ;
+----------------------+--------------------+---------+--------------------------------------+----------------------+------------------+---------------------------+
; clk                  ; PIN_E2             ; 4       ; 0                                    ; Global Clock         ; GCLK4            ; --                        ;
; diver:U_DIVER|m_clk1 ; FF_X11_Y14_N19     ; 17      ; 0                                    ; Global Clock         ; GCLK2            ; --                        ;
; mux21a:U_MUX_HOUR|y  ; LCCOMB_X11_Y14_N18 ; 5       ; 1                                    ; Global Clock         ; GCLK1            ; --                        ;
+----------------------+--------------------+---------+--------------------------------------+----------------------+------------------+---------------------------+


+--------------------------------------------------------------------------------------------------------------------------------------------------------------+
; Non-Global High Fan-Out Signals                                                                                                                              ;
+----------------------------------------------------------------------------------------------------------------------------------------------------+---------+
; Name                                                                                                                                               ; Fan-Out ;
+----------------------------------------------------------------------------------------------------------------------------------------------------+---------+
; trigger:U_TRIGGER|temp                                                                                                                             ; 31      ;
; bin2bcd:U_ABIN2BCD_SEC|LessThan0~0                                                                                                                 ; 23      ;
; bin2bcd:U_BIN2BCD_MIN|LessThan0~0                                                                                                                  ; 22      ;
; bin2bcd:U_ABIN2BCD_MIN|LessThan0~0                                                                                                                 ; 22      ;
; bin2bcd:U_BIN2BCD_SEC|LessThan0~0                                                                                                                  ; 22      ;
; count_hour_bin:U_HOUR_BIN|count[3]                                                                                                                 ; 14      ;
; count_hour_bin:U_HOUR_BIN|count[4]                                                                                                                 ; 14      ;
; count_hour_bin:U_HOUR_ALARM|count[3]                                                                                                               ; 14      ;
; count_hour_bin:U_HOUR_ALARM|count[4]                                                                                                               ; 14      ;
; bin2bcd:U_BIN2BCD_MIN|lpm_divide:Div0|lpm_divide_8gm:auto_generated|sign_div_unsign_9kh:divider|alt_u_div_t2f:divider|add_sub_3_result_int[4]~6    ; 13      ;
; bin2bcd:U_ABIN2BCD_MIN|lpm_divide:Div0|lpm_divide_8gm:auto_generated|sign_div_unsign_9kh:divider|alt_u_div_t2f:divider|add_sub_3_result_int[4]~6   ; 13      ;
; bin2bcd:U_BIN2BCD_MIN|lpm_divide:Mod0|lpm_divide_d8m:auto_generated|sign_div_unsign_bkh:divider|alt_u_div_13f:divider|add_sub_3_result_int[4]~6    ; 12      ;
; bin2bcd:U_ABIN2BCD_MIN|lpm_divide:Mod0|lpm_divide_d8m:auto_generated|sign_div_unsign_bkh:divider|alt_u_div_13f:divider|add_sub_3_result_int[4]~6   ; 12      ;
; bin2bcd:U_BIN2BCD_SEC|lpm_divide:Div0|lpm_divide_8gm:auto_generated|sign_div_unsign_9kh:divider|alt_u_div_t2f:divider|add_sub_3_result_int[4]~6    ; 12      ;
; bin2bcd:U_ABIN2BCD_SEC|lpm_divide:Div0|lpm_divide_8gm:auto_generated|sign_div_unsign_9kh:divider|alt_u_div_t2f:divider|add_sub_3_result_int[4]~6   ; 12      ;
; bin2bcd:U_BIN2BCD_SEC|lpm_divide:Mod0|lpm_divide_d8m:auto_generated|sign_div_unsign_bkh:divider|alt_u_div_13f:divider|add_sub_3_result_int[4]~6    ; 12      ;
; bin2bcd:U_ABIN2BCD_SEC|lpm_divide:Mod0|lpm_divide_d8m:auto_generated|sign_div_unsign_bkh:divider|alt_u_div_13f:divider|add_sub_3_result_int[4]~6   ; 12      ;
; count_min_bin:U_MIN_BIN|count[2]                                                                                                                   ; 11      ;
; count_sec_bin:U_SEC_BIN|count[2]                                                                                                                   ; 11      ;
; bin2bcd:U_ABIN2BCD_SEC|lpm_divide:Mod0|lpm_divide_d8m:auto_generated|sign_div_unsign_bkh:divider|alt_u_div_13f:divider|add_sub_4_result_int[5]~8   ; 11      ;
; count_min_bin:U_MIN_BIN|count[1]                                                                                                                   ; 10      ;
; count_min_bin:U_MIN_ALARM|count[2]                                                                                                                 ; 10      ;
; count_sec_bin:U_SEC_BIN|count[1]                                                                                                                   ; 10      ;
; count_sec_bin:U_SEC_ALARM|count[1]                                                                                                                 ; 10      ;
; count_sec_bin:U_SEC_ALARM|count[2]                                                                                                                 ; 10      ;
; bin2bcd:U_BIN2BCD_HOUR|lpm_divide:Div0|lpm_divide_8gm:auto_generated|sign_div_unsign_9kh:divider|alt_u_div_t2f:divider|add_sub_4_result_int[5]~8   ; 10      ;
; bin2bcd:U_ABIN2BCD_HOUR|lpm_divide:Div0|lpm_divide_8gm:auto_generated|sign_div_unsign_9kh:divider|alt_u_div_t2f:divider|add_sub_4_result_int[5]~8  ; 10      ;
; bin2bcd:U_BIN2BCD_MIN|lpm_divide:Div0|lpm_divide_8gm:auto_generated|sign_div_unsign_9kh:divider|alt_u_div_t2f:divider|add_sub_4_result_int[5]~8    ; 10      ;
; bin2bcd:U_ABIN2BCD_MIN|lpm_divide:Div0|lpm_divide_8gm:auto_generated|sign_div_unsign_9kh:divider|alt_u_div_t2f:divider|add_sub_4_result_int[5]~8   ; 10      ;
; bin2bcd:U_BIN2BCD_MIN|lpm_divide:Mod0|lpm_divide_d8m:auto_generated|sign_div_unsign_bkh:divider|alt_u_div_13f:divider|add_sub_4_result_int[5]~8    ; 10      ;
; bin2bcd:U_ABIN2BCD_MIN|lpm_divide:Mod0|lpm_divide_d8m:auto_generated|sign_div_unsign_bkh:divider|alt_u_div_13f:divider|add_sub_4_result_int[5]~8   ; 10      ;
; bin2bcd:U_BIN2BCD_SEC|lpm_divide:Mod0|lpm_divide_d8m:auto_generated|sign_div_unsign_bkh:divider|alt_u_div_13f:divider|add_sub_4_result_int[5]~8    ; 10      ;
; mmux21a:U_MUX_DISP3|y[2]~2                                                                                                                         ; 9       ;
; mmux21a:U_MUX_DISP3|y[1]~1                                                                                                                         ; 9       ;
; mmux21a:U_MUX_DISP3|y[0]~0                                                                                                                         ; 9       ;
; mmux21a:U_MUX_DISP2|y[3]~3                                                                                                                         ; 9       ;
; mmux21a:U_MUX_DISP2|y[2]~2                                                                                                                         ; 9       ;
; mmux21a:U_MUX_DISP2|y[1]~1                                                                                                                         ; 9       ;
; mmux21a:U_MUX_DISP2|y[0]~0                                                                                                                         ; 9       ;
; count_min_bin:U_MIN_ALARM|count[1]                                                                                                                 ; 9       ;
; mmux21a:U_MUX_DISP1|y[2]~2                                                                                                                         ; 9       ;
; mmux21a:U_MUX_DISP1|y[1]~1                                                                                                                         ; 9       ;
; mmux21a:U_MUX_DISP1|y[0]~0                                                                                                                         ; 9       ;
; mmux21a:U_MUX_DISP0|y[3]~17                                                                                                                        ; 9       ;
; mmux21a:U_MUX_DISP0|y[2]~14                                                                                                                        ; 9       ;
; mmux21a:U_MUX_DISP0|y[1]~10                                                                                                                        ; 9       ;
; mmux21a:U_MUX_DISP0|y[0]~5                                                                                                                         ; 9       ;
; bin2bcd:U_BIN2BCD_HOUR|lpm_divide:Mod0|lpm_divide_d8m:auto_generated|sign_div_unsign_bkh:divider|alt_u_div_13f:divider|add_sub_4_result_int[5]~8   ; 9       ;
; bin2bcd:U_ABIN2BCD_HOUR|lpm_divide:Mod0|lpm_divide_d8m:auto_generated|sign_div_unsign_bkh:divider|alt_u_div_13f:divider|add_sub_4_result_int[5]~8  ; 9       ;
; bin2bcd:U_BIN2BCD_SEC|lpm_divide:Div0|lpm_divide_8gm:auto_generated|sign_div_unsign_9kh:divider|alt_u_div_t2f:divider|add_sub_4_result_int[5]~8    ; 9       ;
; bin2bcd:U_ABIN2BCD_SEC|lpm_divide:Div0|lpm_divide_8gm:auto_generated|sign_div_unsign_9kh:divider|alt_u_div_t2f:divider|add_sub_4_result_int[5]~8   ; 9       ;
; mmux21a:U_MUX_DISP4|y[3]~3                                                                                                                         ; 8       ;
; mmux21a:U_MUX_DISP4|y[2]~2                                                                                                                         ; 8       ;
; mmux21a:U_MUX_DISP4|y[1]~1                                                                                                                         ; 8       ;
; mmux21a:U_MUX_DISP4|y[0]~0                                                                                                                         ; 8       ;
; diver:U_DIVER|m_clk0                                                                                                                               ; 7       ;
; count_hour_bin:U_HOUR_BIN|count[1]                                                                                                                 ; 7       ;
; count_hour_bin:U_HOUR_ALARM|count[1]                                                                                                               ; 7       ;
; count_min_bin:U_MIN_BIN|count[3]                                                                                                                   ; 7       ;
; count_min_bin:U_MIN_BIN|count[4]                                                                                                                   ; 7       ;
; count_min_bin:U_MIN_BIN|count[5]                                                                                                                   ; 7       ;
; count_min_bin:U_MIN_ALARM|count[3]                                                                                                                 ; 7       ;
; count_min_bin:U_MIN_ALARM|count[4]                                                                                                                 ; 7       ;
; count_min_bin:U_MIN_ALARM|count[5]                                                                                                                 ; 7       ;
; count_sec_bin:U_SEC_BIN|count[3]                                                                                                                   ; 7       ;
; count_sec_bin:U_SEC_BIN|count[4]                                                                                                                   ; 7       ;
; count_sec_bin:U_SEC_BIN|count[5]                                                                                                                   ; 7       ;
; count_sec_bin:U_SEC_ALARM|count[3]                                                                                                                 ; 7       ;
; count_sec_bin:U_SEC_ALARM|count[4]                                                                                                                 ; 7       ;
; count_sec_bin:U_SEC_ALARM|count[5]                                                                                                                 ; 7       ;
; mux21a:U_MUX_MIN|y                                                                                                                                 ; 6       ;
; switch:U_SW_MIN|s2                                                                                                                                 ; 6       ;
; switch:U_SW_SEC|s2                                                                                                                                 ; 6       ;
; switch:U_SW_HOUR|s2                                                                                                                                ; 5       ;
; count_min_bin:U_MIN_BIN|Equal0~0                                                                                                                   ; 5       ;
; count_sec_bin:U_SEC_BIN|Equal0~0                                                                                                                   ; 5       ;
; mmux21a:U_MUX_DISP5|y[1]~1                                                                                                                         ; 5       ;
; count_hour_bin:U_HOUR_BIN|count[2]                                                                                                                 ; 5       ;
; count_hour_bin:U_HOUR_ALARM|count[2]                                                                                                               ; 5       ;
; bin2bcd:U_BIN2BCD_HOUR|lpm_divide:Div0|lpm_divide_8gm:auto_generated|sign_div_unsign_9kh:divider|alt_u_div_t2f:divider|add_sub_5_result_int[5]~8   ; 5       ;
; bin2bcd:U_ABIN2BCD_HOUR|lpm_divide:Div0|lpm_divide_8gm:auto_generated|sign_div_unsign_9kh:divider|alt_u_div_t2f:divider|add_sub_5_result_int[5]~8  ; 5       ;
; count_min_bin:U_MIN_ALARM|Equal0~0                                                                                                                 ; 4       ;
; count_sec_bin:U_SEC_ALARM|Equal0~0                                                                                                                 ; 4       ;
; bin2bcd:U_BIN2BCD_HOUR|LessThan1~0                                                                                                                 ; 4       ;
; count_hour_bin:U_HOUR_BIN|count[0]                                                                                                                 ; 4       ;
; bin2bcd:U_ABIN2BCD_HOUR|LessThan1~0                                                                                                                ; 4       ;
; count_hour_bin:U_HOUR_ALARM|count[0]                                                                                                               ; 4       ;
; count_min_bin:U_MIN_BIN|count[0]                                                                                                                   ; 4       ;
; count_min_bin:U_MIN_ALARM|count[0]                                                                                                                 ; 4       ;
; count_sec_bin:U_SEC_BIN|count[0]                                                                                                                   ; 4       ;
; mmux21a:U_MUX_DISP0|y[0]~2                                                                                                                         ; 4       ;
; count_sec_bin:U_SEC_ALARM|count[0]                                                                                                                 ; 4       ;
; bin2bcd:U_BIN2BCD_HOUR|lpm_divide:Mod0|lpm_divide_d8m:auto_generated|sign_div_unsign_bkh:divider|alt_u_div_13f:divider|add_sub_5_result_int[6]~12  ; 4       ;
; bin2bcd:U_ABIN2BCD_HOUR|lpm_divide:Mod0|lpm_divide_d8m:auto_generated|sign_div_unsign_bkh:divider|alt_u_div_13f:divider|add_sub_5_result_int[6]~12 ; 4       ;
; bin2bcd:U_BIN2BCD_MIN|lpm_divide:Mod0|lpm_divide_d8m:auto_generated|sign_div_unsign_bkh:divider|alt_u_div_13f:divider|add_sub_5_result_int[6]~12   ; 4       ;
; bin2bcd:U_ABIN2BCD_MIN|lpm_divide:Mod0|lpm_divide_d8m:auto_generated|sign_div_unsign_bkh:divider|alt_u_div_13f:divider|add_sub_5_result_int[6]~12  ; 4       ;
; bin2bcd:U_BIN2BCD_SEC|lpm_divide:Mod0|lpm_divide_d8m:auto_generated|sign_div_unsign_bkh:divider|alt_u_div_13f:divider|add_sub_5_result_int[6]~10   ; 4       ;
; diver:U_DIVER|cnt_0[1]                                                                                                                             ; 3       ;
; diver:U_DIVER|cnt_0[0]                                                                                                                             ; 3       ;
; diver:U_DIVER|m_clk1                                                                                                                               ; 3       ;
; mmux21a:U_MUX_DISP0|y[0]~6                                                                                                                         ; 3       ;
; mmux21a:U_MUX_DISP0|y[0]~3                                                                                                                         ; 3       ;
; bin2bcd:U_ABIN2BCD_SEC|lpm_divide:Mod0|lpm_divide_d8m:auto_generated|sign_div_unsign_bkh:divider|alt_u_div_13f:divider|add_sub_5_result_int[6]~10  ; 3       ;
; key_hour~input                                                                                                                                     ; 2       ;
; key_min~input                                                                                                                                      ; 2       ;
; bin2bcd:U_BIN2BCD_HOUR|lpm_divide:Mod0|lpm_divide_d8m:auto_generated|sign_div_unsign_bkh:divider|alt_u_div_13f:divider|StageOut[24]~20             ; 2       ;
; bin2bcd:U_BIN2BCD_HOUR|lpm_divide:Mod0|lpm_divide_d8m:auto_generated|sign_div_unsign_bkh:divider|alt_u_div_13f:divider|StageOut[25]~19             ; 2       ;
; bin2bcd:U_BIN2BCD_HOUR|lpm_divide:Mod0|lpm_divide_d8m:auto_generated|sign_div_unsign_bkh:divider|alt_u_div_13f:divider|StageOut[26]~18             ; 2       ;
; bin2bcd:U_ABIN2BCD_HOUR|lpm_divide:Mod0|lpm_divide_d8m:auto_generated|sign_div_unsign_bkh:divider|alt_u_div_13f:divider|StageOut[24]~20            ; 2       ;
; bin2bcd:U_ABIN2BCD_HOUR|lpm_divide:Mod0|lpm_divide_d8m:auto_generated|sign_div_unsign_bkh:divider|alt_u_div_13f:divider|StageOut[25]~19            ; 2       ;
; bin2bcd:U_ABIN2BCD_HOUR|lpm_divide:Mod0|lpm_divide_d8m:auto_generated|sign_div_unsign_bkh:divider|alt_u_div_13f:divider|StageOut[26]~18            ; 2       ;
; bin2bcd:U_BIN2BCD_MIN|lpm_divide:Mod0|lpm_divide_d8m:auto_generated|sign_div_unsign_bkh:divider|alt_u_div_13f:divider|StageOut[25]~29              ; 2       ;
; bin2bcd:U_BIN2BCD_MIN|lpm_divide:Mod0|lpm_divide_d8m:auto_generated|sign_div_unsign_bkh:divider|alt_u_div_13f:divider|StageOut[26]~28              ; 2       ;
; bin2bcd:U_ABIN2BCD_MIN|lpm_divide:Mod0|lpm_divide_d8m:auto_generated|sign_div_unsign_bkh:divider|alt_u_div_13f:divider|StageOut[25]~29             ; 2       ;
; bin2bcd:U_ABIN2BCD_MIN|lpm_divide:Mod0|lpm_divide_d8m:auto_generated|sign_div_unsign_bkh:divider|alt_u_div_13f:divider|StageOut[26]~28             ; 2       ;
; bin2bcd:U_BIN2BCD_SEC|lpm_divide:Mod0|lpm_divide_d8m:auto_generated|sign_div_unsign_bkh:divider|alt_u_div_13f:divider|StageOut[25]~25              ; 2       ;
; bin2bcd:U_BIN2BCD_SEC|lpm_divide:Mod0|lpm_divide_d8m:auto_generated|sign_div_unsign_bkh:divider|alt_u_div_13f:divider|StageOut[26]~24              ; 2       ;
; bin2bcd:U_ABIN2BCD_SEC|lpm_divide:Mod0|lpm_divide_d8m:auto_generated|sign_div_unsign_bkh:divider|alt_u_div_13f:divider|StageOut[25]~25             ; 2       ;
; bin2bcd:U_ABIN2BCD_SEC|lpm_divide:Mod0|lpm_divide_d8m:auto_generated|sign_div_unsign_bkh:divider|alt_u_div_13f:divider|StageOut[26]~24             ; 2       ;
; count_hour_bin:U_HOUR_BIN|Equal0~0                                                                                                                 ; 2       ;
; count_hour_bin:U_HOUR_ALARM|Equal0~0                                                                                                               ; 2       ;
; seg7_decoder:U_SEG_HOUR1|Mux6~0                                                                                                                    ; 2       ;
; mmux21a:U_MUX_DISP5|y[0]~0                                                                                                                         ; 2       ;
; bin2bcd:U_BIN2BCD_HOUR|lpm_divide:Mod0|lpm_divide_d8m:auto_generated|sign_div_unsign_bkh:divider|alt_u_div_13f:divider|StageOut[33]~16             ; 2       ;
; bin2bcd:U_ABIN2BCD_HOUR|lpm_divide:Mod0|lpm_divide_d8m:auto_generated|sign_div_unsign_bkh:divider|alt_u_div_13f:divider|StageOut[33]~16            ; 2       ;
; bin2bcd:U_BIN2BCD_HOUR|lpm_divide:Mod0|lpm_divide_d8m:auto_generated|sign_div_unsign_bkh:divider|alt_u_div_13f:divider|StageOut[32]~15             ; 2       ;
; bin2bcd:U_ABIN2BCD_HOUR|lpm_divide:Mod0|lpm_divide_d8m:auto_generated|sign_div_unsign_bkh:divider|alt_u_div_13f:divider|StageOut[32]~15            ; 2       ;
; bin2bcd:U_BIN2BCD_HOUR|lpm_divide:Mod0|lpm_divide_d8m:auto_generated|sign_div_unsign_bkh:divider|alt_u_div_13f:divider|StageOut[31]~14             ; 2       ;
; bin2bcd:U_ABIN2BCD_HOUR|lpm_divide:Mod0|lpm_divide_d8m:auto_generated|sign_div_unsign_bkh:divider|alt_u_div_13f:divider|StageOut[31]~14            ; 2       ;
; bin2bcd:U_BIN2BCD_HOUR|lpm_divide:Mod0|lpm_divide_d8m:auto_generated|sign_div_unsign_bkh:divider|alt_u_div_13f:divider|StageOut[30]~13             ; 2       ;
; bin2bcd:U_BIN2BCD_HOUR|lpm_divide:Mod0|lpm_divide_d8m:auto_generated|sign_div_unsign_bkh:divider|alt_u_div_13f:divider|StageOut[24]~12             ; 2       ;
; bin2bcd:U_BIN2BCD_HOUR|lpm_divide:Mod0|lpm_divide_d8m:auto_generated|sign_div_unsign_bkh:divider|alt_u_div_13f:divider|StageOut[25]~11             ; 2       ;
; bin2bcd:U_BIN2BCD_HOUR|lpm_divide:Mod0|lpm_divide_d8m:auto_generated|sign_div_unsign_bkh:divider|alt_u_div_13f:divider|StageOut[26]~10             ; 2       ;
; bin2bcd:U_BIN2BCD_HOUR|temp~2                                                                                                                      ; 2       ;
; bin2bcd:U_BIN2BCD_HOUR|temp~1                                                                                                                      ; 2       ;
; bin2bcd:U_BIN2BCD_HOUR|temp~0                                                                                                                      ; 2       ;
; bin2bcd:U_ABIN2BCD_HOUR|lpm_divide:Mod0|lpm_divide_d8m:auto_generated|sign_div_unsign_bkh:divider|alt_u_div_13f:divider|StageOut[30]~13            ; 2       ;
; bin2bcd:U_ABIN2BCD_HOUR|lpm_divide:Mod0|lpm_divide_d8m:auto_generated|sign_div_unsign_bkh:divider|alt_u_div_13f:divider|StageOut[24]~12            ; 2       ;
; bin2bcd:U_ABIN2BCD_HOUR|lpm_divide:Mod0|lpm_divide_d8m:auto_generated|sign_div_unsign_bkh:divider|alt_u_div_13f:divider|StageOut[25]~11            ; 2       ;
; bin2bcd:U_ABIN2BCD_HOUR|lpm_divide:Mod0|lpm_divide_d8m:auto_generated|sign_div_unsign_bkh:divider|alt_u_div_13f:divider|StageOut[26]~10            ; 2       ;
; bin2bcd:U_ABIN2BCD_HOUR|temp~2                                                                                                                     ; 2       ;
; bin2bcd:U_ABIN2BCD_HOUR|temp~1                                                                                                                     ; 2       ;
; bin2bcd:U_ABIN2BCD_HOUR|temp~0                                                                                                                     ; 2       ;
; bin2bcd:U_BIN2BCD_MIN|lpm_divide:Div0|lpm_divide_8gm:auto_generated|sign_div_unsign_9kh:divider|alt_u_div_t2f:divider|StageOut[15]~12              ; 2       ;
; bin2bcd:U_BIN2BCD_MIN|lpm_divide:Div0|lpm_divide_8gm:auto_generated|sign_div_unsign_9kh:divider|alt_u_div_t2f:divider|StageOut[16]~10              ; 2       ;
; bin2bcd:U_BIN2BCD_MIN|lpm_divide:Div0|lpm_divide_8gm:auto_generated|sign_div_unsign_9kh:divider|alt_u_div_t2f:divider|StageOut[17]~8               ; 2       ;
; bin2bcd:U_ABIN2BCD_MIN|lpm_divide:Div0|lpm_divide_8gm:auto_generated|sign_div_unsign_9kh:divider|alt_u_div_t2f:divider|StageOut[15]~12             ; 2       ;
; bin2bcd:U_ABIN2BCD_MIN|lpm_divide:Div0|lpm_divide_8gm:auto_generated|sign_div_unsign_9kh:divider|alt_u_div_t2f:divider|StageOut[16]~10             ; 2       ;
; bin2bcd:U_ABIN2BCD_MIN|lpm_divide:Div0|lpm_divide_8gm:auto_generated|sign_div_unsign_9kh:divider|alt_u_div_t2f:divider|StageOut[17]~8              ; 2       ;
; bin2bcd:U_BIN2BCD_MIN|lpm_divide:Mod0|lpm_divide_d8m:auto_generated|sign_div_unsign_bkh:divider|alt_u_div_13f:divider|StageOut[33]~25              ; 2       ;
; bin2bcd:U_ABIN2BCD_MIN|lpm_divide:Mod0|lpm_divide_d8m:auto_generated|sign_div_unsign_bkh:divider|alt_u_div_13f:divider|StageOut[33]~25             ; 2       ;
; bin2bcd:U_BIN2BCD_MIN|lpm_divide:Mod0|lpm_divide_d8m:auto_generated|sign_div_unsign_bkh:divider|alt_u_div_13f:divider|StageOut[32]~24              ; 2       ;
; bin2bcd:U_ABIN2BCD_MIN|lpm_divide:Mod0|lpm_divide_d8m:auto_generated|sign_div_unsign_bkh:divider|alt_u_div_13f:divider|StageOut[32]~24             ; 2       ;
; bin2bcd:U_BIN2BCD_MIN|lpm_divide:Mod0|lpm_divide_d8m:auto_generated|sign_div_unsign_bkh:divider|alt_u_div_13f:divider|StageOut[31]~23              ; 2       ;
; bin2bcd:U_ABIN2BCD_MIN|lpm_divide:Mod0|lpm_divide_d8m:auto_generated|sign_div_unsign_bkh:divider|alt_u_div_13f:divider|StageOut[31]~23             ; 2       ;
; bin2bcd:U_BIN2BCD_MIN|lpm_divide:Mod0|lpm_divide_d8m:auto_generated|sign_div_unsign_bkh:divider|alt_u_div_13f:divider|StageOut[30]~22              ; 2       ;
; bin2bcd:U_BIN2BCD_MIN|lpm_divide:Mod0|lpm_divide_d8m:auto_generated|sign_div_unsign_bkh:divider|alt_u_div_13f:divider|StageOut[24]~21              ; 2       ;
; bin2bcd:U_BIN2BCD_MIN|lpm_divide:Mod0|lpm_divide_d8m:auto_generated|sign_div_unsign_bkh:divider|alt_u_div_13f:divider|StageOut[24]~20              ; 2       ;
; bin2bcd:U_BIN2BCD_MIN|lpm_divide:Mod0|lpm_divide_d8m:auto_generated|sign_div_unsign_bkh:divider|alt_u_div_13f:divider|StageOut[25]~19              ; 2       ;
; bin2bcd:U_BIN2BCD_MIN|lpm_divide:Mod0|lpm_divide_d8m:auto_generated|sign_div_unsign_bkh:divider|alt_u_div_13f:divider|StageOut[26]~18              ; 2       ;
; bin2bcd:U_BIN2BCD_MIN|lpm_divide:Mod0|lpm_divide_d8m:auto_generated|sign_div_unsign_bkh:divider|alt_u_div_13f:divider|StageOut[18]~14              ; 2       ;
; bin2bcd:U_BIN2BCD_MIN|lpm_divide:Mod0|lpm_divide_d8m:auto_generated|sign_div_unsign_bkh:divider|alt_u_div_13f:divider|StageOut[19]~12              ; 2       ;
; bin2bcd:U_BIN2BCD_MIN|lpm_divide:Mod0|lpm_divide_d8m:auto_generated|sign_div_unsign_bkh:divider|alt_u_div_13f:divider|StageOut[20]~10              ; 2       ;
; bin2bcd:U_BIN2BCD_MIN|lpm_divide:Mod0|lpm_divide_d8m:auto_generated|sign_div_unsign_bkh:divider|alt_u_div_13f:divider|StageOut[21]~8               ; 2       ;
; bin2bcd:U_ABIN2BCD_MIN|lpm_divide:Mod0|lpm_divide_d8m:auto_generated|sign_div_unsign_bkh:divider|alt_u_div_13f:divider|StageOut[30]~22             ; 2       ;
; bin2bcd:U_ABIN2BCD_MIN|lpm_divide:Mod0|lpm_divide_d8m:auto_generated|sign_div_unsign_bkh:divider|alt_u_div_13f:divider|StageOut[24]~21             ; 2       ;
; bin2bcd:U_ABIN2BCD_MIN|lpm_divide:Mod0|lpm_divide_d8m:auto_generated|sign_div_unsign_bkh:divider|alt_u_div_13f:divider|StageOut[24]~20             ; 2       ;
; bin2bcd:U_ABIN2BCD_MIN|lpm_divide:Mod0|lpm_divide_d8m:auto_generated|sign_div_unsign_bkh:divider|alt_u_div_13f:divider|StageOut[25]~19             ; 2       ;
; bin2bcd:U_ABIN2BCD_MIN|lpm_divide:Mod0|lpm_divide_d8m:auto_generated|sign_div_unsign_bkh:divider|alt_u_div_13f:divider|StageOut[26]~18             ; 2       ;
; bin2bcd:U_ABIN2BCD_MIN|lpm_divide:Mod0|lpm_divide_d8m:auto_generated|sign_div_unsign_bkh:divider|alt_u_div_13f:divider|StageOut[18]~14             ; 2       ;
; bin2bcd:U_ABIN2BCD_MIN|lpm_divide:Mod0|lpm_divide_d8m:auto_generated|sign_div_unsign_bkh:divider|alt_u_div_13f:divider|StageOut[19]~12             ; 2       ;
; bin2bcd:U_ABIN2BCD_MIN|lpm_divide:Mod0|lpm_divide_d8m:auto_generated|sign_div_unsign_bkh:divider|alt_u_div_13f:divider|StageOut[20]~10             ; 2       ;
; bin2bcd:U_ABIN2BCD_MIN|lpm_divide:Mod0|lpm_divide_d8m:auto_generated|sign_div_unsign_bkh:divider|alt_u_div_13f:divider|StageOut[21]~8              ; 2       ;
; bin2bcd:U_BIN2BCD_SEC|lpm_divide:Div0|lpm_divide_8gm:auto_generated|sign_div_unsign_9kh:divider|alt_u_div_t2f:divider|StageOut[15]~12              ; 2       ;
; bin2bcd:U_BIN2BCD_SEC|lpm_divide:Div0|lpm_divide_8gm:auto_generated|sign_div_unsign_9kh:divider|alt_u_div_t2f:divider|StageOut[16]~10              ; 2       ;
; bin2bcd:U_BIN2BCD_SEC|lpm_divide:Div0|lpm_divide_8gm:auto_generated|sign_div_unsign_9kh:divider|alt_u_div_t2f:divider|StageOut[17]~8               ; 2       ;
; bin2bcd:U_ABIN2BCD_SEC|lpm_divide:Div0|lpm_divide_8gm:auto_generated|sign_div_unsign_9kh:divider|alt_u_div_t2f:divider|StageOut[15]~12             ; 2       ;
; bin2bcd:U_ABIN2BCD_SEC|lpm_divide:Div0|lpm_divide_8gm:auto_generated|sign_div_unsign_9kh:divider|alt_u_div_t2f:divider|StageOut[16]~10             ; 2       ;
; bin2bcd:U_ABIN2BCD_SEC|lpm_divide:Div0|lpm_divide_8gm:auto_generated|sign_div_unsign_9kh:divider|alt_u_div_t2f:divider|StageOut[17]~8              ; 2       ;
; mmux21a:U_MUX_DISP0|y[0]~13                                                                                                                        ; 2       ;
; bin2bcd:U_BIN2BCD_SEC|lpm_divide:Mod0|lpm_divide_d8m:auto_generated|sign_div_unsign_bkh:divider|alt_u_div_13f:divider|StageOut[24]~21              ; 2       ;
; bin2bcd:U_BIN2BCD_SEC|lpm_divide:Mod0|lpm_divide_d8m:auto_generated|sign_div_unsign_bkh:divider|alt_u_div_13f:divider|StageOut[24]~20              ; 2       ;
; bin2bcd:U_BIN2BCD_SEC|lpm_divide:Mod0|lpm_divide_d8m:auto_generated|sign_div_unsign_bkh:divider|alt_u_div_13f:divider|StageOut[25]~19              ; 2       ;
; bin2bcd:U_BIN2BCD_SEC|lpm_divide:Mod0|lpm_divide_d8m:auto_generated|sign_div_unsign_bkh:divider|alt_u_div_13f:divider|StageOut[26]~18              ; 2       ;
; bin2bcd:U_BIN2BCD_SEC|lpm_divide:Mod0|lpm_divide_d8m:auto_generated|sign_div_unsign_bkh:divider|alt_u_div_13f:divider|StageOut[18]~14              ; 2       ;
; bin2bcd:U_BIN2BCD_SEC|lpm_divide:Mod0|lpm_divide_d8m:auto_generated|sign_div_unsign_bkh:divider|alt_u_div_13f:divider|StageOut[19]~12              ; 2       ;
; bin2bcd:U_BIN2BCD_SEC|lpm_divide:Mod0|lpm_divide_d8m:auto_generated|sign_div_unsign_bkh:divider|alt_u_div_13f:divider|StageOut[20]~10              ; 2       ;
; bin2bcd:U_BIN2BCD_SEC|lpm_divide:Mod0|lpm_divide_d8m:auto_generated|sign_div_unsign_bkh:divider|alt_u_div_13f:divider|StageOut[21]~8               ; 2       ;
; bin2bcd:U_ABIN2BCD_SEC|lpm_divide:Mod0|lpm_divide_d8m:auto_generated|sign_div_unsign_bkh:divider|alt_u_div_13f:divider|StageOut[25]~19             ; 2       ;
; bin2bcd:U_ABIN2BCD_SEC|lpm_divide:Mod0|lpm_divide_d8m:auto_generated|sign_div_unsign_bkh:divider|alt_u_div_13f:divider|StageOut[26]~18             ; 2       ;
; bin2bcd:U_ABIN2BCD_SEC|lpm_divide:Mod0|lpm_divide_d8m:auto_generated|sign_div_unsign_bkh:divider|alt_u_div_13f:divider|StageOut[18]~14             ; 2       ;
; bin2bcd:U_ABIN2BCD_SEC|lpm_divide:Mod0|lpm_divide_d8m:auto_generated|sign_div_unsign_bkh:divider|alt_u_div_13f:divider|StageOut[19]~12             ; 2       ;
; bin2bcd:U_ABIN2BCD_SEC|lpm_divide:Mod0|lpm_divide_d8m:auto_generated|sign_div_unsign_bkh:divider|alt_u_div_13f:divider|StageOut[20]~10             ; 2       ;
; bin2bcd:U_ABIN2BCD_SEC|lpm_divide:Mod0|lpm_divide_d8m:auto_generated|sign_div_unsign_bkh:divider|alt_u_div_13f:divider|StageOut[21]~8              ; 2       ;
; bin2bcd:U_BIN2BCD_MIN|lpm_divide:Div0|lpm_divide_8gm:auto_generated|sign_div_unsign_9kh:divider|alt_u_div_t2f:divider|add_sub_5_result_int[5]~8    ; 2       ;
; bin2bcd:U_BIN2BCD_MIN|lpm_divide:Div0|lpm_divide_8gm:auto_generated|sign_div_unsign_9kh:divider|alt_u_div_t2f:divider|add_sub_3_result_int[0]~8    ; 2       ;
; bin2bcd:U_BIN2BCD_MIN|lpm_divide:Div0|lpm_divide_8gm:auto_generated|sign_div_unsign_9kh:divider|alt_u_div_t2f:divider|add_sub_3_result_int[2]~2    ; 2       ;
; bin2bcd:U_BIN2BCD_MIN|lpm_divide:Div0|lpm_divide_8gm:auto_generated|sign_div_unsign_9kh:divider|alt_u_div_t2f:divider|add_sub_3_result_int[1]~0    ; 2       ;
; bin2bcd:U_ABIN2BCD_MIN|lpm_divide:Div0|lpm_divide_8gm:auto_generated|sign_div_unsign_9kh:divider|alt_u_div_t2f:divider|add_sub_5_result_int[5]~8   ; 2       ;
; bin2bcd:U_ABIN2BCD_MIN|lpm_divide:Div0|lpm_divide_8gm:auto_generated|sign_div_unsign_9kh:divider|alt_u_div_t2f:divider|add_sub_3_result_int[0]~8   ; 2       ;
; bin2bcd:U_ABIN2BCD_MIN|lpm_divide:Div0|lpm_divide_8gm:auto_generated|sign_div_unsign_9kh:divider|alt_u_div_t2f:divider|add_sub_3_result_int[2]~2   ; 2       ;
; bin2bcd:U_ABIN2BCD_MIN|lpm_divide:Div0|lpm_divide_8gm:auto_generated|sign_div_unsign_9kh:divider|alt_u_div_t2f:divider|add_sub_3_result_int[1]~0   ; 2       ;
; bin2bcd:U_BIN2BCD_MIN|lpm_divide:Mod0|lpm_divide_d8m:auto_generated|sign_div_unsign_bkh:divider|alt_u_div_13f:divider|add_sub_3_result_int[0]~8    ; 2       ;
; bin2bcd:U_BIN2BCD_MIN|lpm_divide:Mod0|lpm_divide_d8m:auto_generated|sign_div_unsign_bkh:divider|alt_u_div_13f:divider|add_sub_3_result_int[3]~4    ; 2       ;
; bin2bcd:U_BIN2BCD_MIN|lpm_divide:Mod0|lpm_divide_d8m:auto_generated|sign_div_unsign_bkh:divider|alt_u_div_13f:divider|add_sub_3_result_int[2]~2    ; 2       ;
; bin2bcd:U_BIN2BCD_MIN|lpm_divide:Mod0|lpm_divide_d8m:auto_generated|sign_div_unsign_bkh:divider|alt_u_div_13f:divider|add_sub_3_result_int[1]~0    ; 2       ;
; bin2bcd:U_ABIN2BCD_MIN|lpm_divide:Mod0|lpm_divide_d8m:auto_generated|sign_div_unsign_bkh:divider|alt_u_div_13f:divider|add_sub_3_result_int[0]~8   ; 2       ;
; bin2bcd:U_ABIN2BCD_MIN|lpm_divide:Mod0|lpm_divide_d8m:auto_generated|sign_div_unsign_bkh:divider|alt_u_div_13f:divider|add_sub_3_result_int[3]~4   ; 2       ;
; bin2bcd:U_ABIN2BCD_MIN|lpm_divide:Mod0|lpm_divide_d8m:auto_generated|sign_div_unsign_bkh:divider|alt_u_div_13f:divider|add_sub_3_result_int[2]~2   ; 2       ;
; bin2bcd:U_ABIN2BCD_MIN|lpm_divide:Mod0|lpm_divide_d8m:auto_generated|sign_div_unsign_bkh:divider|alt_u_div_13f:divider|add_sub_3_result_int[1]~0   ; 2       ;
; bin2bcd:U_BIN2BCD_SEC|lpm_divide:Div0|lpm_divide_8gm:auto_generated|sign_div_unsign_9kh:divider|alt_u_div_t2f:divider|add_sub_3_result_int[0]~8    ; 2       ;
; bin2bcd:U_BIN2BCD_SEC|lpm_divide:Div0|lpm_divide_8gm:auto_generated|sign_div_unsign_9kh:divider|alt_u_div_t2f:divider|add_sub_3_result_int[2]~2    ; 2       ;
; bin2bcd:U_BIN2BCD_SEC|lpm_divide:Div0|lpm_divide_8gm:auto_generated|sign_div_unsign_9kh:divider|alt_u_div_t2f:divider|add_sub_3_result_int[1]~0    ; 2       ;
; bin2bcd:U_ABIN2BCD_SEC|lpm_divide:Div0|lpm_divide_8gm:auto_generated|sign_div_unsign_9kh:divider|alt_u_div_t2f:divider|add_sub_3_result_int[0]~8   ; 2       ;
; bin2bcd:U_ABIN2BCD_SEC|lpm_divide:Div0|lpm_divide_8gm:auto_generated|sign_div_unsign_9kh:divider|alt_u_div_t2f:divider|add_sub_3_result_int[2]~2   ; 2       ;
; bin2bcd:U_ABIN2BCD_SEC|lpm_divide:Div0|lpm_divide_8gm:auto_generated|sign_div_unsign_9kh:divider|alt_u_div_t2f:divider|add_sub_3_result_int[1]~0   ; 2       ;
; bin2bcd:U_BIN2BCD_SEC|lpm_divide:Mod0|lpm_divide_d8m:auto_generated|sign_div_unsign_bkh:divider|alt_u_div_13f:divider|add_sub_3_result_int[0]~8    ; 2       ;
; bin2bcd:U_BIN2BCD_SEC|lpm_divide:Mod0|lpm_divide_d8m:auto_generated|sign_div_unsign_bkh:divider|alt_u_div_13f:divider|add_sub_3_result_int[3]~4    ; 2       ;
; bin2bcd:U_BIN2BCD_SEC|lpm_divide:Mod0|lpm_divide_d8m:auto_generated|sign_div_unsign_bkh:divider|alt_u_div_13f:divider|add_sub_3_result_int[2]~2    ; 2       ;
; bin2bcd:U_BIN2BCD_SEC|lpm_divide:Mod0|lpm_divide_d8m:auto_generated|sign_div_unsign_bkh:divider|alt_u_div_13f:divider|add_sub_3_result_int[1]~0    ; 2       ;
; bin2bcd:U_ABIN2BCD_SEC|lpm_divide:Mod0|lpm_divide_d8m:auto_generated|sign_div_unsign_bkh:divider|alt_u_div_13f:divider|add_sub_4_result_int[0]~10  ; 2       ;
; bin2bcd:U_ABIN2BCD_SEC|lpm_divide:Mod0|lpm_divide_d8m:auto_generated|sign_div_unsign_bkh:divider|alt_u_div_13f:divider|add_sub_3_result_int[0]~8   ; 2       ;
; bin2bcd:U_ABIN2BCD_SEC|lpm_divide:Mod0|lpm_divide_d8m:auto_generated|sign_div_unsign_bkh:divider|alt_u_div_13f:divider|add_sub_3_result_int[3]~4   ; 2       ;
; bin2bcd:U_ABIN2BCD_SEC|lpm_divide:Mod0|lpm_divide_d8m:auto_generated|sign_div_unsign_bkh:divider|alt_u_div_13f:divider|add_sub_3_result_int[2]~2   ; 2       ;
; bin2bcd:U_ABIN2BCD_SEC|lpm_divide:Mod0|lpm_divide_d8m:auto_generated|sign_div_unsign_bkh:divider|alt_u_div_13f:divider|add_sub_3_result_int[1]~0   ; 2       ;
; clk~input                                                                                                                                          ; 1       ;
; key_shift~input                                                                                                                                    ; 1       ;
; key_sec~input                                                                                                                                      ; 1       ;
; diver:U_DIVER|m_clk1~0                                                                                                                             ; 1       ;
; bin2bcd:U_BIN2BCD_HOUR|lpm_divide:Div0|lpm_divide_8gm:auto_generated|sign_div_unsign_9kh:divider|alt_u_div_t2f:divider|StageOut[20]~15             ; 1       ;
; bin2bcd:U_BIN2BCD_HOUR|lpm_divide:Div0|lpm_divide_8gm:auto_generated|sign_div_unsign_9kh:divider|alt_u_div_t2f:divider|StageOut[21]~14             ; 1       ;
; bin2bcd:U_BIN2BCD_HOUR|lpm_divide:Div0|lpm_divide_8gm:auto_generated|sign_div_unsign_9kh:divider|alt_u_div_t2f:divider|StageOut[22]~13             ; 1       ;
; bin2bcd:U_BIN2BCD_HOUR|lpm_divide:Div0|lpm_divide_8gm:auto_generated|sign_div_unsign_9kh:divider|alt_u_div_t2f:divider|StageOut[23]~12             ; 1       ;
; bin2bcd:U_ABIN2BCD_HOUR|lpm_divide:Div0|lpm_divide_8gm:auto_generated|sign_div_unsign_9kh:divider|alt_u_div_t2f:divider|StageOut[20]~15            ; 1       ;
; bin2bcd:U_ABIN2BCD_HOUR|lpm_divide:Div0|lpm_divide_8gm:auto_generated|sign_div_unsign_9kh:divider|alt_u_div_t2f:divider|StageOut[21]~14            ; 1       ;
; bin2bcd:U_ABIN2BCD_HOUR|lpm_divide:Div0|lpm_divide_8gm:auto_generated|sign_div_unsign_9kh:divider|alt_u_div_t2f:divider|StageOut[22]~13            ; 1       ;
; bin2bcd:U_ABIN2BCD_HOUR|lpm_divide:Div0|lpm_divide_8gm:auto_generated|sign_div_unsign_9kh:divider|alt_u_div_t2f:divider|StageOut[23]~12            ; 1       ;
; bin2bcd:U_BIN2BCD_HOUR|lpm_divide:Mod0|lpm_divide_d8m:auto_generated|sign_div_unsign_bkh:divider|alt_u_div_13f:divider|StageOut[27]~17             ; 1       ;
; bin2bcd:U_ABIN2BCD_HOUR|lpm_divide:Mod0|lpm_divide_d8m:auto_generated|sign_div_unsign_bkh:divider|alt_u_div_13f:divider|StageOut[27]~17            ; 1       ;
; bin2bcd:U_BIN2BCD_MIN|lpm_divide:Div0|lpm_divide_8gm:auto_generated|sign_div_unsign_9kh:divider|alt_u_div_t2f:divider|StageOut[21]~21              ; 1       ;
; bin2bcd:U_BIN2BCD_MIN|lpm_divide:Div0|lpm_divide_8gm:auto_generated|sign_div_unsign_9kh:divider|alt_u_div_t2f:divider|StageOut[22]~20              ; 1       ;
; bin2bcd:U_BIN2BCD_MIN|lpm_divide:Div0|lpm_divide_8gm:auto_generated|sign_div_unsign_9kh:divider|alt_u_div_t2f:divider|StageOut[23]~19              ; 1       ;
; bin2bcd:U_ABIN2BCD_MIN|lpm_divide:Div0|lpm_divide_8gm:auto_generated|sign_div_unsign_9kh:divider|alt_u_div_t2f:divider|StageOut[21]~21             ; 1       ;
; bin2bcd:U_ABIN2BCD_MIN|lpm_divide:Div0|lpm_divide_8gm:auto_generated|sign_div_unsign_9kh:divider|alt_u_div_t2f:divider|StageOut[22]~20             ; 1       ;
; bin2bcd:U_ABIN2BCD_MIN|lpm_divide:Div0|lpm_divide_8gm:auto_generated|sign_div_unsign_9kh:divider|alt_u_div_t2f:divider|StageOut[23]~19             ; 1       ;
; bin2bcd:U_BIN2BCD_MIN|lpm_divide:Mod0|lpm_divide_d8m:auto_generated|sign_div_unsign_bkh:divider|alt_u_div_13f:divider|StageOut[27]~27              ; 1       ;
; bin2bcd:U_BIN2BCD_MIN|lpm_divide:Mod0|lpm_divide_d8m:auto_generated|sign_div_unsign_bkh:divider|alt_u_div_13f:divider|StageOut[28]~26              ; 1       ;
; bin2bcd:U_ABIN2BCD_MIN|lpm_divide:Mod0|lpm_divide_d8m:auto_generated|sign_div_unsign_bkh:divider|alt_u_div_13f:divider|StageOut[27]~27             ; 1       ;
; bin2bcd:U_ABIN2BCD_MIN|lpm_divide:Mod0|lpm_divide_d8m:auto_generated|sign_div_unsign_bkh:divider|alt_u_div_13f:divider|StageOut[28]~26             ; 1       ;
; bin2bcd:U_BIN2BCD_SEC|lpm_divide:Div0|lpm_divide_8gm:auto_generated|sign_div_unsign_9kh:divider|alt_u_div_t2f:divider|StageOut[21]~21              ; 1       ;
; bin2bcd:U_BIN2BCD_SEC|lpm_divide:Div0|lpm_divide_8gm:auto_generated|sign_div_unsign_9kh:divider|alt_u_div_t2f:divider|StageOut[22]~20              ; 1       ;
; bin2bcd:U_BIN2BCD_SEC|lpm_divide:Div0|lpm_divide_8gm:auto_generated|sign_div_unsign_9kh:divider|alt_u_div_t2f:divider|StageOut[23]~19              ; 1       ;
; bin2bcd:U_ABIN2BCD_SEC|lpm_divide:Div0|lpm_divide_8gm:auto_generated|sign_div_unsign_9kh:divider|alt_u_div_t2f:divider|StageOut[21]~21             ; 1       ;
; bin2bcd:U_ABIN2BCD_SEC|lpm_divide:Div0|lpm_divide_8gm:auto_generated|sign_div_unsign_9kh:divider|alt_u_div_t2f:divider|StageOut[22]~20             ; 1       ;
; bin2bcd:U_ABIN2BCD_SEC|lpm_divide:Div0|lpm_divide_8gm:auto_generated|sign_div_unsign_9kh:divider|alt_u_div_t2f:divider|StageOut[23]~19             ; 1       ;
; mmux21a:U_MUX_DISP0|y[0]~18                                                                                                                        ; 1       ;
; bin2bcd:U_BIN2BCD_SEC|lpm_divide:Mod0|lpm_divide_d8m:auto_generated|sign_div_unsign_bkh:divider|alt_u_div_13f:divider|StageOut[27]~23              ; 1       ;
; bin2bcd:U_BIN2BCD_SEC|lpm_divide:Mod0|lpm_divide_d8m:auto_generated|sign_div_unsign_bkh:divider|alt_u_div_13f:divider|StageOut[28]~22              ; 1       ;
; bin2bcd:U_ABIN2BCD_SEC|lpm_divide:Mod0|lpm_divide_d8m:auto_generated|sign_div_unsign_bkh:divider|alt_u_div_13f:divider|StageOut[27]~23             ; 1       ;
; bin2bcd:U_ABIN2BCD_SEC|lpm_divide:Mod0|lpm_divide_d8m:auto_generated|sign_div_unsign_bkh:divider|alt_u_div_13f:divider|StageOut[28]~22             ; 1       ;
; diver:U_DIVER|cnt_0~1                                                                                                                              ; 1       ;
; diver:U_DIVER|cnt_0~0                                                                                                                              ; 1       ;
; switch:U_SW_HOUR|s1                                                                                                                                ; 1       ;
; count_min_bin:U_MIN_BIN|Equal0~1                                                                                                                   ; 1       ;
; switch:U_SW_MIN|s1                                                                                                                                 ; 1       ;
; count_sec_bin:U_SEC_BIN|Equal0~1                                                                                                                   ; 1       ;
; diver:U_DIVER|m_clk0~0                                                                                                                             ; 1       ;
; count_hour_bin:U_HOUR_BIN|count~1                                                                                                                  ; 1       ;
; count_hour_bin:U_HOUR_BIN|count~0                                                                                                                  ; 1       ;
; count_hour_bin:U_HOUR_ALARM|count~1                                                                                                                ; 1       ;
; count_hour_bin:U_HOUR_ALARM|count~0                                                                                                                ; 1       ;
; count_min_bin:U_MIN_BIN|count~3                                                                                                                    ; 1       ;
; count_min_bin:U_MIN_BIN|count~2                                                                                                                    ; 1       ;
; count_min_bin:U_MIN_BIN|count~1                                                                                                                    ; 1       ;
; count_min_bin:U_MIN_BIN|count~0                                                                                                                    ; 1       ;
; count_min_bin:U_MIN_ALARM|count~3                                                                                                                  ; 1       ;
; count_min_bin:U_MIN_ALARM|count~2                                                                                                                  ; 1       ;
; count_min_bin:U_MIN_ALARM|count~1                                                                                                                  ; 1       ;
; count_min_bin:U_MIN_ALARM|count~0                                                                                                                  ; 1       ;
; count_sec_bin:U_SEC_BIN|count~3                                                                                                                    ; 1       ;
; count_sec_bin:U_SEC_BIN|count~2                                                                                                                    ; 1       ;
; count_sec_bin:U_SEC_BIN|count~1                                                                                                                    ; 1       ;
; count_sec_bin:U_SEC_BIN|count~0                                                                                                                    ; 1       ;
; count_sec_bin:U_SEC_ALARM|count~3                                                                                                                  ; 1       ;
; count_sec_bin:U_SEC_ALARM|count~2                                                                                                                  ; 1       ;
; count_sec_bin:U_SEC_ALARM|count~1                                                                                                                  ; 1       ;
; count_sec_bin:U_SEC_ALARM|count~0                                                                                                                  ; 1       ;
; trigger:U_TRIGGER|temp~0                                                                                                                           ; 1       ;
; seg7_decoder:U_SEG_HOUR1|Mux1~0                                                                                                                    ; 1       ;
; seg7_decoder:U_SEG_HOUR1|Mux4~0                                                                                                                    ; 1       ;
; seg7_decoder:U_SEG_HOUR0|Mux0~0                                                                                                                    ; 1       ;
; seg7_decoder:U_SEG_HOUR0|Mux1~0                                                                                                                    ; 1       ;
; seg7_decoder:U_SEG_HOUR0|Mux2~0                                                                                                                    ; 1       ;
; seg7_decoder:U_SEG_HOUR0|Mux3~0                                                                                                                    ; 1       ;
; seg7_decoder:U_SEG_HOUR0|Mux4~0                                                                                                                    ; 1       ;
; seg7_decoder:U_SEG_HOUR0|Mux5~0                                                                                                                    ; 1       ;
; seg7_decoder:U_SEG_HOUR0|Mux6~0                                                                                                                    ; 1       ;
; seg7_decoder:U_SEG_MIN1|Mux0~0                                                                                                                     ; 1       ;
; seg7_decoder:U_SEG_MIN1|Mux1~0                                                                                                                     ; 1       ;
; seg7_decoder:U_SEG_MIN1|Mux2~0                                                                                                                     ; 1       ;
; seg7_decoder:U_SEG_MIN1|Mux3~0                                                                                                                     ; 1       ;
; seg7_decoder:U_SEG_MIN1|Mux4~0                                                                                                                     ; 1       ;
; seg7_decoder:U_SEG_MIN1|Mux5~0                                                                                                                     ; 1       ;
; seg7_decoder:U_SEG_MIN1|Mux6~0                                                                                                                     ; 1       ;
; seg7_decoder:U_SEG_MIN0|Mux0~0                                                                                                                     ; 1       ;
; seg7_decoder:U_SEG_MIN0|Mux1~0                                                                                                                     ; 1       ;
; seg7_decoder:U_SEG_MIN0|Mux2~0                                                                                                                     ; 1       ;
; seg7_decoder:U_SEG_MIN0|Mux3~0                                                                                                                     ; 1       ;
; seg7_decoder:U_SEG_MIN0|Mux4~0                                                                                                                     ; 1       ;
; seg7_decoder:U_SEG_MIN0|Mux5~0                                                                                                                     ; 1       ;
; seg7_decoder:U_SEG_MIN0|Mux6~0                                                                                                                     ; 1       ;
; seg7_decoder:U_SEG_SEC1|Mux0~0                                                                                                                     ; 1       ;
; seg7_decoder:U_SEG_SEC1|Mux1~0                                                                                                                     ; 1       ;
; seg7_decoder:U_SEG_SEC1|Mux2~0                                                                                                                     ; 1       ;
; seg7_decoder:U_SEG_SEC1|Mux3~0                                                                                                                     ; 1       ;
; seg7_decoder:U_SEG_SEC1|Mux4~0                                                                                                                     ; 1       ;
; seg7_decoder:U_SEG_SEC1|Mux5~0                                                                                                                     ; 1       ;
; seg7_decoder:U_SEG_SEC1|Mux6~0                                                                                                                     ; 1       ;
; seg7_decoder:U_SEG_SEC0|Mux0~0                                                                                                                     ; 1       ;
; seg7_decoder:U_SEG_SEC0|Mux1~0                                                                                                                     ; 1       ;
; seg7_decoder:U_SEG_SEC0|Mux2~0                                                                                                                     ; 1       ;
; seg7_decoder:U_SEG_SEC0|Mux3~0                                                                                                                     ; 1       ;
; seg7_decoder:U_SEG_SEC0|Mux4~0                                                                                                                     ; 1       ;
; seg7_decoder:U_SEG_SEC0|Mux5~0                                                                                                                     ; 1       ;
; seg7_decoder:U_SEG_SEC0|Mux6~0                                                                                                                     ; 1       ;
; speak~0                                                                                                                                            ; 1       ;
; baoshi:U_BAOSHI|speak~3                                                                                                                            ; 1       ;
; baoshi:U_BAOSHI|speak~2                                                                                                                            ; 1       ;
; baoshi:U_BAOSHI|speak~1                                                                                                                            ; 1       ;
; baoshi:U_BAOSHI|speak~0                                                                                                                            ; 1       ;
; alarm:U_ALARM|speak~8                                                                                                                              ; 1       ;
; alarm:U_ALARM|speak~7                                                                                                                              ; 1       ;
; alarm:U_ALARM|speak~6                                                                                                                              ; 1       ;
; alarm:U_ALARM|speak~5                                                                                                                              ; 1       ;
; alarm:U_ALARM|speak~4                                                                                                                              ; 1       ;
; alarm:U_ALARM|speak~3                                                                                                                              ; 1       ;
; alarm:U_ALARM|speak~2                                                                                                                              ; 1       ;
; alarm:U_ALARM|speak~1                                                                                                                              ; 1       ;
; alarm:U_ALARM|speak~0                                                                                                                              ; 1       ;
; bin2bcd:U_BIN2BCD_HOUR|lpm_divide:Div0|lpm_divide_8gm:auto_generated|sign_div_unsign_9kh:divider|alt_u_div_t2f:divider|StageOut[20]~11             ; 1       ;
; bin2bcd:U_BIN2BCD_HOUR|lpm_divide:Div0|lpm_divide_8gm:auto_generated|sign_div_unsign_9kh:divider|alt_u_div_t2f:divider|StageOut[21]~10             ; 1       ;
; bin2bcd:U_BIN2BCD_HOUR|lpm_divide:Div0|lpm_divide_8gm:auto_generated|sign_div_unsign_9kh:divider|alt_u_div_t2f:divider|StageOut[22]~9              ; 1       ;
; bin2bcd:U_BIN2BCD_HOUR|lpm_divide:Div0|lpm_divide_8gm:auto_generated|sign_div_unsign_9kh:divider|alt_u_div_t2f:divider|StageOut[23]~8              ; 1       ;
; bin2bcd:U_ABIN2BCD_HOUR|lpm_divide:Div0|lpm_divide_8gm:auto_generated|sign_div_unsign_9kh:divider|alt_u_div_t2f:divider|StageOut[20]~11            ; 1       ;
; bin2bcd:U_ABIN2BCD_HOUR|lpm_divide:Div0|lpm_divide_8gm:auto_generated|sign_div_unsign_9kh:divider|alt_u_div_t2f:divider|StageOut[21]~10            ; 1       ;
; bin2bcd:U_ABIN2BCD_HOUR|lpm_divide:Div0|lpm_divide_8gm:auto_generated|sign_div_unsign_9kh:divider|alt_u_div_t2f:divider|StageOut[22]~9             ; 1       ;
; bin2bcd:U_ABIN2BCD_HOUR|lpm_divide:Div0|lpm_divide_8gm:auto_generated|sign_div_unsign_9kh:divider|alt_u_div_t2f:divider|StageOut[23]~8             ; 1       ;
; bin2bcd:U_BIN2BCD_HOUR|lpm_divide:Mod0|lpm_divide_d8m:auto_generated|sign_div_unsign_bkh:divider|alt_u_div_13f:divider|StageOut[27]~9              ; 1       ;
; bin2bcd:U_BIN2BCD_HOUR|lpm_divide:Mod0|lpm_divide_d8m:auto_generated|sign_div_unsign_bkh:divider|alt_u_div_13f:divider|StageOut[28]~8              ; 1       ;
; bin2bcd:U_ABIN2BCD_HOUR|lpm_divide:Mod0|lpm_divide_d8m:auto_generated|sign_div_unsign_bkh:divider|alt_u_div_13f:divider|StageOut[27]~9             ; 1       ;
; bin2bcd:U_ABIN2BCD_HOUR|lpm_divide:Mod0|lpm_divide_d8m:auto_generated|sign_div_unsign_bkh:divider|alt_u_div_13f:divider|StageOut[28]~8             ; 1       ;
; bin2bcd:U_BIN2BCD_MIN|lpm_divide:Div0|lpm_divide_8gm:auto_generated|sign_div_unsign_9kh:divider|alt_u_div_t2f:divider|StageOut[20]~18              ; 1       ;
; bin2bcd:U_BIN2BCD_MIN|lpm_divide:Div0|lpm_divide_8gm:auto_generated|sign_div_unsign_9kh:divider|alt_u_div_t2f:divider|StageOut[20]~17              ; 1       ;
; bin2bcd:U_BIN2BCD_MIN|lpm_divide:Div0|lpm_divide_8gm:auto_generated|sign_div_unsign_9kh:divider|alt_u_div_t2f:divider|StageOut[21]~16              ; 1       ;
; bin2bcd:U_BIN2BCD_MIN|lpm_divide:Div0|lpm_divide_8gm:auto_generated|sign_div_unsign_9kh:divider|alt_u_div_t2f:divider|StageOut[22]~15              ; 1       ;
; bin2bcd:U_BIN2BCD_MIN|lpm_divide:Div0|lpm_divide_8gm:auto_generated|sign_div_unsign_9kh:divider|alt_u_div_t2f:divider|StageOut[23]~14              ; 1       ;
; bin2bcd:U_BIN2BCD_MIN|lpm_divide:Div0|lpm_divide_8gm:auto_generated|sign_div_unsign_9kh:divider|alt_u_div_t2f:divider|StageOut[15]~13              ; 1       ;
; bin2bcd:U_BIN2BCD_MIN|lpm_divide:Div0|lpm_divide_8gm:auto_generated|sign_div_unsign_9kh:divider|alt_u_div_t2f:divider|StageOut[16]~11              ; 1       ;
; bin2bcd:U_BIN2BCD_MIN|lpm_divide:Div0|lpm_divide_8gm:auto_generated|sign_div_unsign_9kh:divider|alt_u_div_t2f:divider|StageOut[17]~9               ; 1       ;
; bin2bcd:U_BIN2BCD_MIN|lpm_divide:Div0|lpm_divide_8gm:auto_generated|sign_div_unsign_9kh:divider|alt_u_div_t2f:divider|StageOut[18]~7               ; 1       ;
; bin2bcd:U_BIN2BCD_MIN|lpm_divide:Div0|lpm_divide_8gm:auto_generated|sign_div_unsign_9kh:divider|alt_u_div_t2f:divider|StageOut[18]~6               ; 1       ;
; bin2bcd:U_ABIN2BCD_MIN|lpm_divide:Div0|lpm_divide_8gm:auto_generated|sign_div_unsign_9kh:divider|alt_u_div_t2f:divider|StageOut[20]~18             ; 1       ;
; bin2bcd:U_ABIN2BCD_MIN|lpm_divide:Div0|lpm_divide_8gm:auto_generated|sign_div_unsign_9kh:divider|alt_u_div_t2f:divider|StageOut[20]~17             ; 1       ;
; bin2bcd:U_ABIN2BCD_MIN|lpm_divide:Div0|lpm_divide_8gm:auto_generated|sign_div_unsign_9kh:divider|alt_u_div_t2f:divider|StageOut[21]~16             ; 1       ;
; bin2bcd:U_ABIN2BCD_MIN|lpm_divide:Div0|lpm_divide_8gm:auto_generated|sign_div_unsign_9kh:divider|alt_u_div_t2f:divider|StageOut[22]~15             ; 1       ;
; bin2bcd:U_ABIN2BCD_MIN|lpm_divide:Div0|lpm_divide_8gm:auto_generated|sign_div_unsign_9kh:divider|alt_u_div_t2f:divider|StageOut[23]~14             ; 1       ;
; bin2bcd:U_ABIN2BCD_MIN|lpm_divide:Div0|lpm_divide_8gm:auto_generated|sign_div_unsign_9kh:divider|alt_u_div_t2f:divider|StageOut[15]~13             ; 1       ;
; bin2bcd:U_ABIN2BCD_MIN|lpm_divide:Div0|lpm_divide_8gm:auto_generated|sign_div_unsign_9kh:divider|alt_u_div_t2f:divider|StageOut[16]~11             ; 1       ;
; bin2bcd:U_ABIN2BCD_MIN|lpm_divide:Div0|lpm_divide_8gm:auto_generated|sign_div_unsign_9kh:divider|alt_u_div_t2f:divider|StageOut[17]~9              ; 1       ;
; bin2bcd:U_ABIN2BCD_MIN|lpm_divide:Div0|lpm_divide_8gm:auto_generated|sign_div_unsign_9kh:divider|alt_u_div_t2f:divider|StageOut[18]~7              ; 1       ;
; bin2bcd:U_ABIN2BCD_MIN|lpm_divide:Div0|lpm_divide_8gm:auto_generated|sign_div_unsign_9kh:divider|alt_u_div_t2f:divider|StageOut[18]~6              ; 1       ;
; bin2bcd:U_BIN2BCD_MIN|lpm_divide:Mod0|lpm_divide_d8m:auto_generated|sign_div_unsign_bkh:divider|alt_u_div_13f:divider|StageOut[27]~17              ; 1       ;
; bin2bcd:U_BIN2BCD_MIN|lpm_divide:Mod0|lpm_divide_d8m:auto_generated|sign_div_unsign_bkh:divider|alt_u_div_13f:divider|StageOut[28]~16              ; 1       ;
; bin2bcd:U_BIN2BCD_MIN|lpm_divide:Mod0|lpm_divide_d8m:auto_generated|sign_div_unsign_bkh:divider|alt_u_div_13f:divider|StageOut[18]~15              ; 1       ;
; bin2bcd:U_BIN2BCD_MIN|lpm_divide:Mod0|lpm_divide_d8m:auto_generated|sign_div_unsign_bkh:divider|alt_u_div_13f:divider|StageOut[19]~13              ; 1       ;
; bin2bcd:U_BIN2BCD_MIN|lpm_divide:Mod0|lpm_divide_d8m:auto_generated|sign_div_unsign_bkh:divider|alt_u_div_13f:divider|StageOut[20]~11              ; 1       ;
; bin2bcd:U_BIN2BCD_MIN|lpm_divide:Mod0|lpm_divide_d8m:auto_generated|sign_div_unsign_bkh:divider|alt_u_div_13f:divider|StageOut[21]~9               ; 1       ;
; bin2bcd:U_ABIN2BCD_MIN|lpm_divide:Mod0|lpm_divide_d8m:auto_generated|sign_div_unsign_bkh:divider|alt_u_div_13f:divider|StageOut[27]~17             ; 1       ;
; bin2bcd:U_ABIN2BCD_MIN|lpm_divide:Mod0|lpm_divide_d8m:auto_generated|sign_div_unsign_bkh:divider|alt_u_div_13f:divider|StageOut[28]~16             ; 1       ;
; bin2bcd:U_ABIN2BCD_MIN|lpm_divide:Mod0|lpm_divide_d8m:auto_generated|sign_div_unsign_bkh:divider|alt_u_div_13f:divider|StageOut[18]~15             ; 1       ;
; bin2bcd:U_ABIN2BCD_MIN|lpm_divide:Mod0|lpm_divide_d8m:auto_generated|sign_div_unsign_bkh:divider|alt_u_div_13f:divider|StageOut[19]~13             ; 1       ;
; bin2bcd:U_ABIN2BCD_MIN|lpm_divide:Mod0|lpm_divide_d8m:auto_generated|sign_div_unsign_bkh:divider|alt_u_div_13f:divider|StageOut[20]~11             ; 1       ;
; bin2bcd:U_ABIN2BCD_MIN|lpm_divide:Mod0|lpm_divide_d8m:auto_generated|sign_div_unsign_bkh:divider|alt_u_div_13f:divider|StageOut[21]~9              ; 1       ;
; bin2bcd:U_BIN2BCD_SEC|lpm_divide:Div0|lpm_divide_8gm:auto_generated|sign_div_unsign_9kh:divider|alt_u_div_t2f:divider|StageOut[20]~18              ; 1       ;
; bin2bcd:U_BIN2BCD_SEC|lpm_divide:Div0|lpm_divide_8gm:auto_generated|sign_div_unsign_9kh:divider|alt_u_div_t2f:divider|StageOut[20]~17              ; 1       ;
; bin2bcd:U_BIN2BCD_SEC|lpm_divide:Div0|lpm_divide_8gm:auto_generated|sign_div_unsign_9kh:divider|alt_u_div_t2f:divider|StageOut[21]~16              ; 1       ;
; bin2bcd:U_BIN2BCD_SEC|lpm_divide:Div0|lpm_divide_8gm:auto_generated|sign_div_unsign_9kh:divider|alt_u_div_t2f:divider|StageOut[22]~15              ; 1       ;
; bin2bcd:U_BIN2BCD_SEC|lpm_divide:Div0|lpm_divide_8gm:auto_generated|sign_div_unsign_9kh:divider|alt_u_div_t2f:divider|StageOut[23]~14              ; 1       ;
; bin2bcd:U_BIN2BCD_SEC|lpm_divide:Div0|lpm_divide_8gm:auto_generated|sign_div_unsign_9kh:divider|alt_u_div_t2f:divider|StageOut[15]~13              ; 1       ;
; bin2bcd:U_BIN2BCD_SEC|lpm_divide:Div0|lpm_divide_8gm:auto_generated|sign_div_unsign_9kh:divider|alt_u_div_t2f:divider|StageOut[16]~11              ; 1       ;
; bin2bcd:U_BIN2BCD_SEC|lpm_divide:Div0|lpm_divide_8gm:auto_generated|sign_div_unsign_9kh:divider|alt_u_div_t2f:divider|StageOut[17]~9               ; 1       ;
; bin2bcd:U_BIN2BCD_SEC|lpm_divide:Div0|lpm_divide_8gm:auto_generated|sign_div_unsign_9kh:divider|alt_u_div_t2f:divider|StageOut[18]~7               ; 1       ;
; bin2bcd:U_BIN2BCD_SEC|lpm_divide:Div0|lpm_divide_8gm:auto_generated|sign_div_unsign_9kh:divider|alt_u_div_t2f:divider|StageOut[18]~6               ; 1       ;
; bin2bcd:U_ABIN2BCD_SEC|lpm_divide:Div0|lpm_divide_8gm:auto_generated|sign_div_unsign_9kh:divider|alt_u_div_t2f:divider|StageOut[20]~18             ; 1       ;
; bin2bcd:U_ABIN2BCD_SEC|lpm_divide:Div0|lpm_divide_8gm:auto_generated|sign_div_unsign_9kh:divider|alt_u_div_t2f:divider|StageOut[20]~17             ; 1       ;
; bin2bcd:U_ABIN2BCD_SEC|lpm_divide:Div0|lpm_divide_8gm:auto_generated|sign_div_unsign_9kh:divider|alt_u_div_t2f:divider|StageOut[21]~16             ; 1       ;
; bin2bcd:U_ABIN2BCD_SEC|lpm_divide:Div0|lpm_divide_8gm:auto_generated|sign_div_unsign_9kh:divider|alt_u_div_t2f:divider|StageOut[22]~15             ; 1       ;
; bin2bcd:U_ABIN2BCD_SEC|lpm_divide:Div0|lpm_divide_8gm:auto_generated|sign_div_unsign_9kh:divider|alt_u_div_t2f:divider|StageOut[23]~14             ; 1       ;
; bin2bcd:U_ABIN2BCD_SEC|lpm_divide:Div0|lpm_divide_8gm:auto_generated|sign_div_unsign_9kh:divider|alt_u_div_t2f:divider|StageOut[15]~13             ; 1       ;
; bin2bcd:U_ABIN2BCD_SEC|lpm_divide:Div0|lpm_divide_8gm:auto_generated|sign_div_unsign_9kh:divider|alt_u_div_t2f:divider|StageOut[16]~11             ; 1       ;
; bin2bcd:U_ABIN2BCD_SEC|lpm_divide:Div0|lpm_divide_8gm:auto_generated|sign_div_unsign_9kh:divider|alt_u_div_t2f:divider|StageOut[17]~9              ; 1       ;
; bin2bcd:U_ABIN2BCD_SEC|lpm_divide:Div0|lpm_divide_8gm:auto_generated|sign_div_unsign_9kh:divider|alt_u_div_t2f:divider|StageOut[18]~7              ; 1       ;
; bin2bcd:U_ABIN2BCD_SEC|lpm_divide:Div0|lpm_divide_8gm:auto_generated|sign_div_unsign_9kh:divider|alt_u_div_t2f:divider|StageOut[18]~6              ; 1       ;
; mmux21a:U_MUX_DISP0|y[3]~16                                                                                                                        ; 1       ;
; mmux21a:U_MUX_DISP0|y[3]~15                                                                                                                        ; 1       ;
; mmux21a:U_MUX_DISP0|y[2]~12                                                                                                                        ; 1       ;
; mmux21a:U_MUX_DISP0|y[2]~11                                                                                                                        ; 1       ;
; mmux21a:U_MUX_DISP0|y[1]~9                                                                                                                         ; 1       ;
; mmux21a:U_MUX_DISP0|y[1]~8                                                                                                                         ; 1       ;
; mmux21a:U_MUX_DISP0|y[1]~7                                                                                                                         ; 1       ;
; mmux21a:U_MUX_DISP0|y[0]~4                                                                                                                         ; 1       ;
; bin2bcd:U_BIN2BCD_SEC|lpm_divide:Mod0|lpm_divide_d8m:auto_generated|sign_div_unsign_bkh:divider|alt_u_div_13f:divider|StageOut[27]~17              ; 1       ;
; bin2bcd:U_BIN2BCD_SEC|lpm_divide:Mod0|lpm_divide_d8m:auto_generated|sign_div_unsign_bkh:divider|alt_u_div_13f:divider|StageOut[28]~16              ; 1       ;
; bin2bcd:U_BIN2BCD_SEC|lpm_divide:Mod0|lpm_divide_d8m:auto_generated|sign_div_unsign_bkh:divider|alt_u_div_13f:divider|StageOut[18]~15              ; 1       ;
; bin2bcd:U_BIN2BCD_SEC|lpm_divide:Mod0|lpm_divide_d8m:auto_generated|sign_div_unsign_bkh:divider|alt_u_div_13f:divider|StageOut[19]~13              ; 1       ;
; bin2bcd:U_BIN2BCD_SEC|lpm_divide:Mod0|lpm_divide_d8m:auto_generated|sign_div_unsign_bkh:divider|alt_u_div_13f:divider|StageOut[20]~11              ; 1       ;
; bin2bcd:U_BIN2BCD_SEC|lpm_divide:Mod0|lpm_divide_d8m:auto_generated|sign_div_unsign_bkh:divider|alt_u_div_13f:divider|StageOut[21]~9               ; 1       ;
; bin2bcd:U_ABIN2BCD_SEC|lpm_divide:Mod0|lpm_divide_d8m:auto_generated|sign_div_unsign_bkh:divider|alt_u_div_13f:divider|StageOut[24]~21             ; 1       ;
; bin2bcd:U_ABIN2BCD_SEC|lpm_divide:Mod0|lpm_divide_d8m:auto_generated|sign_div_unsign_bkh:divider|alt_u_div_13f:divider|StageOut[24]~20             ; 1       ;
; bin2bcd:U_ABIN2BCD_SEC|lpm_divide:Mod0|lpm_divide_d8m:auto_generated|sign_div_unsign_bkh:divider|alt_u_div_13f:divider|StageOut[27]~17             ; 1       ;
; bin2bcd:U_ABIN2BCD_SEC|lpm_divide:Mod0|lpm_divide_d8m:auto_generated|sign_div_unsign_bkh:divider|alt_u_div_13f:divider|StageOut[28]~16             ; 1       ;
; bin2bcd:U_ABIN2BCD_SEC|lpm_divide:Mod0|lpm_divide_d8m:auto_generated|sign_div_unsign_bkh:divider|alt_u_div_13f:divider|StageOut[18]~15             ; 1       ;
; bin2bcd:U_ABIN2BCD_SEC|lpm_divide:Mod0|lpm_divide_d8m:auto_generated|sign_div_unsign_bkh:divider|alt_u_div_13f:divider|StageOut[19]~13             ; 1       ;
; bin2bcd:U_ABIN2BCD_SEC|lpm_divide:Mod0|lpm_divide_d8m:auto_generated|sign_div_unsign_bkh:divider|alt_u_div_13f:divider|StageOut[20]~11             ; 1       ;
; bin2bcd:U_ABIN2BCD_SEC|lpm_divide:Mod0|lpm_divide_d8m:auto_generated|sign_div_unsign_bkh:divider|alt_u_div_13f:divider|StageOut[21]~9              ; 1       ;
; count_hour_bin:U_HOUR_BIN|Add0~8                                                                                                                   ; 1       ;
; count_hour_bin:U_HOUR_BIN|Add0~7                                                                                                                   ; 1       ;
; count_hour_bin:U_HOUR_BIN|Add0~6                                                                                                                   ; 1       ;
; count_hour_bin:U_HOUR_BIN|Add0~5                                                                                                                   ; 1       ;
; count_hour_bin:U_HOUR_BIN|Add0~4                                                                                                                   ; 1       ;
; count_hour_bin:U_HOUR_BIN|Add0~3                                                                                                                   ; 1       ;
; count_hour_bin:U_HOUR_BIN|Add0~2                                                                                                                   ; 1       ;
; count_hour_bin:U_HOUR_BIN|Add0~1                                                                                                                   ; 1       ;
; count_hour_bin:U_HOUR_BIN|Add0~0                                                                                                                   ; 1       ;
; count_hour_bin:U_HOUR_ALARM|Add0~8                                                                                                                 ; 1       ;
; count_hour_bin:U_HOUR_ALARM|Add0~7                                                                                                                 ; 1       ;
; count_hour_bin:U_HOUR_ALARM|Add0~6                                                                                                                 ; 1       ;
; count_hour_bin:U_HOUR_ALARM|Add0~5                                                                                                                 ; 1       ;
; count_hour_bin:U_HOUR_ALARM|Add0~4                                                                                                                 ; 1       ;
; count_hour_bin:U_HOUR_ALARM|Add0~3                                                                                                                 ; 1       ;
; count_hour_bin:U_HOUR_ALARM|Add0~2                                                                                                                 ; 1       ;
; count_hour_bin:U_HOUR_ALARM|Add0~1                                                                                                                 ; 1       ;
; count_hour_bin:U_HOUR_ALARM|Add0~0                                                                                                                 ; 1       ;
; count_min_bin:U_MIN_BIN|Add0~10                                                                                                                    ; 1       ;
; count_min_bin:U_MIN_BIN|Add0~9                                                                                                                     ; 1       ;
; count_min_bin:U_MIN_BIN|Add0~8                                                                                                                     ; 1       ;
; count_min_bin:U_MIN_BIN|Add0~7                                                                                                                     ; 1       ;
; count_min_bin:U_MIN_BIN|Add0~6                                                                                                                     ; 1       ;
; count_min_bin:U_MIN_BIN|Add0~5                                                                                                                     ; 1       ;
; count_min_bin:U_MIN_BIN|Add0~4                                                                                                                     ; 1       ;
; count_min_bin:U_MIN_BIN|Add0~3                                                                                                                     ; 1       ;
; count_min_bin:U_MIN_BIN|Add0~2                                                                                                                     ; 1       ;
; count_min_bin:U_MIN_BIN|Add0~1                                                                                                                     ; 1       ;
; count_min_bin:U_MIN_BIN|Add0~0                                                                                                                     ; 1       ;
; count_min_bin:U_MIN_ALARM|Add0~10                                                                                                                  ; 1       ;
; count_min_bin:U_MIN_ALARM|Add0~9                                                                                                                   ; 1       ;
; count_min_bin:U_MIN_ALARM|Add0~8                                                                                                                   ; 1       ;
; count_min_bin:U_MIN_ALARM|Add0~7                                                                                                                   ; 1       ;
; count_min_bin:U_MIN_ALARM|Add0~6                                                                                                                   ; 1       ;
; count_min_bin:U_MIN_ALARM|Add0~5                                                                                                                   ; 1       ;
; count_min_bin:U_MIN_ALARM|Add0~4                                                                                                                   ; 1       ;
; count_min_bin:U_MIN_ALARM|Add0~3                                                                                                                   ; 1       ;
; count_min_bin:U_MIN_ALARM|Add0~2                                                                                                                   ; 1       ;
; count_min_bin:U_MIN_ALARM|Add0~1                                                                                                                   ; 1       ;
; count_min_bin:U_MIN_ALARM|Add0~0                                                                                                                   ; 1       ;
; count_sec_bin:U_SEC_BIN|Add0~10                                                                                                                    ; 1       ;
; count_sec_bin:U_SEC_BIN|Add0~9                                                                                                                     ; 1       ;
; count_sec_bin:U_SEC_BIN|Add0~8                                                                                                                     ; 1       ;
; count_sec_bin:U_SEC_BIN|Add0~7                                                                                                                     ; 1       ;
; count_sec_bin:U_SEC_BIN|Add0~6                                                                                                                     ; 1       ;
; count_sec_bin:U_SEC_BIN|Add0~5                                                                                                                     ; 1       ;
; count_sec_bin:U_SEC_BIN|Add0~4                                                                                                                     ; 1       ;
; count_sec_bin:U_SEC_BIN|Add0~3                                                                                                                     ; 1       ;
; count_sec_bin:U_SEC_BIN|Add0~2                                                                                                                     ; 1       ;
; count_sec_bin:U_SEC_BIN|Add0~1                                                                                                                     ; 1       ;
; count_sec_bin:U_SEC_BIN|Add0~0                                                                                                                     ; 1       ;
; count_sec_bin:U_SEC_ALARM|Add0~10                                                                                                                  ; 1       ;
; count_sec_bin:U_SEC_ALARM|Add0~9                                                                                                                   ; 1       ;
; count_sec_bin:U_SEC_ALARM|Add0~8                                                                                                                   ; 1       ;
; count_sec_bin:U_SEC_ALARM|Add0~7                                                                                                                   ; 1       ;
; count_sec_bin:U_SEC_ALARM|Add0~6                                                                                                                   ; 1       ;
; count_sec_bin:U_SEC_ALARM|Add0~5                                                                                                                   ; 1       ;
; count_sec_bin:U_SEC_ALARM|Add0~4                                                                                                                   ; 1       ;
; count_sec_bin:U_SEC_ALARM|Add0~3                                                                                                                   ; 1       ;
; count_sec_bin:U_SEC_ALARM|Add0~2                                                                                                                   ; 1       ;
; count_sec_bin:U_SEC_ALARM|Add0~1                                                                                                                   ; 1       ;
; count_sec_bin:U_SEC_ALARM|Add0~0                                                                                                                   ; 1       ;
; bin2bcd:U_BIN2BCD_HOUR|lpm_divide:Div0|lpm_divide_8gm:auto_generated|sign_div_unsign_9kh:divider|alt_u_div_t2f:divider|add_sub_5_result_int[4]~7   ; 1       ;
; bin2bcd:U_BIN2BCD_HOUR|lpm_divide:Div0|lpm_divide_8gm:auto_generated|sign_div_unsign_9kh:divider|alt_u_div_t2f:divider|add_sub_5_result_int[3]~5   ; 1       ;
; bin2bcd:U_BIN2BCD_HOUR|lpm_divide:Div0|lpm_divide_8gm:auto_generated|sign_div_unsign_9kh:divider|alt_u_div_t2f:divider|add_sub_5_result_int[2]~3   ; 1       ;
; bin2bcd:U_BIN2BCD_HOUR|lpm_divide:Div0|lpm_divide_8gm:auto_generated|sign_div_unsign_9kh:divider|alt_u_div_t2f:divider|add_sub_5_result_int[1]~1   ; 1       ;
; bin2bcd:U_BIN2BCD_HOUR|lpm_divide:Div0|lpm_divide_8gm:auto_generated|sign_div_unsign_9kh:divider|alt_u_div_t2f:divider|add_sub_4_result_int[0]~10  ; 1       ;
; bin2bcd:U_BIN2BCD_HOUR|lpm_divide:Div0|lpm_divide_8gm:auto_generated|sign_div_unsign_9kh:divider|alt_u_div_t2f:divider|add_sub_4_result_int[4]~7   ; 1       ;
; bin2bcd:U_BIN2BCD_HOUR|lpm_divide:Div0|lpm_divide_8gm:auto_generated|sign_div_unsign_9kh:divider|alt_u_div_t2f:divider|add_sub_4_result_int[3]~5   ; 1       ;
; bin2bcd:U_BIN2BCD_HOUR|lpm_divide:Div0|lpm_divide_8gm:auto_generated|sign_div_unsign_9kh:divider|alt_u_div_t2f:divider|add_sub_4_result_int[3]~4   ; 1       ;
; bin2bcd:U_BIN2BCD_HOUR|lpm_divide:Div0|lpm_divide_8gm:auto_generated|sign_div_unsign_9kh:divider|alt_u_div_t2f:divider|add_sub_4_result_int[2]~3   ; 1       ;
; bin2bcd:U_BIN2BCD_HOUR|lpm_divide:Div0|lpm_divide_8gm:auto_generated|sign_div_unsign_9kh:divider|alt_u_div_t2f:divider|add_sub_4_result_int[2]~2   ; 1       ;
; bin2bcd:U_BIN2BCD_HOUR|lpm_divide:Div0|lpm_divide_8gm:auto_generated|sign_div_unsign_9kh:divider|alt_u_div_t2f:divider|add_sub_4_result_int[1]~1   ; 1       ;
; bin2bcd:U_BIN2BCD_HOUR|lpm_divide:Div0|lpm_divide_8gm:auto_generated|sign_div_unsign_9kh:divider|alt_u_div_t2f:divider|add_sub_4_result_int[1]~0   ; 1       ;
; bin2bcd:U_ABIN2BCD_HOUR|lpm_divide:Div0|lpm_divide_8gm:auto_generated|sign_div_unsign_9kh:divider|alt_u_div_t2f:divider|add_sub_5_result_int[4]~7  ; 1       ;
; bin2bcd:U_ABIN2BCD_HOUR|lpm_divide:Div0|lpm_divide_8gm:auto_generated|sign_div_unsign_9kh:divider|alt_u_div_t2f:divider|add_sub_5_result_int[3]~5  ; 1       ;
; bin2bcd:U_ABIN2BCD_HOUR|lpm_divide:Div0|lpm_divide_8gm:auto_generated|sign_div_unsign_9kh:divider|alt_u_div_t2f:divider|add_sub_5_result_int[2]~3  ; 1       ;
; bin2bcd:U_ABIN2BCD_HOUR|lpm_divide:Div0|lpm_divide_8gm:auto_generated|sign_div_unsign_9kh:divider|alt_u_div_t2f:divider|add_sub_5_result_int[1]~1  ; 1       ;
; bin2bcd:U_ABIN2BCD_HOUR|lpm_divide:Div0|lpm_divide_8gm:auto_generated|sign_div_unsign_9kh:divider|alt_u_div_t2f:divider|add_sub_4_result_int[0]~10 ; 1       ;
; bin2bcd:U_ABIN2BCD_HOUR|lpm_divide:Div0|lpm_divide_8gm:auto_generated|sign_div_unsign_9kh:divider|alt_u_div_t2f:divider|add_sub_4_result_int[4]~7  ; 1       ;
; bin2bcd:U_ABIN2BCD_HOUR|lpm_divide:Div0|lpm_divide_8gm:auto_generated|sign_div_unsign_9kh:divider|alt_u_div_t2f:divider|add_sub_4_result_int[3]~5  ; 1       ;
; bin2bcd:U_ABIN2BCD_HOUR|lpm_divide:Div0|lpm_divide_8gm:auto_generated|sign_div_unsign_9kh:divider|alt_u_div_t2f:divider|add_sub_4_result_int[3]~4  ; 1       ;
; bin2bcd:U_ABIN2BCD_HOUR|lpm_divide:Div0|lpm_divide_8gm:auto_generated|sign_div_unsign_9kh:divider|alt_u_div_t2f:divider|add_sub_4_result_int[2]~3  ; 1       ;
; bin2bcd:U_ABIN2BCD_HOUR|lpm_divide:Div0|lpm_divide_8gm:auto_generated|sign_div_unsign_9kh:divider|alt_u_div_t2f:divider|add_sub_4_result_int[2]~2  ; 1       ;
; bin2bcd:U_ABIN2BCD_HOUR|lpm_divide:Div0|lpm_divide_8gm:auto_generated|sign_div_unsign_9kh:divider|alt_u_div_t2f:divider|add_sub_4_result_int[1]~1  ; 1       ;
; bin2bcd:U_ABIN2BCD_HOUR|lpm_divide:Div0|lpm_divide_8gm:auto_generated|sign_div_unsign_9kh:divider|alt_u_div_t2f:divider|add_sub_4_result_int[1]~0  ; 1       ;
; bin2bcd:U_BIN2BCD_HOUR|lpm_divide:Mod0|lpm_divide_d8m:auto_generated|sign_div_unsign_bkh:divider|alt_u_div_13f:divider|add_sub_5_result_int[5]~11  ; 1       ;
; bin2bcd:U_BIN2BCD_HOUR|lpm_divide:Mod0|lpm_divide_d8m:auto_generated|sign_div_unsign_bkh:divider|alt_u_div_13f:divider|add_sub_5_result_int[4]~9   ; 1       ;
; bin2bcd:U_BIN2BCD_HOUR|lpm_divide:Mod0|lpm_divide_d8m:auto_generated|sign_div_unsign_bkh:divider|alt_u_div_13f:divider|add_sub_5_result_int[3]~7   ; 1       ;
; bin2bcd:U_BIN2BCD_HOUR|lpm_divide:Mod0|lpm_divide_d8m:auto_generated|sign_div_unsign_bkh:divider|alt_u_div_13f:divider|add_sub_5_result_int[3]~6   ; 1       ;
; bin2bcd:U_BIN2BCD_HOUR|lpm_divide:Mod0|lpm_divide_d8m:auto_generated|sign_div_unsign_bkh:divider|alt_u_div_13f:divider|add_sub_5_result_int[2]~5   ; 1       ;
; bin2bcd:U_BIN2BCD_HOUR|lpm_divide:Mod0|lpm_divide_d8m:auto_generated|sign_div_unsign_bkh:divider|alt_u_div_13f:divider|add_sub_5_result_int[2]~4   ; 1       ;
; bin2bcd:U_BIN2BCD_HOUR|lpm_divide:Mod0|lpm_divide_d8m:auto_generated|sign_div_unsign_bkh:divider|alt_u_div_13f:divider|add_sub_5_result_int[1]~3   ; 1       ;
; bin2bcd:U_BIN2BCD_HOUR|lpm_divide:Mod0|lpm_divide_d8m:auto_generated|sign_div_unsign_bkh:divider|alt_u_div_13f:divider|add_sub_5_result_int[1]~2   ; 1       ;
; bin2bcd:U_BIN2BCD_HOUR|lpm_divide:Mod0|lpm_divide_d8m:auto_generated|sign_div_unsign_bkh:divider|alt_u_div_13f:divider|add_sub_4_result_int[0]~10  ; 1       ;
; bin2bcd:U_BIN2BCD_HOUR|lpm_divide:Mod0|lpm_divide_d8m:auto_generated|sign_div_unsign_bkh:divider|alt_u_div_13f:divider|add_sub_4_result_int[4]~7   ; 1       ;
; bin2bcd:U_BIN2BCD_HOUR|lpm_divide:Mod0|lpm_divide_d8m:auto_generated|sign_div_unsign_bkh:divider|alt_u_div_13f:divider|add_sub_4_result_int[4]~6   ; 1       ;
; bin2bcd:U_BIN2BCD_HOUR|lpm_divide:Mod0|lpm_divide_d8m:auto_generated|sign_div_unsign_bkh:divider|alt_u_div_13f:divider|add_sub_4_result_int[3]~5   ; 1       ;
; bin2bcd:U_BIN2BCD_HOUR|lpm_divide:Mod0|lpm_divide_d8m:auto_generated|sign_div_unsign_bkh:divider|alt_u_div_13f:divider|add_sub_4_result_int[3]~4   ; 1       ;
; bin2bcd:U_BIN2BCD_HOUR|lpm_divide:Mod0|lpm_divide_d8m:auto_generated|sign_div_unsign_bkh:divider|alt_u_div_13f:divider|add_sub_4_result_int[2]~3   ; 1       ;
; bin2bcd:U_BIN2BCD_HOUR|lpm_divide:Mod0|lpm_divide_d8m:auto_generated|sign_div_unsign_bkh:divider|alt_u_div_13f:divider|add_sub_4_result_int[2]~2   ; 1       ;
; bin2bcd:U_BIN2BCD_HOUR|lpm_divide:Mod0|lpm_divide_d8m:auto_generated|sign_div_unsign_bkh:divider|alt_u_div_13f:divider|add_sub_4_result_int[1]~1   ; 1       ;
; bin2bcd:U_BIN2BCD_HOUR|lpm_divide:Mod0|lpm_divide_d8m:auto_generated|sign_div_unsign_bkh:divider|alt_u_div_13f:divider|add_sub_4_result_int[1]~0   ; 1       ;
; bin2bcd:U_BIN2BCD_HOUR|lpm_divide:Mod0|lpm_divide_d8m:auto_generated|sign_div_unsign_bkh:divider|alt_u_div_13f:divider|add_sub_5_result_int[0]~0   ; 1       ;
; bin2bcd:U_ABIN2BCD_HOUR|lpm_divide:Mod0|lpm_divide_d8m:auto_generated|sign_div_unsign_bkh:divider|alt_u_div_13f:divider|add_sub_5_result_int[5]~11 ; 1       ;
; bin2bcd:U_ABIN2BCD_HOUR|lpm_divide:Mod0|lpm_divide_d8m:auto_generated|sign_div_unsign_bkh:divider|alt_u_div_13f:divider|add_sub_5_result_int[4]~9  ; 1       ;
; bin2bcd:U_ABIN2BCD_HOUR|lpm_divide:Mod0|lpm_divide_d8m:auto_generated|sign_div_unsign_bkh:divider|alt_u_div_13f:divider|add_sub_5_result_int[3]~7  ; 1       ;
; bin2bcd:U_ABIN2BCD_HOUR|lpm_divide:Mod0|lpm_divide_d8m:auto_generated|sign_div_unsign_bkh:divider|alt_u_div_13f:divider|add_sub_5_result_int[3]~6  ; 1       ;
; bin2bcd:U_ABIN2BCD_HOUR|lpm_divide:Mod0|lpm_divide_d8m:auto_generated|sign_div_unsign_bkh:divider|alt_u_div_13f:divider|add_sub_5_result_int[2]~5  ; 1       ;
; bin2bcd:U_ABIN2BCD_HOUR|lpm_divide:Mod0|lpm_divide_d8m:auto_generated|sign_div_unsign_bkh:divider|alt_u_div_13f:divider|add_sub_5_result_int[2]~4  ; 1       ;
; bin2bcd:U_ABIN2BCD_HOUR|lpm_divide:Mod0|lpm_divide_d8m:auto_generated|sign_div_unsign_bkh:divider|alt_u_div_13f:divider|add_sub_5_result_int[1]~3  ; 1       ;
; bin2bcd:U_ABIN2BCD_HOUR|lpm_divide:Mod0|lpm_divide_d8m:auto_generated|sign_div_unsign_bkh:divider|alt_u_div_13f:divider|add_sub_5_result_int[1]~2  ; 1       ;
; bin2bcd:U_ABIN2BCD_HOUR|lpm_divide:Mod0|lpm_divide_d8m:auto_generated|sign_div_unsign_bkh:divider|alt_u_div_13f:divider|add_sub_4_result_int[0]~10 ; 1       ;
; bin2bcd:U_ABIN2BCD_HOUR|lpm_divide:Mod0|lpm_divide_d8m:auto_generated|sign_div_unsign_bkh:divider|alt_u_div_13f:divider|add_sub_4_result_int[4]~7  ; 1       ;
; bin2bcd:U_ABIN2BCD_HOUR|lpm_divide:Mod0|lpm_divide_d8m:auto_generated|sign_div_unsign_bkh:divider|alt_u_div_13f:divider|add_sub_4_result_int[4]~6  ; 1       ;
; bin2bcd:U_ABIN2BCD_HOUR|lpm_divide:Mod0|lpm_divide_d8m:auto_generated|sign_div_unsign_bkh:divider|alt_u_div_13f:divider|add_sub_4_result_int[3]~5  ; 1       ;
; bin2bcd:U_ABIN2BCD_HOUR|lpm_divide:Mod0|lpm_divide_d8m:auto_generated|sign_div_unsign_bkh:divider|alt_u_div_13f:divider|add_sub_4_result_int[3]~4  ; 1       ;
; bin2bcd:U_ABIN2BCD_HOUR|lpm_divide:Mod0|lpm_divide_d8m:auto_generated|sign_div_unsign_bkh:divider|alt_u_div_13f:divider|add_sub_4_result_int[2]~3  ; 1       ;
; bin2bcd:U_ABIN2BCD_HOUR|lpm_divide:Mod0|lpm_divide_d8m:auto_generated|sign_div_unsign_bkh:divider|alt_u_div_13f:divider|add_sub_4_result_int[2]~2  ; 1       ;
; bin2bcd:U_ABIN2BCD_HOUR|lpm_divide:Mod0|lpm_divide_d8m:auto_generated|sign_div_unsign_bkh:divider|alt_u_div_13f:divider|add_sub_4_result_int[1]~1  ; 1       ;
; bin2bcd:U_ABIN2BCD_HOUR|lpm_divide:Mod0|lpm_divide_d8m:auto_generated|sign_div_unsign_bkh:divider|alt_u_div_13f:divider|add_sub_4_result_int[1]~0  ; 1       ;
; bin2bcd:U_ABIN2BCD_HOUR|lpm_divide:Mod0|lpm_divide_d8m:auto_generated|sign_div_unsign_bkh:divider|alt_u_div_13f:divider|add_sub_5_result_int[0]~0  ; 1       ;
; bin2bcd:U_BIN2BCD_MIN|lpm_divide:Div0|lpm_divide_8gm:auto_generated|sign_div_unsign_9kh:divider|alt_u_div_t2f:divider|add_sub_5_result_int[4]~7    ; 1       ;
; bin2bcd:U_BIN2BCD_MIN|lpm_divide:Div0|lpm_divide_8gm:auto_generated|sign_div_unsign_9kh:divider|alt_u_div_t2f:divider|add_sub_5_result_int[3]~5    ; 1       ;
; bin2bcd:U_BIN2BCD_MIN|lpm_divide:Div0|lpm_divide_8gm:auto_generated|sign_div_unsign_9kh:divider|alt_u_div_t2f:divider|add_sub_5_result_int[2]~3    ; 1       ;
; bin2bcd:U_BIN2BCD_MIN|lpm_divide:Div0|lpm_divide_8gm:auto_generated|sign_div_unsign_9kh:divider|alt_u_div_t2f:divider|add_sub_5_result_int[1]~1    ; 1       ;
; bin2bcd:U_BIN2BCD_MIN|lpm_divide:Div0|lpm_divide_8gm:auto_generated|sign_div_unsign_9kh:divider|alt_u_div_t2f:divider|add_sub_4_result_int[0]~10   ; 1       ;
; bin2bcd:U_BIN2BCD_MIN|lpm_divide:Div0|lpm_divide_8gm:auto_generated|sign_div_unsign_9kh:divider|alt_u_div_t2f:divider|add_sub_4_result_int[4]~7    ; 1       ;
; bin2bcd:U_BIN2BCD_MIN|lpm_divide:Div0|lpm_divide_8gm:auto_generated|sign_div_unsign_9kh:divider|alt_u_div_t2f:divider|add_sub_4_result_int[3]~5    ; 1       ;
; bin2bcd:U_BIN2BCD_MIN|lpm_divide:Div0|lpm_divide_8gm:auto_generated|sign_div_unsign_9kh:divider|alt_u_div_t2f:divider|add_sub_4_result_int[3]~4    ; 1       ;
; bin2bcd:U_BIN2BCD_MIN|lpm_divide:Div0|lpm_divide_8gm:auto_generated|sign_div_unsign_9kh:divider|alt_u_div_t2f:divider|add_sub_4_result_int[2]~3    ; 1       ;
; bin2bcd:U_BIN2BCD_MIN|lpm_divide:Div0|lpm_divide_8gm:auto_generated|sign_div_unsign_9kh:divider|alt_u_div_t2f:divider|add_sub_4_result_int[2]~2    ; 1       ;
; bin2bcd:U_BIN2BCD_MIN|lpm_divide:Div0|lpm_divide_8gm:auto_generated|sign_div_unsign_9kh:divider|alt_u_div_t2f:divider|add_sub_4_result_int[1]~1    ; 1       ;
; bin2bcd:U_BIN2BCD_MIN|lpm_divide:Div0|lpm_divide_8gm:auto_generated|sign_div_unsign_9kh:divider|alt_u_div_t2f:divider|add_sub_4_result_int[1]~0    ; 1       ;
; bin2bcd:U_BIN2BCD_MIN|lpm_divide:Div0|lpm_divide_8gm:auto_generated|sign_div_unsign_9kh:divider|alt_u_div_t2f:divider|add_sub_3_result_int[3]~5    ; 1       ;
; bin2bcd:U_BIN2BCD_MIN|lpm_divide:Div0|lpm_divide_8gm:auto_generated|sign_div_unsign_9kh:divider|alt_u_div_t2f:divider|add_sub_3_result_int[3]~4    ; 1       ;
; bin2bcd:U_BIN2BCD_MIN|lpm_divide:Div0|lpm_divide_8gm:auto_generated|sign_div_unsign_9kh:divider|alt_u_div_t2f:divider|add_sub_3_result_int[2]~3    ; 1       ;
; bin2bcd:U_BIN2BCD_MIN|lpm_divide:Div0|lpm_divide_8gm:auto_generated|sign_div_unsign_9kh:divider|alt_u_div_t2f:divider|add_sub_3_result_int[1]~1    ; 1       ;
; bin2bcd:U_ABIN2BCD_MIN|lpm_divide:Div0|lpm_divide_8gm:auto_generated|sign_div_unsign_9kh:divider|alt_u_div_t2f:divider|add_sub_5_result_int[4]~7   ; 1       ;
; bin2bcd:U_ABIN2BCD_MIN|lpm_divide:Div0|lpm_divide_8gm:auto_generated|sign_div_unsign_9kh:divider|alt_u_div_t2f:divider|add_sub_5_result_int[3]~5   ; 1       ;
; bin2bcd:U_ABIN2BCD_MIN|lpm_divide:Div0|lpm_divide_8gm:auto_generated|sign_div_unsign_9kh:divider|alt_u_div_t2f:divider|add_sub_5_result_int[2]~3   ; 1       ;
; bin2bcd:U_ABIN2BCD_MIN|lpm_divide:Div0|lpm_divide_8gm:auto_generated|sign_div_unsign_9kh:divider|alt_u_div_t2f:divider|add_sub_5_result_int[1]~1   ; 1       ;
; bin2bcd:U_ABIN2BCD_MIN|lpm_divide:Div0|lpm_divide_8gm:auto_generated|sign_div_unsign_9kh:divider|alt_u_div_t2f:divider|add_sub_4_result_int[0]~10  ; 1       ;
; bin2bcd:U_ABIN2BCD_MIN|lpm_divide:Div0|lpm_divide_8gm:auto_generated|sign_div_unsign_9kh:divider|alt_u_div_t2f:divider|add_sub_4_result_int[4]~7   ; 1       ;
; bin2bcd:U_ABIN2BCD_MIN|lpm_divide:Div0|lpm_divide_8gm:auto_generated|sign_div_unsign_9kh:divider|alt_u_div_t2f:divider|add_sub_4_result_int[3]~5   ; 1       ;
; bin2bcd:U_ABIN2BCD_MIN|lpm_divide:Div0|lpm_divide_8gm:auto_generated|sign_div_unsign_9kh:divider|alt_u_div_t2f:divider|add_sub_4_result_int[3]~4   ; 1       ;
; bin2bcd:U_ABIN2BCD_MIN|lpm_divide:Div0|lpm_divide_8gm:auto_generated|sign_div_unsign_9kh:divider|alt_u_div_t2f:divider|add_sub_4_result_int[2]~3   ; 1       ;
; bin2bcd:U_ABIN2BCD_MIN|lpm_divide:Div0|lpm_divide_8gm:auto_generated|sign_div_unsign_9kh:divider|alt_u_div_t2f:divider|add_sub_4_result_int[2]~2   ; 1       ;
; bin2bcd:U_ABIN2BCD_MIN|lpm_divide:Div0|lpm_divide_8gm:auto_generated|sign_div_unsign_9kh:divider|alt_u_div_t2f:divider|add_sub_4_result_int[1]~1   ; 1       ;
; bin2bcd:U_ABIN2BCD_MIN|lpm_divide:Div0|lpm_divide_8gm:auto_generated|sign_div_unsign_9kh:divider|alt_u_div_t2f:divider|add_sub_4_result_int[1]~0   ; 1       ;
; bin2bcd:U_ABIN2BCD_MIN|lpm_divide:Div0|lpm_divide_8gm:auto_generated|sign_div_unsign_9kh:divider|alt_u_div_t2f:divider|add_sub_3_result_int[3]~5   ; 1       ;
; bin2bcd:U_ABIN2BCD_MIN|lpm_divide:Div0|lpm_divide_8gm:auto_generated|sign_div_unsign_9kh:divider|alt_u_div_t2f:divider|add_sub_3_result_int[3]~4   ; 1       ;
; bin2bcd:U_ABIN2BCD_MIN|lpm_divide:Div0|lpm_divide_8gm:auto_generated|sign_div_unsign_9kh:divider|alt_u_div_t2f:divider|add_sub_3_result_int[2]~3   ; 1       ;
; bin2bcd:U_ABIN2BCD_MIN|lpm_divide:Div0|lpm_divide_8gm:auto_generated|sign_div_unsign_9kh:divider|alt_u_div_t2f:divider|add_sub_3_result_int[1]~1   ; 1       ;
; bin2bcd:U_BIN2BCD_MIN|lpm_divide:Mod0|lpm_divide_d8m:auto_generated|sign_div_unsign_bkh:divider|alt_u_div_13f:divider|add_sub_5_result_int[5]~11   ; 1       ;
; bin2bcd:U_BIN2BCD_MIN|lpm_divide:Mod0|lpm_divide_d8m:auto_generated|sign_div_unsign_bkh:divider|alt_u_div_13f:divider|add_sub_5_result_int[4]~9    ; 1       ;
; bin2bcd:U_BIN2BCD_MIN|lpm_divide:Mod0|lpm_divide_d8m:auto_generated|sign_div_unsign_bkh:divider|alt_u_div_13f:divider|add_sub_5_result_int[3]~7    ; 1       ;
; bin2bcd:U_BIN2BCD_MIN|lpm_divide:Mod0|lpm_divide_d8m:auto_generated|sign_div_unsign_bkh:divider|alt_u_div_13f:divider|add_sub_5_result_int[3]~6    ; 1       ;
; bin2bcd:U_BIN2BCD_MIN|lpm_divide:Mod0|lpm_divide_d8m:auto_generated|sign_div_unsign_bkh:divider|alt_u_div_13f:divider|add_sub_5_result_int[2]~5    ; 1       ;
; bin2bcd:U_BIN2BCD_MIN|lpm_divide:Mod0|lpm_divide_d8m:auto_generated|sign_div_unsign_bkh:divider|alt_u_div_13f:divider|add_sub_5_result_int[2]~4    ; 1       ;
; bin2bcd:U_BIN2BCD_MIN|lpm_divide:Mod0|lpm_divide_d8m:auto_generated|sign_div_unsign_bkh:divider|alt_u_div_13f:divider|add_sub_5_result_int[1]~3    ; 1       ;
; bin2bcd:U_BIN2BCD_MIN|lpm_divide:Mod0|lpm_divide_d8m:auto_generated|sign_div_unsign_bkh:divider|alt_u_div_13f:divider|add_sub_5_result_int[1]~2    ; 1       ;
; bin2bcd:U_BIN2BCD_MIN|lpm_divide:Mod0|lpm_divide_d8m:auto_generated|sign_div_unsign_bkh:divider|alt_u_div_13f:divider|add_sub_4_result_int[0]~10   ; 1       ;
; bin2bcd:U_BIN2BCD_MIN|lpm_divide:Mod0|lpm_divide_d8m:auto_generated|sign_div_unsign_bkh:divider|alt_u_div_13f:divider|add_sub_4_result_int[4]~7    ; 1       ;
; bin2bcd:U_BIN2BCD_MIN|lpm_divide:Mod0|lpm_divide_d8m:auto_generated|sign_div_unsign_bkh:divider|alt_u_div_13f:divider|add_sub_4_result_int[4]~6    ; 1       ;
; bin2bcd:U_BIN2BCD_MIN|lpm_divide:Mod0|lpm_divide_d8m:auto_generated|sign_div_unsign_bkh:divider|alt_u_div_13f:divider|add_sub_4_result_int[3]~5    ; 1       ;
; bin2bcd:U_BIN2BCD_MIN|lpm_divide:Mod0|lpm_divide_d8m:auto_generated|sign_div_unsign_bkh:divider|alt_u_div_13f:divider|add_sub_4_result_int[3]~4    ; 1       ;
; bin2bcd:U_BIN2BCD_MIN|lpm_divide:Mod0|lpm_divide_d8m:auto_generated|sign_div_unsign_bkh:divider|alt_u_div_13f:divider|add_sub_4_result_int[2]~3    ; 1       ;
; bin2bcd:U_BIN2BCD_MIN|lpm_divide:Mod0|lpm_divide_d8m:auto_generated|sign_div_unsign_bkh:divider|alt_u_div_13f:divider|add_sub_4_result_int[2]~2    ; 1       ;
; bin2bcd:U_BIN2BCD_MIN|lpm_divide:Mod0|lpm_divide_d8m:auto_generated|sign_div_unsign_bkh:divider|alt_u_div_13f:divider|add_sub_4_result_int[1]~1    ; 1       ;
; bin2bcd:U_BIN2BCD_MIN|lpm_divide:Mod0|lpm_divide_d8m:auto_generated|sign_div_unsign_bkh:divider|alt_u_div_13f:divider|add_sub_4_result_int[1]~0    ; 1       ;
; bin2bcd:U_BIN2BCD_MIN|lpm_divide:Mod0|lpm_divide_d8m:auto_generated|sign_div_unsign_bkh:divider|alt_u_div_13f:divider|add_sub_3_result_int[3]~5    ; 1       ;
; bin2bcd:U_BIN2BCD_MIN|lpm_divide:Mod0|lpm_divide_d8m:auto_generated|sign_div_unsign_bkh:divider|alt_u_div_13f:divider|add_sub_3_result_int[2]~3    ; 1       ;
; bin2bcd:U_BIN2BCD_MIN|lpm_divide:Mod0|lpm_divide_d8m:auto_generated|sign_div_unsign_bkh:divider|alt_u_div_13f:divider|add_sub_3_result_int[1]~1    ; 1       ;
; bin2bcd:U_BIN2BCD_MIN|lpm_divide:Mod0|lpm_divide_d8m:auto_generated|sign_div_unsign_bkh:divider|alt_u_div_13f:divider|add_sub_5_result_int[0]~0    ; 1       ;
; bin2bcd:U_ABIN2BCD_MIN|lpm_divide:Mod0|lpm_divide_d8m:auto_generated|sign_div_unsign_bkh:divider|alt_u_div_13f:divider|add_sub_5_result_int[5]~11  ; 1       ;
; bin2bcd:U_ABIN2BCD_MIN|lpm_divide:Mod0|lpm_divide_d8m:auto_generated|sign_div_unsign_bkh:divider|alt_u_div_13f:divider|add_sub_5_result_int[4]~9   ; 1       ;
; bin2bcd:U_ABIN2BCD_MIN|lpm_divide:Mod0|lpm_divide_d8m:auto_generated|sign_div_unsign_bkh:divider|alt_u_div_13f:divider|add_sub_5_result_int[3]~7   ; 1       ;
; bin2bcd:U_ABIN2BCD_MIN|lpm_divide:Mod0|lpm_divide_d8m:auto_generated|sign_div_unsign_bkh:divider|alt_u_div_13f:divider|add_sub_5_result_int[3]~6   ; 1       ;
; bin2bcd:U_ABIN2BCD_MIN|lpm_divide:Mod0|lpm_divide_d8m:auto_generated|sign_div_unsign_bkh:divider|alt_u_div_13f:divider|add_sub_5_result_int[2]~5   ; 1       ;
; bin2bcd:U_ABIN2BCD_MIN|lpm_divide:Mod0|lpm_divide_d8m:auto_generated|sign_div_unsign_bkh:divider|alt_u_div_13f:divider|add_sub_5_result_int[2]~4   ; 1       ;
; bin2bcd:U_ABIN2BCD_MIN|lpm_divide:Mod0|lpm_divide_d8m:auto_generated|sign_div_unsign_bkh:divider|alt_u_div_13f:divider|add_sub_5_result_int[1]~3   ; 1       ;
; bin2bcd:U_ABIN2BCD_MIN|lpm_divide:Mod0|lpm_divide_d8m:auto_generated|sign_div_unsign_bkh:divider|alt_u_div_13f:divider|add_sub_5_result_int[1]~2   ; 1       ;
; bin2bcd:U_ABIN2BCD_MIN|lpm_divide:Mod0|lpm_divide_d8m:auto_generated|sign_div_unsign_bkh:divider|alt_u_div_13f:divider|add_sub_4_result_int[0]~10  ; 1       ;
; bin2bcd:U_ABIN2BCD_MIN|lpm_divide:Mod0|lpm_divide_d8m:auto_generated|sign_div_unsign_bkh:divider|alt_u_div_13f:divider|add_sub_4_result_int[4]~7   ; 1       ;
; bin2bcd:U_ABIN2BCD_MIN|lpm_divide:Mod0|lpm_divide_d8m:auto_generated|sign_div_unsign_bkh:divider|alt_u_div_13f:divider|add_sub_4_result_int[4]~6   ; 1       ;
; bin2bcd:U_ABIN2BCD_MIN|lpm_divide:Mod0|lpm_divide_d8m:auto_generated|sign_div_unsign_bkh:divider|alt_u_div_13f:divider|add_sub_4_result_int[3]~5   ; 1       ;
; bin2bcd:U_ABIN2BCD_MIN|lpm_divide:Mod0|lpm_divide_d8m:auto_generated|sign_div_unsign_bkh:divider|alt_u_div_13f:divider|add_sub_4_result_int[3]~4   ; 1       ;
; bin2bcd:U_ABIN2BCD_MIN|lpm_divide:Mod0|lpm_divide_d8m:auto_generated|sign_div_unsign_bkh:divider|alt_u_div_13f:divider|add_sub_4_result_int[2]~3   ; 1       ;
; bin2bcd:U_ABIN2BCD_MIN|lpm_divide:Mod0|lpm_divide_d8m:auto_generated|sign_div_unsign_bkh:divider|alt_u_div_13f:divider|add_sub_4_result_int[2]~2   ; 1       ;
; bin2bcd:U_ABIN2BCD_MIN|lpm_divide:Mod0|lpm_divide_d8m:auto_generated|sign_div_unsign_bkh:divider|alt_u_div_13f:divider|add_sub_4_result_int[1]~1   ; 1       ;
; bin2bcd:U_ABIN2BCD_MIN|lpm_divide:Mod0|lpm_divide_d8m:auto_generated|sign_div_unsign_bkh:divider|alt_u_div_13f:divider|add_sub_4_result_int[1]~0   ; 1       ;
; bin2bcd:U_ABIN2BCD_MIN|lpm_divide:Mod0|lpm_divide_d8m:auto_generated|sign_div_unsign_bkh:divider|alt_u_div_13f:divider|add_sub_3_result_int[3]~5   ; 1       ;
; bin2bcd:U_ABIN2BCD_MIN|lpm_divide:Mod0|lpm_divide_d8m:auto_generated|sign_div_unsign_bkh:divider|alt_u_div_13f:divider|add_sub_3_result_int[2]~3   ; 1       ;
; bin2bcd:U_ABIN2BCD_MIN|lpm_divide:Mod0|lpm_divide_d8m:auto_generated|sign_div_unsign_bkh:divider|alt_u_div_13f:divider|add_sub_3_result_int[1]~1   ; 1       ;
; bin2bcd:U_ABIN2BCD_MIN|lpm_divide:Mod0|lpm_divide_d8m:auto_generated|sign_div_unsign_bkh:divider|alt_u_div_13f:divider|add_sub_5_result_int[0]~0   ; 1       ;
; bin2bcd:U_BIN2BCD_SEC|lpm_divide:Div0|lpm_divide_8gm:auto_generated|sign_div_unsign_9kh:divider|alt_u_div_t2f:divider|add_sub_5_result_int[5]~8    ; 1       ;
; bin2bcd:U_BIN2BCD_SEC|lpm_divide:Div0|lpm_divide_8gm:auto_generated|sign_div_unsign_9kh:divider|alt_u_div_t2f:divider|add_sub_5_result_int[4]~7    ; 1       ;
; bin2bcd:U_BIN2BCD_SEC|lpm_divide:Div0|lpm_divide_8gm:auto_generated|sign_div_unsign_9kh:divider|alt_u_div_t2f:divider|add_sub_5_result_int[3]~5    ; 1       ;
; bin2bcd:U_BIN2BCD_SEC|lpm_divide:Div0|lpm_divide_8gm:auto_generated|sign_div_unsign_9kh:divider|alt_u_div_t2f:divider|add_sub_5_result_int[2]~3    ; 1       ;
; bin2bcd:U_BIN2BCD_SEC|lpm_divide:Div0|lpm_divide_8gm:auto_generated|sign_div_unsign_9kh:divider|alt_u_div_t2f:divider|add_sub_5_result_int[1]~1    ; 1       ;
; bin2bcd:U_BIN2BCD_SEC|lpm_divide:Div0|lpm_divide_8gm:auto_generated|sign_div_unsign_9kh:divider|alt_u_div_t2f:divider|add_sub_4_result_int[0]~10   ; 1       ;
; bin2bcd:U_BIN2BCD_SEC|lpm_divide:Div0|lpm_divide_8gm:auto_generated|sign_div_unsign_9kh:divider|alt_u_div_t2f:divider|add_sub_4_result_int[4]~7    ; 1       ;
; bin2bcd:U_BIN2BCD_SEC|lpm_divide:Div0|lpm_divide_8gm:auto_generated|sign_div_unsign_9kh:divider|alt_u_div_t2f:divider|add_sub_4_result_int[3]~5    ; 1       ;
; bin2bcd:U_BIN2BCD_SEC|lpm_divide:Div0|lpm_divide_8gm:auto_generated|sign_div_unsign_9kh:divider|alt_u_div_t2f:divider|add_sub_4_result_int[3]~4    ; 1       ;
; bin2bcd:U_BIN2BCD_SEC|lpm_divide:Div0|lpm_divide_8gm:auto_generated|sign_div_unsign_9kh:divider|alt_u_div_t2f:divider|add_sub_4_result_int[2]~3    ; 1       ;
; bin2bcd:U_BIN2BCD_SEC|lpm_divide:Div0|lpm_divide_8gm:auto_generated|sign_div_unsign_9kh:divider|alt_u_div_t2f:divider|add_sub_4_result_int[2]~2    ; 1       ;
; bin2bcd:U_BIN2BCD_SEC|lpm_divide:Div0|lpm_divide_8gm:auto_generated|sign_div_unsign_9kh:divider|alt_u_div_t2f:divider|add_sub_4_result_int[1]~1    ; 1       ;
; bin2bcd:U_BIN2BCD_SEC|lpm_divide:Div0|lpm_divide_8gm:auto_generated|sign_div_unsign_9kh:divider|alt_u_div_t2f:divider|add_sub_4_result_int[1]~0    ; 1       ;
; bin2bcd:U_BIN2BCD_SEC|lpm_divide:Div0|lpm_divide_8gm:auto_generated|sign_div_unsign_9kh:divider|alt_u_div_t2f:divider|add_sub_3_result_int[3]~5    ; 1       ;
; bin2bcd:U_BIN2BCD_SEC|lpm_divide:Div0|lpm_divide_8gm:auto_generated|sign_div_unsign_9kh:divider|alt_u_div_t2f:divider|add_sub_3_result_int[3]~4    ; 1       ;
; bin2bcd:U_BIN2BCD_SEC|lpm_divide:Div0|lpm_divide_8gm:auto_generated|sign_div_unsign_9kh:divider|alt_u_div_t2f:divider|add_sub_3_result_int[2]~3    ; 1       ;
; bin2bcd:U_BIN2BCD_SEC|lpm_divide:Div0|lpm_divide_8gm:auto_generated|sign_div_unsign_9kh:divider|alt_u_div_t2f:divider|add_sub_3_result_int[1]~1    ; 1       ;
; bin2bcd:U_ABIN2BCD_SEC|lpm_divide:Div0|lpm_divide_8gm:auto_generated|sign_div_unsign_9kh:divider|alt_u_div_t2f:divider|add_sub_5_result_int[5]~8   ; 1       ;
; bin2bcd:U_ABIN2BCD_SEC|lpm_divide:Div0|lpm_divide_8gm:auto_generated|sign_div_unsign_9kh:divider|alt_u_div_t2f:divider|add_sub_5_result_int[4]~7   ; 1       ;
; bin2bcd:U_ABIN2BCD_SEC|lpm_divide:Div0|lpm_divide_8gm:auto_generated|sign_div_unsign_9kh:divider|alt_u_div_t2f:divider|add_sub_5_result_int[3]~5   ; 1       ;
; bin2bcd:U_ABIN2BCD_SEC|lpm_divide:Div0|lpm_divide_8gm:auto_generated|sign_div_unsign_9kh:divider|alt_u_div_t2f:divider|add_sub_5_result_int[2]~3   ; 1       ;
; bin2bcd:U_ABIN2BCD_SEC|lpm_divide:Div0|lpm_divide_8gm:auto_generated|sign_div_unsign_9kh:divider|alt_u_div_t2f:divider|add_sub_5_result_int[1]~1   ; 1       ;
; bin2bcd:U_ABIN2BCD_SEC|lpm_divide:Div0|lpm_divide_8gm:auto_generated|sign_div_unsign_9kh:divider|alt_u_div_t2f:divider|add_sub_4_result_int[0]~10  ; 1       ;
; bin2bcd:U_ABIN2BCD_SEC|lpm_divide:Div0|lpm_divide_8gm:auto_generated|sign_div_unsign_9kh:divider|alt_u_div_t2f:divider|add_sub_4_result_int[4]~7   ; 1       ;
; bin2bcd:U_ABIN2BCD_SEC|lpm_divide:Div0|lpm_divide_8gm:auto_generated|sign_div_unsign_9kh:divider|alt_u_div_t2f:divider|add_sub_4_result_int[3]~5   ; 1       ;
; bin2bcd:U_ABIN2BCD_SEC|lpm_divide:Div0|lpm_divide_8gm:auto_generated|sign_div_unsign_9kh:divider|alt_u_div_t2f:divider|add_sub_4_result_int[3]~4   ; 1       ;
; bin2bcd:U_ABIN2BCD_SEC|lpm_divide:Div0|lpm_divide_8gm:auto_generated|sign_div_unsign_9kh:divider|alt_u_div_t2f:divider|add_sub_4_result_int[2]~3   ; 1       ;
; bin2bcd:U_ABIN2BCD_SEC|lpm_divide:Div0|lpm_divide_8gm:auto_generated|sign_div_unsign_9kh:divider|alt_u_div_t2f:divider|add_sub_4_result_int[2]~2   ; 1       ;
; bin2bcd:U_ABIN2BCD_SEC|lpm_divide:Div0|lpm_divide_8gm:auto_generated|sign_div_unsign_9kh:divider|alt_u_div_t2f:divider|add_sub_4_result_int[1]~1   ; 1       ;
; bin2bcd:U_ABIN2BCD_SEC|lpm_divide:Div0|lpm_divide_8gm:auto_generated|sign_div_unsign_9kh:divider|alt_u_div_t2f:divider|add_sub_4_result_int[1]~0   ; 1       ;
; bin2bcd:U_ABIN2BCD_SEC|lpm_divide:Div0|lpm_divide_8gm:auto_generated|sign_div_unsign_9kh:divider|alt_u_div_t2f:divider|add_sub_3_result_int[3]~5   ; 1       ;
; bin2bcd:U_ABIN2BCD_SEC|lpm_divide:Div0|lpm_divide_8gm:auto_generated|sign_div_unsign_9kh:divider|alt_u_div_t2f:divider|add_sub_3_result_int[3]~4   ; 1       ;
; bin2bcd:U_ABIN2BCD_SEC|lpm_divide:Div0|lpm_divide_8gm:auto_generated|sign_div_unsign_9kh:divider|alt_u_div_t2f:divider|add_sub_3_result_int[2]~3   ; 1       ;
; bin2bcd:U_ABIN2BCD_SEC|lpm_divide:Div0|lpm_divide_8gm:auto_generated|sign_div_unsign_9kh:divider|alt_u_div_t2f:divider|add_sub_3_result_int[1]~1   ; 1       ;
; bin2bcd:U_BIN2BCD_SEC|lpm_divide:Mod0|lpm_divide_d8m:auto_generated|sign_div_unsign_bkh:divider|alt_u_div_13f:divider|add_sub_5_result_int[0]~12   ; 1       ;
; bin2bcd:U_BIN2BCD_SEC|lpm_divide:Mod0|lpm_divide_d8m:auto_generated|sign_div_unsign_bkh:divider|alt_u_div_13f:divider|add_sub_5_result_int[5]~9    ; 1       ;
; bin2bcd:U_BIN2BCD_SEC|lpm_divide:Mod0|lpm_divide_d8m:auto_generated|sign_div_unsign_bkh:divider|alt_u_div_13f:divider|add_sub_5_result_int[4]~7    ; 1       ;
; bin2bcd:U_BIN2BCD_SEC|lpm_divide:Mod0|lpm_divide_d8m:auto_generated|sign_div_unsign_bkh:divider|alt_u_div_13f:divider|add_sub_5_result_int[3]~5    ; 1       ;
; bin2bcd:U_BIN2BCD_SEC|lpm_divide:Mod0|lpm_divide_d8m:auto_generated|sign_div_unsign_bkh:divider|alt_u_div_13f:divider|add_sub_5_result_int[3]~4    ; 1       ;
; bin2bcd:U_BIN2BCD_SEC|lpm_divide:Mod0|lpm_divide_d8m:auto_generated|sign_div_unsign_bkh:divider|alt_u_div_13f:divider|add_sub_5_result_int[2]~3    ; 1       ;
; bin2bcd:U_BIN2BCD_SEC|lpm_divide:Mod0|lpm_divide_d8m:auto_generated|sign_div_unsign_bkh:divider|alt_u_div_13f:divider|add_sub_5_result_int[2]~2    ; 1       ;
; bin2bcd:U_BIN2BCD_SEC|lpm_divide:Mod0|lpm_divide_d8m:auto_generated|sign_div_unsign_bkh:divider|alt_u_div_13f:divider|add_sub_5_result_int[1]~1    ; 1       ;
; bin2bcd:U_BIN2BCD_SEC|lpm_divide:Mod0|lpm_divide_d8m:auto_generated|sign_div_unsign_bkh:divider|alt_u_div_13f:divider|add_sub_5_result_int[1]~0    ; 1       ;
; bin2bcd:U_BIN2BCD_SEC|lpm_divide:Mod0|lpm_divide_d8m:auto_generated|sign_div_unsign_bkh:divider|alt_u_div_13f:divider|add_sub_4_result_int[0]~10   ; 1       ;
; bin2bcd:U_BIN2BCD_SEC|lpm_divide:Mod0|lpm_divide_d8m:auto_generated|sign_div_unsign_bkh:divider|alt_u_div_13f:divider|add_sub_4_result_int[4]~7    ; 1       ;
; bin2bcd:U_BIN2BCD_SEC|lpm_divide:Mod0|lpm_divide_d8m:auto_generated|sign_div_unsign_bkh:divider|alt_u_div_13f:divider|add_sub_4_result_int[4]~6    ; 1       ;
; bin2bcd:U_BIN2BCD_SEC|lpm_divide:Mod0|lpm_divide_d8m:auto_generated|sign_div_unsign_bkh:divider|alt_u_div_13f:divider|add_sub_4_result_int[3]~5    ; 1       ;
; bin2bcd:U_BIN2BCD_SEC|lpm_divide:Mod0|lpm_divide_d8m:auto_generated|sign_div_unsign_bkh:divider|alt_u_div_13f:divider|add_sub_4_result_int[3]~4    ; 1       ;
; bin2bcd:U_BIN2BCD_SEC|lpm_divide:Mod0|lpm_divide_d8m:auto_generated|sign_div_unsign_bkh:divider|alt_u_div_13f:divider|add_sub_4_result_int[2]~3    ; 1       ;
; bin2bcd:U_BIN2BCD_SEC|lpm_divide:Mod0|lpm_divide_d8m:auto_generated|sign_div_unsign_bkh:divider|alt_u_div_13f:divider|add_sub_4_result_int[2]~2    ; 1       ;
; bin2bcd:U_BIN2BCD_SEC|lpm_divide:Mod0|lpm_divide_d8m:auto_generated|sign_div_unsign_bkh:divider|alt_u_div_13f:divider|add_sub_4_result_int[1]~1    ; 1       ;
; bin2bcd:U_BIN2BCD_SEC|lpm_divide:Mod0|lpm_divide_d8m:auto_generated|sign_div_unsign_bkh:divider|alt_u_div_13f:divider|add_sub_4_result_int[1]~0    ; 1       ;
; bin2bcd:U_BIN2BCD_SEC|lpm_divide:Mod0|lpm_divide_d8m:auto_generated|sign_div_unsign_bkh:divider|alt_u_div_13f:divider|add_sub_3_result_int[3]~5    ; 1       ;
; bin2bcd:U_BIN2BCD_SEC|lpm_divide:Mod0|lpm_divide_d8m:auto_generated|sign_div_unsign_bkh:divider|alt_u_div_13f:divider|add_sub_3_result_int[2]~3    ; 1       ;
; bin2bcd:U_BIN2BCD_SEC|lpm_divide:Mod0|lpm_divide_d8m:auto_generated|sign_div_unsign_bkh:divider|alt_u_div_13f:divider|add_sub_3_result_int[1]~1    ; 1       ;
; bin2bcd:U_ABIN2BCD_SEC|lpm_divide:Mod0|lpm_divide_d8m:auto_generated|sign_div_unsign_bkh:divider|alt_u_div_13f:divider|add_sub_5_result_int[0]~12  ; 1       ;
; bin2bcd:U_ABIN2BCD_SEC|lpm_divide:Mod0|lpm_divide_d8m:auto_generated|sign_div_unsign_bkh:divider|alt_u_div_13f:divider|add_sub_5_result_int[5]~9   ; 1       ;
; bin2bcd:U_ABIN2BCD_SEC|lpm_divide:Mod0|lpm_divide_d8m:auto_generated|sign_div_unsign_bkh:divider|alt_u_div_13f:divider|add_sub_5_result_int[4]~7   ; 1       ;
; bin2bcd:U_ABIN2BCD_SEC|lpm_divide:Mod0|lpm_divide_d8m:auto_generated|sign_div_unsign_bkh:divider|alt_u_div_13f:divider|add_sub_5_result_int[3]~5   ; 1       ;
; bin2bcd:U_ABIN2BCD_SEC|lpm_divide:Mod0|lpm_divide_d8m:auto_generated|sign_div_unsign_bkh:divider|alt_u_div_13f:divider|add_sub_5_result_int[3]~4   ; 1       ;
; bin2bcd:U_ABIN2BCD_SEC|lpm_divide:Mod0|lpm_divide_d8m:auto_generated|sign_div_unsign_bkh:divider|alt_u_div_13f:divider|add_sub_5_result_int[2]~3   ; 1       ;
; bin2bcd:U_ABIN2BCD_SEC|lpm_divide:Mod0|lpm_divide_d8m:auto_generated|sign_div_unsign_bkh:divider|alt_u_div_13f:divider|add_sub_5_result_int[2]~2   ; 1       ;
; bin2bcd:U_ABIN2BCD_SEC|lpm_divide:Mod0|lpm_divide_d8m:auto_generated|sign_div_unsign_bkh:divider|alt_u_div_13f:divider|add_sub_5_result_int[1]~1   ; 1       ;
; bin2bcd:U_ABIN2BCD_SEC|lpm_divide:Mod0|lpm_divide_d8m:auto_generated|sign_div_unsign_bkh:divider|alt_u_div_13f:divider|add_sub_5_result_int[1]~0   ; 1       ;
; bin2bcd:U_ABIN2BCD_SEC|lpm_divide:Mod0|lpm_divide_d8m:auto_generated|sign_div_unsign_bkh:divider|alt_u_div_13f:divider|add_sub_4_result_int[4]~7   ; 1       ;
; bin2bcd:U_ABIN2BCD_SEC|lpm_divide:Mod0|lpm_divide_d8m:auto_generated|sign_div_unsign_bkh:divider|alt_u_div_13f:divider|add_sub_4_result_int[4]~6   ; 1       ;
; bin2bcd:U_ABIN2BCD_SEC|lpm_divide:Mod0|lpm_divide_d8m:auto_generated|sign_div_unsign_bkh:divider|alt_u_div_13f:divider|add_sub_4_result_int[3]~5   ; 1       ;
; bin2bcd:U_ABIN2BCD_SEC|lpm_divide:Mod0|lpm_divide_d8m:auto_generated|sign_div_unsign_bkh:divider|alt_u_div_13f:divider|add_sub_4_result_int[3]~4   ; 1       ;
; bin2bcd:U_ABIN2BCD_SEC|lpm_divide:Mod0|lpm_divide_d8m:auto_generated|sign_div_unsign_bkh:divider|alt_u_div_13f:divider|add_sub_4_result_int[2]~3   ; 1       ;
; bin2bcd:U_ABIN2BCD_SEC|lpm_divide:Mod0|lpm_divide_d8m:auto_generated|sign_div_unsign_bkh:divider|alt_u_div_13f:divider|add_sub_4_result_int[2]~2   ; 1       ;
; bin2bcd:U_ABIN2BCD_SEC|lpm_divide:Mod0|lpm_divide_d8m:auto_generated|sign_div_unsign_bkh:divider|alt_u_div_13f:divider|add_sub_4_result_int[1]~1   ; 1       ;
; bin2bcd:U_ABIN2BCD_SEC|lpm_divide:Mod0|lpm_divide_d8m:auto_generated|sign_div_unsign_bkh:divider|alt_u_div_13f:divider|add_sub_4_result_int[1]~0   ; 1       ;
; bin2bcd:U_ABIN2BCD_SEC|lpm_divide:Mod0|lpm_divide_d8m:auto_generated|sign_div_unsign_bkh:divider|alt_u_div_13f:divider|add_sub_3_result_int[3]~5   ; 1       ;
; bin2bcd:U_ABIN2BCD_SEC|lpm_divide:Mod0|lpm_divide_d8m:auto_generated|sign_div_unsign_bkh:divider|alt_u_div_13f:divider|add_sub_3_result_int[2]~3   ; 1       ;
; bin2bcd:U_ABIN2BCD_SEC|lpm_divide:Mod0|lpm_divide_d8m:auto_generated|sign_div_unsign_bkh:divider|alt_u_div_13f:divider|add_sub_3_result_int[1]~1   ; 1       ;
+----------------------------------------------------------------------------------------------------------------------------------------------------+---------+


+------------------------------------------------+
; Routing Usage Summary                          ;
+-----------------------+------------------------+
; Routing Resource Type ; Usage                  ;
+-----------------------+------------------------+
; Block interconnects   ; 484 / 32,401 ( 1 % )   ;
; C16 interconnects     ; 16 / 1,326 ( 1 % )     ;
; C4 interconnects      ; 239 / 21,816 ( 1 % )   ;
; Direct links          ; 153 / 32,401 ( < 1 % ) ;
; Global clocks         ; 3 / 10 ( 30 % )        ;
; Local interconnects   ; 283 / 10,320 ( 3 % )   ;
; R24 interconnects     ; 13 / 1,289 ( 1 % )     ;
; R4 interconnects      ; 199 / 28,186 ( < 1 % ) ;
+-----------------------+------------------------+


+----------------------------------------------------------------------------+
; LAB Logic Elements                                                         ;
+---------------------------------------------+------------------------------+
; Number of Logic Elements  (Average = 12.04) ; Number of LABs  (Total = 45) ;
+---------------------------------------------+------------------------------+
; 1                                           ; 2                            ;
; 2                                           ; 2                            ;
; 3                                           ; 3                            ;
; 4                                           ; 1                            ;
; 5                                           ; 1                            ;
; 6                                           ; 0                            ;
; 7                                           ; 3                            ;
; 8                                           ; 0                            ;
; 9                                           ; 0                            ;
; 10                                          ; 2                            ;
; 11                                          ; 0                            ;
; 12                                          ; 1                            ;
; 13                                          ; 3                            ;
; 14                                          ; 1                            ;
; 15                                          ; 4                            ;
; 16                                          ; 22                           ;
+---------------------------------------------+------------------------------+


+-------------------------------------------------------------------+
; LAB-wide Signals                                                  ;
+------------------------------------+------------------------------+
; LAB-wide Signals  (Average = 0.20) ; Number of LABs  (Total = 45) ;
+------------------------------------+------------------------------+
; 1 Clock                            ; 8                            ;
; 1 Clock enable                     ; 1                            ;
+------------------------------------+------------------------------+


+-----------------------------------------------------------------------------+
; LAB Signals Sourced                                                         ;
+----------------------------------------------+------------------------------+
; Number of Signals Sourced  (Average = 11.98) ; Number of LABs  (Total = 45) ;
+----------------------------------------------+------------------------------+
; 0                                            ; 0                            ;
; 1                                            ; 2                            ;
; 2                                            ; 2                            ;
; 3                                            ; 3                            ;
; 4                                            ; 0                            ;
; 5                                            ; 0                            ;
; 6                                            ; 1                            ;
; 7                                            ; 4                            ;
; 8                                            ; 0                            ;
; 9                                            ; 0                            ;
; 10                                           ; 2                            ;
; 11                                           ; 5                            ;
; 12                                           ; 4                            ;
; 13                                           ; 1                            ;
; 14                                           ; 3                            ;
; 15                                           ; 5                            ;
; 16                                           ; 7                            ;
; 17                                           ; 0                            ;
; 18                                           ; 0                            ;
; 19                                           ; 2                            ;
; 20                                           ; 0                            ;
; 21                                           ; 2                            ;
; 22                                           ; 1                            ;
; 23                                           ; 1                            ;
+----------------------------------------------+------------------------------+


+--------------------------------------------------------------------------------+
; LAB Signals Sourced Out                                                        ;
+-------------------------------------------------+------------------------------+
; Number of Signals Sourced Out  (Average = 6.64) ; Number of LABs  (Total = 45) ;
+-------------------------------------------------+------------------------------+
; 0                                               ; 0                            ;
; 1                                               ; 3                            ;
; 2                                               ; 2                            ;
; 3                                               ; 7                            ;
; 4                                               ; 5                            ;
; 5                                               ; 3                            ;
; 6                                               ; 1                            ;
; 7                                               ; 4                            ;
; 8                                               ; 7                            ;
; 9                                               ; 4                            ;
; 10                                              ; 2                            ;
; 11                                              ; 1                            ;
; 12                                              ; 2                            ;
; 13                                              ; 2                            ;
; 14                                              ; 1                            ;
; 15                                              ; 1                            ;
+-------------------------------------------------+------------------------------+


+----------------------------------------------------------------------------+
; LAB Distinct Inputs                                                        ;
+---------------------------------------------+------------------------------+
; Number of Distinct Inputs  (Average = 7.84) ; Number of LABs  (Total = 45) ;
+---------------------------------------------+------------------------------+
; 0                                           ; 0                            ;
; 1                                           ; 2                            ;
; 2                                           ; 1                            ;
; 3                                           ; 4                            ;
; 4                                           ; 4                            ;
; 5                                           ; 5                            ;
; 6                                           ; 3                            ;
; 7                                           ; 6                            ;
; 8                                           ; 2                            ;
; 9                                           ; 3                            ;
; 10                                          ; 4                            ;
; 11                                          ; 3                            ;
; 12                                          ; 2                            ;
; 13                                          ; 1                            ;
; 14                                          ; 1                            ;
; 15                                          ; 2                            ;
; 16                                          ; 0                            ;
; 17                                          ; 0                            ;
; 18                                          ; 0                            ;
; 19                                          ; 1                            ;
; 20                                          ; 1                            ;
+---------------------------------------------+------------------------------+


+------------------------------------------+
; I/O Rules Summary                        ;
+----------------------------------+-------+
; I/O Rules Statistic              ; Total ;
+----------------------------------+-------+
; Total I/O Rules                  ; 30    ;
; Number of I/O Rules Passed       ; 9     ;
; Number of I/O Rules Failed       ; 0     ;
; Number of I/O Rules Unchecked    ; 0     ;
; Number of I/O Rules Inapplicable ; 21    ;
+----------------------------------+-------+


+-----------------------------------------------------------------------------------------------------------------------------------------------------------------------------------------------------------------------------------------------------------------------------------------------------+
; I/O Rules Details                                                                                                                                                                                                                                                                                   ;
+--------------+-----------+-----------------------------------+------------------------------------------------------------------------------------------------------+----------+--------------------------------------------------------------------------+---------------------+-------------------+
; Status       ; ID        ; Category                          ; Rule Description                                                                                     ; Severity ; Information                                                              ; Area                ; Extra Information ;
+--------------+-----------+-----------------------------------+------------------------------------------------------------------------------------------------------+----------+--------------------------------------------------------------------------+---------------------+-------------------+
; Inapplicable ; IO_000001 ; Capacity Checks                   ; Number of pins in an I/O bank should not exceed the number of locations available.                   ; Critical ; No Location assignments found.                                           ; I/O                 ;                   ;
; Inapplicable ; IO_000002 ; Capacity Checks                   ; Number of clocks in an I/O bank should not exceed the number of clocks available.                    ; Critical ; No Global Signal assignments found.                                      ; I/O                 ;                   ;
; Inapplicable ; IO_000003 ; Capacity Checks                   ; Number of pins in a Vrefgroup should not exceed the number of locations available.                   ; Critical ; No Location assignments found.                                           ; I/O                 ;                   ;
; Inapplicable ; IO_000004 ; Voltage Compatibility Checks      ; The I/O bank should support the requested VCCIO.                                                     ; Critical ; No IOBANK_VCCIO assignments found.                                       ; I/O                 ;                   ;
; Inapplicable ; IO_000005 ; Voltage Compatibility Checks      ; The I/O bank should not have competing VREF values.                                                  ; Critical ; No VREF I/O Standard assignments found.                                  ; I/O                 ;                   ;
; Pass         ; IO_000006 ; Voltage Compatibility Checks      ; The I/O bank should not have competing VCCIO values.                                                 ; Critical ; 0 such failures found.                                                   ; I/O                 ;                   ;
; Inapplicable ; IO_000007 ; Valid Location Checks             ; Checks for unavailable locations.                                                                    ; Critical ; No Location assignments found.                                           ; I/O                 ;                   ;
; Inapplicable ; IO_000008 ; Valid Location Checks             ; Checks for reserved locations.                                                                       ; Critical ; No reserved LogicLock region found.                                      ; I/O                 ;                   ;
; Pass         ; IO_000009 ; I/O Properties Checks for One I/O ; The location should support the requested I/O standard.                                              ; Critical ; 0 such failures found.                                                   ; I/O                 ;                   ;
; Pass         ; IO_000010 ; I/O Properties Checks for One I/O ; The location should support the requested I/O direction.                                             ; Critical ; 0 such failures found.                                                   ; I/O                 ;                   ;
; Inapplicable ; IO_000011 ; I/O Properties Checks for One I/O ; The location should support the requested Current Strength.                                          ; Critical ; No Current Strength assignments found.                                   ; I/O                 ;                   ;
; Pass         ; IO_000012 ; I/O Properties Checks for One I/O ; The location should support the requested On Chip Termination value.                                 ; Critical ; 0 such failures found.                                                   ; I/O                 ;                   ;
; Inapplicable ; IO_000013 ; I/O Properties Checks for One I/O ; The location should support the requested Bus Hold value.                                            ; Critical ; No Enable Bus-Hold Circuitry assignments found.                          ; I/O                 ;                   ;
; Inapplicable ; IO_000014 ; I/O Properties Checks for One I/O ; The location should support the requested Weak Pull Up value.                                        ; Critical ; No Weak Pull-Up Resistor assignments found.                              ; I/O                 ;                   ;
; Pass         ; IO_000015 ; I/O Properties Checks for One I/O ; The location should support the requested PCI Clamp Diode.                                           ; Critical ; 0 such failures found.                                                   ; I/O                 ;                   ;
; Inapplicable ; IO_000018 ; I/O Properties Checks for One I/O ; The I/O standard should support the requested Current Strength.                                      ; Critical ; No Current Strength assignments found.                                   ; I/O                 ;                   ;
; Pass         ; IO_000019 ; I/O Properties Checks for One I/O ; The I/O standard should support the requested On Chip Termination value.                             ; Critical ; 0 such failures found.                                                   ; I/O                 ;                   ;
; Pass         ; IO_000020 ; I/O Properties Checks for One I/O ; The I/O standard should support the requested PCI Clamp Diode.                                       ; Critical ; 0 such failures found.                                                   ; I/O                 ;                   ;
; Inapplicable ; IO_000021 ; I/O Properties Checks for One I/O ; The I/O standard should support the requested Weak Pull Up value.                                    ; Critical ; No Weak Pull-Up Resistor assignments found.                              ; I/O                 ;                   ;
; Inapplicable ; IO_000022 ; I/O Properties Checks for One I/O ; The I/O standard should support the requested Bus Hold value.                                        ; Critical ; No Enable Bus-Hold Circuitry assignments found.                          ; I/O                 ;                   ;
; Inapplicable ; IO_000023 ; I/O Properties Checks for One I/O ; The I/O standard should support the Open Drain value.                                                ; Critical ; No open drain assignments found.                                         ; I/O                 ;                   ;
; Pass         ; IO_000024 ; I/O Properties Checks for One I/O ; The I/O direction should support the On Chip Termination value.                                      ; Critical ; 0 such failures found.                                                   ; I/O                 ;                   ;
; Inapplicable ; IO_000026 ; I/O Properties Checks for One I/O ; On Chip Termination and Current Strength should not be used at the same time.                        ; Critical ; No Current Strength assignments found.                                   ; I/O                 ;                   ;
; Inapplicable ; IO_000027 ; I/O Properties Checks for One I/O ; Weak Pull Up and Bus Hold should not be used at the same time.                                       ; Critical ; No Enable Bus-Hold Circuitry or Weak Pull-Up Resistor assignments found. ; I/O                 ;                   ;
; Inapplicable ; IO_000045 ; I/O Properties Checks for One I/O ; The I/O standard should support the requested Slew Rate value.                                       ; Critical ; No Slew Rate assignments found.                                          ; I/O                 ;                   ;
; Inapplicable ; IO_000046 ; I/O Properties Checks for One I/O ; The location should support the requested Slew Rate value.                                           ; Critical ; No Slew Rate assignments found.                                          ; I/O                 ;                   ;
; Inapplicable ; IO_000047 ; I/O Properties Checks for One I/O ; On Chip Termination and Slew Rate should not be used at the same time.                               ; Critical ; No Slew Rate assignments found.                                          ; I/O                 ;                   ;
; Pass         ; IO_000033 ; Electromigration Checks           ; Current density for consecutive I/Os should not exceed 240mA for row I/Os and 240mA for column I/Os. ; Critical ; 0 such failures found.                                                   ; I/O                 ;                   ;
; Inapplicable ; IO_000034 ; SI Related Distance Checks        ; Single-ended outputs should be 5 LAB row(s) away from a differential I/O.                            ; High     ; No Differential I/O Standard assignments found.                          ; I/O                 ;                   ;
; Inapplicable ; IO_000042 ; SI Related SSO Limit Checks       ; No more than 20 outputs are allowed in a VREF group when VREF is being read from.                    ; High     ; No VREF I/O Standard assignments found.                                  ; I/O                 ;                   ;
; ----         ; ----      ; Disclaimer                        ; OCT rules are checked but not reported.                                                              ; None     ; ----                                                                     ; On Chip Termination ;                   ;
+--------------+-----------+-----------------------------------+------------------------------------------------------------------------------------------------------+----------+--------------------------------------------------------------------------+---------------------+-------------------+


+--------------------------------------------------------------------------------------------------------------------------------------------------------------------------------------------------------------------------------------------------------------------------------------------------------------------------------------------------------------------------------------------------------------------------------------------------------------------------+
; I/O Rules Matrix                                                                                                                                                                                                                                                                                                                                                                                                                                                         ;
+--------------------+--------------+--------------+--------------+--------------+--------------+-----------+--------------+--------------+-----------+-----------+--------------+--------------+--------------+--------------+--------------+--------------+--------------+--------------+--------------+--------------+--------------+--------------+--------------+--------------+--------------+--------------+--------------+-----------+--------------+--------------+
; Pin/Rules          ; IO_000001    ; IO_000002    ; IO_000003    ; IO_000004    ; IO_000005    ; IO_000006 ; IO_000007    ; IO_000008    ; IO_000009 ; IO_000010 ; IO_000011    ; IO_000012    ; IO_000013    ; IO_000014    ; IO_000015    ; IO_000018    ; IO_000019    ; IO_000020    ; IO_000021    ; IO_000022    ; IO_000023    ; IO_000024    ; IO_000026    ; IO_000027    ; IO_000045    ; IO_000046    ; IO_000047    ; IO_000033 ; IO_000034    ; IO_000042    ;
+--------------------+--------------+--------------+--------------+--------------+--------------+-----------+--------------+--------------+-----------+-----------+--------------+--------------+--------------+--------------+--------------+--------------+--------------+--------------+--------------+--------------+--------------+--------------+--------------+--------------+--------------+--------------+--------------+-----------+--------------+--------------+
; Total Pass         ; 0            ; 0            ; 0            ; 0            ; 0            ; 72        ; 0            ; 0            ; 72        ; 72        ; 0            ; 67           ; 0            ; 0            ; 5            ; 0            ; 67           ; 5            ; 0            ; 0            ; 0            ; 67           ; 0            ; 0            ; 0            ; 0            ; 0            ; 72        ; 0            ; 0            ;
; Total Unchecked    ; 0            ; 0            ; 0            ; 0            ; 0            ; 0         ; 0            ; 0            ; 0         ; 0         ; 0            ; 0            ; 0            ; 0            ; 0            ; 0            ; 0            ; 0            ; 0            ; 0            ; 0            ; 0            ; 0            ; 0            ; 0            ; 0            ; 0            ; 0         ; 0            ; 0            ;
; Total Inapplicable ; 72           ; 72           ; 72           ; 72           ; 72           ; 0         ; 72           ; 72           ; 0         ; 0         ; 72           ; 5            ; 72           ; 72           ; 67           ; 72           ; 5            ; 67           ; 72           ; 72           ; 72           ; 5            ; 72           ; 72           ; 72           ; 72           ; 72           ; 0         ; 72           ; 72           ;
; Total Fail         ; 0            ; 0            ; 0            ; 0            ; 0            ; 0         ; 0            ; 0            ; 0         ; 0         ; 0            ; 0            ; 0            ; 0            ; 0            ; 0            ; 0            ; 0            ; 0            ; 0            ; 0            ; 0            ; 0            ; 0            ; 0            ; 0            ; 0            ; 0         ; 0            ; 0            ;
; sec0[0]            ; Inapplicable ; Inapplicable ; Inapplicable ; Inapplicable ; Inapplicable ; Pass      ; Inapplicable ; Inapplicable ; Pass      ; Pass      ; Inapplicable ; Pass         ; Inapplicable ; Inapplicable ; Inapplicable ; Inapplicable ; Pass         ; Inapplicable ; Inapplicable ; Inapplicable ; Inapplicable ; Pass         ; Inapplicable ; Inapplicable ; Inapplicable ; Inapplicable ; Inapplicable ; Pass      ; Inapplicable ; Inapplicable ;
; sec0[1]            ; Inapplicable ; Inapplicable ; Inapplicable ; Inapplicable ; Inapplicable ; Pass      ; Inapplicable ; Inapplicable ; Pass      ; Pass      ; Inapplicable ; Pass         ; Inapplicable ; Inapplicable ; Inapplicable ; Inapplicable ; Pass         ; Inapplicable ; Inapplicable ; Inapplicable ; Inapplicable ; Pass         ; Inapplicable ; Inapplicable ; Inapplicable ; Inapplicable ; Inapplicable ; Pass      ; Inapplicable ; Inapplicable ;
; sec0[2]            ; Inapplicable ; Inapplicable ; Inapplicable ; Inapplicable ; Inapplicable ; Pass      ; Inapplicable ; Inapplicable ; Pass      ; Pass      ; Inapplicable ; Pass         ; Inapplicable ; Inapplicable ; Inapplicable ; Inapplicable ; Pass         ; Inapplicable ; Inapplicable ; Inapplicable ; Inapplicable ; Pass         ; Inapplicable ; Inapplicable ; Inapplicable ; Inapplicable ; Inapplicable ; Pass      ; Inapplicable ; Inapplicable ;
; sec0[3]            ; Inapplicable ; Inapplicable ; Inapplicable ; Inapplicable ; Inapplicable ; Pass      ; Inapplicable ; Inapplicable ; Pass      ; Pass      ; Inapplicable ; Pass         ; Inapplicable ; Inapplicable ; Inapplicable ; Inapplicable ; Pass         ; Inapplicable ; Inapplicable ; Inapplicable ; Inapplicable ; Pass         ; Inapplicable ; Inapplicable ; Inapplicable ; Inapplicable ; Inapplicable ; Pass      ; Inapplicable ; Inapplicable ;
; sec1[0]            ; Inapplicable ; Inapplicable ; Inapplicable ; Inapplicable ; Inapplicable ; Pass      ; Inapplicable ; Inapplicable ; Pass      ; Pass      ; Inapplicable ; Pass         ; Inapplicable ; Inapplicable ; Inapplicable ; Inapplicable ; Pass         ; Inapplicable ; Inapplicable ; Inapplicable ; Inapplicable ; Pass         ; Inapplicable ; Inapplicable ; Inapplicable ; Inapplicable ; Inapplicable ; Pass      ; Inapplicable ; Inapplicable ;
; sec1[1]            ; Inapplicable ; Inapplicable ; Inapplicable ; Inapplicable ; Inapplicable ; Pass      ; Inapplicable ; Inapplicable ; Pass      ; Pass      ; Inapplicable ; Pass         ; Inapplicable ; Inapplicable ; Inapplicable ; Inapplicable ; Pass         ; Inapplicable ; Inapplicable ; Inapplicable ; Inapplicable ; Pass         ; Inapplicable ; Inapplicable ; Inapplicable ; Inapplicable ; Inapplicable ; Pass      ; Inapplicable ; Inapplicable ;
; sec1[2]            ; Inapplicable ; Inapplicable ; Inapplicable ; Inapplicable ; Inapplicable ; Pass      ; Inapplicable ; Inapplicable ; Pass      ; Pass      ; Inapplicable ; Pass         ; Inapplicable ; Inapplicable ; Inapplicable ; Inapplicable ; Pass         ; Inapplicable ; Inapplicable ; Inapplicable ; Inapplicable ; Pass         ; Inapplicable ; Inapplicable ; Inapplicable ; Inapplicable ; Inapplicable ; Pass      ; Inapplicable ; Inapplicable ;
; sec1[3]            ; Inapplicable ; Inapplicable ; Inapplicable ; Inapplicable ; Inapplicable ; Pass      ; Inapplicable ; Inapplicable ; Pass      ; Pass      ; Inapplicable ; Pass         ; Inapplicable ; Inapplicable ; Inapplicable ; Inapplicable ; Pass         ; Inapplicable ; Inapplicable ; Inapplicable ; Inapplicable ; Pass         ; Inapplicable ; Inapplicable ; Inapplicable ; Inapplicable ; Inapplicable ; Pass      ; Inapplicable ; Inapplicable ;
; min0[0]            ; Inapplicable ; Inapplicable ; Inapplicable ; Inapplicable ; Inapplicable ; Pass      ; Inapplicable ; Inapplicable ; Pass      ; Pass      ; Inapplicable ; Pass         ; Inapplicable ; Inapplicable ; Inapplicable ; Inapplicable ; Pass         ; Inapplicable ; Inapplicable ; Inapplicable ; Inapplicable ; Pass         ; Inapplicable ; Inapplicable ; Inapplicable ; Inapplicable ; Inapplicable ; Pass      ; Inapplicable ; Inapplicable ;
; min0[1]            ; Inapplicable ; Inapplicable ; Inapplicable ; Inapplicable ; Inapplicable ; Pass      ; Inapplicable ; Inapplicable ; Pass      ; Pass      ; Inapplicable ; Pass         ; Inapplicable ; Inapplicable ; Inapplicable ; Inapplicable ; Pass         ; Inapplicable ; Inapplicable ; Inapplicable ; Inapplicable ; Pass         ; Inapplicable ; Inapplicable ; Inapplicable ; Inapplicable ; Inapplicable ; Pass      ; Inapplicable ; Inapplicable ;
; min0[2]            ; Inapplicable ; Inapplicable ; Inapplicable ; Inapplicable ; Inapplicable ; Pass      ; Inapplicable ; Inapplicable ; Pass      ; Pass      ; Inapplicable ; Pass         ; Inapplicable ; Inapplicable ; Inapplicable ; Inapplicable ; Pass         ; Inapplicable ; Inapplicable ; Inapplicable ; Inapplicable ; Pass         ; Inapplicable ; Inapplicable ; Inapplicable ; Inapplicable ; Inapplicable ; Pass      ; Inapplicable ; Inapplicable ;
; min0[3]            ; Inapplicable ; Inapplicable ; Inapplicable ; Inapplicable ; Inapplicable ; Pass      ; Inapplicable ; Inapplicable ; Pass      ; Pass      ; Inapplicable ; Pass         ; Inapplicable ; Inapplicable ; Inapplicable ; Inapplicable ; Pass         ; Inapplicable ; Inapplicable ; Inapplicable ; Inapplicable ; Pass         ; Inapplicable ; Inapplicable ; Inapplicable ; Inapplicable ; Inapplicable ; Pass      ; Inapplicable ; Inapplicable ;
; min1[0]            ; Inapplicable ; Inapplicable ; Inapplicable ; Inapplicable ; Inapplicable ; Pass      ; Inapplicable ; Inapplicable ; Pass      ; Pass      ; Inapplicable ; Pass         ; Inapplicable ; Inapplicable ; Inapplicable ; Inapplicable ; Pass         ; Inapplicable ; Inapplicable ; Inapplicable ; Inapplicable ; Pass         ; Inapplicable ; Inapplicable ; Inapplicable ; Inapplicable ; Inapplicable ; Pass      ; Inapplicable ; Inapplicable ;
; min1[1]            ; Inapplicable ; Inapplicable ; Inapplicable ; Inapplicable ; Inapplicable ; Pass      ; Inapplicable ; Inapplicable ; Pass      ; Pass      ; Inapplicable ; Pass         ; Inapplicable ; Inapplicable ; Inapplicable ; Inapplicable ; Pass         ; Inapplicable ; Inapplicable ; Inapplicable ; Inapplicable ; Pass         ; Inapplicable ; Inapplicable ; Inapplicable ; Inapplicable ; Inapplicable ; Pass      ; Inapplicable ; Inapplicable ;
; min1[2]            ; Inapplicable ; Inapplicable ; Inapplicable ; Inapplicable ; Inapplicable ; Pass      ; Inapplicable ; Inapplicable ; Pass      ; Pass      ; Inapplicable ; Pass         ; Inapplicable ; Inapplicable ; Inapplicable ; Inapplicable ; Pass         ; Inapplicable ; Inapplicable ; Inapplicable ; Inapplicable ; Pass         ; Inapplicable ; Inapplicable ; Inapplicable ; Inapplicable ; Inapplicable ; Pass      ; Inapplicable ; Inapplicable ;
; min1[3]            ; Inapplicable ; Inapplicable ; Inapplicable ; Inapplicable ; Inapplicable ; Pass      ; Inapplicable ; Inapplicable ; Pass      ; Pass      ; Inapplicable ; Pass         ; Inapplicable ; Inapplicable ; Inapplicable ; Inapplicable ; Pass         ; Inapplicable ; Inapplicable ; Inapplicable ; Inapplicable ; Pass         ; Inapplicable ; Inapplicable ; Inapplicable ; Inapplicable ; Inapplicable ; Pass      ; Inapplicable ; Inapplicable ;
; hour0[0]           ; Inapplicable ; Inapplicable ; Inapplicable ; Inapplicable ; Inapplicable ; Pass      ; Inapplicable ; Inapplicable ; Pass      ; Pass      ; Inapplicable ; Pass         ; Inapplicable ; Inapplicable ; Inapplicable ; Inapplicable ; Pass         ; Inapplicable ; Inapplicable ; Inapplicable ; Inapplicable ; Pass         ; Inapplicable ; Inapplicable ; Inapplicable ; Inapplicable ; Inapplicable ; Pass      ; Inapplicable ; Inapplicable ;
; hour0[1]           ; Inapplicable ; Inapplicable ; Inapplicable ; Inapplicable ; Inapplicable ; Pass      ; Inapplicable ; Inapplicable ; Pass      ; Pass      ; Inapplicable ; Pass         ; Inapplicable ; Inapplicable ; Inapplicable ; Inapplicable ; Pass         ; Inapplicable ; Inapplicable ; Inapplicable ; Inapplicable ; Pass         ; Inapplicable ; Inapplicable ; Inapplicable ; Inapplicable ; Inapplicable ; Pass      ; Inapplicable ; Inapplicable ;
; hour0[2]           ; Inapplicable ; Inapplicable ; Inapplicable ; Inapplicable ; Inapplicable ; Pass      ; Inapplicable ; Inapplicable ; Pass      ; Pass      ; Inapplicable ; Pass         ; Inapplicable ; Inapplicable ; Inapplicable ; Inapplicable ; Pass         ; Inapplicable ; Inapplicable ; Inapplicable ; Inapplicable ; Pass         ; Inapplicable ; Inapplicable ; Inapplicable ; Inapplicable ; Inapplicable ; Pass      ; Inapplicable ; Inapplicable ;
; hour0[3]           ; Inapplicable ; Inapplicable ; Inapplicable ; Inapplicable ; Inapplicable ; Pass      ; Inapplicable ; Inapplicable ; Pass      ; Pass      ; Inapplicable ; Pass         ; Inapplicable ; Inapplicable ; Inapplicable ; Inapplicable ; Pass         ; Inapplicable ; Inapplicable ; Inapplicable ; Inapplicable ; Pass         ; Inapplicable ; Inapplicable ; Inapplicable ; Inapplicable ; Inapplicable ; Pass      ; Inapplicable ; Inapplicable ;
; hour1[0]           ; Inapplicable ; Inapplicable ; Inapplicable ; Inapplicable ; Inapplicable ; Pass      ; Inapplicable ; Inapplicable ; Pass      ; Pass      ; Inapplicable ; Pass         ; Inapplicable ; Inapplicable ; Inapplicable ; Inapplicable ; Pass         ; Inapplicable ; Inapplicable ; Inapplicable ; Inapplicable ; Pass         ; Inapplicable ; Inapplicable ; Inapplicable ; Inapplicable ; Inapplicable ; Pass      ; Inapplicable ; Inapplicable ;
; hour1[1]           ; Inapplicable ; Inapplicable ; Inapplicable ; Inapplicable ; Inapplicable ; Pass      ; Inapplicable ; Inapplicable ; Pass      ; Pass      ; Inapplicable ; Pass         ; Inapplicable ; Inapplicable ; Inapplicable ; Inapplicable ; Pass         ; Inapplicable ; Inapplicable ; Inapplicable ; Inapplicable ; Pass         ; Inapplicable ; Inapplicable ; Inapplicable ; Inapplicable ; Inapplicable ; Pass      ; Inapplicable ; Inapplicable ;
; hour1[2]           ; Inapplicable ; Inapplicable ; Inapplicable ; Inapplicable ; Inapplicable ; Pass      ; Inapplicable ; Inapplicable ; Pass      ; Pass      ; Inapplicable ; Pass         ; Inapplicable ; Inapplicable ; Inapplicable ; Inapplicable ; Pass         ; Inapplicable ; Inapplicable ; Inapplicable ; Inapplicable ; Pass         ; Inapplicable ; Inapplicable ; Inapplicable ; Inapplicable ; Inapplicable ; Pass      ; Inapplicable ; Inapplicable ;
; hour1[3]           ; Inapplicable ; Inapplicable ; Inapplicable ; Inapplicable ; Inapplicable ; Pass      ; Inapplicable ; Inapplicable ; Pass      ; Pass      ; Inapplicable ; Pass         ; Inapplicable ; Inapplicable ; Inapplicable ; Inapplicable ; Pass         ; Inapplicable ; Inapplicable ; Inapplicable ; Inapplicable ; Pass         ; Inapplicable ; Inapplicable ; Inapplicable ; Inapplicable ; Inapplicable ; Pass      ; Inapplicable ; Inapplicable ;
; speak              ; Inapplicable ; Inapplicable ; Inapplicable ; Inapplicable ; Inapplicable ; Pass      ; Inapplicable ; Inapplicable ; Pass      ; Pass      ; Inapplicable ; Pass         ; Inapplicable ; Inapplicable ; Inapplicable ; Inapplicable ; Pass         ; Inapplicable ; Inapplicable ; Inapplicable ; Inapplicable ; Pass         ; Inapplicable ; Inapplicable ; Inapplicable ; Inapplicable ; Inapplicable ; Pass      ; Inapplicable ; Inapplicable ;
; seg_sec0[0]        ; Inapplicable ; Inapplicable ; Inapplicable ; Inapplicable ; Inapplicable ; Pass      ; Inapplicable ; Inapplicable ; Pass      ; Pass      ; Inapplicable ; Pass         ; Inapplicable ; Inapplicable ; Inapplicable ; Inapplicable ; Pass         ; Inapplicable ; Inapplicable ; Inapplicable ; Inapplicable ; Pass         ; Inapplicable ; Inapplicable ; Inapplicable ; Inapplicable ; Inapplicable ; Pass      ; Inapplicable ; Inapplicable ;
; seg_sec0[1]        ; Inapplicable ; Inapplicable ; Inapplicable ; Inapplicable ; Inapplicable ; Pass      ; Inapplicable ; Inapplicable ; Pass      ; Pass      ; Inapplicable ; Pass         ; Inapplicable ; Inapplicable ; Inapplicable ; Inapplicable ; Pass         ; Inapplicable ; Inapplicable ; Inapplicable ; Inapplicable ; Pass         ; Inapplicable ; Inapplicable ; Inapplicable ; Inapplicable ; Inapplicable ; Pass      ; Inapplicable ; Inapplicable ;
; seg_sec0[2]        ; Inapplicable ; Inapplicable ; Inapplicable ; Inapplicable ; Inapplicable ; Pass      ; Inapplicable ; Inapplicable ; Pass      ; Pass      ; Inapplicable ; Pass         ; Inapplicable ; Inapplicable ; Inapplicable ; Inapplicable ; Pass         ; Inapplicable ; Inapplicable ; Inapplicable ; Inapplicable ; Pass         ; Inapplicable ; Inapplicable ; Inapplicable ; Inapplicable ; Inapplicable ; Pass      ; Inapplicable ; Inapplicable ;
; seg_sec0[3]        ; Inapplicable ; Inapplicable ; Inapplicable ; Inapplicable ; Inapplicable ; Pass      ; Inapplicable ; Inapplicable ; Pass      ; Pass      ; Inapplicable ; Pass         ; Inapplicable ; Inapplicable ; Inapplicable ; Inapplicable ; Pass         ; Inapplicable ; Inapplicable ; Inapplicable ; Inapplicable ; Pass         ; Inapplicable ; Inapplicable ; Inapplicable ; Inapplicable ; Inapplicable ; Pass      ; Inapplicable ; Inapplicable ;
; seg_sec0[4]        ; Inapplicable ; Inapplicable ; Inapplicable ; Inapplicable ; Inapplicable ; Pass      ; Inapplicable ; Inapplicable ; Pass      ; Pass      ; Inapplicable ; Pass         ; Inapplicable ; Inapplicable ; Inapplicable ; Inapplicable ; Pass         ; Inapplicable ; Inapplicable ; Inapplicable ; Inapplicable ; Pass         ; Inapplicable ; Inapplicable ; Inapplicable ; Inapplicable ; Inapplicable ; Pass      ; Inapplicable ; Inapplicable ;
; seg_sec0[5]        ; Inapplicable ; Inapplicable ; Inapplicable ; Inapplicable ; Inapplicable ; Pass      ; Inapplicable ; Inapplicable ; Pass      ; Pass      ; Inapplicable ; Pass         ; Inapplicable ; Inapplicable ; Inapplicable ; Inapplicable ; Pass         ; Inapplicable ; Inapplicable ; Inapplicable ; Inapplicable ; Pass         ; Inapplicable ; Inapplicable ; Inapplicable ; Inapplicable ; Inapplicable ; Pass      ; Inapplicable ; Inapplicable ;
; seg_sec0[6]        ; Inapplicable ; Inapplicable ; Inapplicable ; Inapplicable ; Inapplicable ; Pass      ; Inapplicable ; Inapplicable ; Pass      ; Pass      ; Inapplicable ; Pass         ; Inapplicable ; Inapplicable ; Inapplicable ; Inapplicable ; Pass         ; Inapplicable ; Inapplicable ; Inapplicable ; Inapplicable ; Pass         ; Inapplicable ; Inapplicable ; Inapplicable ; Inapplicable ; Inapplicable ; Pass      ; Inapplicable ; Inapplicable ;
; seg_sec1[0]        ; Inapplicable ; Inapplicable ; Inapplicable ; Inapplicable ; Inapplicable ; Pass      ; Inapplicable ; Inapplicable ; Pass      ; Pass      ; Inapplicable ; Pass         ; Inapplicable ; Inapplicable ; Inapplicable ; Inapplicable ; Pass         ; Inapplicable ; Inapplicable ; Inapplicable ; Inapplicable ; Pass         ; Inapplicable ; Inapplicable ; Inapplicable ; Inapplicable ; Inapplicable ; Pass      ; Inapplicable ; Inapplicable ;
; seg_sec1[1]        ; Inapplicable ; Inapplicable ; Inapplicable ; Inapplicable ; Inapplicable ; Pass      ; Inapplicable ; Inapplicable ; Pass      ; Pass      ; Inapplicable ; Pass         ; Inapplicable ; Inapplicable ; Inapplicable ; Inapplicable ; Pass         ; Inapplicable ; Inapplicable ; Inapplicable ; Inapplicable ; Pass         ; Inapplicable ; Inapplicable ; Inapplicable ; Inapplicable ; Inapplicable ; Pass      ; Inapplicable ; Inapplicable ;
; seg_sec1[2]        ; Inapplicable ; Inapplicable ; Inapplicable ; Inapplicable ; Inapplicable ; Pass      ; Inapplicable ; Inapplicable ; Pass      ; Pass      ; Inapplicable ; Pass         ; Inapplicable ; Inapplicable ; Inapplicable ; Inapplicable ; Pass         ; Inapplicable ; Inapplicable ; Inapplicable ; Inapplicable ; Pass         ; Inapplicable ; Inapplicable ; Inapplicable ; Inapplicable ; Inapplicable ; Pass      ; Inapplicable ; Inapplicable ;
; seg_sec1[3]        ; Inapplicable ; Inapplicable ; Inapplicable ; Inapplicable ; Inapplicable ; Pass      ; Inapplicable ; Inapplicable ; Pass      ; Pass      ; Inapplicable ; Pass         ; Inapplicable ; Inapplicable ; Inapplicable ; Inapplicable ; Pass         ; Inapplicable ; Inapplicable ; Inapplicable ; Inapplicable ; Pass         ; Inapplicable ; Inapplicable ; Inapplicable ; Inapplicable ; Inapplicable ; Pass      ; Inapplicable ; Inapplicable ;
; seg_sec1[4]        ; Inapplicable ; Inapplicable ; Inapplicable ; Inapplicable ; Inapplicable ; Pass      ; Inapplicable ; Inapplicable ; Pass      ; Pass      ; Inapplicable ; Pass         ; Inapplicable ; Inapplicable ; Inapplicable ; Inapplicable ; Pass         ; Inapplicable ; Inapplicable ; Inapplicable ; Inapplicable ; Pass         ; Inapplicable ; Inapplicable ; Inapplicable ; Inapplicable ; Inapplicable ; Pass      ; Inapplicable ; Inapplicable ;
; seg_sec1[5]        ; Inapplicable ; Inapplicable ; Inapplicable ; Inapplicable ; Inapplicable ; Pass      ; Inapplicable ; Inapplicable ; Pass      ; Pass      ; Inapplicable ; Pass         ; Inapplicable ; Inapplicable ; Inapplicable ; Inapplicable ; Pass         ; Inapplicable ; Inapplicable ; Inapplicable ; Inapplicable ; Pass         ; Inapplicable ; Inapplicable ; Inapplicable ; Inapplicable ; Inapplicable ; Pass      ; Inapplicable ; Inapplicable ;
; seg_sec1[6]        ; Inapplicable ; Inapplicable ; Inapplicable ; Inapplicable ; Inapplicable ; Pass      ; Inapplicable ; Inapplicable ; Pass      ; Pass      ; Inapplicable ; Pass         ; Inapplicable ; Inapplicable ; Inapplicable ; Inapplicable ; Pass         ; Inapplicable ; Inapplicable ; Inapplicable ; Inapplicable ; Pass         ; Inapplicable ; Inapplicable ; Inapplicable ; Inapplicable ; Inapplicable ; Pass      ; Inapplicable ; Inapplicable ;
; seg_min0[0]        ; Inapplicable ; Inapplicable ; Inapplicable ; Inapplicable ; Inapplicable ; Pass      ; Inapplicable ; Inapplicable ; Pass      ; Pass      ; Inapplicable ; Pass         ; Inapplicable ; Inapplicable ; Inapplicable ; Inapplicable ; Pass         ; Inapplicable ; Inapplicable ; Inapplicable ; Inapplicable ; Pass         ; Inapplicable ; Inapplicable ; Inapplicable ; Inapplicable ; Inapplicable ; Pass      ; Inapplicable ; Inapplicable ;
; seg_min0[1]        ; Inapplicable ; Inapplicable ; Inapplicable ; Inapplicable ; Inapplicable ; Pass      ; Inapplicable ; Inapplicable ; Pass      ; Pass      ; Inapplicable ; Pass         ; Inapplicable ; Inapplicable ; Inapplicable ; Inapplicable ; Pass         ; Inapplicable ; Inapplicable ; Inapplicable ; Inapplicable ; Pass         ; Inapplicable ; Inapplicable ; Inapplicable ; Inapplicable ; Inapplicable ; Pass      ; Inapplicable ; Inapplicable ;
; seg_min0[2]        ; Inapplicable ; Inapplicable ; Inapplicable ; Inapplicable ; Inapplicable ; Pass      ; Inapplicable ; Inapplicable ; Pass      ; Pass      ; Inapplicable ; Pass         ; Inapplicable ; Inapplicable ; Inapplicable ; Inapplicable ; Pass         ; Inapplicable ; Inapplicable ; Inapplicable ; Inapplicable ; Pass         ; Inapplicable ; Inapplicable ; Inapplicable ; Inapplicable ; Inapplicable ; Pass      ; Inapplicable ; Inapplicable ;
; seg_min0[3]        ; Inapplicable ; Inapplicable ; Inapplicable ; Inapplicable ; Inapplicable ; Pass      ; Inapplicable ; Inapplicable ; Pass      ; Pass      ; Inapplicable ; Pass         ; Inapplicable ; Inapplicable ; Inapplicable ; Inapplicable ; Pass         ; Inapplicable ; Inapplicable ; Inapplicable ; Inapplicable ; Pass         ; Inapplicable ; Inapplicable ; Inapplicable ; Inapplicable ; Inapplicable ; Pass      ; Inapplicable ; Inapplicable ;
; seg_min0[4]        ; Inapplicable ; Inapplicable ; Inapplicable ; Inapplicable ; Inapplicable ; Pass      ; Inapplicable ; Inapplicable ; Pass      ; Pass      ; Inapplicable ; Pass         ; Inapplicable ; Inapplicable ; Inapplicable ; Inapplicable ; Pass         ; Inapplicable ; Inapplicable ; Inapplicable ; Inapplicable ; Pass         ; Inapplicable ; Inapplicable ; Inapplicable ; Inapplicable ; Inapplicable ; Pass      ; Inapplicable ; Inapplicable ;
; seg_min0[5]        ; Inapplicable ; Inapplicable ; Inapplicable ; Inapplicable ; Inapplicable ; Pass      ; Inapplicable ; Inapplicable ; Pass      ; Pass      ; Inapplicable ; Pass         ; Inapplicable ; Inapplicable ; Inapplicable ; Inapplicable ; Pass         ; Inapplicable ; Inapplicable ; Inapplicable ; Inapplicable ; Pass         ; Inapplicable ; Inapplicable ; Inapplicable ; Inapplicable ; Inapplicable ; Pass      ; Inapplicable ; Inapplicable ;
; seg_min0[6]        ; Inapplicable ; Inapplicable ; Inapplicable ; Inapplicable ; Inapplicable ; Pass      ; Inapplicable ; Inapplicable ; Pass      ; Pass      ; Inapplicable ; Pass         ; Inapplicable ; Inapplicable ; Inapplicable ; Inapplicable ; Pass         ; Inapplicable ; Inapplicable ; Inapplicable ; Inapplicable ; Pass         ; Inapplicable ; Inapplicable ; Inapplicable ; Inapplicable ; Inapplicable ; Pass      ; Inapplicable ; Inapplicable ;
; seg_min1[0]        ; Inapplicable ; Inapplicable ; Inapplicable ; Inapplicable ; Inapplicable ; Pass      ; Inapplicable ; Inapplicable ; Pass      ; Pass      ; Inapplicable ; Pass         ; Inapplicable ; Inapplicable ; Inapplicable ; Inapplicable ; Pass         ; Inapplicable ; Inapplicable ; Inapplicable ; Inapplicable ; Pass         ; Inapplicable ; Inapplicable ; Inapplicable ; Inapplicable ; Inapplicable ; Pass      ; Inapplicable ; Inapplicable ;
; seg_min1[1]        ; Inapplicable ; Inapplicable ; Inapplicable ; Inapplicable ; Inapplicable ; Pass      ; Inapplicable ; Inapplicable ; Pass      ; Pass      ; Inapplicable ; Pass         ; Inapplicable ; Inapplicable ; Inapplicable ; Inapplicable ; Pass         ; Inapplicable ; Inapplicable ; Inapplicable ; Inapplicable ; Pass         ; Inapplicable ; Inapplicable ; Inapplicable ; Inapplicable ; Inapplicable ; Pass      ; Inapplicable ; Inapplicable ;
; seg_min1[2]        ; Inapplicable ; Inapplicable ; Inapplicable ; Inapplicable ; Inapplicable ; Pass      ; Inapplicable ; Inapplicable ; Pass      ; Pass      ; Inapplicable ; Pass         ; Inapplicable ; Inapplicable ; Inapplicable ; Inapplicable ; Pass         ; Inapplicable ; Inapplicable ; Inapplicable ; Inapplicable ; Pass         ; Inapplicable ; Inapplicable ; Inapplicable ; Inapplicable ; Inapplicable ; Pass      ; Inapplicable ; Inapplicable ;
; seg_min1[3]        ; Inapplicable ; Inapplicable ; Inapplicable ; Inapplicable ; Inapplicable ; Pass      ; Inapplicable ; Inapplicable ; Pass      ; Pass      ; Inapplicable ; Pass         ; Inapplicable ; Inapplicable ; Inapplicable ; Inapplicable ; Pass         ; Inapplicable ; Inapplicable ; Inapplicable ; Inapplicable ; Pass         ; Inapplicable ; Inapplicable ; Inapplicable ; Inapplicable ; Inapplicable ; Pass      ; Inapplicable ; Inapplicable ;
; seg_min1[4]        ; Inapplicable ; Inapplicable ; Inapplicable ; Inapplicable ; Inapplicable ; Pass      ; Inapplicable ; Inapplicable ; Pass      ; Pass      ; Inapplicable ; Pass         ; Inapplicable ; Inapplicable ; Inapplicable ; Inapplicable ; Pass         ; Inapplicable ; Inapplicable ; Inapplicable ; Inapplicable ; Pass         ; Inapplicable ; Inapplicable ; Inapplicable ; Inapplicable ; Inapplicable ; Pass      ; Inapplicable ; Inapplicable ;
; seg_min1[5]        ; Inapplicable ; Inapplicable ; Inapplicable ; Inapplicable ; Inapplicable ; Pass      ; Inapplicable ; Inapplicable ; Pass      ; Pass      ; Inapplicable ; Pass         ; Inapplicable ; Inapplicable ; Inapplicable ; Inapplicable ; Pass         ; Inapplicable ; Inapplicable ; Inapplicable ; Inapplicable ; Pass         ; Inapplicable ; Inapplicable ; Inapplicable ; Inapplicable ; Inapplicable ; Pass      ; Inapplicable ; Inapplicable ;
; seg_min1[6]        ; Inapplicable ; Inapplicable ; Inapplicable ; Inapplicable ; Inapplicable ; Pass      ; Inapplicable ; Inapplicable ; Pass      ; Pass      ; Inapplicable ; Pass         ; Inapplicable ; Inapplicable ; Inapplicable ; Inapplicable ; Pass         ; Inapplicable ; Inapplicable ; Inapplicable ; Inapplicable ; Pass         ; Inapplicable ; Inapplicable ; Inapplicable ; Inapplicable ; Inapplicable ; Pass      ; Inapplicable ; Inapplicable ;
; seg_hour0[0]       ; Inapplicable ; Inapplicable ; Inapplicable ; Inapplicable ; Inapplicable ; Pass      ; Inapplicable ; Inapplicable ; Pass      ; Pass      ; Inapplicable ; Pass         ; Inapplicable ; Inapplicable ; Inapplicable ; Inapplicable ; Pass         ; Inapplicable ; Inapplicable ; Inapplicable ; Inapplicable ; Pass         ; Inapplicable ; Inapplicable ; Inapplicable ; Inapplicable ; Inapplicable ; Pass      ; Inapplicable ; Inapplicable ;
; seg_hour0[1]       ; Inapplicable ; Inapplicable ; Inapplicable ; Inapplicable ; Inapplicable ; Pass      ; Inapplicable ; Inapplicable ; Pass      ; Pass      ; Inapplicable ; Pass         ; Inapplicable ; Inapplicable ; Inapplicable ; Inapplicable ; Pass         ; Inapplicable ; Inapplicable ; Inapplicable ; Inapplicable ; Pass         ; Inapplicable ; Inapplicable ; Inapplicable ; Inapplicable ; Inapplicable ; Pass      ; Inapplicable ; Inapplicable ;
; seg_hour0[2]       ; Inapplicable ; Inapplicable ; Inapplicable ; Inapplicable ; Inapplicable ; Pass      ; Inapplicable ; Inapplicable ; Pass      ; Pass      ; Inapplicable ; Pass         ; Inapplicable ; Inapplicable ; Inapplicable ; Inapplicable ; Pass         ; Inapplicable ; Inapplicable ; Inapplicable ; Inapplicable ; Pass         ; Inapplicable ; Inapplicable ; Inapplicable ; Inapplicable ; Inapplicable ; Pass      ; Inapplicable ; Inapplicable ;
; seg_hour0[3]       ; Inapplicable ; Inapplicable ; Inapplicable ; Inapplicable ; Inapplicable ; Pass      ; Inapplicable ; Inapplicable ; Pass      ; Pass      ; Inapplicable ; Pass         ; Inapplicable ; Inapplicable ; Inapplicable ; Inapplicable ; Pass         ; Inapplicable ; Inapplicable ; Inapplicable ; Inapplicable ; Pass         ; Inapplicable ; Inapplicable ; Inapplicable ; Inapplicable ; Inapplicable ; Pass      ; Inapplicable ; Inapplicable ;
; seg_hour0[4]       ; Inapplicable ; Inapplicable ; Inapplicable ; Inapplicable ; Inapplicable ; Pass      ; Inapplicable ; Inapplicable ; Pass      ; Pass      ; Inapplicable ; Pass         ; Inapplicable ; Inapplicable ; Inapplicable ; Inapplicable ; Pass         ; Inapplicable ; Inapplicable ; Inapplicable ; Inapplicable ; Pass         ; Inapplicable ; Inapplicable ; Inapplicable ; Inapplicable ; Inapplicable ; Pass      ; Inapplicable ; Inapplicable ;
; seg_hour0[5]       ; Inapplicable ; Inapplicable ; Inapplicable ; Inapplicable ; Inapplicable ; Pass      ; Inapplicable ; Inapplicable ; Pass      ; Pass      ; Inapplicable ; Pass         ; Inapplicable ; Inapplicable ; Inapplicable ; Inapplicable ; Pass         ; Inapplicable ; Inapplicable ; Inapplicable ; Inapplicable ; Pass         ; Inapplicable ; Inapplicable ; Inapplicable ; Inapplicable ; Inapplicable ; Pass      ; Inapplicable ; Inapplicable ;
; seg_hour0[6]       ; Inapplicable ; Inapplicable ; Inapplicable ; Inapplicable ; Inapplicable ; Pass      ; Inapplicable ; Inapplicable ; Pass      ; Pass      ; Inapplicable ; Pass         ; Inapplicable ; Inapplicable ; Inapplicable ; Inapplicable ; Pass         ; Inapplicable ; Inapplicable ; Inapplicable ; Inapplicable ; Pass         ; Inapplicable ; Inapplicable ; Inapplicable ; Inapplicable ; Inapplicable ; Pass      ; Inapplicable ; Inapplicable ;
; seg_hour1[0]       ; Inapplicable ; Inapplicable ; Inapplicable ; Inapplicable ; Inapplicable ; Pass      ; Inapplicable ; Inapplicable ; Pass      ; Pass      ; Inapplicable ; Pass         ; Inapplicable ; Inapplicable ; Inapplicable ; Inapplicable ; Pass         ; Inapplicable ; Inapplicable ; Inapplicable ; Inapplicable ; Pass         ; Inapplicable ; Inapplicable ; Inapplicable ; Inapplicable ; Inapplicable ; Pass      ; Inapplicable ; Inapplicable ;
; seg_hour1[1]       ; Inapplicable ; Inapplicable ; Inapplicable ; Inapplicable ; Inapplicable ; Pass      ; Inapplicable ; Inapplicable ; Pass      ; Pass      ; Inapplicable ; Pass         ; Inapplicable ; Inapplicable ; Inapplicable ; Inapplicable ; Pass         ; Inapplicable ; Inapplicable ; Inapplicable ; Inapplicable ; Pass         ; Inapplicable ; Inapplicable ; Inapplicable ; Inapplicable ; Inapplicable ; Pass      ; Inapplicable ; Inapplicable ;
; seg_hour1[2]       ; Inapplicable ; Inapplicable ; Inapplicable ; Inapplicable ; Inapplicable ; Pass      ; Inapplicable ; Inapplicable ; Pass      ; Pass      ; Inapplicable ; Pass         ; Inapplicable ; Inapplicable ; Inapplicable ; Inapplicable ; Pass         ; Inapplicable ; Inapplicable ; Inapplicable ; Inapplicable ; Pass         ; Inapplicable ; Inapplicable ; Inapplicable ; Inapplicable ; Inapplicable ; Pass      ; Inapplicable ; Inapplicable ;
; seg_hour1[3]       ; Inapplicable ; Inapplicable ; Inapplicable ; Inapplicable ; Inapplicable ; Pass      ; Inapplicable ; Inapplicable ; Pass      ; Pass      ; Inapplicable ; Pass         ; Inapplicable ; Inapplicable ; Inapplicable ; Inapplicable ; Pass         ; Inapplicable ; Inapplicable ; Inapplicable ; Inapplicable ; Pass         ; Inapplicable ; Inapplicable ; Inapplicable ; Inapplicable ; Inapplicable ; Pass      ; Inapplicable ; Inapplicable ;
; seg_hour1[4]       ; Inapplicable ; Inapplicable ; Inapplicable ; Inapplicable ; Inapplicable ; Pass      ; Inapplicable ; Inapplicable ; Pass      ; Pass      ; Inapplicable ; Pass         ; Inapplicable ; Inapplicable ; Inapplicable ; Inapplicable ; Pass         ; Inapplicable ; Inapplicable ; Inapplicable ; Inapplicable ; Pass         ; Inapplicable ; Inapplicable ; Inapplicable ; Inapplicable ; Inapplicable ; Pass      ; Inapplicable ; Inapplicable ;
; seg_hour1[5]       ; Inapplicable ; Inapplicable ; Inapplicable ; Inapplicable ; Inapplicable ; Pass      ; Inapplicable ; Inapplicable ; Pass      ; Pass      ; Inapplicable ; Pass         ; Inapplicable ; Inapplicable ; Inapplicable ; Inapplicable ; Pass         ; Inapplicable ; Inapplicable ; Inapplicable ; Inapplicable ; Pass         ; Inapplicable ; Inapplicable ; Inapplicable ; Inapplicable ; Inapplicable ; Pass      ; Inapplicable ; Inapplicable ;
; seg_hour1[6]       ; Inapplicable ; Inapplicable ; Inapplicable ; Inapplicable ; Inapplicable ; Pass      ; Inapplicable ; Inapplicable ; Pass      ; Pass      ; Inapplicable ; Pass         ; Inapplicable ; Inapplicable ; Inapplicable ; Inapplicable ; Pass         ; Inapplicable ; Inapplicable ; Inapplicable ; Inapplicable ; Pass         ; Inapplicable ; Inapplicable ; Inapplicable ; Inapplicable ; Inapplicable ; Pass      ; Inapplicable ; Inapplicable ;
; key_sec            ; Inapplicable ; Inapplicable ; Inapplicable ; Inapplicable ; Inapplicable ; Pass      ; Inapplicable ; Inapplicable ; Pass      ; Pass      ; Inapplicable ; Inapplicable ; Inapplicable ; Inapplicable ; Pass         ; Inapplicable ; Inapplicable ; Pass         ; Inapplicable ; Inapplicable ; Inapplicable ; Inapplicable ; Inapplicable ; Inapplicable ; Inapplicable ; Inapplicable ; Inapplicable ; Pass      ; Inapplicable ; Inapplicable ;
; key_shift          ; Inapplicable ; Inapplicable ; Inapplicable ; Inapplicable ; Inapplicable ; Pass      ; Inapplicable ; Inapplicable ; Pass      ; Pass      ; Inapplicable ; Inapplicable ; Inapplicable ; Inapplicable ; Pass         ; Inapplicable ; Inapplicable ; Pass         ; Inapplicable ; Inapplicable ; Inapplicable ; Inapplicable ; Inapplicable ; Inapplicable ; Inapplicable ; Inapplicable ; Inapplicable ; Pass      ; Inapplicable ; Inapplicable ;
; clk                ; Inapplicable ; Inapplicable ; Inapplicable ; Inapplicable ; Inapplicable ; Pass      ; Inapplicable ; Inapplicable ; Pass      ; Pass      ; Inapplicable ; Inapplicable ; Inapplicable ; Inapplicable ; Pass         ; Inapplicable ; Inapplicable ; Pass         ; Inapplicable ; Inapplicable ; Inapplicable ; Inapplicable ; Inapplicable ; Inapplicable ; Inapplicable ; Inapplicable ; Inapplicable ; Pass      ; Inapplicable ; Inapplicable ;
; key_min            ; Inapplicable ; Inapplicable ; Inapplicable ; Inapplicable ; Inapplicable ; Pass      ; Inapplicable ; Inapplicable ; Pass      ; Pass      ; Inapplicable ; Inapplicable ; Inapplicable ; Inapplicable ; Pass         ; Inapplicable ; Inapplicable ; Pass         ; Inapplicable ; Inapplicable ; Inapplicable ; Inapplicable ; Inapplicable ; Inapplicable ; Inapplicable ; Inapplicable ; Inapplicable ; Pass      ; Inapplicable ; Inapplicable ;
; key_hour           ; Inapplicable ; Inapplicable ; Inapplicable ; Inapplicable ; Inapplicable ; Pass      ; Inapplicable ; Inapplicable ; Pass      ; Pass      ; Inapplicable ; Inapplicable ; Inapplicable ; Inapplicable ; Pass         ; Inapplicable ; Inapplicable ; Pass         ; Inapplicable ; Inapplicable ; Inapplicable ; Inapplicable ; Inapplicable ; Inapplicable ; Inapplicable ; Inapplicable ; Inapplicable ; Pass      ; Inapplicable ; Inapplicable ;
+--------------------+--------------+--------------+--------------+--------------+--------------+-----------+--------------+--------------+-----------+-----------+--------------+--------------+--------------+--------------+--------------+--------------+--------------+--------------+--------------+--------------+--------------+--------------+--------------+--------------+--------------+--------------+--------------+-----------+--------------+--------------+


+---------------------------------------------------------------------------------------------+
; Fitter Device Options                                                                       ;
+------------------------------------------------------------------+--------------------------+
; Option                                                           ; Setting                  ;
+------------------------------------------------------------------+--------------------------+
; Enable user-supplied start-up clock (CLKUSR)                     ; Off                      ;
; Enable device-wide reset (DEV_CLRn)                              ; Off                      ;
; Enable device-wide output enable (DEV_OE)                        ; Off                      ;
; Enable INIT_DONE output                                          ; Off                      ;
; Configuration scheme                                             ; Active Serial            ;
; Error detection CRC                                              ; Off                      ;
; Enable open drain on CRC_ERROR pin                               ; Off                      ;
; Enable input tri-state on active configuration pins in user mode ; Off                      ;
; Configuration Voltage Level                                      ; Auto                     ;
; Force Configuration Voltage Level                                ; Off                      ;
; nCEO                                                             ; As output driving ground ;
; Data[0]                                                          ; As input tri-stated      ;
; Data[1]/ASDO                                                     ; As input tri-stated      ;
; Data[7..2]                                                       ; Unreserved               ;
; FLASH_nCE/nCSO                                                   ; As input tri-stated      ;
; Other Active Parallel pins                                       ; Unreserved               ;
; DCLK                                                             ; As output driving ground ;
; Base pin-out file on sameframe device                            ; Off                      ;
+------------------------------------------------------------------+--------------------------+


+------------------------------------+
; Operating Settings and Conditions  ;
+---------------------------+--------+
; Setting                   ; Value  ;
+---------------------------+--------+
; Nominal Core Voltage      ; 1.20 V ;
; Low Junction Temperature  ; 0 °C   ;
; High Junction Temperature ; 85 °C  ;
+---------------------------+--------+


+------------------------------------------------------------+
; Estimated Delay Added for Hold Timing Summary              ;
+-----------------+----------------------+-------------------+
; Source Clock(s) ; Destination Clock(s) ; Delay Added in ns ;
+-----------------+----------------------+-------------------+
; clk             ; clk                  ; 3.3               ;
; clk             ; diver:U_DIVER|m_clk1 ; 2.6               ;
; clk,I/O         ; diver:U_DIVER|m_clk1 ; 2.1               ;
+-----------------+----------------------+-------------------+
Note: For more information on problematic transfers, consider running the Fitter again with the Optimize hold timing option (Settings Menu) turned off.
This will disable optimization of problematic paths and expose them for further analysis using the TimeQuest Timing Analyzer.


+-----------------------------------------------------------------------------------+
; Estimated Delay Added for Hold Timing Details                                     ;
+------------------------+--------------------------------------+-------------------+
; Source Register        ; Destination Register                 ; Delay Added in ns ;
+------------------------+--------------------------------------+-------------------+
; diver:U_DIVER|m_clk0   ; diver:U_DIVER|m_clk0                 ; 1.750             ;
; diver:U_DIVER|m_clk1   ; seg_sec0[6]                          ; 1.576             ;
; trigger:U_TRIGGER|temp ; count_min_bin:U_MIN_ALARM|count[0]   ; 0.753             ;
; key_min                ; count_min_bin:U_MIN_ALARM|count[0]   ; 0.387             ;
; key_sec                ; count_sec_bin:U_SEC_ALARM|count[0]   ; 0.371             ;
; key_hour               ; count_hour_bin:U_HOUR_ALARM|count[0] ; 0.319             ;
+------------------------+--------------------------------------+-------------------+
Note: This table only shows the top 6 path(s) that have the largest delay added for hold.


+-----------------+
; Fitter Messages ;
+-----------------+
Info (11104): Parallel Compilation has detected 16 hyper-threaded processors. However, the extra hyper-threaded processors will not be used by default. Parallel Compilation will use 10 of the 10 physical processors detected instead.
Info (119004): Automatically selected device EP3C5F256C6 for design clock_top_scheme1
Info (21076): High junction temperature operating condition is not set. Assuming a default value of '85'.
Info (21076): Low junction temperature operating condition is not set. Assuming a default value of '0'.
Info (171003): Fitter is performing an Auto Fit compilation, which may decrease Fitter effort to reduce compilation time
Info (176444): Device migration not selected. If you intend to use device migration later, you may need to change the pin assignments as they may be incompatible with other devices
    Info (176445): Device EP3C10F256C6 is compatible
    Info (176445): Device EP3C16F256C6 is compatible
    Info (176445): Device EP3C25F256C6 is compatible
Info (169124): Fitter converted 5 user pins into dedicated programming pins
    Info (169125): Pin ~ALTERA_ASDO_DATA1~ is reserved at location C1
    Info (169125): Pin ~ALTERA_FLASH_nCE_nCSO~ is reserved at location D2
    Info (169125): Pin ~ALTERA_DCLK~ is reserved at location H1
    Info (169125): Pin ~ALTERA_DATA0~ is reserved at location H2
    Info (169125): Pin ~ALTERA_nCEO~ is reserved at location F16
Warning (15714): Some pins have incomplete I/O assignments. Refer to the I/O Assignment Warnings report for details
Critical Warning (169085): No exact pin location assignment(s) for 72 pins of 72 total pins
    Info (169086): Pin sec0[0] not assigned to an exact location on the device
    Info (169086): Pin sec0[1] not assigned to an exact location on the device
    Info (169086): Pin sec0[2] not assigned to an exact location on the device
    Info (169086): Pin sec0[3] not assigned to an exact location on the device
    Info (169086): Pin sec1[0] not assigned to an exact location on the device
    Info (169086): Pin sec1[1] not assigned to an exact location on the device
    Info (169086): Pin sec1[2] not assigned to an exact location on the device
    Info (169086): Pin sec1[3] not assigned to an exact location on the device
    Info (169086): Pin min0[0] not assigned to an exact location on the device
    Info (169086): Pin min0[1] not assigned to an exact location on the device
    Info (169086): Pin min0[2] not assigned to an exact location on the device
    Info (169086): Pin min0[3] not assigned to an exact location on the device
    Info (169086): Pin min1[0] not assigned to an exact location on the device
    Info (169086): Pin min1[1] not assigned to an exact location on the device
    Info (169086): Pin min1[2] not assigned to an exact location on the device
    Info (169086): Pin min1[3] not assigned to an exact location on the device
    Info (169086): Pin hour0[0] not assigned to an exact location on the device
    Info (169086): Pin hour0[1] not assigned to an exact location on the device
    Info (169086): Pin hour0[2] not assigned to an exact location on the device
    Info (169086): Pin hour0[3] not assigned to an exact location on the device
    Info (169086): Pin hour1[0] not assigned to an exact location on the device
    Info (169086): Pin hour1[1] not assigned to an exact location on the device
    Info (169086): Pin hour1[2] not assigned to an exact location on the device
    Info (169086): Pin hour1[3] not assigned to an exact location on the device
    Info (169086): Pin speak not assigned to an exact location on the device
    Info (169086): Pin seg_sec0[0] not assigned to an exact location on the device
    Info (169086): Pin seg_sec0[1] not assigned to an exact location on the device
    Info (169086): Pin seg_sec0[2] not assigned to an exact location on the device
    Info (169086): Pin seg_sec0[3] not assigned to an exact location on the device
    Info (169086): Pin seg_sec0[4] not assigned to an exact location on the device
    Info (169086): Pin seg_sec0[5] not assigned to an exact location on the device
    Info (169086): Pin seg_sec0[6] not assigned to an exact location on the device
    Info (169086): Pin seg_sec1[0] not assigned to an exact location on the device
    Info (169086): Pin seg_sec1[1] not assigned to an exact location on the device
    Info (169086): Pin seg_sec1[2] not assigned to an exact location on the device
    Info (169086): Pin seg_sec1[3] not assigned to an exact location on the device
    Info (169086): Pin seg_sec1[4] not assigned to an exact location on the device
    Info (169086): Pin seg_sec1[5] not assigned to an exact location on the device
    Info (169086): Pin seg_sec1[6] not assigned to an exact location on the device
    Info (169086): Pin seg_min0[0] not assigned to an exact location on the device
    Info (169086): Pin seg_min0[1] not assigned to an exact location on the device
    Info (169086): Pin seg_min0[2] not assigned to an exact location on the device
    Info (169086): Pin seg_min0[3] not assigned to an exact location on the device
    Info (169086): Pin seg_min0[4] not assigned to an exact location on the device
    Info (169086): Pin seg_min0[5] not assigned to an exact location on the device
    Info (169086): Pin seg_min0[6] not assigned to an exact location on the device
    Info (169086): Pin seg_min1[0] not assigned to an exact location on the device
    Info (169086): Pin seg_min1[1] not assigned to an exact location on the device
    Info (169086): Pin seg_min1[2] not assigned to an exact location on the device
    Info (169086): Pin seg_min1[3] not assigned to an exact location on the device
    Info (169086): Pin seg_min1[4] not assigned to an exact location on the device
    Info (169086): Pin seg_min1[5] not assigned to an exact location on the device
    Info (169086): Pin seg_min1[6] not assigned to an exact location on the device
    Info (169086): Pin seg_hour0[0] not assigned to an exact location on the device
    Info (169086): Pin seg_hour0[1] not assigned to an exact location on the device
    Info (169086): Pin seg_hour0[2] not assigned to an exact location on the device
    Info (169086): Pin seg_hour0[3] not assigned to an exact location on the device
    Info (169086): Pin seg_hour0[4] not assigned to an exact location on the device
    Info (169086): Pin seg_hour0[5] not assigned to an exact location on the device
    Info (169086): Pin seg_hour0[6] not assigned to an exact location on the device
    Info (169086): Pin seg_hour1[0] not assigned to an exact location on the device
    Info (169086): Pin seg_hour1[1] not assigned to an exact location on the device
    Info (169086): Pin seg_hour1[2] not assigned to an exact location on the device
    Info (169086): Pin seg_hour1[3] not assigned to an exact location on the device
    Info (169086): Pin seg_hour1[4] not assigned to an exact location on the device
    Info (169086): Pin seg_hour1[5] not assigned to an exact location on the device
    Info (169086): Pin seg_hour1[6] not assigned to an exact location on the device
    Info (169086): Pin key_sec not assigned to an exact location on the device
    Info (169086): Pin key_shift not assigned to an exact location on the device
    Info (169086): Pin clk not assigned to an exact location on the device
    Info (169086): Pin key_min not assigned to an exact location on the device
    Info (169086): Pin key_hour not assigned to an exact location on the device
Critical Warning (332012): Synopsys Design Constraints File file not found: 'clock_top_scheme1.sdc'. A Synopsys Design Constraints File is required by the TimeQuest Timing Analyzer to get proper timing constraints. Without it, the Compiler will not properly optimize the design.
Info (332144): No user constrained base clocks found in the design
Info (332143): No user constrained clock uncertainty found in the design. Calling "derive_clock_uncertainty"
Info (332123): Deriving Clock Uncertainty. Please refer to report_sdc in TimeQuest to see clock uncertainties.
Info (332130): Timing requirements not specified -- quality metrics such as performance may be sacrificed to reduce compilation time.
Info (176353): Automatically promoted node clk~input (placed in PIN E2 (CLK0, DIFFCLK_0p))
    Info (176355): Automatically promoted destinations to use location or clock signal Global Clock CLKCTRL_G4
    Info (176356): Following destination nodes may be non-global or may not use global or regional clocks
        Info (176357): Destination node trigger:U_TRIGGER|temp
Info (176353): Automatically promoted node diver:U_DIVER|m_clk1 
    Info (176355): Automatically promoted destinations to use location or clock signal Global Clock
    Info (176356): Following destination nodes may be non-global or may not use global or regional clocks
        Info (176357): Destination node mux21a:U_MUX_MIN|y
        Info (176357): Destination node mux21a:U_MUX_HOUR|y
        Info (176357): Destination node diver:U_DIVER|m_clk1~0
Info (176353): Automatically promoted node mux21a:U_MUX_HOUR|y 
    Info (176355): Automatically promoted destinations to use location or clock signal Global Clock
Info (176233): Starting register packing
Info (176235): Finished register packing
    Extra Info (176219): No registers were packed into other blocks
Info (176214): Statistics of I/O pins that need to be placed that use the same VCCIO and VREF, before I/O pin placement
    Info (176211): Number of I/O pins in group: 71 (unused VREF, 2.5V VCCIO, 4 input, 67 output, 0 bidirectional)
        Info (176212): I/O standards used: 2.5 V.
Info (176215): I/O bank details before I/O pin placement
    Info (176214): Statistics of I/O banks
        Info (176213): I/O bank number 1 does not use VREF pins and has undetermined VCCIO pins. 5 total pin(s) used --  13 pins available
        Info (176213): I/O bank number 2 does not use VREF pins and has undetermined VCCIO pins. 0 total pin(s) used --  19 pins available
        Info (176213): I/O bank number 3 does not use VREF pins and has undetermined VCCIO pins. 0 total pin(s) used --  26 pins available
        Info (176213): I/O bank number 4 does not use VREF pins and has undetermined VCCIO pins. 0 total pin(s) used --  27 pins available
        Info (176213): I/O bank number 5 does not use VREF pins and has undetermined VCCIO pins. 0 total pin(s) used --  25 pins available
        Info (176213): I/O bank number 6 does not use VREF pins and has undetermined VCCIO pins. 1 total pin(s) used --  15 pins available
        Info (176213): I/O bank number 7 does not use VREF pins and has undetermined VCCIO pins. 0 total pin(s) used --  26 pins available
        Info (176213): I/O bank number 8 does not use VREF pins and has undetermined VCCIO pins. 0 total pin(s) used --  26 pins available
Info (171121): Fitter preparation operations ending: elapsed time is 00:00:00
Info (170189): Fitter placement preparation operations beginning
Info (170190): Fitter placement preparation operations ending: elapsed time is 00:00:00
Info (170191): Fitter placement operations beginning
Info (170137): Fitter placement was successful
Info (170192): Fitter placement operations ending: elapsed time is 00:00:01
Info (170193): Fitter routing operations beginning
Info (170195): Router estimated average interconnect usage is 0% of the available device resources
    Info (170196): Router estimated peak interconnect usage is 2% of the available device resources in the region that extends from location X11_Y12 to location X22_Y24
Info (170194): Fitter routing operations ending: elapsed time is 00:00:01
Info (170199): The Fitter performed an Auto Fit compilation.  Optimizations were skipped to reduce compilation time.
    Info (170201): Optimizations that may affect the design's routability were skipped
Info (11888): Total time spent on timing analysis during the Fitter is 0.25 seconds.
Info (334003): Started post-fitting delay annotation
Info (334004): Delay annotation completed successfully
Info (334003): Started post-fitting delay annotation
Info (334004): Delay annotation completed successfully
Info (11218): Fitter post-fit operations ending: elapsed time is 00:00:00
Info (144001): Generated suppressed messages file C:/Users/Lenovo/Desktop/shudiankeshe/scheme1/output_files/clock_top_scheme1.fit.smsg
Info: Quartus II 64-Bit Fitter was successful. 0 errors, 3 warnings
    Info: Peak virtual memory: 5773 megabytes
    Info: Processing ended: Mon Jun 15 21:47:09 2026
    Info: Elapsed time: 00:00:05
    Info: Total CPU time (on all processors): 00:00:07


+----------------------------+
; Fitter Suppressed Messages ;
+----------------------------+
The suppressed messages can be found in C:/Users/Lenovo/Desktop/shudiankeshe/scheme1/output_files/clock_top_scheme1.fit.smsg.


