TimeQuest Timing Analyzer report for clock_top_scheme1
Mon Jun 15 21:47:14 2026
Quartus II 64-Bit Version 13.1.0 Build 162 10/23/2013 SJ Full Version


---------------------
; Table of Contents ;
---------------------
  1. Legal Notice
  2. TimeQuest Timing Analyzer Summary
  3. Parallel Compilation
  4. Clocks
  5. Slow 1200mV 85C Model Fmax Summary
  6. Timing Closure Recommendations
  7. Slow 1200mV 85C Model Setup Summary
  8. Slow 1200mV 85C Model Hold Summary
  9. Slow 1200mV 85C Model Recovery Summary
 10. Slow 1200mV 85C Model Removal Summary
 11. Slow 1200mV 85C Model Minimum Pulse Width Summary
 12. Slow 1200mV 85C Model Setup: 'diver:U_DIVER|m_clk1'
 13. Slow 1200mV 85C Model Setup: 'diver:U_DIVER|m_clk0'
 14. Slow 1200mV 85C Model Setup: 'clk'
 15. Slow 1200mV 85C Model Hold: 'clk'
 16. Slow 1200mV 85C Model Hold: 'diver:U_DIVER|m_clk1'
 17. Slow 1200mV 85C Model Hold: 'diver:U_DIVER|m_clk0'
 18. Slow 1200mV 85C Model Minimum Pulse Width: 'clk'
 19. Slow 1200mV 85C Model Minimum Pulse Width: 'diver:U_DIVER|m_clk1'
 20. Slow 1200mV 85C Model Minimum Pulse Width: 'diver:U_DIVER|m_clk0'
 21. Setup Times
 22. Hold Times
 23. Clock to Output Times
 24. Minimum Clock to Output Times
 25. Slow 1200mV 85C Model Metastability Report
 26. Slow 1200mV 0C Model Fmax Summary
 27. Slow 1200mV 0C Model Setup Summary
 28. Slow 1200mV 0C Model Hold Summary
 29. Slow 1200mV 0C Model Recovery Summary
 30. Slow 1200mV 0C Model Removal Summary
 31. Slow 1200mV 0C Model Minimum Pulse Width Summary
 32. Slow 1200mV 0C Model Setup: 'diver:U_DIVER|m_clk1'
 33. Slow 1200mV 0C Model Setup: 'diver:U_DIVER|m_clk0'
 34. Slow 1200mV 0C Model Setup: 'clk'
 35. Slow 1200mV 0C Model Hold: 'clk'
 36. Slow 1200mV 0C Model Hold: 'diver:U_DIVER|m_clk1'
 37. Slow 1200mV 0C Model Hold: 'diver:U_DIVER|m_clk0'
 38. Slow 1200mV 0C Model Minimum Pulse Width: 'clk'
 39. Slow 1200mV 0C Model Minimum Pulse Width: 'diver:U_DIVER|m_clk1'
 40. Slow 1200mV 0C Model Minimum Pulse Width: 'diver:U_DIVER|m_clk0'
 41. Setup Times
 42. Hold Times
 43. Clock to Output Times
 44. Minimum Clock to Output Times
 45. Slow 1200mV 0C Model Metastability Report
 46. Fast 1200mV 0C Model Setup Summary
 47. Fast 1200mV 0C Model Hold Summary
 48. Fast 1200mV 0C Model Recovery Summary
 49. Fast 1200mV 0C Model Removal Summary
 50. Fast 1200mV 0C Model Minimum Pulse Width Summary
 51. Fast 1200mV 0C Model Setup: 'diver:U_DIVER|m_clk1'
 52. Fast 1200mV 0C Model Setup: 'diver:U_DIVER|m_clk0'
 53. Fast 1200mV 0C Model Setup: 'clk'
 54. Fast 1200mV 0C Model Hold: 'clk'
 55. Fast 1200mV 0C Model Hold: 'diver:U_DIVER|m_clk1'
 56. Fast 1200mV 0C Model Hold: 'diver:U_DIVER|m_clk0'
 57. Fast 1200mV 0C Model Minimum Pulse Width: 'clk'
 58. Fast 1200mV 0C Model Minimum Pulse Width: 'diver:U_DIVER|m_clk1'
 59. Fast 1200mV 0C Model Minimum Pulse Width: 'diver:U_DIVER|m_clk0'
 60. Setup Times
 61. Hold Times
 62. Clock to Output Times
 63. Minimum Clock to Output Times
 64. Fast 1200mV 0C Model Metastability Report
 65. Multicorner Timing Analysis Summary
 66. Setup Times
 67. Hold Times
 68. Clock to Output Times
 69. Minimum Clock to Output Times
 70. Board Trace Model Assignments
 71. Input Transition Times
 72. Slow Corner Signal Integrity Metrics
 73. Fast Corner Signal Integrity Metrics
 74. Setup Transfers
 75. Hold Transfers
 76. Report TCCS
 77. Report RSKM
 78. Unconstrained Paths
 79. TimeQuest Timing Analyzer Messages



----------------
; Legal Notice ;
----------------
Copyright (C) 1991-2013 Altera Corporation
Your use of Altera Corporation's design tools, logic functions 
and other software and tools, and its AMPP partner logic 
functions, and any output files from any of the foregoing 
(including device programming or simulation files), and any 
associated documentation or information are expressly subject 
to the terms and conditions of the Altera Program License 
Subscription Agreement, Altera MegaCore Function License 
Agreement, or other applicable license agreement, including, 
without limitation, that your use is for the sole purpose of 
programming logic devices manufactured by Altera and sold by 
Altera or its authorized distributors.  Please refer to the 
applicable agreement for further details.



+--------------------------------------------------------------------------+
; TimeQuest Timing Analyzer Summary                                        ;
+--------------------+-----------------------------------------------------+
; Quartus II Version ; Version 13.1.0 Build 162 10/23/2013 SJ Full Version ;
; Revision Name      ; clock_top_scheme1                                   ;
; Device Family      ; Cyclone III                                         ;
; Device Name        ; EP3C5F256C6                                         ;
; Timing Models      ; Final                                               ;
; Delay Model        ; Combined                                            ;
; Rise/Fall Delays   ; Enabled                                             ;
+--------------------+-----------------------------------------------------+


+------------------------------------------+
; Parallel Compilation                     ;
+----------------------------+-------------+
; Processors                 ; Number      ;
+----------------------------+-------------+
; Number detected on machine ; 16          ;
; Maximum allowed            ; 10          ;
;                            ;             ;
; Average used               ; 1.00        ;
; Maximum used               ; 10          ;
;                            ;             ;
; Usage by Processor         ; % Time Used ;
;     Processor 1            ; 100.0%      ;
;     Processors 2-10        ; < 0.1%      ;
;     Processors 11-16       ;   0.0%      ;
+----------------------------+-------------+


+------------------------------------------------------------------------------------------------------------------------------------------------------------------------------------------------------------+
; Clocks                                                                                                                                                                                                     ;
+----------------------+------+--------+------------+-------+-------+------------+-----------+-------------+-------+--------+-----------+------------+----------+--------+--------+--------------------------+
; Clock Name           ; Type ; Period ; Frequency  ; Rise  ; Fall  ; Duty Cycle ; Divide by ; Multiply by ; Phase ; Offset ; Edge List ; Edge Shift ; Inverted ; Master ; Source ; Targets                  ;
+----------------------+------+--------+------------+-------+-------+------------+-----------+-------------+-------+--------+-----------+------------+----------+--------+--------+--------------------------+
; clk                  ; Base ; 1.000  ; 1000.0 MHz ; 0.000 ; 0.500 ;            ;           ;             ;       ;        ;           ;            ;          ;        ;        ; { clk }                  ;
; diver:U_DIVER|m_clk0 ; Base ; 1.000  ; 1000.0 MHz ; 0.000 ; 0.500 ;            ;           ;             ;       ;        ;           ;            ;          ;        ;        ; { diver:U_DIVER|m_clk0 } ;
; diver:U_DIVER|m_clk1 ; Base ; 1.000  ; 1000.0 MHz ; 0.000 ; 0.500 ;            ;           ;             ;       ;        ;           ;            ;          ;        ;        ; { diver:U_DIVER|m_clk1 } ;
+----------------------+------+--------+------------+-------+-------+------------+-----------+-------------+-------+--------+-----------+------------+----------+--------+--------+--------------------------+


+---------------------------------------------------------------------------------------------------------------------+
; Slow 1200mV 85C Model Fmax Summary                                                                                  ;
+------------+-----------------+----------------------+---------------------------------------------------------------+
; Fmax       ; Restricted Fmax ; Clock Name           ; Note                                                          ;
+------------+-----------------+----------------------+---------------------------------------------------------------+
; 464.9 MHz  ; 464.9 MHz       ; diver:U_DIVER|m_clk1 ;                                                               ;
; 471.92 MHz ; 471.92 MHz      ; diver:U_DIVER|m_clk0 ;                                                               ;
; 816.99 MHz ; 250.0 MHz       ; clk                  ; limit due to minimum period restriction (max I/O toggle rate) ;
+------------+-----------------+----------------------+---------------------------------------------------------------+
This panel reports FMAX for every clock in the design, regardless of the user-specified clock periods.  FMAX is only computed for paths where the source and destination registers or ports are driven by the same clock.  Paths of different clocks, including generated clocks, are ignored.  For paths between a clock and its inversion, FMAX is computed as if the rising and falling edges are scaled along with FMAX, such that the duty cycle (in terms of a percentage) is maintained. Altera recommends that you always use clock constraints and other slack reports for sign-off analysis.


----------------------------------
; Timing Closure Recommendations ;
----------------------------------
HTML report is unavailable in plain text report export.


+-----------------------------------------------+
; Slow 1200mV 85C Model Setup Summary           ;
+----------------------+--------+---------------+
; Clock                ; Slack  ; End Point TNS ;
+----------------------+--------+---------------+
; diver:U_DIVER|m_clk1 ; -1.151 ; -19.749       ;
; diver:U_DIVER|m_clk0 ; -1.119 ; -4.328        ;
; clk                  ; -0.224 ; -0.224        ;
+----------------------+--------+---------------+


+-----------------------------------------------+
; Slow 1200mV 85C Model Hold Summary            ;
+----------------------+--------+---------------+
; Clock                ; Slack  ; End Point TNS ;
+----------------------+--------+---------------+
; clk                  ; -0.070 ; -0.120        ;
; diver:U_DIVER|m_clk1 ; 0.116  ; 0.000         ;
; diver:U_DIVER|m_clk0 ; 0.381  ; 0.000         ;
+----------------------+--------+---------------+


------------------------------------------
; Slow 1200mV 85C Model Recovery Summary ;
------------------------------------------
No paths to report.


-----------------------------------------
; Slow 1200mV 85C Model Removal Summary ;
-----------------------------------------
No paths to report.


+---------------------------------------------------+
; Slow 1200mV 85C Model Minimum Pulse Width Summary ;
+----------------------+--------+-------------------+
; Clock                ; Slack  ; End Point TNS     ;
+----------------------+--------+-------------------+
; clk                  ; -3.000 ; -8.000            ;
; diver:U_DIVER|m_clk1 ; -1.000 ; -28.000           ;
; diver:U_DIVER|m_clk0 ; -1.000 ; -6.000            ;
+----------------------+--------+-------------------+


+-----------------------------------------------------------------------------------------------------------------------------------------------------------------------------+
; Slow 1200mV 85C Model Setup: 'diver:U_DIVER|m_clk1'                                                                                                                         ;
+--------+--------------------------------------+--------------------------------------+----------------------+----------------------+--------------+------------+------------+
; Slack  ; From Node                            ; To Node                              ; Launch Clock         ; Latch Clock          ; Relationship ; Clock Skew ; Data Delay ;
+--------+--------------------------------------+--------------------------------------+----------------------+----------------------+--------------+------------+------------+
; -1.151 ; count_sec_bin:U_SEC_ALARM|count[1]   ; count_sec_bin:U_SEC_ALARM|count[4]   ; diver:U_DIVER|m_clk1 ; diver:U_DIVER|m_clk1 ; 1.000        ; -0.064     ; 2.082      ;
; -1.150 ; count_hour_bin:U_HOUR_ALARM|count[1] ; count_hour_bin:U_HOUR_ALARM|count[4] ; diver:U_DIVER|m_clk1 ; diver:U_DIVER|m_clk1 ; 1.000        ; -0.063     ; 2.082      ;
; -1.148 ; count_min_bin:U_MIN_ALARM|count[1]   ; count_min_bin:U_MIN_ALARM|count[4]   ; diver:U_DIVER|m_clk1 ; diver:U_DIVER|m_clk1 ; 1.000        ; -0.063     ; 2.080      ;
; -1.141 ; count_min_bin:U_MIN_BIN|count[1]     ; count_min_bin:U_MIN_BIN|count[4]     ; diver:U_DIVER|m_clk1 ; diver:U_DIVER|m_clk1 ; 1.000        ; -0.045     ; 2.091      ;
; -1.088 ; count_sec_bin:U_SEC_ALARM|count[0]   ; count_sec_bin:U_SEC_ALARM|count[4]   ; diver:U_DIVER|m_clk1 ; diver:U_DIVER|m_clk1 ; 1.000        ; -0.064     ; 2.019      ;
; -1.086 ; count_sec_bin:U_SEC_ALARM|count[0]   ; count_sec_bin:U_SEC_ALARM|count[2]   ; diver:U_DIVER|m_clk1 ; diver:U_DIVER|m_clk1 ; 1.000        ; -0.064     ; 2.017      ;
; -1.069 ; count_hour_bin:U_HOUR_ALARM|count[0] ; count_hour_bin:U_HOUR_ALARM|count[4] ; diver:U_DIVER|m_clk1 ; diver:U_DIVER|m_clk1 ; 1.000        ; -0.063     ; 2.001      ;
; -1.067 ; count_min_bin:U_MIN_ALARM|count[0]   ; count_min_bin:U_MIN_ALARM|count[4]   ; diver:U_DIVER|m_clk1 ; diver:U_DIVER|m_clk1 ; 1.000        ; -0.063     ; 1.999      ;
; -1.060 ; count_min_bin:U_MIN_BIN|count[0]     ; count_min_bin:U_MIN_BIN|count[4]     ; diver:U_DIVER|m_clk1 ; diver:U_DIVER|m_clk1 ; 1.000        ; -0.045     ; 2.010      ;
; -1.057 ; count_hour_bin:U_HOUR_ALARM|count[3] ; count_hour_bin:U_HOUR_ALARM|count[4] ; diver:U_DIVER|m_clk1 ; diver:U_DIVER|m_clk1 ; 1.000        ; -0.063     ; 1.989      ;
; -1.049 ; count_hour_bin:U_HOUR_BIN|count[1]   ; count_hour_bin:U_HOUR_BIN|count[3]   ; diver:U_DIVER|m_clk1 ; diver:U_DIVER|m_clk1 ; 1.000        ; -0.064     ; 1.980      ;
; -1.036 ; count_hour_bin:U_HOUR_BIN|count[0]   ; count_hour_bin:U_HOUR_BIN|count[3]   ; diver:U_DIVER|m_clk1 ; diver:U_DIVER|m_clk1 ; 1.000        ; -0.064     ; 1.967      ;
; -1.035 ; count_min_bin:U_MIN_BIN|count[3]     ; count_min_bin:U_MIN_BIN|count[4]     ; diver:U_DIVER|m_clk1 ; diver:U_DIVER|m_clk1 ; 1.000        ; -0.045     ; 1.985      ;
; -1.033 ; count_sec_bin:U_SEC_ALARM|count[3]   ; count_sec_bin:U_SEC_ALARM|count[4]   ; diver:U_DIVER|m_clk1 ; diver:U_DIVER|m_clk1 ; 1.000        ; -0.064     ; 1.964      ;
; -1.033 ; count_sec_bin:U_SEC_ALARM|count[1]   ; count_sec_bin:U_SEC_ALARM|count[2]   ; diver:U_DIVER|m_clk1 ; diver:U_DIVER|m_clk1 ; 1.000        ; -0.064     ; 1.964      ;
; -1.031 ; count_min_bin:U_MIN_ALARM|count[3]   ; count_min_bin:U_MIN_ALARM|count[4]   ; diver:U_DIVER|m_clk1 ; diver:U_DIVER|m_clk1 ; 1.000        ; -0.063     ; 1.963      ;
; -1.030 ; count_sec_bin:U_SEC_ALARM|count[0]   ; count_sec_bin:U_SEC_ALARM|count[5]   ; diver:U_DIVER|m_clk1 ; diver:U_DIVER|m_clk1 ; 1.000        ; -0.064     ; 1.961      ;
; -1.026 ; count_sec_bin:U_SEC_ALARM|count[2]   ; count_sec_bin:U_SEC_ALARM|count[4]   ; diver:U_DIVER|m_clk1 ; diver:U_DIVER|m_clk1 ; 1.000        ; -0.064     ; 1.957      ;
; -1.008 ; count_min_bin:U_MIN_ALARM|count[1]   ; count_min_bin:U_MIN_ALARM|count[5]   ; diver:U_DIVER|m_clk1 ; diver:U_DIVER|m_clk1 ; 1.000        ; -0.063     ; 1.940      ;
; -1.007 ; count_sec_bin:U_SEC_ALARM|count[1]   ; count_sec_bin:U_SEC_ALARM|count[5]   ; diver:U_DIVER|m_clk1 ; diver:U_DIVER|m_clk1 ; 1.000        ; -0.064     ; 1.938      ;
; -1.007 ; count_min_bin:U_MIN_ALARM|count[0]   ; count_min_bin:U_MIN_ALARM|count[5]   ; diver:U_DIVER|m_clk1 ; diver:U_DIVER|m_clk1 ; 1.000        ; -0.063     ; 1.939      ;
; -0.998 ; count_min_bin:U_MIN_BIN|count[1]     ; count_min_bin:U_MIN_BIN|count[5]     ; diver:U_DIVER|m_clk1 ; diver:U_DIVER|m_clk1 ; 1.000        ; -0.045     ; 1.948      ;
; -0.994 ; count_min_bin:U_MIN_BIN|count[0]     ; count_min_bin:U_MIN_BIN|count[5]     ; diver:U_DIVER|m_clk1 ; diver:U_DIVER|m_clk1 ; 1.000        ; -0.045     ; 1.944      ;
; -0.990 ; count_hour_bin:U_HOUR_ALARM|count[2] ; count_hour_bin:U_HOUR_ALARM|count[4] ; diver:U_DIVER|m_clk1 ; diver:U_DIVER|m_clk1 ; 1.000        ; -0.063     ; 1.922      ;
; -0.988 ; count_min_bin:U_MIN_BIN|count[2]     ; count_min_bin:U_MIN_BIN|count[4]     ; diver:U_DIVER|m_clk1 ; diver:U_DIVER|m_clk1 ; 1.000        ; -0.045     ; 1.938      ;
; -0.975 ; count_min_bin:U_MIN_ALARM|count[2]   ; count_min_bin:U_MIN_ALARM|count[4]   ; diver:U_DIVER|m_clk1 ; diver:U_DIVER|m_clk1 ; 1.000        ; -0.063     ; 1.907      ;
; -0.965 ; count_sec_bin:U_SEC_ALARM|count[3]   ; count_sec_bin:U_SEC_ALARM|count[2]   ; diver:U_DIVER|m_clk1 ; diver:U_DIVER|m_clk1 ; 1.000        ; -0.064     ; 1.896      ;
; -0.944 ; count_sec_bin:U_SEC_ALARM|count[2]   ; count_sec_bin:U_SEC_ALARM|count[5]   ; diver:U_DIVER|m_clk1 ; diver:U_DIVER|m_clk1 ; 1.000        ; -0.064     ; 1.875      ;
; -0.921 ; count_sec_bin:U_SEC_ALARM|count[4]   ; count_sec_bin:U_SEC_ALARM|count[2]   ; diver:U_DIVER|m_clk1 ; diver:U_DIVER|m_clk1 ; 1.000        ; -0.064     ; 1.852      ;
; -0.921 ; count_min_bin:U_MIN_BIN|count[2]     ; count_min_bin:U_MIN_BIN|count[5]     ; diver:U_DIVER|m_clk1 ; diver:U_DIVER|m_clk1 ; 1.000        ; -0.045     ; 1.871      ;
; -0.919 ; count_hour_bin:U_HOUR_BIN|count[2]   ; count_hour_bin:U_HOUR_BIN|count[3]   ; diver:U_DIVER|m_clk1 ; diver:U_DIVER|m_clk1 ; 1.000        ; -0.064     ; 1.850      ;
; -0.914 ; count_min_bin:U_MIN_ALARM|count[2]   ; count_min_bin:U_MIN_ALARM|count[5]   ; diver:U_DIVER|m_clk1 ; diver:U_DIVER|m_clk1 ; 1.000        ; -0.063     ; 1.846      ;
; -0.913 ; count_sec_bin:U_SEC_ALARM|count[0]   ; count_sec_bin:U_SEC_ALARM|count[3]   ; diver:U_DIVER|m_clk1 ; diver:U_DIVER|m_clk1 ; 1.000        ; -0.064     ; 1.844      ;
; -0.898 ; count_min_bin:U_MIN_ALARM|count[1]   ; count_min_bin:U_MIN_ALARM|count[2]   ; diver:U_DIVER|m_clk1 ; diver:U_DIVER|m_clk1 ; 1.000        ; -0.063     ; 1.830      ;
; -0.892 ; count_hour_bin:U_HOUR_ALARM|count[1] ; count_hour_bin:U_HOUR_ALARM|count[3] ; diver:U_DIVER|m_clk1 ; diver:U_DIVER|m_clk1 ; 1.000        ; -0.063     ; 1.824      ;
; -0.892 ; count_min_bin:U_MIN_ALARM|count[1]   ; count_min_bin:U_MIN_ALARM|count[3]   ; diver:U_DIVER|m_clk1 ; diver:U_DIVER|m_clk1 ; 1.000        ; -0.063     ; 1.824      ;
; -0.892 ; count_min_bin:U_MIN_BIN|count[3]     ; count_min_bin:U_MIN_BIN|count[5]     ; diver:U_DIVER|m_clk1 ; diver:U_DIVER|m_clk1 ; 1.000        ; -0.045     ; 1.842      ;
; -0.891 ; count_min_bin:U_MIN_ALARM|count[3]   ; count_min_bin:U_MIN_ALARM|count[5]   ; diver:U_DIVER|m_clk1 ; diver:U_DIVER|m_clk1 ; 1.000        ; -0.063     ; 1.823      ;
; -0.891 ; count_hour_bin:U_HOUR_ALARM|count[0] ; count_hour_bin:U_HOUR_ALARM|count[3] ; diver:U_DIVER|m_clk1 ; diver:U_DIVER|m_clk1 ; 1.000        ; -0.063     ; 1.823      ;
; -0.891 ; count_min_bin:U_MIN_ALARM|count[0]   ; count_min_bin:U_MIN_ALARM|count[3]   ; diver:U_DIVER|m_clk1 ; diver:U_DIVER|m_clk1 ; 1.000        ; -0.063     ; 1.823      ;
; -0.891 ; count_min_bin:U_MIN_BIN|count[1]     ; count_min_bin:U_MIN_BIN|count[2]     ; diver:U_DIVER|m_clk1 ; diver:U_DIVER|m_clk1 ; 1.000        ; -0.045     ; 1.841      ;
; -0.890 ; count_sec_bin:U_SEC_ALARM|count[1]   ; count_sec_bin:U_SEC_ALARM|count[3]   ; diver:U_DIVER|m_clk1 ; diver:U_DIVER|m_clk1 ; 1.000        ; -0.064     ; 1.821      ;
; -0.889 ; count_sec_bin:U_SEC_ALARM|count[3]   ; count_sec_bin:U_SEC_ALARM|count[5]   ; diver:U_DIVER|m_clk1 ; diver:U_DIVER|m_clk1 ; 1.000        ; -0.064     ; 1.820      ;
; -0.883 ; count_min_bin:U_MIN_BIN|count[1]     ; count_min_bin:U_MIN_BIN|count[3]     ; diver:U_DIVER|m_clk1 ; diver:U_DIVER|m_clk1 ; 1.000        ; -0.045     ; 1.833      ;
; -0.879 ; count_min_bin:U_MIN_BIN|count[0]     ; count_min_bin:U_MIN_BIN|count[3]     ; diver:U_DIVER|m_clk1 ; diver:U_DIVER|m_clk1 ; 1.000        ; -0.045     ; 1.829      ;
; -0.836 ; count_hour_bin:U_HOUR_BIN|count[4]   ; count_hour_bin:U_HOUR_BIN|count[3]   ; diver:U_DIVER|m_clk1 ; diver:U_DIVER|m_clk1 ; 1.000        ; -0.452     ; 1.379      ;
; -0.827 ; count_sec_bin:U_SEC_ALARM|count[2]   ; count_sec_bin:U_SEC_ALARM|count[3]   ; diver:U_DIVER|m_clk1 ; diver:U_DIVER|m_clk1 ; 1.000        ; -0.064     ; 1.758      ;
; -0.817 ; count_min_bin:U_MIN_ALARM|count[0]   ; count_min_bin:U_MIN_ALARM|count[2]   ; diver:U_DIVER|m_clk1 ; diver:U_DIVER|m_clk1 ; 1.000        ; -0.063     ; 1.749      ;
; -0.810 ; count_min_bin:U_MIN_BIN|count[0]     ; count_min_bin:U_MIN_BIN|count[2]     ; diver:U_DIVER|m_clk1 ; diver:U_DIVER|m_clk1 ; 1.000        ; -0.045     ; 1.760      ;
; -0.806 ; count_min_bin:U_MIN_BIN|count[2]     ; count_min_bin:U_MIN_BIN|count[3]     ; diver:U_DIVER|m_clk1 ; diver:U_DIVER|m_clk1 ; 1.000        ; -0.045     ; 1.756      ;
; -0.800 ; count_hour_bin:U_HOUR_ALARM|count[2] ; count_hour_bin:U_HOUR_ALARM|count[3] ; diver:U_DIVER|m_clk1 ; diver:U_DIVER|m_clk1 ; 1.000        ; -0.063     ; 1.732      ;
; -0.798 ; count_min_bin:U_MIN_ALARM|count[2]   ; count_min_bin:U_MIN_ALARM|count[3]   ; diver:U_DIVER|m_clk1 ; diver:U_DIVER|m_clk1 ; 1.000        ; -0.063     ; 1.730      ;
; -0.797 ; count_sec_bin:U_SEC_ALARM|count[4]   ; count_sec_bin:U_SEC_ALARM|count[5]   ; diver:U_DIVER|m_clk1 ; diver:U_DIVER|m_clk1 ; 1.000        ; -0.064     ; 1.728      ;
; -0.788 ; count_min_bin:U_MIN_ALARM|count[4]   ; count_min_bin:U_MIN_ALARM|count[5]   ; diver:U_DIVER|m_clk1 ; diver:U_DIVER|m_clk1 ; 1.000        ; -0.063     ; 1.720      ;
; -0.767 ; count_min_bin:U_MIN_BIN|count[4]     ; count_min_bin:U_MIN_BIN|count[5]     ; diver:U_DIVER|m_clk1 ; diver:U_DIVER|m_clk1 ; 1.000        ; -0.045     ; 1.717      ;
; -0.766 ; count_hour_bin:U_HOUR_ALARM|count[3] ; count_hour_bin:U_HOUR_ALARM|count[3] ; diver:U_DIVER|m_clk1 ; diver:U_DIVER|m_clk1 ; 1.000        ; -0.063     ; 1.698      ;
; -0.759 ; count_min_bin:U_MIN_ALARM|count[4]   ; count_min_bin:U_MIN_ALARM|count[2]   ; diver:U_DIVER|m_clk1 ; diver:U_DIVER|m_clk1 ; 1.000        ; -0.063     ; 1.691      ;
; -0.755 ; count_min_bin:U_MIN_ALARM|count[3]   ; count_min_bin:U_MIN_ALARM|count[2]   ; diver:U_DIVER|m_clk1 ; diver:U_DIVER|m_clk1 ; 1.000        ; -0.063     ; 1.687      ;
; -0.755 ; count_min_bin:U_MIN_ALARM|count[4]   ; count_min_bin:U_MIN_ALARM|count[3]   ; diver:U_DIVER|m_clk1 ; diver:U_DIVER|m_clk1 ; 1.000        ; -0.063     ; 1.687      ;
; -0.751 ; count_min_bin:U_MIN_ALARM|count[3]   ; count_min_bin:U_MIN_ALARM|count[3]   ; diver:U_DIVER|m_clk1 ; diver:U_DIVER|m_clk1 ; 1.000        ; -0.063     ; 1.683      ;
; -0.703 ; count_hour_bin:U_HOUR_BIN|count[4]   ; count_hour_bin:U_HOUR_BIN|count[4]   ; diver:U_DIVER|m_clk1 ; diver:U_DIVER|m_clk1 ; 1.000        ; -0.080     ; 1.618      ;
; -0.684 ; count_sec_bin:U_SEC_ALARM|count[5]   ; count_sec_bin:U_SEC_ALARM|count[2]   ; diver:U_DIVER|m_clk1 ; diver:U_DIVER|m_clk1 ; 1.000        ; -0.064     ; 1.615      ;
; -0.658 ; count_hour_bin:U_HOUR_BIN|count[1]   ; count_hour_bin:U_HOUR_BIN|count[4]   ; diver:U_DIVER|m_clk1 ; diver:U_DIVER|m_clk1 ; 1.000        ; 0.308      ; 1.961      ;
; -0.643 ; count_sec_bin:U_SEC_ALARM|count[3]   ; count_sec_bin:U_SEC_ALARM|count[3]   ; diver:U_DIVER|m_clk1 ; diver:U_DIVER|m_clk1 ; 1.000        ; -0.064     ; 1.574      ;
; -0.605 ; count_min_bin:U_MIN_BIN|count[5]     ; count_min_bin:U_MIN_BIN|count[2]     ; diver:U_DIVER|m_clk1 ; diver:U_DIVER|m_clk1 ; 1.000        ; -0.045     ; 1.555      ;
; -0.605 ; count_hour_bin:U_HOUR_BIN|count[1]   ; count_hour_bin:U_HOUR_BIN|count[2]   ; diver:U_DIVER|m_clk1 ; diver:U_DIVER|m_clk1 ; 1.000        ; -0.064     ; 1.536      ;
; -0.599 ; count_sec_bin:U_SEC_ALARM|count[4]   ; count_sec_bin:U_SEC_ALARM|count[3]   ; diver:U_DIVER|m_clk1 ; diver:U_DIVER|m_clk1 ; 1.000        ; -0.064     ; 1.530      ;
; -0.593 ; count_sec_bin:U_SEC_ALARM|count[2]   ; count_sec_bin:U_SEC_ALARM|count[2]   ; diver:U_DIVER|m_clk1 ; diver:U_DIVER|m_clk1 ; 1.000        ; -0.064     ; 1.524      ;
; -0.587 ; count_hour_bin:U_HOUR_ALARM|count[1] ; count_hour_bin:U_HOUR_ALARM|count[2] ; diver:U_DIVER|m_clk1 ; diver:U_DIVER|m_clk1 ; 1.000        ; -0.063     ; 1.519      ;
; -0.577 ; count_hour_bin:U_HOUR_BIN|count[3]   ; count_hour_bin:U_HOUR_BIN|count[4]   ; diver:U_DIVER|m_clk1 ; diver:U_DIVER|m_clk1 ; 1.000        ; 0.308      ; 1.880      ;
; -0.559 ; count_hour_bin:U_HOUR_BIN|count[0]   ; count_hour_bin:U_HOUR_BIN|count[4]   ; diver:U_DIVER|m_clk1 ; diver:U_DIVER|m_clk1 ; 1.000        ; 0.308      ; 1.862      ;
; -0.545 ; count_sec_bin:U_SEC_ALARM|count[4]   ; count_sec_bin:U_SEC_ALARM|count[4]   ; diver:U_DIVER|m_clk1 ; diver:U_DIVER|m_clk1 ; 1.000        ; -0.064     ; 1.476      ;
; -0.531 ; count_min_bin:U_MIN_ALARM|count[4]   ; count_min_bin:U_MIN_ALARM|count[4]   ; diver:U_DIVER|m_clk1 ; diver:U_DIVER|m_clk1 ; 1.000        ; -0.063     ; 1.463      ;
; -0.524 ; count_hour_bin:U_HOUR_BIN|count[3]   ; count_hour_bin:U_HOUR_BIN|count[3]   ; diver:U_DIVER|m_clk1 ; diver:U_DIVER|m_clk1 ; 1.000        ; -0.064     ; 1.455      ;
; -0.515 ; count_min_bin:U_MIN_BIN|count[4]     ; count_min_bin:U_MIN_BIN|count[2]     ; diver:U_DIVER|m_clk1 ; diver:U_DIVER|m_clk1 ; 1.000        ; -0.045     ; 1.465      ;
; -0.513 ; count_min_bin:U_MIN_BIN|count[4]     ; count_min_bin:U_MIN_BIN|count[4]     ; diver:U_DIVER|m_clk1 ; diver:U_DIVER|m_clk1 ; 1.000        ; -0.045     ; 1.463      ;
; -0.506 ; count_hour_bin:U_HOUR_ALARM|count[0] ; count_hour_bin:U_HOUR_ALARM|count[2] ; diver:U_DIVER|m_clk1 ; diver:U_DIVER|m_clk1 ; 1.000        ; -0.063     ; 1.438      ;
; -0.506 ; count_hour_bin:U_HOUR_BIN|count[0]   ; count_hour_bin:U_HOUR_BIN|count[2]   ; diver:U_DIVER|m_clk1 ; diver:U_DIVER|m_clk1 ; 1.000        ; -0.064     ; 1.437      ;
; -0.488 ; count_sec_bin:U_SEC_ALARM|count[0]   ; count_sec_bin:U_SEC_ALARM|count[1]   ; diver:U_DIVER|m_clk1 ; diver:U_DIVER|m_clk1 ; 1.000        ; -0.064     ; 1.419      ;
; -0.471 ; count_hour_bin:U_HOUR_BIN|count[0]   ; count_hour_bin:U_HOUR_BIN|count[1]   ; diver:U_DIVER|m_clk1 ; diver:U_DIVER|m_clk1 ; 1.000        ; -0.064     ; 1.402      ;
; -0.469 ; count_min_bin:U_MIN_BIN|count[5]     ; count_min_bin:U_MIN_BIN|count[3]     ; diver:U_DIVER|m_clk1 ; diver:U_DIVER|m_clk1 ; 1.000        ; -0.045     ; 1.419      ;
; -0.468 ; count_min_bin:U_MIN_BIN|count[5]     ; count_min_bin:U_MIN_BIN|count[4]     ; diver:U_DIVER|m_clk1 ; diver:U_DIVER|m_clk1 ; 1.000        ; -0.045     ; 1.418      ;
; -0.465 ; count_hour_bin:U_HOUR_ALARM|count[0] ; count_hour_bin:U_HOUR_ALARM|count[1] ; diver:U_DIVER|m_clk1 ; diver:U_DIVER|m_clk1 ; 1.000        ; -0.063     ; 1.397      ;
; -0.465 ; count_min_bin:U_MIN_ALARM|count[0]   ; count_min_bin:U_MIN_ALARM|count[1]   ; diver:U_DIVER|m_clk1 ; diver:U_DIVER|m_clk1 ; 1.000        ; -0.063     ; 1.397      ;
; -0.463 ; count_min_bin:U_MIN_BIN|count[5]     ; count_min_bin:U_MIN_BIN|count[5]     ; diver:U_DIVER|m_clk1 ; diver:U_DIVER|m_clk1 ; 1.000        ; -0.045     ; 1.413      ;
; -0.455 ; count_min_bin:U_MIN_BIN|count[0]     ; count_min_bin:U_MIN_BIN|count[1]     ; diver:U_DIVER|m_clk1 ; diver:U_DIVER|m_clk1 ; 1.000        ; -0.045     ; 1.405      ;
; -0.442 ; count_hour_bin:U_HOUR_BIN|count[2]   ; count_hour_bin:U_HOUR_BIN|count[4]   ; diver:U_DIVER|m_clk1 ; diver:U_DIVER|m_clk1 ; 1.000        ; 0.308      ; 1.745      ;
; -0.417 ; count_min_bin:U_MIN_BIN|count[2]     ; count_min_bin:U_MIN_BIN|count[2]     ; diver:U_DIVER|m_clk1 ; diver:U_DIVER|m_clk1 ; 1.000        ; -0.039     ; 1.373      ;
; -0.410 ; count_min_bin:U_MIN_ALARM|count[2]   ; count_min_bin:U_MIN_ALARM|count[2]   ; diver:U_DIVER|m_clk1 ; diver:U_DIVER|m_clk1 ; 1.000        ; -0.063     ; 1.342      ;
; -0.406 ; count_min_bin:U_MIN_ALARM|count[5]   ; count_min_bin:U_MIN_ALARM|count[5]   ; diver:U_DIVER|m_clk1 ; diver:U_DIVER|m_clk1 ; 1.000        ; -0.063     ; 1.338      ;
; -0.404 ; count_min_bin:U_MIN_ALARM|count[5]   ; count_min_bin:U_MIN_ALARM|count[2]   ; diver:U_DIVER|m_clk1 ; diver:U_DIVER|m_clk1 ; 1.000        ; -0.063     ; 1.336      ;
; -0.400 ; count_min_bin:U_MIN_ALARM|count[5]   ; count_min_bin:U_MIN_ALARM|count[3]   ; diver:U_DIVER|m_clk1 ; diver:U_DIVER|m_clk1 ; 1.000        ; -0.063     ; 1.332      ;
; -0.388 ; count_min_bin:U_MIN_BIN|count[3]     ; count_min_bin:U_MIN_BIN|count[2]     ; diver:U_DIVER|m_clk1 ; diver:U_DIVER|m_clk1 ; 1.000        ; -0.045     ; 1.338      ;
; -0.379 ; count_min_bin:U_MIN_BIN|count[4]     ; count_min_bin:U_MIN_BIN|count[3]     ; diver:U_DIVER|m_clk1 ; diver:U_DIVER|m_clk1 ; 1.000        ; -0.045     ; 1.329      ;
; -0.377 ; count_hour_bin:U_HOUR_ALARM|count[4] ; count_hour_bin:U_HOUR_ALARM|count[3] ; diver:U_DIVER|m_clk1 ; diver:U_DIVER|m_clk1 ; 1.000        ; -0.063     ; 1.309      ;
; -0.362 ; count_sec_bin:U_SEC_ALARM|count[5]   ; count_sec_bin:U_SEC_ALARM|count[3]   ; diver:U_DIVER|m_clk1 ; diver:U_DIVER|m_clk1 ; 1.000        ; -0.064     ; 1.293      ;
; -0.358 ; count_sec_bin:U_SEC_ALARM|count[5]   ; count_sec_bin:U_SEC_ALARM|count[5]   ; diver:U_DIVER|m_clk1 ; diver:U_DIVER|m_clk1 ; 1.000        ; -0.064     ; 1.289      ;
; -0.358 ; count_min_bin:U_MIN_BIN|count[3]     ; count_min_bin:U_MIN_BIN|count[3]     ; diver:U_DIVER|m_clk1 ; diver:U_DIVER|m_clk1 ; 1.000        ; -0.045     ; 1.308      ;
; -0.255 ; count_hour_bin:U_HOUR_ALARM|count[4] ; count_hour_bin:U_HOUR_ALARM|count[4] ; diver:U_DIVER|m_clk1 ; diver:U_DIVER|m_clk1 ; 1.000        ; -0.063     ; 1.187      ;
; -0.158 ; count_min_bin:U_MIN_ALARM|count[5]   ; count_min_bin:U_MIN_ALARM|count[4]   ; diver:U_DIVER|m_clk1 ; diver:U_DIVER|m_clk1 ; 1.000        ; -0.063     ; 1.090      ;
+--------+--------------------------------------+--------------------------------------+----------------------+----------------------+--------------+------------+------------+


+---------------------------------------------------------------------------------------------------------------------------------------------------------------------+
; Slow 1200mV 85C Model Setup: 'diver:U_DIVER|m_clk0'                                                                                                                 ;
+--------+----------------------------------+----------------------------------+----------------------+----------------------+--------------+------------+------------+
; Slack  ; From Node                        ; To Node                          ; Launch Clock         ; Latch Clock          ; Relationship ; Clock Skew ; Data Delay ;
+--------+----------------------------------+----------------------------------+----------------------+----------------------+--------------+------------+------------+
; -1.119 ; count_sec_bin:U_SEC_BIN|count[1] ; count_sec_bin:U_SEC_BIN|count[5] ; diver:U_DIVER|m_clk0 ; diver:U_DIVER|m_clk0 ; 1.000        ; -0.045     ; 2.089      ;
; -1.115 ; count_sec_bin:U_SEC_BIN|count[0] ; count_sec_bin:U_SEC_BIN|count[5] ; diver:U_DIVER|m_clk0 ; diver:U_DIVER|m_clk0 ; 1.000        ; -0.045     ; 2.085      ;
; -1.022 ; count_sec_bin:U_SEC_BIN|count[2] ; count_sec_bin:U_SEC_BIN|count[5] ; diver:U_DIVER|m_clk0 ; diver:U_DIVER|m_clk0 ; 1.000        ; -0.045     ; 1.992      ;
; -1.015 ; count_sec_bin:U_SEC_BIN|count[3] ; count_sec_bin:U_SEC_BIN|count[5] ; diver:U_DIVER|m_clk0 ; diver:U_DIVER|m_clk0 ; 1.000        ; -0.045     ; 1.985      ;
; -0.988 ; count_sec_bin:U_SEC_BIN|count[1] ; count_sec_bin:U_SEC_BIN|count[4] ; diver:U_DIVER|m_clk0 ; diver:U_DIVER|m_clk0 ; 1.000        ; -0.045     ; 1.958      ;
; -0.909 ; count_sec_bin:U_SEC_BIN|count[0] ; count_sec_bin:U_SEC_BIN|count[4] ; diver:U_DIVER|m_clk0 ; diver:U_DIVER|m_clk0 ; 1.000        ; -0.045     ; 1.879      ;
; -0.890 ; count_sec_bin:U_SEC_BIN|count[4] ; count_sec_bin:U_SEC_BIN|count[5] ; diver:U_DIVER|m_clk0 ; diver:U_DIVER|m_clk0 ; 1.000        ; -0.045     ; 1.860      ;
; -0.884 ; count_sec_bin:U_SEC_BIN|count[3] ; count_sec_bin:U_SEC_BIN|count[4] ; diver:U_DIVER|m_clk0 ; diver:U_DIVER|m_clk0 ; 1.000        ; -0.045     ; 1.854      ;
; -0.871 ; count_sec_bin:U_SEC_BIN|count[1] ; count_sec_bin:U_SEC_BIN|count[2] ; diver:U_DIVER|m_clk0 ; diver:U_DIVER|m_clk0 ; 1.000        ; -0.045     ; 1.841      ;
; -0.866 ; count_sec_bin:U_SEC_BIN|count[1] ; count_sec_bin:U_SEC_BIN|count[3] ; diver:U_DIVER|m_clk0 ; diver:U_DIVER|m_clk0 ; 1.000        ; -0.045     ; 1.836      ;
; -0.862 ; count_sec_bin:U_SEC_BIN|count[0] ; count_sec_bin:U_SEC_BIN|count[3] ; diver:U_DIVER|m_clk0 ; diver:U_DIVER|m_clk0 ; 1.000        ; -0.045     ; 1.832      ;
; -0.809 ; count_sec_bin:U_SEC_BIN|count[2] ; count_sec_bin:U_SEC_BIN|count[4] ; diver:U_DIVER|m_clk0 ; diver:U_DIVER|m_clk0 ; 1.000        ; -0.045     ; 1.779      ;
; -0.792 ; count_sec_bin:U_SEC_BIN|count[0] ; count_sec_bin:U_SEC_BIN|count[2] ; diver:U_DIVER|m_clk0 ; diver:U_DIVER|m_clk0 ; 1.000        ; -0.045     ; 1.762      ;
; -0.769 ; count_sec_bin:U_SEC_BIN|count[2] ; count_sec_bin:U_SEC_BIN|count[3] ; diver:U_DIVER|m_clk0 ; diver:U_DIVER|m_clk0 ; 1.000        ; -0.045     ; 1.739      ;
; -0.589 ; count_sec_bin:U_SEC_BIN|count[3] ; count_sec_bin:U_SEC_BIN|count[3] ; diver:U_DIVER|m_clk0 ; diver:U_DIVER|m_clk0 ; 1.000        ; -0.045     ; 1.559      ;
; -0.588 ; count_sec_bin:U_SEC_BIN|count[3] ; count_sec_bin:U_SEC_BIN|count[2] ; diver:U_DIVER|m_clk0 ; diver:U_DIVER|m_clk0 ; 1.000        ; -0.045     ; 1.558      ;
; -0.529 ; count_sec_bin:U_SEC_BIN|count[5] ; count_sec_bin:U_SEC_BIN|count[5] ; diver:U_DIVER|m_clk0 ; diver:U_DIVER|m_clk0 ; 1.000        ; -0.045     ; 1.499      ;
; -0.519 ; count_sec_bin:U_SEC_BIN|count[5] ; count_sec_bin:U_SEC_BIN|count[4] ; diver:U_DIVER|m_clk0 ; diver:U_DIVER|m_clk0 ; 1.000        ; -0.045     ; 1.489      ;
; -0.516 ; count_sec_bin:U_SEC_BIN|count[5] ; count_sec_bin:U_SEC_BIN|count[3] ; diver:U_DIVER|m_clk0 ; diver:U_DIVER|m_clk0 ; 1.000        ; -0.045     ; 1.486      ;
; -0.515 ; count_sec_bin:U_SEC_BIN|count[5] ; count_sec_bin:U_SEC_BIN|count[2] ; diver:U_DIVER|m_clk0 ; diver:U_DIVER|m_clk0 ; 1.000        ; -0.045     ; 1.485      ;
; -0.437 ; count_sec_bin:U_SEC_BIN|count[0] ; count_sec_bin:U_SEC_BIN|count[1] ; diver:U_DIVER|m_clk0 ; diver:U_DIVER|m_clk0 ; 1.000        ; -0.045     ; 1.407      ;
; -0.372 ; count_sec_bin:U_SEC_BIN|count[4] ; count_sec_bin:U_SEC_BIN|count[4] ; diver:U_DIVER|m_clk0 ; diver:U_DIVER|m_clk0 ; 1.000        ; -0.045     ; 1.342      ;
; -0.371 ; count_sec_bin:U_SEC_BIN|count[2] ; count_sec_bin:U_SEC_BIN|count[2] ; diver:U_DIVER|m_clk0 ; diver:U_DIVER|m_clk0 ; 1.000        ; -0.039     ; 1.347      ;
; -0.355 ; count_sec_bin:U_SEC_BIN|count[4] ; count_sec_bin:U_SEC_BIN|count[3] ; diver:U_DIVER|m_clk0 ; diver:U_DIVER|m_clk0 ; 1.000        ; -0.045     ; 1.325      ;
; -0.354 ; count_sec_bin:U_SEC_BIN|count[4] ; count_sec_bin:U_SEC_BIN|count[2] ; diver:U_DIVER|m_clk0 ; diver:U_DIVER|m_clk0 ; 1.000        ; -0.045     ; 1.324      ;
; -0.047 ; count_sec_bin:U_SEC_BIN|count[0] ; count_sec_bin:U_SEC_BIN|count[0] ; diver:U_DIVER|m_clk0 ; diver:U_DIVER|m_clk0 ; 1.000        ; -0.039     ; 1.023      ;
; -0.020 ; count_sec_bin:U_SEC_BIN|count[1] ; count_sec_bin:U_SEC_BIN|count[1] ; diver:U_DIVER|m_clk0 ; diver:U_DIVER|m_clk0 ; 1.000        ; -0.039     ; 0.996      ;
+--------+----------------------------------+----------------------------------+----------------------+----------------------+--------------+------------+------------+


+----------------------------------------------------------------------------------------------------------------------------------------+
; Slow 1200mV 85C Model Setup: 'clk'                                                                                                     ;
+--------+------------------------+------------------------+----------------------+-------------+--------------+------------+------------+
; Slack  ; From Node              ; To Node                ; Launch Clock         ; Latch Clock ; Relationship ; Clock Skew ; Data Delay ;
+--------+------------------------+------------------------+----------------------+-------------+--------------+------------+------------+
; -0.224 ; diver:U_DIVER|cnt_0[0] ; diver:U_DIVER|m_clk0   ; clk                  ; clk         ; 1.000        ; -0.063     ; 1.156      ;
; -0.075 ; diver:U_DIVER|cnt_0[1] ; diver:U_DIVER|m_clk0   ; clk                  ; clk         ; 1.000        ; -0.063     ; 1.007      ;
; -0.036 ; diver:U_DIVER|m_clk0   ; diver:U_DIVER|m_clk0   ; diver:U_DIVER|m_clk0 ; clk         ; 0.500        ; 2.084      ; 2.814      ;
; 0.051  ; diver:U_DIVER|m_clk1   ; diver:U_DIVER|m_clk1   ; diver:U_DIVER|m_clk1 ; clk         ; 0.500        ; 2.085      ; 2.718      ;
; 0.098  ; diver:U_DIVER|cnt_0[0] ; diver:U_DIVER|cnt_0[1] ; clk                  ; clk         ; 1.000        ; -0.063     ; 0.834      ;
; 0.235  ; diver:U_DIVER|cnt_0[1] ; diver:U_DIVER|cnt_0[0] ; clk                  ; clk         ; 1.000        ; -0.063     ; 0.697      ;
; 0.273  ; diver:U_DIVER|cnt_0[0] ; diver:U_DIVER|cnt_0[0] ; clk                  ; clk         ; 1.000        ; -0.063     ; 0.659      ;
; 0.273  ; diver:U_DIVER|cnt_0[1] ; diver:U_DIVER|cnt_0[1] ; clk                  ; clk         ; 1.000        ; -0.063     ; 0.659      ;
; 0.298  ; trigger:U_TRIGGER|temp ; trigger:U_TRIGGER|temp ; clk                  ; clk         ; 1.000        ; -0.038     ; 0.659      ;
; 0.605  ; diver:U_DIVER|m_clk1   ; diver:U_DIVER|m_clk1   ; diver:U_DIVER|m_clk1 ; clk         ; 1.000        ; 2.085      ; 2.664      ;
; 0.641  ; diver:U_DIVER|m_clk0   ; diver:U_DIVER|m_clk0   ; diver:U_DIVER|m_clk0 ; clk         ; 1.000        ; 2.084      ; 2.637      ;
+--------+------------------------+------------------------+----------------------+-------------+--------------+------------+------------+


+----------------------------------------------------------------------------------------------------------------------------------------+
; Slow 1200mV 85C Model Hold: 'clk'                                                                                                      ;
+--------+------------------------+------------------------+----------------------+-------------+--------------+------------+------------+
; Slack  ; From Node              ; To Node                ; Launch Clock         ; Latch Clock ; Relationship ; Clock Skew ; Data Delay ;
+--------+------------------------+------------------------+----------------------+-------------+--------------+------------+------------+
; -0.070 ; diver:U_DIVER|m_clk0   ; diver:U_DIVER|m_clk0   ; diver:U_DIVER|m_clk0 ; clk         ; 0.000        ; 2.159      ; 2.465      ;
; -0.050 ; diver:U_DIVER|m_clk1   ; diver:U_DIVER|m_clk1   ; diver:U_DIVER|m_clk1 ; clk         ; 0.000        ; 2.160      ; 2.496      ;
; 0.360  ; diver:U_DIVER|cnt_0[1] ; diver:U_DIVER|cnt_0[1] ; clk                  ; clk         ; 0.000        ; 0.063      ; 0.580      ;
; 0.360  ; diver:U_DIVER|cnt_0[0] ; diver:U_DIVER|cnt_0[0] ; clk                  ; clk         ; 0.000        ; 0.063      ; 0.580      ;
; 0.375  ; diver:U_DIVER|cnt_0[1] ; diver:U_DIVER|cnt_0[0] ; clk                  ; clk         ; 0.000        ; 0.063      ; 0.595      ;
; 0.382  ; trigger:U_TRIGGER|temp ; trigger:U_TRIGGER|temp ; clk                  ; clk         ; 0.000        ; 0.038      ; 0.577      ;
; 0.493  ; diver:U_DIVER|m_clk1   ; diver:U_DIVER|m_clk1   ; diver:U_DIVER|m_clk1 ; clk         ; -0.500       ; 2.160      ; 2.539      ;
; 0.526  ; diver:U_DIVER|cnt_0[0] ; diver:U_DIVER|cnt_0[1] ; clk                  ; clk         ; 0.000        ; 0.063      ; 0.746      ;
; 0.569  ; diver:U_DIVER|m_clk0   ; diver:U_DIVER|m_clk0   ; diver:U_DIVER|m_clk0 ; clk         ; -0.500       ; 2.159      ; 2.604      ;
; 0.672  ; diver:U_DIVER|cnt_0[1] ; diver:U_DIVER|m_clk0   ; clk                  ; clk         ; 0.000        ; 0.063      ; 0.892      ;
; 0.790  ; diver:U_DIVER|cnt_0[0] ; diver:U_DIVER|m_clk0   ; clk                  ; clk         ; 0.000        ; 0.063      ; 1.010      ;
+--------+------------------------+------------------------+----------------------+-------------+--------------+------------+------------+


+----------------------------------------------------------------------------------------------------------------------------------------------------------------------------+
; Slow 1200mV 85C Model Hold: 'diver:U_DIVER|m_clk1'                                                                                                                         ;
+-------+--------------------------------------+--------------------------------------+----------------------+----------------------+--------------+------------+------------+
; Slack ; From Node                            ; To Node                              ; Launch Clock         ; Latch Clock          ; Relationship ; Clock Skew ; Data Delay ;
+-------+--------------------------------------+--------------------------------------+----------------------+----------------------+--------------+------------+------------+
; 0.116 ; trigger:U_TRIGGER|temp               ; count_hour_bin:U_HOUR_ALARM|count[4] ; clk                  ; diver:U_DIVER|m_clk1 ; -0.500       ; 2.450      ; 2.253      ;
; 0.116 ; trigger:U_TRIGGER|temp               ; count_hour_bin:U_HOUR_ALARM|count[0] ; clk                  ; diver:U_DIVER|m_clk1 ; -0.500       ; 2.450      ; 2.253      ;
; 0.116 ; trigger:U_TRIGGER|temp               ; count_hour_bin:U_HOUR_ALARM|count[3] ; clk                  ; diver:U_DIVER|m_clk1 ; -0.500       ; 2.450      ; 2.253      ;
; 0.116 ; trigger:U_TRIGGER|temp               ; count_hour_bin:U_HOUR_ALARM|count[1] ; clk                  ; diver:U_DIVER|m_clk1 ; -0.500       ; 2.450      ; 2.253      ;
; 0.116 ; trigger:U_TRIGGER|temp               ; count_hour_bin:U_HOUR_ALARM|count[2] ; clk                  ; diver:U_DIVER|m_clk1 ; -0.500       ; 2.450      ; 2.253      ;
; 0.154 ; trigger:U_TRIGGER|temp               ; count_min_bin:U_MIN_ALARM|count[5]   ; clk                  ; diver:U_DIVER|m_clk1 ; -0.500       ; 2.449      ; 2.290      ;
; 0.154 ; trigger:U_TRIGGER|temp               ; count_min_bin:U_MIN_ALARM|count[0]   ; clk                  ; diver:U_DIVER|m_clk1 ; -0.500       ; 2.449      ; 2.290      ;
; 0.154 ; trigger:U_TRIGGER|temp               ; count_min_bin:U_MIN_ALARM|count[1]   ; clk                  ; diver:U_DIVER|m_clk1 ; -0.500       ; 2.449      ; 2.290      ;
; 0.154 ; trigger:U_TRIGGER|temp               ; count_min_bin:U_MIN_ALARM|count[2]   ; clk                  ; diver:U_DIVER|m_clk1 ; -0.500       ; 2.449      ; 2.290      ;
; 0.154 ; trigger:U_TRIGGER|temp               ; count_min_bin:U_MIN_ALARM|count[3]   ; clk                  ; diver:U_DIVER|m_clk1 ; -0.500       ; 2.449      ; 2.290      ;
; 0.154 ; trigger:U_TRIGGER|temp               ; count_min_bin:U_MIN_ALARM|count[4]   ; clk                  ; diver:U_DIVER|m_clk1 ; -0.500       ; 2.449      ; 2.290      ;
; 0.207 ; trigger:U_TRIGGER|temp               ; count_sec_bin:U_SEC_ALARM|count[5]   ; clk                  ; diver:U_DIVER|m_clk1 ; -0.500       ; 2.450      ; 2.344      ;
; 0.207 ; trigger:U_TRIGGER|temp               ; count_sec_bin:U_SEC_ALARM|count[0]   ; clk                  ; diver:U_DIVER|m_clk1 ; -0.500       ; 2.450      ; 2.344      ;
; 0.207 ; trigger:U_TRIGGER|temp               ; count_sec_bin:U_SEC_ALARM|count[1]   ; clk                  ; diver:U_DIVER|m_clk1 ; -0.500       ; 2.450      ; 2.344      ;
; 0.207 ; trigger:U_TRIGGER|temp               ; count_sec_bin:U_SEC_ALARM|count[2]   ; clk                  ; diver:U_DIVER|m_clk1 ; -0.500       ; 2.450      ; 2.344      ;
; 0.207 ; trigger:U_TRIGGER|temp               ; count_sec_bin:U_SEC_ALARM|count[3]   ; clk                  ; diver:U_DIVER|m_clk1 ; -0.500       ; 2.450      ; 2.344      ;
; 0.207 ; trigger:U_TRIGGER|temp               ; count_sec_bin:U_SEC_ALARM|count[4]   ; clk                  ; diver:U_DIVER|m_clk1 ; -0.500       ; 2.450      ; 2.344      ;
; 0.356 ; count_sec_bin:U_SEC_ALARM|count[2]   ; count_sec_bin:U_SEC_ALARM|count[2]   ; diver:U_DIVER|m_clk1 ; diver:U_DIVER|m_clk1 ; 0.000        ; 0.064      ; 0.577      ;
; 0.357 ; count_min_bin:U_MIN_ALARM|count[2]   ; count_min_bin:U_MIN_ALARM|count[2]   ; diver:U_DIVER|m_clk1 ; diver:U_DIVER|m_clk1 ; 0.000        ; 0.063      ; 0.577      ;
; 0.381 ; count_min_bin:U_MIN_BIN|count[2]     ; count_min_bin:U_MIN_BIN|count[2]     ; diver:U_DIVER|m_clk1 ; diver:U_DIVER|m_clk1 ; 0.000        ; 0.039      ; 0.577      ;
; 0.411 ; count_hour_bin:U_HOUR_BIN|count[1]   ; count_hour_bin:U_HOUR_BIN|count[4]   ; diver:U_DIVER|m_clk1 ; diver:U_DIVER|m_clk1 ; 0.000        ; 0.452      ; 1.020      ;
; 0.568 ; count_sec_bin:U_SEC_ALARM|count[1]   ; count_sec_bin:U_SEC_ALARM|count[1]   ; diver:U_DIVER|m_clk1 ; diver:U_DIVER|m_clk1 ; 0.000        ; 0.064      ; 0.789      ;
; 0.571 ; count_hour_bin:U_HOUR_ALARM|count[1] ; count_hour_bin:U_HOUR_ALARM|count[1] ; diver:U_DIVER|m_clk1 ; diver:U_DIVER|m_clk1 ; 0.000        ; 0.063      ; 0.791      ;
; 0.571 ; count_min_bin:U_MIN_ALARM|count[1]   ; count_min_bin:U_MIN_ALARM|count[1]   ; diver:U_DIVER|m_clk1 ; diver:U_DIVER|m_clk1 ; 0.000        ; 0.063      ; 0.791      ;
; 0.571 ; count_hour_bin:U_HOUR_BIN|count[2]   ; count_hour_bin:U_HOUR_BIN|count[2]   ; diver:U_DIVER|m_clk1 ; diver:U_DIVER|m_clk1 ; 0.000        ; 0.064      ; 0.792      ;
; 0.586 ; count_hour_bin:U_HOUR_BIN|count[1]   ; count_hour_bin:U_HOUR_BIN|count[1]   ; diver:U_DIVER|m_clk1 ; diver:U_DIVER|m_clk1 ; 0.000        ; 0.064      ; 0.807      ;
; 0.587 ; count_hour_bin:U_HOUR_ALARM|count[0] ; count_hour_bin:U_HOUR_ALARM|count[0] ; diver:U_DIVER|m_clk1 ; diver:U_DIVER|m_clk1 ; 0.000        ; 0.063      ; 0.807      ;
; 0.587 ; count_min_bin:U_MIN_ALARM|count[0]   ; count_min_bin:U_MIN_ALARM|count[0]   ; diver:U_DIVER|m_clk1 ; diver:U_DIVER|m_clk1 ; 0.000        ; 0.063      ; 0.807      ;
; 0.590 ; count_min_bin:U_MIN_ALARM|count[2]   ; count_min_bin:U_MIN_ALARM|count[4]   ; diver:U_DIVER|m_clk1 ; diver:U_DIVER|m_clk1 ; 0.000        ; 0.063      ; 0.810      ;
; 0.591 ; count_hour_bin:U_HOUR_BIN|count[3]   ; count_hour_bin:U_HOUR_BIN|count[4]   ; diver:U_DIVER|m_clk1 ; diver:U_DIVER|m_clk1 ; 0.000        ; 0.452      ; 1.200      ;
; 0.592 ; count_hour_bin:U_HOUR_BIN|count[0]   ; count_hour_bin:U_HOUR_BIN|count[0]   ; diver:U_DIVER|m_clk1 ; diver:U_DIVER|m_clk1 ; 0.000        ; 0.064      ; 0.813      ;
; 0.593 ; count_hour_bin:U_HOUR_ALARM|count[2] ; count_hour_bin:U_HOUR_ALARM|count[2] ; diver:U_DIVER|m_clk1 ; diver:U_DIVER|m_clk1 ; 0.000        ; 0.063      ; 0.813      ;
; 0.603 ; count_min_bin:U_MIN_BIN|count[1]     ; count_min_bin:U_MIN_BIN|count[1]     ; diver:U_DIVER|m_clk1 ; diver:U_DIVER|m_clk1 ; 0.000        ; 0.039      ; 0.799      ;
; 0.608 ; count_sec_bin:U_SEC_ALARM|count[0]   ; count_sec_bin:U_SEC_ALARM|count[0]   ; diver:U_DIVER|m_clk1 ; diver:U_DIVER|m_clk1 ; 0.000        ; 0.064      ; 0.829      ;
; 0.618 ; count_min_bin:U_MIN_BIN|count[0]     ; count_min_bin:U_MIN_BIN|count[0]     ; diver:U_DIVER|m_clk1 ; diver:U_DIVER|m_clk1 ; 0.000        ; 0.039      ; 0.814      ;
; 0.620 ; count_sec_bin:U_SEC_ALARM|count[2]   ; count_sec_bin:U_SEC_ALARM|count[5]   ; diver:U_DIVER|m_clk1 ; diver:U_DIVER|m_clk1 ; 0.000        ; 0.064      ; 0.841      ;
; 0.621 ; count_sec_bin:U_SEC_ALARM|count[2]   ; count_sec_bin:U_SEC_ALARM|count[4]   ; diver:U_DIVER|m_clk1 ; diver:U_DIVER|m_clk1 ; 0.000        ; 0.064      ; 0.842      ;
; 0.622 ; count_sec_bin:U_SEC_ALARM|count[2]   ; count_sec_bin:U_SEC_ALARM|count[3]   ; diver:U_DIVER|m_clk1 ; diver:U_DIVER|m_clk1 ; 0.000        ; 0.064      ; 0.843      ;
; 0.635 ; count_min_bin:U_MIN_BIN|count[2]     ; count_min_bin:U_MIN_BIN|count[4]     ; diver:U_DIVER|m_clk1 ; diver:U_DIVER|m_clk1 ; 0.000        ; 0.045      ; 0.837      ;
; 0.660 ; count_min_bin:U_MIN_ALARM|count[2]   ; count_min_bin:U_MIN_ALARM|count[3]   ; diver:U_DIVER|m_clk1 ; diver:U_DIVER|m_clk1 ; 0.000        ; 0.063      ; 0.880      ;
; 0.662 ; count_min_bin:U_MIN_ALARM|count[2]   ; count_min_bin:U_MIN_ALARM|count[5]   ; diver:U_DIVER|m_clk1 ; diver:U_DIVER|m_clk1 ; 0.000        ; 0.063      ; 0.882      ;
; 0.699 ; count_sec_bin:U_SEC_ALARM|count[5]   ; count_sec_bin:U_SEC_ALARM|count[5]   ; diver:U_DIVER|m_clk1 ; diver:U_DIVER|m_clk1 ; 0.000        ; 0.064      ; 0.920      ;
; 0.708 ; count_min_bin:U_MIN_ALARM|count[5]   ; count_min_bin:U_MIN_ALARM|count[5]   ; diver:U_DIVER|m_clk1 ; diver:U_DIVER|m_clk1 ; 0.000        ; 0.063      ; 0.928      ;
; 0.710 ; count_min_bin:U_MIN_BIN|count[5]     ; count_min_bin:U_MIN_BIN|count[5]     ; diver:U_DIVER|m_clk1 ; diver:U_DIVER|m_clk1 ; 0.000        ; 0.045      ; 0.912      ;
; 0.714 ; count_hour_bin:U_HOUR_ALARM|count[4] ; count_hour_bin:U_HOUR_ALARM|count[4] ; diver:U_DIVER|m_clk1 ; diver:U_DIVER|m_clk1 ; 0.000        ; 0.063      ; 0.934      ;
; 0.723 ; count_hour_bin:U_HOUR_BIN|count[4]   ; count_hour_bin:U_HOUR_BIN|count[4]   ; diver:U_DIVER|m_clk1 ; diver:U_DIVER|m_clk1 ; 0.000        ; 0.080      ; 0.960      ;
; 0.728 ; count_min_bin:U_MIN_ALARM|count[5]   ; count_min_bin:U_MIN_ALARM|count[4]   ; diver:U_DIVER|m_clk1 ; diver:U_DIVER|m_clk1 ; 0.000        ; 0.063      ; 0.948      ;
; 0.729 ; count_sec_bin:U_SEC_ALARM|count[5]   ; count_sec_bin:U_SEC_ALARM|count[4]   ; diver:U_DIVER|m_clk1 ; diver:U_DIVER|m_clk1 ; 0.000        ; 0.064      ; 0.950      ;
; 0.750 ; count_hour_bin:U_HOUR_ALARM|count[1] ; count_hour_bin:U_HOUR_ALARM|count[4] ; diver:U_DIVER|m_clk1 ; diver:U_DIVER|m_clk1 ; 0.000        ; 0.063      ; 0.970      ;
; 0.750 ; count_hour_bin:U_HOUR_BIN|count[3]   ; count_hour_bin:U_HOUR_BIN|count[3]   ; diver:U_DIVER|m_clk1 ; diver:U_DIVER|m_clk1 ; 0.000        ; 0.064      ; 0.971      ;
; 0.753 ; count_min_bin:U_MIN_BIN|count[1]     ; count_min_bin:U_MIN_BIN|count[4]     ; diver:U_DIVER|m_clk1 ; diver:U_DIVER|m_clk1 ; 0.000        ; 0.045      ; 0.955      ;
; 0.758 ; count_min_bin:U_MIN_ALARM|count[1]   ; count_min_bin:U_MIN_ALARM|count[4]   ; diver:U_DIVER|m_clk1 ; diver:U_DIVER|m_clk1 ; 0.000        ; 0.063      ; 0.978      ;
; 0.762 ; count_min_bin:U_MIN_BIN|count[2]     ; count_min_bin:U_MIN_BIN|count[5]     ; diver:U_DIVER|m_clk1 ; diver:U_DIVER|m_clk1 ; 0.000        ; 0.045      ; 0.964      ;
; 0.765 ; count_hour_bin:U_HOUR_BIN|count[2]   ; count_hour_bin:U_HOUR_BIN|count[4]   ; diver:U_DIVER|m_clk1 ; diver:U_DIVER|m_clk1 ; 0.000        ; 0.452      ; 1.374      ;
; 0.767 ; count_min_bin:U_MIN_BIN|count[2]     ; count_min_bin:U_MIN_BIN|count[3]     ; diver:U_DIVER|m_clk1 ; diver:U_DIVER|m_clk1 ; 0.000        ; 0.045      ; 0.969      ;
; 0.773 ; count_hour_bin:U_HOUR_ALARM|count[1] ; count_hour_bin:U_HOUR_ALARM|count[3] ; diver:U_DIVER|m_clk1 ; diver:U_DIVER|m_clk1 ; 0.000        ; 0.063      ; 0.993      ;
; 0.777 ; count_min_bin:U_MIN_ALARM|count[1]   ; count_min_bin:U_MIN_ALARM|count[5]   ; diver:U_DIVER|m_clk1 ; diver:U_DIVER|m_clk1 ; 0.000        ; 0.063      ; 0.997      ;
; 0.780 ; count_min_bin:U_MIN_ALARM|count[1]   ; count_min_bin:U_MIN_ALARM|count[2]   ; diver:U_DIVER|m_clk1 ; diver:U_DIVER|m_clk1 ; 0.000        ; 0.063      ; 1.000      ;
; 0.781 ; count_min_bin:U_MIN_ALARM|count[1]   ; count_min_bin:U_MIN_ALARM|count[3]   ; diver:U_DIVER|m_clk1 ; diver:U_DIVER|m_clk1 ; 0.000        ; 0.063      ; 1.001      ;
; 0.783 ; count_hour_bin:U_HOUR_BIN|count[1]   ; count_hour_bin:U_HOUR_BIN|count[3]   ; diver:U_DIVER|m_clk1 ; diver:U_DIVER|m_clk1 ; 0.000        ; 0.064      ; 1.004      ;
; 0.828 ; count_sec_bin:U_SEC_ALARM|count[1]   ; count_sec_bin:U_SEC_ALARM|count[3]   ; diver:U_DIVER|m_clk1 ; diver:U_DIVER|m_clk1 ; 0.000        ; 0.064      ; 1.049      ;
; 0.832 ; count_sec_bin:U_SEC_ALARM|count[1]   ; count_sec_bin:U_SEC_ALARM|count[5]   ; diver:U_DIVER|m_clk1 ; diver:U_DIVER|m_clk1 ; 0.000        ; 0.064      ; 1.053      ;
; 0.845 ; count_hour_bin:U_HOUR_ALARM|count[1] ; count_hour_bin:U_HOUR_ALARM|count[2] ; diver:U_DIVER|m_clk1 ; diver:U_DIVER|m_clk1 ; 0.000        ; 0.063      ; 1.065      ;
; 0.857 ; count_hour_bin:U_HOUR_ALARM|count[0] ; count_hour_bin:U_HOUR_ALARM|count[1] ; diver:U_DIVER|m_clk1 ; diver:U_DIVER|m_clk1 ; 0.000        ; 0.063      ; 1.077      ;
; 0.857 ; count_min_bin:U_MIN_ALARM|count[0]   ; count_min_bin:U_MIN_ALARM|count[1]   ; diver:U_DIVER|m_clk1 ; diver:U_DIVER|m_clk1 ; 0.000        ; 0.063      ; 1.077      ;
; 0.859 ; count_sec_bin:U_SEC_ALARM|count[3]   ; count_sec_bin:U_SEC_ALARM|count[3]   ; diver:U_DIVER|m_clk1 ; diver:U_DIVER|m_clk1 ; 0.000        ; 0.064      ; 1.080      ;
; 0.859 ; count_hour_bin:U_HOUR_ALARM|count[0] ; count_hour_bin:U_HOUR_ALARM|count[2] ; diver:U_DIVER|m_clk1 ; diver:U_DIVER|m_clk1 ; 0.000        ; 0.063      ; 1.079      ;
; 0.859 ; count_hour_bin:U_HOUR_BIN|count[0]   ; count_hour_bin:U_HOUR_BIN|count[1]   ; diver:U_DIVER|m_clk1 ; diver:U_DIVER|m_clk1 ; 0.000        ; 0.064      ; 1.080      ;
; 0.861 ; count_min_bin:U_MIN_BIN|count[3]     ; count_min_bin:U_MIN_BIN|count[5]     ; diver:U_DIVER|m_clk1 ; diver:U_DIVER|m_clk1 ; 0.000        ; 0.045      ; 1.063      ;
; 0.861 ; count_hour_bin:U_HOUR_BIN|count[1]   ; count_hour_bin:U_HOUR_BIN|count[2]   ; diver:U_DIVER|m_clk1 ; diver:U_DIVER|m_clk1 ; 0.000        ; 0.064      ; 1.082      ;
; 0.861 ; count_hour_bin:U_HOUR_BIN|count[0]   ; count_hour_bin:U_HOUR_BIN|count[2]   ; diver:U_DIVER|m_clk1 ; diver:U_DIVER|m_clk1 ; 0.000        ; 0.064      ; 1.082      ;
; 0.863 ; count_min_bin:U_MIN_ALARM|count[3]   ; count_min_bin:U_MIN_ALARM|count[3]   ; diver:U_DIVER|m_clk1 ; diver:U_DIVER|m_clk1 ; 0.000        ; 0.063      ; 1.083      ;
; 0.866 ; count_min_bin:U_MIN_BIN|count[3]     ; count_min_bin:U_MIN_BIN|count[3]     ; diver:U_DIVER|m_clk1 ; diver:U_DIVER|m_clk1 ; 0.000        ; 0.045      ; 1.068      ;
; 0.873 ; count_min_bin:U_MIN_BIN|count[3]     ; count_min_bin:U_MIN_BIN|count[4]     ; diver:U_DIVER|m_clk1 ; diver:U_DIVER|m_clk1 ; 0.000        ; 0.045      ; 1.075      ;
; 0.875 ; count_sec_bin:U_SEC_ALARM|count[0]   ; count_sec_bin:U_SEC_ALARM|count[1]   ; diver:U_DIVER|m_clk1 ; diver:U_DIVER|m_clk1 ; 0.000        ; 0.064      ; 1.096      ;
; 0.878 ; count_hour_bin:U_HOUR_BIN|count[0]   ; count_hour_bin:U_HOUR_BIN|count[4]   ; diver:U_DIVER|m_clk1 ; diver:U_DIVER|m_clk1 ; 0.000        ; 0.452      ; 1.487      ;
; 0.882 ; count_min_bin:U_MIN_BIN|count[0]     ; count_min_bin:U_MIN_BIN|count[1]     ; diver:U_DIVER|m_clk1 ; diver:U_DIVER|m_clk1 ; 0.000        ; 0.045      ; 1.084      ;
; 0.884 ; count_hour_bin:U_HOUR_ALARM|count[3] ; count_hour_bin:U_HOUR_ALARM|count[3] ; diver:U_DIVER|m_clk1 ; diver:U_DIVER|m_clk1 ; 0.000        ; 0.063      ; 1.104      ;
; 0.905 ; count_hour_bin:U_HOUR_ALARM|count[2] ; count_hour_bin:U_HOUR_ALARM|count[4] ; diver:U_DIVER|m_clk1 ; diver:U_DIVER|m_clk1 ; 0.000        ; 0.063      ; 1.125      ;
; 0.913 ; count_sec_bin:U_SEC_ALARM|count[4]   ; count_sec_bin:U_SEC_ALARM|count[4]   ; diver:U_DIVER|m_clk1 ; diver:U_DIVER|m_clk1 ; 0.000        ; 0.064      ; 1.134      ;
; 0.933 ; count_sec_bin:U_SEC_ALARM|count[1]   ; count_sec_bin:U_SEC_ALARM|count[4]   ; diver:U_DIVER|m_clk1 ; diver:U_DIVER|m_clk1 ; 0.000        ; 0.064      ; 1.154      ;
; 0.933 ; count_hour_bin:U_HOUR_ALARM|count[4] ; count_hour_bin:U_HOUR_ALARM|count[3] ; diver:U_DIVER|m_clk1 ; diver:U_DIVER|m_clk1 ; 0.000        ; 0.063      ; 1.153      ;
; 0.935 ; count_sec_bin:U_SEC_ALARM|count[5]   ; count_sec_bin:U_SEC_ALARM|count[3]   ; diver:U_DIVER|m_clk1 ; diver:U_DIVER|m_clk1 ; 0.000        ; 0.064      ; 1.156      ;
; 0.950 ; count_sec_bin:U_SEC_ALARM|count[1]   ; count_sec_bin:U_SEC_ALARM|count[2]   ; diver:U_DIVER|m_clk1 ; diver:U_DIVER|m_clk1 ; 0.000        ; 0.064      ; 1.171      ;
; 0.951 ; count_min_bin:U_MIN_ALARM|count[5]   ; count_min_bin:U_MIN_ALARM|count[2]   ; diver:U_DIVER|m_clk1 ; diver:U_DIVER|m_clk1 ; 0.000        ; 0.063      ; 1.171      ;
; 0.951 ; count_min_bin:U_MIN_ALARM|count[5]   ; count_min_bin:U_MIN_ALARM|count[3]   ; diver:U_DIVER|m_clk1 ; diver:U_DIVER|m_clk1 ; 0.000        ; 0.063      ; 1.171      ;
; 0.954 ; count_hour_bin:U_HOUR_ALARM|count[0] ; count_hour_bin:U_HOUR_ALARM|count[4] ; diver:U_DIVER|m_clk1 ; diver:U_DIVER|m_clk1 ; 0.000        ; 0.063      ; 1.174      ;
; 0.958 ; count_min_bin:U_MIN_BIN|count[4]     ; count_min_bin:U_MIN_BIN|count[5]     ; diver:U_DIVER|m_clk1 ; diver:U_DIVER|m_clk1 ; 0.000        ; 0.045      ; 1.160      ;
; 0.960 ; count_hour_bin:U_HOUR_BIN|count[2]   ; count_hour_bin:U_HOUR_BIN|count[3]   ; diver:U_DIVER|m_clk1 ; diver:U_DIVER|m_clk1 ; 0.000        ; 0.064      ; 1.181      ;
; 0.963 ; count_min_bin:U_MIN_BIN|count[4]     ; count_min_bin:U_MIN_BIN|count[3]     ; diver:U_DIVER|m_clk1 ; diver:U_DIVER|m_clk1 ; 0.000        ; 0.045      ; 1.165      ;
; 0.970 ; count_min_bin:U_MIN_BIN|count[4]     ; count_min_bin:U_MIN_BIN|count[4]     ; diver:U_DIVER|m_clk1 ; diver:U_DIVER|m_clk1 ; 0.000        ; 0.045      ; 1.172      ;
; 0.974 ; count_min_bin:U_MIN_BIN|count[3]     ; count_min_bin:U_MIN_BIN|count[2]     ; diver:U_DIVER|m_clk1 ; diver:U_DIVER|m_clk1 ; 0.000        ; 0.045      ; 1.176      ;
; 0.976 ; count_sec_bin:U_SEC_ALARM|count[3]   ; count_sec_bin:U_SEC_ALARM|count[4]   ; diver:U_DIVER|m_clk1 ; diver:U_DIVER|m_clk1 ; 0.000        ; 0.064      ; 1.197      ;
; 0.977 ; count_min_bin:U_MIN_ALARM|count[4]   ; count_min_bin:U_MIN_ALARM|count[4]   ; diver:U_DIVER|m_clk1 ; diver:U_DIVER|m_clk1 ; 0.000        ; 0.063      ; 1.197      ;
; 0.988 ; count_min_bin:U_MIN_BIN|count[1]     ; count_min_bin:U_MIN_BIN|count[3]     ; diver:U_DIVER|m_clk1 ; diver:U_DIVER|m_clk1 ; 0.000        ; 0.045      ; 1.190      ;
; 0.990 ; count_min_bin:U_MIN_BIN|count[1]     ; count_min_bin:U_MIN_BIN|count[5]     ; diver:U_DIVER|m_clk1 ; diver:U_DIVER|m_clk1 ; 0.000        ; 0.045      ; 1.192      ;
; 1.007 ; count_min_bin:U_MIN_BIN|count[1]     ; count_min_bin:U_MIN_BIN|count[2]     ; diver:U_DIVER|m_clk1 ; diver:U_DIVER|m_clk1 ; 0.000        ; 0.045      ; 1.209      ;
; 1.032 ; count_min_bin:U_MIN_BIN|count[0]     ; count_min_bin:U_MIN_BIN|count[5]     ; diver:U_DIVER|m_clk1 ; diver:U_DIVER|m_clk1 ; 0.000        ; 0.045      ; 1.234      ;
; 1.035 ; count_min_bin:U_MIN_ALARM|count[3]   ; count_min_bin:U_MIN_ALARM|count[4]   ; diver:U_DIVER|m_clk1 ; diver:U_DIVER|m_clk1 ; 0.000        ; 0.063      ; 1.255      ;
; 1.037 ; count_min_bin:U_MIN_BIN|count[0]     ; count_min_bin:U_MIN_BIN|count[3]     ; diver:U_DIVER|m_clk1 ; diver:U_DIVER|m_clk1 ; 0.000        ; 0.045      ; 1.239      ;
+-------+--------------------------------------+--------------------------------------+----------------------+----------------------+--------------+------------+------------+


+--------------------------------------------------------------------------------------------------------------------------------------------------------------------+
; Slow 1200mV 85C Model Hold: 'diver:U_DIVER|m_clk0'                                                                                                                 ;
+-------+----------------------------------+----------------------------------+----------------------+----------------------+--------------+------------+------------+
; Slack ; From Node                        ; To Node                          ; Launch Clock         ; Latch Clock          ; Relationship ; Clock Skew ; Data Delay ;
+-------+----------------------------------+----------------------------------+----------------------+----------------------+--------------+------------+------------+
; 0.381 ; count_sec_bin:U_SEC_BIN|count[2] ; count_sec_bin:U_SEC_BIN|count[2] ; diver:U_DIVER|m_clk0 ; diver:U_DIVER|m_clk0 ; 0.000        ; 0.039      ; 0.577      ;
; 0.603 ; count_sec_bin:U_SEC_BIN|count[1] ; count_sec_bin:U_SEC_BIN|count[1] ; diver:U_DIVER|m_clk0 ; diver:U_DIVER|m_clk0 ; 0.000        ; 0.039      ; 0.799      ;
; 0.620 ; count_sec_bin:U_SEC_BIN|count[0] ; count_sec_bin:U_SEC_BIN|count[0] ; diver:U_DIVER|m_clk0 ; diver:U_DIVER|m_clk0 ; 0.000        ; 0.039      ; 0.816      ;
; 0.689 ; count_sec_bin:U_SEC_BIN|count[2] ; count_sec_bin:U_SEC_BIN|count[3] ; diver:U_DIVER|m_clk0 ; diver:U_DIVER|m_clk0 ; 0.000        ; 0.045      ; 0.891      ;
; 0.689 ; count_sec_bin:U_SEC_BIN|count[2] ; count_sec_bin:U_SEC_BIN|count[4] ; diver:U_DIVER|m_clk0 ; diver:U_DIVER|m_clk0 ; 0.000        ; 0.045      ; 0.891      ;
; 0.743 ; count_sec_bin:U_SEC_BIN|count[4] ; count_sec_bin:U_SEC_BIN|count[5] ; diver:U_DIVER|m_clk0 ; diver:U_DIVER|m_clk0 ; 0.000        ; 0.045      ; 0.945      ;
; 0.760 ; count_sec_bin:U_SEC_BIN|count[2] ; count_sec_bin:U_SEC_BIN|count[5] ; diver:U_DIVER|m_clk0 ; diver:U_DIVER|m_clk0 ; 0.000        ; 0.045      ; 0.962      ;
; 0.868 ; count_sec_bin:U_SEC_BIN|count[5] ; count_sec_bin:U_SEC_BIN|count[5] ; diver:U_DIVER|m_clk0 ; diver:U_DIVER|m_clk0 ; 0.000        ; 0.045      ; 1.070      ;
; 0.884 ; count_sec_bin:U_SEC_BIN|count[0] ; count_sec_bin:U_SEC_BIN|count[1] ; diver:U_DIVER|m_clk0 ; diver:U_DIVER|m_clk0 ; 0.000        ; 0.045      ; 1.086      ;
; 0.896 ; count_sec_bin:U_SEC_BIN|count[4] ; count_sec_bin:U_SEC_BIN|count[4] ; diver:U_DIVER|m_clk0 ; diver:U_DIVER|m_clk0 ; 0.000        ; 0.045      ; 1.098      ;
; 0.899 ; count_sec_bin:U_SEC_BIN|count[3] ; count_sec_bin:U_SEC_BIN|count[3] ; diver:U_DIVER|m_clk0 ; diver:U_DIVER|m_clk0 ; 0.000        ; 0.045      ; 1.101      ;
; 0.916 ; count_sec_bin:U_SEC_BIN|count[0] ; count_sec_bin:U_SEC_BIN|count[5] ; diver:U_DIVER|m_clk0 ; diver:U_DIVER|m_clk0 ; 0.000        ; 0.045      ; 1.118      ;
; 0.926 ; count_sec_bin:U_SEC_BIN|count[3] ; count_sec_bin:U_SEC_BIN|count[5] ; diver:U_DIVER|m_clk0 ; diver:U_DIVER|m_clk0 ; 0.000        ; 0.045      ; 1.128      ;
; 0.934 ; count_sec_bin:U_SEC_BIN|count[1] ; count_sec_bin:U_SEC_BIN|count[5] ; diver:U_DIVER|m_clk0 ; diver:U_DIVER|m_clk0 ; 0.000        ; 0.045      ; 1.136      ;
; 0.951 ; count_sec_bin:U_SEC_BIN|count[1] ; count_sec_bin:U_SEC_BIN|count[3] ; diver:U_DIVER|m_clk0 ; diver:U_DIVER|m_clk0 ; 0.000        ; 0.045      ; 1.153      ;
; 0.951 ; count_sec_bin:U_SEC_BIN|count[1] ; count_sec_bin:U_SEC_BIN|count[4] ; diver:U_DIVER|m_clk0 ; diver:U_DIVER|m_clk0 ; 0.000        ; 0.045      ; 1.153      ;
; 0.951 ; count_sec_bin:U_SEC_BIN|count[1] ; count_sec_bin:U_SEC_BIN|count[2] ; diver:U_DIVER|m_clk0 ; diver:U_DIVER|m_clk0 ; 0.000        ; 0.045      ; 1.153      ;
; 0.958 ; count_sec_bin:U_SEC_BIN|count[4] ; count_sec_bin:U_SEC_BIN|count[2] ; diver:U_DIVER|m_clk0 ; diver:U_DIVER|m_clk0 ; 0.000        ; 0.045      ; 1.160      ;
; 0.959 ; count_sec_bin:U_SEC_BIN|count[4] ; count_sec_bin:U_SEC_BIN|count[3] ; diver:U_DIVER|m_clk0 ; diver:U_DIVER|m_clk0 ; 0.000        ; 0.045      ; 1.161      ;
; 1.083 ; count_sec_bin:U_SEC_BIN|count[5] ; count_sec_bin:U_SEC_BIN|count[2] ; diver:U_DIVER|m_clk0 ; diver:U_DIVER|m_clk0 ; 0.000        ; 0.045      ; 1.285      ;
; 1.084 ; count_sec_bin:U_SEC_BIN|count[5] ; count_sec_bin:U_SEC_BIN|count[3] ; diver:U_DIVER|m_clk0 ; diver:U_DIVER|m_clk0 ; 0.000        ; 0.045      ; 1.286      ;
; 1.086 ; count_sec_bin:U_SEC_BIN|count[5] ; count_sec_bin:U_SEC_BIN|count[4] ; diver:U_DIVER|m_clk0 ; diver:U_DIVER|m_clk0 ; 0.000        ; 0.045      ; 1.288      ;
; 1.131 ; count_sec_bin:U_SEC_BIN|count[0] ; count_sec_bin:U_SEC_BIN|count[2] ; diver:U_DIVER|m_clk0 ; diver:U_DIVER|m_clk0 ; 0.000        ; 0.045      ; 1.333      ;
; 1.132 ; count_sec_bin:U_SEC_BIN|count[0] ; count_sec_bin:U_SEC_BIN|count[3] ; diver:U_DIVER|m_clk0 ; diver:U_DIVER|m_clk0 ; 0.000        ; 0.045      ; 1.334      ;
; 1.134 ; count_sec_bin:U_SEC_BIN|count[0] ; count_sec_bin:U_SEC_BIN|count[4] ; diver:U_DIVER|m_clk0 ; diver:U_DIVER|m_clk0 ; 0.000        ; 0.045      ; 1.336      ;
; 1.141 ; count_sec_bin:U_SEC_BIN|count[3] ; count_sec_bin:U_SEC_BIN|count[2] ; diver:U_DIVER|m_clk0 ; diver:U_DIVER|m_clk0 ; 0.000        ; 0.045      ; 1.343      ;
; 1.144 ; count_sec_bin:U_SEC_BIN|count[3] ; count_sec_bin:U_SEC_BIN|count[4] ; diver:U_DIVER|m_clk0 ; diver:U_DIVER|m_clk0 ; 0.000        ; 0.045      ; 1.346      ;
+-------+----------------------------------+----------------------------------+----------------------+----------------------+--------------+------------+------------+


+------------------------------------------------------------------------------------------------------------+
; Slow 1200mV 85C Model Minimum Pulse Width: 'clk'                                                           ;
+--------+--------------+----------------+------------------+-------+------------+---------------------------+
; Slack  ; Actual Width ; Required Width ; Type             ; Clock ; Clock Edge ; Target                    ;
+--------+--------------+----------------+------------------+-------+------------+---------------------------+
; -3.000 ; 1.000        ; 4.000          ; Port Rate        ; clk   ; Rise       ; clk                       ;
; -1.000 ; 1.000        ; 2.000          ; Min Period       ; clk   ; Rise       ; diver:U_DIVER|cnt_0[0]    ;
; -1.000 ; 1.000        ; 2.000          ; Min Period       ; clk   ; Rise       ; diver:U_DIVER|cnt_0[1]    ;
; -1.000 ; 1.000        ; 2.000          ; Min Period       ; clk   ; Rise       ; diver:U_DIVER|m_clk0      ;
; -1.000 ; 1.000        ; 2.000          ; Min Period       ; clk   ; Rise       ; diver:U_DIVER|m_clk1      ;
; -1.000 ; 1.000        ; 2.000          ; Min Period       ; clk   ; Rise       ; trigger:U_TRIGGER|temp    ;
; 0.170  ; 0.354        ; 0.184          ; Low Pulse Width  ; clk   ; Rise       ; diver:U_DIVER|cnt_0[0]    ;
; 0.170  ; 0.354        ; 0.184          ; Low Pulse Width  ; clk   ; Rise       ; diver:U_DIVER|cnt_0[1]    ;
; 0.170  ; 0.354        ; 0.184          ; Low Pulse Width  ; clk   ; Rise       ; diver:U_DIVER|m_clk0      ;
; 0.170  ; 0.354        ; 0.184          ; Low Pulse Width  ; clk   ; Rise       ; diver:U_DIVER|m_clk1      ;
; 0.191  ; 0.375        ; 0.184          ; Low Pulse Width  ; clk   ; Rise       ; trigger:U_TRIGGER|temp    ;
; 0.332  ; 0.332        ; 0.000          ; Low Pulse Width  ; clk   ; Rise       ; U_DIVER|cnt_0[0]|clk      ;
; 0.332  ; 0.332        ; 0.000          ; Low Pulse Width  ; clk   ; Rise       ; U_DIVER|cnt_0[1]|clk      ;
; 0.332  ; 0.332        ; 0.000          ; Low Pulse Width  ; clk   ; Rise       ; U_DIVER|m_clk0|clk        ;
; 0.332  ; 0.332        ; 0.000          ; Low Pulse Width  ; clk   ; Rise       ; U_DIVER|m_clk1|clk        ;
; 0.338  ; 0.338        ; 0.000          ; Low Pulse Width  ; clk   ; Rise       ; clk~input|o               ;
; 0.353  ; 0.353        ; 0.000          ; Low Pulse Width  ; clk   ; Rise       ; U_TRIGGER|temp|clk        ;
; 0.359  ; 0.359        ; 0.000          ; Low Pulse Width  ; clk   ; Rise       ; clk~inputclkctrl|inclk[0] ;
; 0.359  ; 0.359        ; 0.000          ; Low Pulse Width  ; clk   ; Rise       ; clk~inputclkctrl|outclk   ;
; 0.407  ; 0.623        ; 0.216          ; High Pulse Width ; clk   ; Rise       ; trigger:U_TRIGGER|temp    ;
; 0.427  ; 0.643        ; 0.216          ; High Pulse Width ; clk   ; Rise       ; diver:U_DIVER|cnt_0[0]    ;
; 0.427  ; 0.643        ; 0.216          ; High Pulse Width ; clk   ; Rise       ; diver:U_DIVER|cnt_0[1]    ;
; 0.427  ; 0.643        ; 0.216          ; High Pulse Width ; clk   ; Rise       ; diver:U_DIVER|m_clk0      ;
; 0.427  ; 0.643        ; 0.216          ; High Pulse Width ; clk   ; Rise       ; diver:U_DIVER|m_clk1      ;
; 0.500  ; 0.500        ; 0.000          ; High Pulse Width ; clk   ; Rise       ; clk~input|i               ;
; 0.500  ; 0.500        ; 0.000          ; Low Pulse Width  ; clk   ; Rise       ; clk~input|i               ;
; 0.640  ; 0.640        ; 0.000          ; High Pulse Width ; clk   ; Rise       ; clk~inputclkctrl|inclk[0] ;
; 0.640  ; 0.640        ; 0.000          ; High Pulse Width ; clk   ; Rise       ; clk~inputclkctrl|outclk   ;
; 0.647  ; 0.647        ; 0.000          ; High Pulse Width ; clk   ; Rise       ; U_TRIGGER|temp|clk        ;
; 0.662  ; 0.662        ; 0.000          ; High Pulse Width ; clk   ; Rise       ; clk~input|o               ;
; 0.667  ; 0.667        ; 0.000          ; High Pulse Width ; clk   ; Rise       ; U_DIVER|cnt_0[0]|clk      ;
; 0.667  ; 0.667        ; 0.000          ; High Pulse Width ; clk   ; Rise       ; U_DIVER|cnt_0[1]|clk      ;
; 0.667  ; 0.667        ; 0.000          ; High Pulse Width ; clk   ; Rise       ; U_DIVER|m_clk0|clk        ;
; 0.667  ; 0.667        ; 0.000          ; High Pulse Width ; clk   ; Rise       ; U_DIVER|m_clk1|clk        ;
+--------+--------------+----------------+------------------+-------+------------+---------------------------+


+--------------------------------------------------------------------------------------------------------------------------------------+
; Slow 1200mV 85C Model Minimum Pulse Width: 'diver:U_DIVER|m_clk1'                                                                    ;
+--------+--------------+----------------+------------------+----------------------+------------+--------------------------------------+
; Slack  ; Actual Width ; Required Width ; Type             ; Clock                ; Clock Edge ; Target                               ;
+--------+--------------+----------------+------------------+----------------------+------------+--------------------------------------+
; -1.000 ; 1.000        ; 2.000          ; Min Period       ; diver:U_DIVER|m_clk1 ; Fall       ; count_hour_bin:U_HOUR_ALARM|count[0] ;
; -1.000 ; 1.000        ; 2.000          ; Min Period       ; diver:U_DIVER|m_clk1 ; Fall       ; count_hour_bin:U_HOUR_ALARM|count[1] ;
; -1.000 ; 1.000        ; 2.000          ; Min Period       ; diver:U_DIVER|m_clk1 ; Fall       ; count_hour_bin:U_HOUR_ALARM|count[2] ;
; -1.000 ; 1.000        ; 2.000          ; Min Period       ; diver:U_DIVER|m_clk1 ; Fall       ; count_hour_bin:U_HOUR_ALARM|count[3] ;
; -1.000 ; 1.000        ; 2.000          ; Min Period       ; diver:U_DIVER|m_clk1 ; Fall       ; count_hour_bin:U_HOUR_ALARM|count[4] ;
; -1.000 ; 1.000        ; 2.000          ; Min Period       ; diver:U_DIVER|m_clk1 ; Fall       ; count_hour_bin:U_HOUR_BIN|count[0]   ;
; -1.000 ; 1.000        ; 2.000          ; Min Period       ; diver:U_DIVER|m_clk1 ; Fall       ; count_hour_bin:U_HOUR_BIN|count[1]   ;
; -1.000 ; 1.000        ; 2.000          ; Min Period       ; diver:U_DIVER|m_clk1 ; Fall       ; count_hour_bin:U_HOUR_BIN|count[2]   ;
; -1.000 ; 1.000        ; 2.000          ; Min Period       ; diver:U_DIVER|m_clk1 ; Fall       ; count_hour_bin:U_HOUR_BIN|count[3]   ;
; -1.000 ; 1.000        ; 2.000          ; Min Period       ; diver:U_DIVER|m_clk1 ; Fall       ; count_hour_bin:U_HOUR_BIN|count[4]   ;
; -1.000 ; 1.000        ; 2.000          ; Min Period       ; diver:U_DIVER|m_clk1 ; Fall       ; count_min_bin:U_MIN_ALARM|count[0]   ;
; -1.000 ; 1.000        ; 2.000          ; Min Period       ; diver:U_DIVER|m_clk1 ; Fall       ; count_min_bin:U_MIN_ALARM|count[1]   ;
; -1.000 ; 1.000        ; 2.000          ; Min Period       ; diver:U_DIVER|m_clk1 ; Fall       ; count_min_bin:U_MIN_ALARM|count[2]   ;
; -1.000 ; 1.000        ; 2.000          ; Min Period       ; diver:U_DIVER|m_clk1 ; Fall       ; count_min_bin:U_MIN_ALARM|count[3]   ;
; -1.000 ; 1.000        ; 2.000          ; Min Period       ; diver:U_DIVER|m_clk1 ; Fall       ; count_min_bin:U_MIN_ALARM|count[4]   ;
; -1.000 ; 1.000        ; 2.000          ; Min Period       ; diver:U_DIVER|m_clk1 ; Fall       ; count_min_bin:U_MIN_ALARM|count[5]   ;
; -1.000 ; 1.000        ; 2.000          ; Min Period       ; diver:U_DIVER|m_clk1 ; Fall       ; count_min_bin:U_MIN_BIN|count[0]     ;
; -1.000 ; 1.000        ; 2.000          ; Min Period       ; diver:U_DIVER|m_clk1 ; Fall       ; count_min_bin:U_MIN_BIN|count[1]     ;
; -1.000 ; 1.000        ; 2.000          ; Min Period       ; diver:U_DIVER|m_clk1 ; Fall       ; count_min_bin:U_MIN_BIN|count[2]     ;
; -1.000 ; 1.000        ; 2.000          ; Min Period       ; diver:U_DIVER|m_clk1 ; Fall       ; count_min_bin:U_MIN_BIN|count[3]     ;
; -1.000 ; 1.000        ; 2.000          ; Min Period       ; diver:U_DIVER|m_clk1 ; Fall       ; count_min_bin:U_MIN_BIN|count[4]     ;
; -1.000 ; 1.000        ; 2.000          ; Min Period       ; diver:U_DIVER|m_clk1 ; Fall       ; count_min_bin:U_MIN_BIN|count[5]     ;
; -1.000 ; 1.000        ; 2.000          ; Min Period       ; diver:U_DIVER|m_clk1 ; Fall       ; count_sec_bin:U_SEC_ALARM|count[0]   ;
; -1.000 ; 1.000        ; 2.000          ; Min Period       ; diver:U_DIVER|m_clk1 ; Fall       ; count_sec_bin:U_SEC_ALARM|count[1]   ;
; -1.000 ; 1.000        ; 2.000          ; Min Period       ; diver:U_DIVER|m_clk1 ; Fall       ; count_sec_bin:U_SEC_ALARM|count[2]   ;
; -1.000 ; 1.000        ; 2.000          ; Min Period       ; diver:U_DIVER|m_clk1 ; Fall       ; count_sec_bin:U_SEC_ALARM|count[3]   ;
; -1.000 ; 1.000        ; 2.000          ; Min Period       ; diver:U_DIVER|m_clk1 ; Fall       ; count_sec_bin:U_SEC_ALARM|count[4]   ;
; -1.000 ; 1.000        ; 2.000          ; Min Period       ; diver:U_DIVER|m_clk1 ; Fall       ; count_sec_bin:U_SEC_ALARM|count[5]   ;
; 0.164  ; 0.380        ; 0.216          ; High Pulse Width ; diver:U_DIVER|m_clk1 ; Fall       ; count_hour_bin:U_HOUR_ALARM|count[0] ;
; 0.164  ; 0.380        ; 0.216          ; High Pulse Width ; diver:U_DIVER|m_clk1 ; Fall       ; count_hour_bin:U_HOUR_ALARM|count[1] ;
; 0.164  ; 0.380        ; 0.216          ; High Pulse Width ; diver:U_DIVER|m_clk1 ; Fall       ; count_hour_bin:U_HOUR_ALARM|count[2] ;
; 0.164  ; 0.380        ; 0.216          ; High Pulse Width ; diver:U_DIVER|m_clk1 ; Fall       ; count_hour_bin:U_HOUR_ALARM|count[3] ;
; 0.164  ; 0.380        ; 0.216          ; High Pulse Width ; diver:U_DIVER|m_clk1 ; Fall       ; count_hour_bin:U_HOUR_ALARM|count[4] ;
; 0.164  ; 0.380        ; 0.216          ; High Pulse Width ; diver:U_DIVER|m_clk1 ; Fall       ; count_min_bin:U_MIN_ALARM|count[0]   ;
; 0.164  ; 0.380        ; 0.216          ; High Pulse Width ; diver:U_DIVER|m_clk1 ; Fall       ; count_min_bin:U_MIN_ALARM|count[1]   ;
; 0.164  ; 0.380        ; 0.216          ; High Pulse Width ; diver:U_DIVER|m_clk1 ; Fall       ; count_min_bin:U_MIN_ALARM|count[2]   ;
; 0.164  ; 0.380        ; 0.216          ; High Pulse Width ; diver:U_DIVER|m_clk1 ; Fall       ; count_min_bin:U_MIN_ALARM|count[3]   ;
; 0.164  ; 0.380        ; 0.216          ; High Pulse Width ; diver:U_DIVER|m_clk1 ; Fall       ; count_min_bin:U_MIN_ALARM|count[4]   ;
; 0.164  ; 0.380        ; 0.216          ; High Pulse Width ; diver:U_DIVER|m_clk1 ; Fall       ; count_min_bin:U_MIN_ALARM|count[5]   ;
; 0.164  ; 0.380        ; 0.216          ; High Pulse Width ; diver:U_DIVER|m_clk1 ; Fall       ; count_sec_bin:U_SEC_ALARM|count[0]   ;
; 0.164  ; 0.380        ; 0.216          ; High Pulse Width ; diver:U_DIVER|m_clk1 ; Fall       ; count_sec_bin:U_SEC_ALARM|count[1]   ;
; 0.164  ; 0.380        ; 0.216          ; High Pulse Width ; diver:U_DIVER|m_clk1 ; Fall       ; count_sec_bin:U_SEC_ALARM|count[2]   ;
; 0.164  ; 0.380        ; 0.216          ; High Pulse Width ; diver:U_DIVER|m_clk1 ; Fall       ; count_sec_bin:U_SEC_ALARM|count[3]   ;
; 0.164  ; 0.380        ; 0.216          ; High Pulse Width ; diver:U_DIVER|m_clk1 ; Fall       ; count_sec_bin:U_SEC_ALARM|count[4]   ;
; 0.164  ; 0.380        ; 0.216          ; High Pulse Width ; diver:U_DIVER|m_clk1 ; Fall       ; count_sec_bin:U_SEC_ALARM|count[5]   ;
; 0.213  ; 0.429        ; 0.216          ; High Pulse Width ; diver:U_DIVER|m_clk1 ; Fall       ; count_min_bin:U_MIN_BIN|count[0]     ;
; 0.213  ; 0.429        ; 0.216          ; High Pulse Width ; diver:U_DIVER|m_clk1 ; Fall       ; count_min_bin:U_MIN_BIN|count[1]     ;
; 0.213  ; 0.429        ; 0.216          ; High Pulse Width ; diver:U_DIVER|m_clk1 ; Fall       ; count_min_bin:U_MIN_BIN|count[2]     ;
; 0.213  ; 0.429        ; 0.216          ; High Pulse Width ; diver:U_DIVER|m_clk1 ; Fall       ; count_min_bin:U_MIN_BIN|count[3]     ;
; 0.213  ; 0.429        ; 0.216          ; High Pulse Width ; diver:U_DIVER|m_clk1 ; Fall       ; count_min_bin:U_MIN_BIN|count[4]     ;
; 0.213  ; 0.429        ; 0.216          ; High Pulse Width ; diver:U_DIVER|m_clk1 ; Fall       ; count_min_bin:U_MIN_BIN|count[5]     ;
; 0.247  ; 0.463        ; 0.216          ; High Pulse Width ; diver:U_DIVER|m_clk1 ; Fall       ; count_hour_bin:U_HOUR_BIN|count[4]   ;
; 0.269  ; 0.485        ; 0.216          ; High Pulse Width ; diver:U_DIVER|m_clk1 ; Fall       ; count_hour_bin:U_HOUR_BIN|count[0]   ;
; 0.269  ; 0.485        ; 0.216          ; High Pulse Width ; diver:U_DIVER|m_clk1 ; Fall       ; count_hour_bin:U_HOUR_BIN|count[1]   ;
; 0.269  ; 0.485        ; 0.216          ; High Pulse Width ; diver:U_DIVER|m_clk1 ; Fall       ; count_hour_bin:U_HOUR_BIN|count[2]   ;
; 0.269  ; 0.485        ; 0.216          ; High Pulse Width ; diver:U_DIVER|m_clk1 ; Fall       ; count_hour_bin:U_HOUR_BIN|count[3]   ;
; 0.328  ; 0.512        ; 0.184          ; Low Pulse Width  ; diver:U_DIVER|m_clk1 ; Fall       ; count_hour_bin:U_HOUR_BIN|count[0]   ;
; 0.328  ; 0.512        ; 0.184          ; Low Pulse Width  ; diver:U_DIVER|m_clk1 ; Fall       ; count_hour_bin:U_HOUR_BIN|count[1]   ;
; 0.328  ; 0.512        ; 0.184          ; Low Pulse Width  ; diver:U_DIVER|m_clk1 ; Fall       ; count_hour_bin:U_HOUR_BIN|count[2]   ;
; 0.328  ; 0.512        ; 0.184          ; Low Pulse Width  ; diver:U_DIVER|m_clk1 ; Fall       ; count_hour_bin:U_HOUR_BIN|count[3]   ;
; 0.348  ; 0.532        ; 0.184          ; Low Pulse Width  ; diver:U_DIVER|m_clk1 ; Fall       ; count_hour_bin:U_HOUR_BIN|count[4]   ;
; 0.371  ; 0.371        ; 0.000          ; Low Pulse Width  ; diver:U_DIVER|m_clk1 ; Rise       ; U_HOUR_ALARM|count[0]|clk            ;
; 0.371  ; 0.371        ; 0.000          ; Low Pulse Width  ; diver:U_DIVER|m_clk1 ; Rise       ; U_HOUR_ALARM|count[1]|clk            ;
; 0.371  ; 0.371        ; 0.000          ; Low Pulse Width  ; diver:U_DIVER|m_clk1 ; Rise       ; U_HOUR_ALARM|count[2]|clk            ;
; 0.371  ; 0.371        ; 0.000          ; Low Pulse Width  ; diver:U_DIVER|m_clk1 ; Rise       ; U_HOUR_ALARM|count[3]|clk            ;
; 0.371  ; 0.371        ; 0.000          ; Low Pulse Width  ; diver:U_DIVER|m_clk1 ; Rise       ; U_HOUR_ALARM|count[4]|clk            ;
; 0.371  ; 0.371        ; 0.000          ; Low Pulse Width  ; diver:U_DIVER|m_clk1 ; Rise       ; U_MIN_ALARM|count[0]|clk             ;
; 0.371  ; 0.371        ; 0.000          ; Low Pulse Width  ; diver:U_DIVER|m_clk1 ; Rise       ; U_MIN_ALARM|count[1]|clk             ;
; 0.371  ; 0.371        ; 0.000          ; Low Pulse Width  ; diver:U_DIVER|m_clk1 ; Rise       ; U_MIN_ALARM|count[2]|clk             ;
; 0.371  ; 0.371        ; 0.000          ; Low Pulse Width  ; diver:U_DIVER|m_clk1 ; Rise       ; U_MIN_ALARM|count[3]|clk             ;
; 0.371  ; 0.371        ; 0.000          ; Low Pulse Width  ; diver:U_DIVER|m_clk1 ; Rise       ; U_MIN_ALARM|count[4]|clk             ;
; 0.371  ; 0.371        ; 0.000          ; Low Pulse Width  ; diver:U_DIVER|m_clk1 ; Rise       ; U_MIN_ALARM|count[5]|clk             ;
; 0.371  ; 0.371        ; 0.000          ; Low Pulse Width  ; diver:U_DIVER|m_clk1 ; Rise       ; U_SEC_ALARM|count[0]|clk             ;
; 0.371  ; 0.371        ; 0.000          ; Low Pulse Width  ; diver:U_DIVER|m_clk1 ; Rise       ; U_SEC_ALARM|count[1]|clk             ;
; 0.371  ; 0.371        ; 0.000          ; Low Pulse Width  ; diver:U_DIVER|m_clk1 ; Rise       ; U_SEC_ALARM|count[2]|clk             ;
; 0.371  ; 0.371        ; 0.000          ; Low Pulse Width  ; diver:U_DIVER|m_clk1 ; Rise       ; U_SEC_ALARM|count[3]|clk             ;
; 0.371  ; 0.371        ; 0.000          ; Low Pulse Width  ; diver:U_DIVER|m_clk1 ; Rise       ; U_SEC_ALARM|count[4]|clk             ;
; 0.371  ; 0.371        ; 0.000          ; Low Pulse Width  ; diver:U_DIVER|m_clk1 ; Rise       ; U_SEC_ALARM|count[5]|clk             ;
; 0.385  ; 0.569        ; 0.184          ; Low Pulse Width  ; diver:U_DIVER|m_clk1 ; Fall       ; count_min_bin:U_MIN_BIN|count[0]     ;
; 0.385  ; 0.569        ; 0.184          ; Low Pulse Width  ; diver:U_DIVER|m_clk1 ; Fall       ; count_min_bin:U_MIN_BIN|count[1]     ;
; 0.385  ; 0.569        ; 0.184          ; Low Pulse Width  ; diver:U_DIVER|m_clk1 ; Fall       ; count_min_bin:U_MIN_BIN|count[2]     ;
; 0.385  ; 0.569        ; 0.184          ; Low Pulse Width  ; diver:U_DIVER|m_clk1 ; Fall       ; count_min_bin:U_MIN_BIN|count[3]     ;
; 0.385  ; 0.569        ; 0.184          ; Low Pulse Width  ; diver:U_DIVER|m_clk1 ; Fall       ; count_min_bin:U_MIN_BIN|count[4]     ;
; 0.385  ; 0.569        ; 0.184          ; Low Pulse Width  ; diver:U_DIVER|m_clk1 ; Fall       ; count_min_bin:U_MIN_BIN|count[5]     ;
; 0.399  ; 0.399        ; 0.000          ; Low Pulse Width  ; diver:U_DIVER|m_clk1 ; Rise       ; U_DIVER|m_clk1~clkctrl|inclk[0]      ;
; 0.399  ; 0.399        ; 0.000          ; Low Pulse Width  ; diver:U_DIVER|m_clk1 ; Rise       ; U_DIVER|m_clk1~clkctrl|outclk        ;
; 0.420  ; 0.420        ; 0.000          ; Low Pulse Width  ; diver:U_DIVER|m_clk1 ; Rise       ; U_MIN_BIN|count[0]|clk               ;
; 0.420  ; 0.420        ; 0.000          ; Low Pulse Width  ; diver:U_DIVER|m_clk1 ; Rise       ; U_MIN_BIN|count[1]|clk               ;
; 0.420  ; 0.420        ; 0.000          ; Low Pulse Width  ; diver:U_DIVER|m_clk1 ; Rise       ; U_MIN_BIN|count[2]|clk               ;
; 0.420  ; 0.420        ; 0.000          ; Low Pulse Width  ; diver:U_DIVER|m_clk1 ; Rise       ; U_MIN_BIN|count[3]|clk               ;
; 0.420  ; 0.420        ; 0.000          ; Low Pulse Width  ; diver:U_DIVER|m_clk1 ; Rise       ; U_MIN_BIN|count[4]|clk               ;
; 0.420  ; 0.420        ; 0.000          ; Low Pulse Width  ; diver:U_DIVER|m_clk1 ; Rise       ; U_MIN_BIN|count[5]|clk               ;
; 0.430  ; 0.430        ; 0.000          ; Low Pulse Width  ; diver:U_DIVER|m_clk1 ; Rise       ; U_MUX_MIN|y|datad                    ;
; 0.435  ; 0.619        ; 0.184          ; Low Pulse Width  ; diver:U_DIVER|m_clk1 ; Fall       ; count_hour_bin:U_HOUR_ALARM|count[0] ;
; 0.435  ; 0.619        ; 0.184          ; Low Pulse Width  ; diver:U_DIVER|m_clk1 ; Fall       ; count_hour_bin:U_HOUR_ALARM|count[1] ;
; 0.435  ; 0.619        ; 0.184          ; Low Pulse Width  ; diver:U_DIVER|m_clk1 ; Fall       ; count_hour_bin:U_HOUR_ALARM|count[2] ;
; 0.435  ; 0.619        ; 0.184          ; Low Pulse Width  ; diver:U_DIVER|m_clk1 ; Fall       ; count_hour_bin:U_HOUR_ALARM|count[3] ;
; 0.435  ; 0.619        ; 0.184          ; Low Pulse Width  ; diver:U_DIVER|m_clk1 ; Fall       ; count_hour_bin:U_HOUR_ALARM|count[4] ;
; 0.435  ; 0.619        ; 0.184          ; Low Pulse Width  ; diver:U_DIVER|m_clk1 ; Fall       ; count_min_bin:U_MIN_ALARM|count[0]   ;
; 0.435  ; 0.619        ; 0.184          ; Low Pulse Width  ; diver:U_DIVER|m_clk1 ; Fall       ; count_min_bin:U_MIN_ALARM|count[1]   ;
+--------+--------------+----------------+------------------+----------------------+------------+--------------------------------------+


+----------------------------------------------------------------------------------------------------------------------------------+
; Slow 1200mV 85C Model Minimum Pulse Width: 'diver:U_DIVER|m_clk0'                                                                ;
+--------+--------------+----------------+------------------+----------------------+------------+----------------------------------+
; Slack  ; Actual Width ; Required Width ; Type             ; Clock                ; Clock Edge ; Target                           ;
+--------+--------------+----------------+------------------+----------------------+------------+----------------------------------+
; -1.000 ; 1.000        ; 2.000          ; Min Period       ; diver:U_DIVER|m_clk0 ; Fall       ; count_sec_bin:U_SEC_BIN|count[0] ;
; -1.000 ; 1.000        ; 2.000          ; Min Period       ; diver:U_DIVER|m_clk0 ; Fall       ; count_sec_bin:U_SEC_BIN|count[1] ;
; -1.000 ; 1.000        ; 2.000          ; Min Period       ; diver:U_DIVER|m_clk0 ; Fall       ; count_sec_bin:U_SEC_BIN|count[2] ;
; -1.000 ; 1.000        ; 2.000          ; Min Period       ; diver:U_DIVER|m_clk0 ; Fall       ; count_sec_bin:U_SEC_BIN|count[3] ;
; -1.000 ; 1.000        ; 2.000          ; Min Period       ; diver:U_DIVER|m_clk0 ; Fall       ; count_sec_bin:U_SEC_BIN|count[4] ;
; -1.000 ; 1.000        ; 2.000          ; Min Period       ; diver:U_DIVER|m_clk0 ; Fall       ; count_sec_bin:U_SEC_BIN|count[5] ;
; 0.213  ; 0.429        ; 0.216          ; High Pulse Width ; diver:U_DIVER|m_clk0 ; Fall       ; count_sec_bin:U_SEC_BIN|count[0] ;
; 0.213  ; 0.429        ; 0.216          ; High Pulse Width ; diver:U_DIVER|m_clk0 ; Fall       ; count_sec_bin:U_SEC_BIN|count[1] ;
; 0.213  ; 0.429        ; 0.216          ; High Pulse Width ; diver:U_DIVER|m_clk0 ; Fall       ; count_sec_bin:U_SEC_BIN|count[2] ;
; 0.213  ; 0.429        ; 0.216          ; High Pulse Width ; diver:U_DIVER|m_clk0 ; Fall       ; count_sec_bin:U_SEC_BIN|count[3] ;
; 0.213  ; 0.429        ; 0.216          ; High Pulse Width ; diver:U_DIVER|m_clk0 ; Fall       ; count_sec_bin:U_SEC_BIN|count[4] ;
; 0.213  ; 0.429        ; 0.216          ; High Pulse Width ; diver:U_DIVER|m_clk0 ; Fall       ; count_sec_bin:U_SEC_BIN|count[5] ;
; 0.386  ; 0.570        ; 0.184          ; Low Pulse Width  ; diver:U_DIVER|m_clk0 ; Fall       ; count_sec_bin:U_SEC_BIN|count[0] ;
; 0.386  ; 0.570        ; 0.184          ; Low Pulse Width  ; diver:U_DIVER|m_clk0 ; Fall       ; count_sec_bin:U_SEC_BIN|count[1] ;
; 0.386  ; 0.570        ; 0.184          ; Low Pulse Width  ; diver:U_DIVER|m_clk0 ; Fall       ; count_sec_bin:U_SEC_BIN|count[2] ;
; 0.386  ; 0.570        ; 0.184          ; Low Pulse Width  ; diver:U_DIVER|m_clk0 ; Fall       ; count_sec_bin:U_SEC_BIN|count[3] ;
; 0.386  ; 0.570        ; 0.184          ; Low Pulse Width  ; diver:U_DIVER|m_clk0 ; Fall       ; count_sec_bin:U_SEC_BIN|count[4] ;
; 0.386  ; 0.570        ; 0.184          ; Low Pulse Width  ; diver:U_DIVER|m_clk0 ; Fall       ; count_sec_bin:U_SEC_BIN|count[5] ;
; 0.420  ; 0.420        ; 0.000          ; Low Pulse Width  ; diver:U_DIVER|m_clk0 ; Rise       ; U_SEC_BIN|count[0]|clk           ;
; 0.420  ; 0.420        ; 0.000          ; Low Pulse Width  ; diver:U_DIVER|m_clk0 ; Rise       ; U_SEC_BIN|count[1]|clk           ;
; 0.420  ; 0.420        ; 0.000          ; Low Pulse Width  ; diver:U_DIVER|m_clk0 ; Rise       ; U_SEC_BIN|count[2]|clk           ;
; 0.420  ; 0.420        ; 0.000          ; Low Pulse Width  ; diver:U_DIVER|m_clk0 ; Rise       ; U_SEC_BIN|count[3]|clk           ;
; 0.420  ; 0.420        ; 0.000          ; Low Pulse Width  ; diver:U_DIVER|m_clk0 ; Rise       ; U_SEC_BIN|count[4]|clk           ;
; 0.420  ; 0.420        ; 0.000          ; Low Pulse Width  ; diver:U_DIVER|m_clk0 ; Rise       ; U_SEC_BIN|count[5]|clk           ;
; 0.500  ; 0.500        ; 0.000          ; High Pulse Width ; diver:U_DIVER|m_clk0 ; Rise       ; U_DIVER|m_clk0|q                 ;
; 0.500  ; 0.500        ; 0.000          ; Low Pulse Width  ; diver:U_DIVER|m_clk0 ; Rise       ; U_DIVER|m_clk0|q                 ;
; 0.576  ; 0.576        ; 0.000          ; High Pulse Width ; diver:U_DIVER|m_clk0 ; Rise       ; U_SEC_BIN|count[0]|clk           ;
; 0.576  ; 0.576        ; 0.000          ; High Pulse Width ; diver:U_DIVER|m_clk0 ; Rise       ; U_SEC_BIN|count[1]|clk           ;
; 0.576  ; 0.576        ; 0.000          ; High Pulse Width ; diver:U_DIVER|m_clk0 ; Rise       ; U_SEC_BIN|count[2]|clk           ;
; 0.576  ; 0.576        ; 0.000          ; High Pulse Width ; diver:U_DIVER|m_clk0 ; Rise       ; U_SEC_BIN|count[3]|clk           ;
; 0.576  ; 0.576        ; 0.000          ; High Pulse Width ; diver:U_DIVER|m_clk0 ; Rise       ; U_SEC_BIN|count[4]|clk           ;
; 0.576  ; 0.576        ; 0.000          ; High Pulse Width ; diver:U_DIVER|m_clk0 ; Rise       ; U_SEC_BIN|count[5]|clk           ;
+--------+--------------+----------------+------------------+----------------------+------------+----------------------------------+


+----------------------------------------------------------------------------------------+
; Setup Times                                                                            ;
+-----------+----------------------+--------+--------+------------+----------------------+
; Data Port ; Clock Port           ; Rise   ; Fall   ; Clock Edge ; Clock Reference      ;
+-----------+----------------------+--------+--------+------------+----------------------+
; key_shift ; clk                  ; -0.205 ; -0.063 ; Rise       ; clk                  ;
; key_hour  ; diver:U_DIVER|m_clk1 ; 0.993  ; 1.420  ; Fall       ; diver:U_DIVER|m_clk1 ;
; key_min   ; diver:U_DIVER|m_clk1 ; 0.753  ; 1.204  ; Fall       ; diver:U_DIVER|m_clk1 ;
; key_sec   ; diver:U_DIVER|m_clk1 ; -1.412 ; -1.292 ; Fall       ; diver:U_DIVER|m_clk1 ;
+-----------+----------------------+--------+--------+------------+----------------------+


+----------------------------------------------------------------------------------------+
; Hold Times                                                                             ;
+-----------+----------------------+--------+--------+------------+----------------------+
; Data Port ; Clock Port           ; Rise   ; Fall   ; Clock Edge ; Clock Reference      ;
+-----------+----------------------+--------+--------+------------+----------------------+
; key_shift ; clk                  ; 0.489  ; 0.349  ; Rise       ; clk                  ;
; key_hour  ; diver:U_DIVER|m_clk1 ; -0.572 ; -0.986 ; Fall       ; diver:U_DIVER|m_clk1 ;
; key_min   ; diver:U_DIVER|m_clk1 ; -0.340 ; -0.778 ; Fall       ; diver:U_DIVER|m_clk1 ;
; key_sec   ; diver:U_DIVER|m_clk1 ; 1.730  ; 1.611  ; Fall       ; diver:U_DIVER|m_clk1 ;
+-----------+----------------------+--------+--------+------------+----------------------+


+--------------------------------------------------------------------------------------------+
; Clock to Output Times                                                                      ;
+---------------+----------------------+--------+--------+------------+----------------------+
; Data Port     ; Clock Port           ; Rise   ; Fall   ; Clock Edge ; Clock Reference      ;
+---------------+----------------------+--------+--------+------------+----------------------+
; hour0[*]      ; clk                  ; 7.205  ; 7.133  ; Rise       ; clk                  ;
;  hour0[0]     ; clk                  ; 7.108  ; 7.130  ; Rise       ; clk                  ;
;  hour0[1]     ; clk                  ; 6.472  ; 6.474  ; Rise       ; clk                  ;
;  hour0[2]     ; clk                  ; 6.491  ; 6.517  ; Rise       ; clk                  ;
;  hour0[3]     ; clk                  ; 7.205  ; 7.133  ; Rise       ; clk                  ;
; hour1[*]      ; clk                  ; 6.903  ; 6.949  ; Rise       ; clk                  ;
;  hour1[0]     ; clk                  ; 6.760  ; 6.753  ; Rise       ; clk                  ;
;  hour1[1]     ; clk                  ; 6.903  ; 6.949  ; Rise       ; clk                  ;
; min0[*]       ; clk                  ; 6.964  ; 7.003  ; Rise       ; clk                  ;
;  min0[0]      ; clk                  ; 6.468  ; 6.497  ; Rise       ; clk                  ;
;  min0[1]      ; clk                  ; 6.483  ; 6.498  ; Rise       ; clk                  ;
;  min0[2]      ; clk                  ; 6.530  ; 6.511  ; Rise       ; clk                  ;
;  min0[3]      ; clk                  ; 6.964  ; 7.003  ; Rise       ; clk                  ;
; min1[*]       ; clk                  ; 6.898  ; 6.976  ; Rise       ; clk                  ;
;  min1[0]      ; clk                  ; 6.664  ; 6.711  ; Rise       ; clk                  ;
;  min1[1]      ; clk                  ; 6.898  ; 6.976  ; Rise       ; clk                  ;
;  min1[2]      ; clk                  ; 6.873  ; 6.909  ; Rise       ; clk                  ;
; sec0[*]       ; clk                  ; 8.736  ; 8.790  ; Rise       ; clk                  ;
;  sec0[0]      ; clk                  ; 7.469  ; 7.426  ; Rise       ; clk                  ;
;  sec0[1]      ; clk                  ; 7.955  ; 7.957  ; Rise       ; clk                  ;
;  sec0[2]      ; clk                  ; 8.736  ; 8.790  ; Rise       ; clk                  ;
;  sec0[3]      ; clk                  ; 8.664  ; 8.730  ; Rise       ; clk                  ;
; sec1[*]       ; clk                  ; 8.032  ; 7.956  ; Rise       ; clk                  ;
;  sec1[0]      ; clk                  ; 8.032  ; 7.956  ; Rise       ; clk                  ;
;  sec1[1]      ; clk                  ; 7.375  ; 7.297  ; Rise       ; clk                  ;
;  sec1[2]      ; clk                  ; 8.004  ; 7.916  ; Rise       ; clk                  ;
; seg_hour0[*]  ; clk                  ; 8.004  ; 7.973  ; Rise       ; clk                  ;
;  seg_hour0[0] ; clk                  ; 7.668  ; 7.653  ; Rise       ; clk                  ;
;  seg_hour0[1] ; clk                  ; 7.632  ; 7.634  ; Rise       ; clk                  ;
;  seg_hour0[2] ; clk                  ; 8.004  ; 7.973  ; Rise       ; clk                  ;
;  seg_hour0[3] ; clk                  ; 7.756  ; 7.776  ; Rise       ; clk                  ;
;  seg_hour0[4] ; clk                  ; 7.672  ; 7.651  ; Rise       ; clk                  ;
;  seg_hour0[5] ; clk                  ; 7.862  ; 7.862  ; Rise       ; clk                  ;
;  seg_hour0[6] ; clk                  ; 7.324  ; 7.297  ; Rise       ; clk                  ;
; seg_hour1[*]  ; clk                  ; 8.307  ; 8.369  ; Rise       ; clk                  ;
;  seg_hour1[0] ; clk                  ; 7.786  ; 7.823  ; Rise       ; clk                  ;
;  seg_hour1[2] ; clk                  ; 7.675  ; 7.658  ; Rise       ; clk                  ;
;  seg_hour1[3] ; clk                  ; 7.816  ; 7.853  ; Rise       ; clk                  ;
;  seg_hour1[4] ; clk                  ; 8.292  ; 8.369  ; Rise       ; clk                  ;
;  seg_hour1[5] ; clk                  ; 8.307  ; 8.253  ; Rise       ; clk                  ;
;  seg_hour1[6] ; clk                  ; 8.289  ; 8.257  ; Rise       ; clk                  ;
; seg_min0[*]   ; clk                  ; 7.815  ; 7.685  ; Rise       ; clk                  ;
;  seg_min0[0]  ; clk                  ; 7.300  ; 7.267  ; Rise       ; clk                  ;
;  seg_min0[1]  ; clk                  ; 7.500  ; 7.370  ; Rise       ; clk                  ;
;  seg_min0[2]  ; clk                  ; 7.579  ; 7.418  ; Rise       ; clk                  ;
;  seg_min0[3]  ; clk                  ; 7.483  ; 7.442  ; Rise       ; clk                  ;
;  seg_min0[4]  ; clk                  ; 7.815  ; 7.685  ; Rise       ; clk                  ;
;  seg_min0[5]  ; clk                  ; 7.517  ; 7.469  ; Rise       ; clk                  ;
;  seg_min0[6]  ; clk                  ; 7.337  ; 7.324  ; Rise       ; clk                  ;
; seg_min1[*]   ; clk                  ; 8.696  ; 8.649  ; Rise       ; clk                  ;
;  seg_min1[0]  ; clk                  ; 7.384  ; 7.360  ; Rise       ; clk                  ;
;  seg_min1[1]  ; clk                  ; 7.598  ; 7.564  ; Rise       ; clk                  ;
;  seg_min1[2]  ; clk                  ; 7.631  ; 7.661  ; Rise       ; clk                  ;
;  seg_min1[3]  ; clk                  ; 7.559  ; 7.587  ; Rise       ; clk                  ;
;  seg_min1[4]  ; clk                  ; 7.593  ; 7.584  ; Rise       ; clk                  ;
;  seg_min1[5]  ; clk                  ; 7.776  ; 7.772  ; Rise       ; clk                  ;
;  seg_min1[6]  ; clk                  ; 8.696  ; 8.649  ; Rise       ; clk                  ;
; seg_sec0[*]   ; clk                  ; 11.555 ; 11.533 ; Rise       ; clk                  ;
;  seg_sec0[0]  ; clk                  ; 10.470 ; 10.395 ; Rise       ; clk                  ;
;  seg_sec0[1]  ; clk                  ; 10.030 ; 9.935  ; Rise       ; clk                  ;
;  seg_sec0[2]  ; clk                  ; 10.021 ; 10.004 ; Rise       ; clk                  ;
;  seg_sec0[3]  ; clk                  ; 11.555 ; 11.533 ; Rise       ; clk                  ;
;  seg_sec0[4]  ; clk                  ; 9.921  ; 9.827  ; Rise       ; clk                  ;
;  seg_sec0[5]  ; clk                  ; 10.522 ; 10.485 ; Rise       ; clk                  ;
;  seg_sec0[6]  ; clk                  ; 10.022 ; 9.975  ; Rise       ; clk                  ;
; seg_sec1[*]   ; clk                  ; 9.042  ; 8.961  ; Rise       ; clk                  ;
;  seg_sec1[0]  ; clk                  ; 9.042  ; 8.961  ; Rise       ; clk                  ;
;  seg_sec1[1]  ; clk                  ; 8.900  ; 8.939  ; Rise       ; clk                  ;
;  seg_sec1[2]  ; clk                  ; 8.628  ; 8.714  ; Rise       ; clk                  ;
;  seg_sec1[3]  ; clk                  ; 8.710  ; 8.725  ; Rise       ; clk                  ;
;  seg_sec1[4]  ; clk                  ; 8.722  ; 8.697  ; Rise       ; clk                  ;
;  seg_sec1[5]  ; clk                  ; 8.644  ; 8.732  ; Rise       ; clk                  ;
;  seg_sec1[6]  ; clk                  ; 8.961  ; 8.917  ; Rise       ; clk                  ;
; speak         ; clk                  ; 10.425 ; 10.503 ; Rise       ; clk                  ;
; sec0[*]       ; diver:U_DIVER|m_clk0 ; 14.838 ; 14.687 ; Fall       ; diver:U_DIVER|m_clk0 ;
;  sec0[0]      ; diver:U_DIVER|m_clk0 ; 14.416 ; 14.510 ; Fall       ; diver:U_DIVER|m_clk0 ;
;  sec0[1]      ; diver:U_DIVER|m_clk0 ; 14.057 ; 13.854 ; Fall       ; diver:U_DIVER|m_clk0 ;
;  sec0[2]      ; diver:U_DIVER|m_clk0 ; 14.838 ; 14.687 ; Fall       ; diver:U_DIVER|m_clk0 ;
;  sec0[3]      ; diver:U_DIVER|m_clk0 ; 14.766 ; 14.627 ; Fall       ; diver:U_DIVER|m_clk0 ;
; sec1[*]       ; diver:U_DIVER|m_clk0 ; 13.033 ; 13.197 ; Fall       ; diver:U_DIVER|m_clk0 ;
;  sec1[0]      ; diver:U_DIVER|m_clk0 ; 13.033 ; 13.197 ; Fall       ; diver:U_DIVER|m_clk0 ;
;  sec1[1]      ; diver:U_DIVER|m_clk0 ; 10.403 ; 10.220 ; Fall       ; diver:U_DIVER|m_clk0 ;
;  sec1[2]      ; diver:U_DIVER|m_clk0 ; 8.729  ; 8.395  ; Fall       ; diver:U_DIVER|m_clk0 ;
; seg_sec0[*]   ; diver:U_DIVER|m_clk0 ; 17.512 ; 17.604 ; Fall       ; diver:U_DIVER|m_clk0 ;
;  seg_sec0[0]  ; diver:U_DIVER|m_clk0 ; 16.431 ; 16.470 ; Fall       ; diver:U_DIVER|m_clk0 ;
;  seg_sec0[1]  ; diver:U_DIVER|m_clk0 ; 15.927 ; 16.037 ; Fall       ; diver:U_DIVER|m_clk0 ;
;  seg_sec0[2]  ; diver:U_DIVER|m_clk0 ; 16.015 ; 16.026 ; Fall       ; diver:U_DIVER|m_clk0 ;
;  seg_sec0[3]  ; diver:U_DIVER|m_clk0 ; 17.512 ; 17.604 ; Fall       ; diver:U_DIVER|m_clk0 ;
;  seg_sec0[4]  ; diver:U_DIVER|m_clk0 ; 15.818 ; 15.929 ; Fall       ; diver:U_DIVER|m_clk0 ;
;  seg_sec0[5]  ; diver:U_DIVER|m_clk0 ; 16.522 ; 16.513 ; Fall       ; diver:U_DIVER|m_clk0 ;
;  seg_sec0[6]  ; diver:U_DIVER|m_clk0 ; 16.012 ; 16.022 ; Fall       ; diver:U_DIVER|m_clk0 ;
; seg_sec1[*]   ; diver:U_DIVER|m_clk0 ; 13.921 ; 13.966 ; Fall       ; diver:U_DIVER|m_clk0 ;
;  seg_sec1[0]  ; diver:U_DIVER|m_clk0 ; 13.921 ; 13.966 ; Fall       ; diver:U_DIVER|m_clk0 ;
;  seg_sec1[1]  ; diver:U_DIVER|m_clk0 ; 13.807 ; 13.865 ; Fall       ; diver:U_DIVER|m_clk0 ;
;  seg_sec1[2]  ; diver:U_DIVER|m_clk0 ; 13.471 ; 13.585 ; Fall       ; diver:U_DIVER|m_clk0 ;
;  seg_sec1[3]  ; diver:U_DIVER|m_clk0 ; 13.635 ; 13.632 ; Fall       ; diver:U_DIVER|m_clk0 ;
;  seg_sec1[4]  ; diver:U_DIVER|m_clk0 ; 13.659 ; 13.601 ; Fall       ; diver:U_DIVER|m_clk0 ;
;  seg_sec1[5]  ; diver:U_DIVER|m_clk0 ; 13.651 ; 13.597 ; Fall       ; diver:U_DIVER|m_clk0 ;
;  seg_sec1[6]  ; diver:U_DIVER|m_clk0 ; 13.890 ; 13.778 ; Fall       ; diver:U_DIVER|m_clk0 ;
; speak         ; diver:U_DIVER|m_clk0 ; 16.820 ; 17.012 ; Fall       ; diver:U_DIVER|m_clk0 ;
; hour0[*]      ; diver:U_DIVER|m_clk1 ; 15.918 ; 15.985 ; Fall       ; diver:U_DIVER|m_clk1 ;
;  hour0[0]     ; diver:U_DIVER|m_clk1 ; 15.918 ; 15.985 ; Fall       ; diver:U_DIVER|m_clk1 ;
;  hour0[1]     ; diver:U_DIVER|m_clk1 ; 14.628 ; 14.621 ; Fall       ; diver:U_DIVER|m_clk1 ;
;  hour0[2]     ; diver:U_DIVER|m_clk1 ; 14.853 ; 14.854 ; Fall       ; diver:U_DIVER|m_clk1 ;
;  hour0[3]     ; diver:U_DIVER|m_clk1 ; 14.963 ; 14.972 ; Fall       ; diver:U_DIVER|m_clk1 ;
; hour1[*]      ; diver:U_DIVER|m_clk1 ; 14.964 ; 14.921 ; Fall       ; diver:U_DIVER|m_clk1 ;
;  hour1[0]     ; diver:U_DIVER|m_clk1 ; 14.964 ; 14.921 ; Fall       ; diver:U_DIVER|m_clk1 ;
;  hour1[1]     ; diver:U_DIVER|m_clk1 ; 12.116 ; 12.101 ; Fall       ; diver:U_DIVER|m_clk1 ;
; min0[*]       ; diver:U_DIVER|m_clk1 ; 17.021 ; 16.992 ; Fall       ; diver:U_DIVER|m_clk1 ;
;  min0[0]      ; diver:U_DIVER|m_clk1 ; 17.021 ; 16.992 ; Fall       ; diver:U_DIVER|m_clk1 ;
;  min0[1]      ; diver:U_DIVER|m_clk1 ; 16.241 ; 16.245 ; Fall       ; diver:U_DIVER|m_clk1 ;
;  min0[2]      ; diver:U_DIVER|m_clk1 ; 16.681 ; 16.645 ; Fall       ; diver:U_DIVER|m_clk1 ;
;  min0[3]      ; diver:U_DIVER|m_clk1 ; 16.954 ; 16.910 ; Fall       ; diver:U_DIVER|m_clk1 ;
; min1[*]       ; diver:U_DIVER|m_clk1 ; 15.548 ; 15.734 ; Fall       ; diver:U_DIVER|m_clk1 ;
;  min1[0]      ; diver:U_DIVER|m_clk1 ; 15.548 ; 15.734 ; Fall       ; diver:U_DIVER|m_clk1 ;
;  min1[1]      ; diver:U_DIVER|m_clk1 ; 13.085 ; 13.404 ; Fall       ; diver:U_DIVER|m_clk1 ;
;  min1[2]      ; diver:U_DIVER|m_clk1 ; 11.939 ; 11.842 ; Fall       ; diver:U_DIVER|m_clk1 ;
; sec0[*]       ; diver:U_DIVER|m_clk1 ; 16.757 ; 16.683 ; Fall       ; diver:U_DIVER|m_clk1 ;
;  sec0[0]      ; diver:U_DIVER|m_clk1 ; 15.872 ; 15.708 ; Fall       ; diver:U_DIVER|m_clk1 ;
;  sec0[1]      ; diver:U_DIVER|m_clk1 ; 16.011 ; 15.904 ; Fall       ; diver:U_DIVER|m_clk1 ;
;  sec0[2]      ; diver:U_DIVER|m_clk1 ; 16.757 ; 16.683 ; Fall       ; diver:U_DIVER|m_clk1 ;
;  sec0[3]      ; diver:U_DIVER|m_clk1 ; 16.721 ; 16.677 ; Fall       ; diver:U_DIVER|m_clk1 ;
; sec1[*]       ; diver:U_DIVER|m_clk1 ; 15.924 ; 15.926 ; Fall       ; diver:U_DIVER|m_clk1 ;
;  sec1[0]      ; diver:U_DIVER|m_clk1 ; 15.924 ; 15.926 ; Fall       ; diver:U_DIVER|m_clk1 ;
;  sec1[1]      ; diver:U_DIVER|m_clk1 ; 13.480 ; 13.405 ; Fall       ; diver:U_DIVER|m_clk1 ;
;  sec1[2]      ; diver:U_DIVER|m_clk1 ; 12.385 ; 12.004 ; Fall       ; diver:U_DIVER|m_clk1 ;
; seg_hour0[*]  ; diver:U_DIVER|m_clk1 ; 16.814 ; 16.828 ; Fall       ; diver:U_DIVER|m_clk1 ;
;  seg_hour0[0] ; diver:U_DIVER|m_clk1 ; 16.523 ; 16.508 ; Fall       ; diver:U_DIVER|m_clk1 ;
;  seg_hour0[1] ; diver:U_DIVER|m_clk1 ; 16.487 ; 16.489 ; Fall       ; diver:U_DIVER|m_clk1 ;
;  seg_hour0[2] ; diver:U_DIVER|m_clk1 ; 16.814 ; 16.828 ; Fall       ; diver:U_DIVER|m_clk1 ;
;  seg_hour0[3] ; diver:U_DIVER|m_clk1 ; 16.611 ; 16.631 ; Fall       ; diver:U_DIVER|m_clk1 ;
;  seg_hour0[4] ; diver:U_DIVER|m_clk1 ; 16.527 ; 16.461 ; Fall       ; diver:U_DIVER|m_clk1 ;
;  seg_hour0[5] ; diver:U_DIVER|m_clk1 ; 16.717 ; 16.672 ; Fall       ; diver:U_DIVER|m_clk1 ;
;  seg_hour0[6] ; diver:U_DIVER|m_clk1 ; 16.179 ; 16.107 ; Fall       ; diver:U_DIVER|m_clk1 ;
; seg_hour1[*]  ; diver:U_DIVER|m_clk1 ; 16.460 ; 16.573 ; Fall       ; diver:U_DIVER|m_clk1 ;
;  seg_hour1[0] ; diver:U_DIVER|m_clk1 ; 14.787 ; 14.810 ; Fall       ; diver:U_DIVER|m_clk1 ;
;  seg_hour1[2] ; diver:U_DIVER|m_clk1 ; 14.652 ; 14.638 ; Fall       ; diver:U_DIVER|m_clk1 ;
;  seg_hour1[3] ; diver:U_DIVER|m_clk1 ; 14.817 ; 14.840 ; Fall       ; diver:U_DIVER|m_clk1 ;
;  seg_hour1[4] ; diver:U_DIVER|m_clk1 ; 16.460 ; 16.573 ; Fall       ; diver:U_DIVER|m_clk1 ;
;  seg_hour1[5] ; diver:U_DIVER|m_clk1 ; 15.247 ; 15.219 ; Fall       ; diver:U_DIVER|m_clk1 ;
;  seg_hour1[6] ; diver:U_DIVER|m_clk1 ; 13.502 ; 13.409 ; Fall       ; diver:U_DIVER|m_clk1 ;
; seg_min0[*]   ; diver:U_DIVER|m_clk1 ; 18.017 ; 18.056 ; Fall       ; diver:U_DIVER|m_clk1 ;
;  seg_min0[0]  ; diver:U_DIVER|m_clk1 ; 17.510 ; 17.537 ; Fall       ; diver:U_DIVER|m_clk1 ;
;  seg_min0[1]  ; diver:U_DIVER|m_clk1 ; 17.688 ; 17.744 ; Fall       ; diver:U_DIVER|m_clk1 ;
;  seg_min0[2]  ; diver:U_DIVER|m_clk1 ; 17.770 ; 17.794 ; Fall       ; diver:U_DIVER|m_clk1 ;
;  seg_min0[3]  ; diver:U_DIVER|m_clk1 ; 17.700 ; 17.716 ; Fall       ; diver:U_DIVER|m_clk1 ;
;  seg_min0[4]  ; diver:U_DIVER|m_clk1 ; 18.017 ; 18.056 ; Fall       ; diver:U_DIVER|m_clk1 ;
;  seg_min0[5]  ; diver:U_DIVER|m_clk1 ; 17.701 ; 17.736 ; Fall       ; diver:U_DIVER|m_clk1 ;
;  seg_min0[6]  ; diver:U_DIVER|m_clk1 ; 17.538 ; 17.534 ; Fall       ; diver:U_DIVER|m_clk1 ;
; seg_min1[*]   ; diver:U_DIVER|m_clk1 ; 17.166 ; 17.004 ; Fall       ; diver:U_DIVER|m_clk1 ;
;  seg_min1[0]  ; diver:U_DIVER|m_clk1 ; 15.865 ; 15.840 ; Fall       ; diver:U_DIVER|m_clk1 ;
;  seg_min1[1]  ; diver:U_DIVER|m_clk1 ; 16.062 ; 16.033 ; Fall       ; diver:U_DIVER|m_clk1 ;
;  seg_min1[2]  ; diver:U_DIVER|m_clk1 ; 16.018 ; 16.172 ; Fall       ; diver:U_DIVER|m_clk1 ;
;  seg_min1[3]  ; diver:U_DIVER|m_clk1 ; 16.030 ; 16.054 ; Fall       ; diver:U_DIVER|m_clk1 ;
;  seg_min1[4]  ; diver:U_DIVER|m_clk1 ; 16.116 ; 16.022 ; Fall       ; diver:U_DIVER|m_clk1 ;
;  seg_min1[5]  ; diver:U_DIVER|m_clk1 ; 16.250 ; 16.123 ; Fall       ; diver:U_DIVER|m_clk1 ;
;  seg_min1[6]  ; diver:U_DIVER|m_clk1 ; 17.166 ; 17.004 ; Fall       ; diver:U_DIVER|m_clk1 ;
; seg_sec0[*]   ; diver:U_DIVER|m_clk1 ; 19.448 ; 19.523 ; Fall       ; diver:U_DIVER|m_clk1 ;
;  seg_sec0[0]  ; diver:U_DIVER|m_clk1 ; 18.363 ; 18.389 ; Fall       ; diver:U_DIVER|m_clk1 ;
;  seg_sec0[1]  ; diver:U_DIVER|m_clk1 ; 17.923 ; 17.956 ; Fall       ; diver:U_DIVER|m_clk1 ;
;  seg_sec0[2]  ; diver:U_DIVER|m_clk1 ; 17.934 ; 17.945 ; Fall       ; diver:U_DIVER|m_clk1 ;
;  seg_sec0[3]  ; diver:U_DIVER|m_clk1 ; 19.448 ; 19.523 ; Fall       ; diver:U_DIVER|m_clk1 ;
;  seg_sec0[4]  ; diver:U_DIVER|m_clk1 ; 17.814 ; 17.848 ; Fall       ; diver:U_DIVER|m_clk1 ;
;  seg_sec0[5]  ; diver:U_DIVER|m_clk1 ; 18.441 ; 18.432 ; Fall       ; diver:U_DIVER|m_clk1 ;
;  seg_sec0[6]  ; diver:U_DIVER|m_clk1 ; 17.931 ; 17.941 ; Fall       ; diver:U_DIVER|m_clk1 ;
; seg_sec1[*]   ; diver:U_DIVER|m_clk1 ; 16.780 ; 16.698 ; Fall       ; diver:U_DIVER|m_clk1 ;
;  seg_sec1[0]  ; diver:U_DIVER|m_clk1 ; 16.780 ; 16.698 ; Fall       ; diver:U_DIVER|m_clk1 ;
;  seg_sec1[1]  ; diver:U_DIVER|m_clk1 ; 16.646 ; 16.627 ; Fall       ; diver:U_DIVER|m_clk1 ;
;  seg_sec1[2]  ; diver:U_DIVER|m_clk1 ; 16.362 ; 16.314 ; Fall       ; diver:U_DIVER|m_clk1 ;
;  seg_sec1[3]  ; diver:U_DIVER|m_clk1 ; 16.397 ; 16.471 ; Fall       ; diver:U_DIVER|m_clk1 ;
;  seg_sec1[4]  ; diver:U_DIVER|m_clk1 ; 16.388 ; 16.492 ; Fall       ; diver:U_DIVER|m_clk1 ;
;  seg_sec1[5]  ; diver:U_DIVER|m_clk1 ; 16.380 ; 16.488 ; Fall       ; diver:U_DIVER|m_clk1 ;
;  seg_sec1[6]  ; diver:U_DIVER|m_clk1 ; 16.619 ; 16.669 ; Fall       ; diver:U_DIVER|m_clk1 ;
; speak         ; diver:U_DIVER|m_clk1 ; 19.578 ; 19.624 ; Fall       ; diver:U_DIVER|m_clk1 ;
+---------------+----------------------+--------+--------+------------+----------------------+


+--------------------------------------------------------------------------------------------+
; Minimum Clock to Output Times                                                              ;
+---------------+----------------------+--------+--------+------------+----------------------+
; Data Port     ; Clock Port           ; Rise   ; Fall   ; Clock Edge ; Clock Reference      ;
+---------------+----------------------+--------+--------+------------+----------------------+
; hour0[*]      ; clk                  ; 6.242  ; 6.213  ; Rise       ; clk                  ;
;  hour0[0]     ; clk                  ; 6.854  ; 6.883  ; Rise       ; clk                  ;
;  hour0[1]     ; clk                  ; 6.242  ; 6.213  ; Rise       ; clk                  ;
;  hour0[2]     ; clk                  ; 6.268  ; 6.262  ; Rise       ; clk                  ;
;  hour0[3]     ; clk                  ; 6.859  ; 6.934  ; Rise       ; clk                  ;
; hour1[*]      ; clk                  ; 6.540  ; 6.526  ; Rise       ; clk                  ;
;  hour1[0]     ; clk                  ; 6.540  ; 6.526  ; Rise       ; clk                  ;
;  hour1[1]     ; clk                  ; 6.682  ; 6.633  ; Rise       ; clk                  ;
; min0[*]       ; clk                  ; 6.243  ; 6.239  ; Rise       ; clk                  ;
;  min0[0]      ; clk                  ; 6.243  ; 6.239  ; Rise       ; clk                  ;
;  min0[1]      ; clk                  ; 6.258  ; 6.241  ; Rise       ; clk                  ;
;  min0[2]      ; clk                  ; 6.287  ; 6.277  ; Rise       ; clk                  ;
;  min0[3]      ; clk                  ; 6.720  ; 6.668  ; Rise       ; clk                  ;
; min1[*]       ; clk                  ; 6.434  ; 6.471  ; Rise       ; clk                  ;
;  min1[0]      ; clk                  ; 6.434  ; 6.471  ; Rise       ; clk                  ;
;  min1[1]      ; clk                  ; 6.666  ; 6.646  ; Rise       ; clk                  ;
;  min1[2]      ; clk                  ; 6.637  ; 6.664  ; Rise       ; clk                  ;
; sec0[*]       ; clk                  ; 6.739  ; 6.714  ; Rise       ; clk                  ;
;  sec0[0]      ; clk                  ; 7.032  ; 7.140  ; Rise       ; clk                  ;
;  sec0[1]      ; clk                  ; 6.739  ; 6.714  ; Rise       ; clk                  ;
;  sec0[2]      ; clk                  ; 6.782  ; 6.766  ; Rise       ; clk                  ;
;  sec0[3]      ; clk                  ; 6.796  ; 6.811  ; Rise       ; clk                  ;
; sec1[*]       ; clk                  ; 7.054  ; 7.021  ; Rise       ; clk                  ;
;  sec1[0]      ; clk                  ; 7.683  ; 7.652  ; Rise       ; clk                  ;
;  sec1[1]      ; clk                  ; 7.054  ; 7.021  ; Rise       ; clk                  ;
;  sec1[2]      ; clk                  ; 7.637  ; 7.643  ; Rise       ; clk                  ;
; seg_hour0[*]  ; clk                  ; 6.555  ; 6.527  ; Rise       ; clk                  ;
;  seg_hour0[0] ; clk                  ; 6.856  ; 6.871  ; Rise       ; clk                  ;
;  seg_hour0[1] ; clk                  ; 6.819  ; 6.851  ; Rise       ; clk                  ;
;  seg_hour0[2] ; clk                  ; 7.221  ; 7.179  ; Rise       ; clk                  ;
;  seg_hour0[3] ; clk                  ; 6.937  ; 6.986  ; Rise       ; clk                  ;
;  seg_hour0[4] ; clk                  ; 6.857  ; 6.869  ; Rise       ; clk                  ;
;  seg_hour0[5] ; clk                  ; 7.056  ; 7.071  ; Rise       ; clk                  ;
;  seg_hour0[6] ; clk                  ; 6.555  ; 6.527  ; Rise       ; clk                  ;
; seg_hour1[*]  ; clk                  ; 6.236  ; 6.250  ; Rise       ; clk                  ;
;  seg_hour1[0] ; clk                  ; 6.393  ; 6.387  ; Rise       ; clk                  ;
;  seg_hour1[2] ; clk                  ; 6.236  ; 6.250  ; Rise       ; clk                  ;
;  seg_hour1[3] ; clk                  ; 6.423  ; 6.417  ; Rise       ; clk                  ;
;  seg_hour1[4] ; clk                  ; 8.055  ; 8.140  ; Rise       ; clk                  ;
;  seg_hour1[5] ; clk                  ; 6.839  ; 6.818  ; Rise       ; clk                  ;
;  seg_hour1[6] ; clk                  ; 8.068  ; 7.940  ; Rise       ; clk                  ;
; seg_min0[*]   ; clk                  ; 6.651  ; 6.649  ; Rise       ; clk                  ;
;  seg_min0[0]  ; clk                  ; 6.651  ; 6.649  ; Rise       ; clk                  ;
;  seg_min0[1]  ; clk                  ; 6.850  ; 6.845  ; Rise       ; clk                  ;
;  seg_min0[2]  ; clk                  ; 6.936  ; 6.894  ; Rise       ; clk                  ;
;  seg_min0[3]  ; clk                  ; 6.828  ; 6.818  ; Rise       ; clk                  ;
;  seg_min0[4]  ; clk                  ; 7.221  ; 7.197  ; Rise       ; clk                  ;
;  seg_min0[5]  ; clk                  ; 6.842  ; 6.844  ; Rise       ; clk                  ;
;  seg_min0[6]  ; clk                  ; 6.663  ; 6.675  ; Rise       ; clk                  ;
; seg_min1[*]   ; clk                  ; 6.597  ; 6.572  ; Rise       ; clk                  ;
;  seg_min1[0]  ; clk                  ; 6.597  ; 6.572  ; Rise       ; clk                  ;
;  seg_min1[1]  ; clk                  ; 6.787  ; 6.759  ; Rise       ; clk                  ;
;  seg_min1[2]  ; clk                  ; 6.884  ; 6.891  ; Rise       ; clk                  ;
;  seg_min1[3]  ; clk                  ; 6.754  ; 6.779  ; Rise       ; clk                  ;
;  seg_min1[4]  ; clk                  ; 6.840  ; 6.892  ; Rise       ; clk                  ;
;  seg_min1[5]  ; clk                  ; 6.965  ; 6.987  ; Rise       ; clk                  ;
;  seg_min1[6]  ; clk                  ; 7.900  ; 7.882  ; Rise       ; clk                  ;
; seg_sec0[*]   ; clk                  ; 7.687  ; 7.707  ; Rise       ; clk                  ;
;  seg_sec0[0]  ; clk                  ; 8.206  ; 8.204  ; Rise       ; clk                  ;
;  seg_sec0[1]  ; clk                  ; 7.786  ; 7.803  ; Rise       ; clk                  ;
;  seg_sec0[2]  ; clk                  ; 7.779  ; 7.793  ; Rise       ; clk                  ;
;  seg_sec0[3]  ; clk                  ; 9.248  ; 9.295  ; Rise       ; clk                  ;
;  seg_sec0[4]  ; clk                  ; 7.687  ; 7.707  ; Rise       ; clk                  ;
;  seg_sec0[5]  ; clk                  ; 8.282  ; 8.259  ; Rise       ; clk                  ;
;  seg_sec0[6]  ; clk                  ; 7.782  ; 7.757  ; Rise       ; clk                  ;
; seg_sec1[*]   ; clk                  ; 8.002  ; 8.013  ; Rise       ; clk                  ;
;  seg_sec1[0]  ; clk                  ; 8.334  ; 8.364  ; Rise       ; clk                  ;
;  seg_sec1[1]  ; clk                  ; 8.227  ; 8.282  ; Rise       ; clk                  ;
;  seg_sec1[2]  ; clk                  ; 8.078  ; 8.013  ; Rise       ; clk                  ;
;  seg_sec1[3]  ; clk                  ; 8.002  ; 8.060  ; Rise       ; clk                  ;
;  seg_sec1[4]  ; clk                  ; 8.025  ; 8.152  ; Rise       ; clk                  ;
;  seg_sec1[5]  ; clk                  ; 8.018  ; 8.148  ; Rise       ; clk                  ;
;  seg_sec1[6]  ; clk                  ; 8.305  ; 8.369  ; Rise       ; clk                  ;
; speak         ; clk                  ; 6.501  ; 6.458  ; Rise       ; clk                  ;
; sec0[*]       ; diver:U_DIVER|m_clk0 ; 6.135  ; 6.245  ; Fall       ; diver:U_DIVER|m_clk0 ;
;  sec0[0]      ; diver:U_DIVER|m_clk0 ; 6.271  ; 6.417  ; Fall       ; diver:U_DIVER|m_clk0 ;
;  sec0[1]      ; diver:U_DIVER|m_clk0 ; 6.430  ; 6.509  ; Fall       ; diver:U_DIVER|m_clk0 ;
;  sec0[2]      ; diver:U_DIVER|m_clk0 ; 6.135  ; 6.245  ; Fall       ; diver:U_DIVER|m_clk0 ;
;  sec0[3]      ; diver:U_DIVER|m_clk0 ; 6.346  ; 6.443  ; Fall       ; diver:U_DIVER|m_clk0 ;
; sec1[*]       ; diver:U_DIVER|m_clk0 ; 6.854  ; 6.906  ; Fall       ; diver:U_DIVER|m_clk0 ;
;  sec1[0]      ; diver:U_DIVER|m_clk0 ; 7.843  ; 7.983  ; Fall       ; diver:U_DIVER|m_clk0 ;
;  sec1[1]      ; diver:U_DIVER|m_clk0 ; 6.854  ; 6.906  ; Fall       ; diver:U_DIVER|m_clk0 ;
;  sec1[2]      ; diver:U_DIVER|m_clk0 ; 7.021  ; 7.030  ; Fall       ; diver:U_DIVER|m_clk0 ;
; seg_sec0[*]   ; diver:U_DIVER|m_clk0 ; 7.212  ; 7.167  ; Fall       ; diver:U_DIVER|m_clk0 ;
;  seg_sec0[0]  ; diver:U_DIVER|m_clk0 ; 7.660  ; 7.637  ; Fall       ; diver:U_DIVER|m_clk0 ;
;  seg_sec0[1]  ; diver:U_DIVER|m_clk0 ; 7.355  ; 7.236  ; Fall       ; diver:U_DIVER|m_clk0 ;
;  seg_sec0[2]  ; diver:U_DIVER|m_clk0 ; 7.263  ; 7.224  ; Fall       ; diver:U_DIVER|m_clk0 ;
;  seg_sec0[3]  ; diver:U_DIVER|m_clk0 ; 8.700  ; 8.729  ; Fall       ; diver:U_DIVER|m_clk0 ;
;  seg_sec0[4]  ; diver:U_DIVER|m_clk0 ; 7.309  ; 7.167  ; Fall       ; diver:U_DIVER|m_clk0 ;
;  seg_sec0[5]  ; diver:U_DIVER|m_clk0 ; 7.714  ; 7.692  ; Fall       ; diver:U_DIVER|m_clk0 ;
;  seg_sec0[6]  ; diver:U_DIVER|m_clk0 ; 7.212  ; 7.201  ; Fall       ; diver:U_DIVER|m_clk0 ;
; seg_sec1[*]   ; diver:U_DIVER|m_clk0 ; 7.552  ; 7.588  ; Fall       ; diver:U_DIVER|m_clk0 ;
;  seg_sec1[0]  ; diver:U_DIVER|m_clk0 ; 7.901  ; 7.869  ; Fall       ; diver:U_DIVER|m_clk0 ;
;  seg_sec1[1]  ; diver:U_DIVER|m_clk0 ; 7.764  ; 7.844  ; Fall       ; diver:U_DIVER|m_clk0 ;
;  seg_sec1[2]  ; diver:U_DIVER|m_clk0 ; 7.619  ; 7.588  ; Fall       ; diver:U_DIVER|m_clk0 ;
;  seg_sec1[3]  ; diver:U_DIVER|m_clk0 ; 7.552  ; 7.597  ; Fall       ; diver:U_DIVER|m_clk0 ;
;  seg_sec1[4]  ; diver:U_DIVER|m_clk0 ; 7.569  ; 7.687  ; Fall       ; diver:U_DIVER|m_clk0 ;
;  seg_sec1[5]  ; diver:U_DIVER|m_clk0 ; 7.635  ; 7.605  ; Fall       ; diver:U_DIVER|m_clk0 ;
;  seg_sec1[6]  ; diver:U_DIVER|m_clk0 ; 7.792  ; 7.780  ; Fall       ; diver:U_DIVER|m_clk0 ;
; speak         ; diver:U_DIVER|m_clk0 ; 7.275  ; 7.326  ; Fall       ; diver:U_DIVER|m_clk0 ;
; hour0[*]      ; diver:U_DIVER|m_clk1 ; 7.844  ; 7.819  ; Fall       ; diver:U_DIVER|m_clk1 ;
;  hour0[0]     ; diver:U_DIVER|m_clk1 ; 8.010  ; 8.114  ; Fall       ; diver:U_DIVER|m_clk1 ;
;  hour0[1]     ; diver:U_DIVER|m_clk1 ; 8.018  ; 7.942  ; Fall       ; diver:U_DIVER|m_clk1 ;
;  hour0[2]     ; diver:U_DIVER|m_clk1 ; 7.844  ; 7.819  ; Fall       ; diver:U_DIVER|m_clk1 ;
;  hour0[3]     ; diver:U_DIVER|m_clk1 ; 8.308  ; 8.380  ; Fall       ; diver:U_DIVER|m_clk1 ;
; hour1[*]      ; diver:U_DIVER|m_clk1 ; 8.484  ; 8.493  ; Fall       ; diver:U_DIVER|m_clk1 ;
;  hour1[0]     ; diver:U_DIVER|m_clk1 ; 8.514  ; 8.518  ; Fall       ; diver:U_DIVER|m_clk1 ;
;  hour1[1]     ; diver:U_DIVER|m_clk1 ; 8.484  ; 8.493  ; Fall       ; diver:U_DIVER|m_clk1 ;
; min0[*]       ; diver:U_DIVER|m_clk1 ; 5.693  ; 5.776  ; Fall       ; diver:U_DIVER|m_clk1 ;
;  min0[0]      ; diver:U_DIVER|m_clk1 ; 5.693  ; 5.776  ; Fall       ; diver:U_DIVER|m_clk1 ;
;  min0[1]      ; diver:U_DIVER|m_clk1 ; 6.536  ; 6.641  ; Fall       ; diver:U_DIVER|m_clk1 ;
;  min0[2]      ; diver:U_DIVER|m_clk1 ; 7.557  ; 7.694  ; Fall       ; diver:U_DIVER|m_clk1 ;
;  min0[3]      ; diver:U_DIVER|m_clk1 ; 7.658  ; 7.750  ; Fall       ; diver:U_DIVER|m_clk1 ;
; min1[*]       ; diver:U_DIVER|m_clk1 ; 7.139  ; 7.309  ; Fall       ; diver:U_DIVER|m_clk1 ;
;  min1[0]      ; diver:U_DIVER|m_clk1 ; 7.139  ; 7.324  ; Fall       ; diver:U_DIVER|m_clk1 ;
;  min1[1]      ; diver:U_DIVER|m_clk1 ; 7.185  ; 7.326  ; Fall       ; diver:U_DIVER|m_clk1 ;
;  min1[2]      ; diver:U_DIVER|m_clk1 ; 7.223  ; 7.309  ; Fall       ; diver:U_DIVER|m_clk1 ;
; sec0[*]       ; diver:U_DIVER|m_clk1 ; 8.728  ; 8.770  ; Fall       ; diver:U_DIVER|m_clk1 ;
;  sec0[0]      ; diver:U_DIVER|m_clk1 ; 8.728  ; 8.770  ; Fall       ; diver:U_DIVER|m_clk1 ;
;  sec0[1]      ; diver:U_DIVER|m_clk1 ; 9.649  ; 9.715  ; Fall       ; diver:U_DIVER|m_clk1 ;
;  sec0[2]      ; diver:U_DIVER|m_clk1 ; 10.103 ; 10.191 ; Fall       ; diver:U_DIVER|m_clk1 ;
;  sec0[3]      ; diver:U_DIVER|m_clk1 ; 10.459 ; 10.595 ; Fall       ; diver:U_DIVER|m_clk1 ;
; sec1[*]       ; diver:U_DIVER|m_clk1 ; 10.466 ; 10.473 ; Fall       ; diver:U_DIVER|m_clk1 ;
;  sec1[0]      ; diver:U_DIVER|m_clk1 ; 11.384 ; 11.411 ; Fall       ; diver:U_DIVER|m_clk1 ;
;  sec1[1]      ; diver:U_DIVER|m_clk1 ; 10.466 ; 10.473 ; Fall       ; diver:U_DIVER|m_clk1 ;
;  sec1[2]      ; diver:U_DIVER|m_clk1 ; 10.854 ; 10.804 ; Fall       ; diver:U_DIVER|m_clk1 ;
; seg_hour0[*]  ; diver:U_DIVER|m_clk1 ; 8.300  ; 8.189  ; Fall       ; diver:U_DIVER|m_clk1 ;
;  seg_hour0[0] ; diver:U_DIVER|m_clk1 ; 8.512  ; 8.531  ; Fall       ; diver:U_DIVER|m_clk1 ;
;  seg_hour0[1] ; diver:U_DIVER|m_clk1 ; 8.477  ; 8.510  ; Fall       ; diver:U_DIVER|m_clk1 ;
;  seg_hour0[2] ; diver:U_DIVER|m_clk1 ; 8.869  ; 8.905  ; Fall       ; diver:U_DIVER|m_clk1 ;
;  seg_hour0[3] ; diver:U_DIVER|m_clk1 ; 8.591  ; 8.642  ; Fall       ; diver:U_DIVER|m_clk1 ;
;  seg_hour0[4] ; diver:U_DIVER|m_clk1 ; 8.603  ; 8.528  ; Fall       ; diver:U_DIVER|m_clk1 ;
;  seg_hour0[5] ; diver:U_DIVER|m_clk1 ; 8.785  ; 8.731  ; Fall       ; diver:U_DIVER|m_clk1 ;
;  seg_hour0[6] ; diver:U_DIVER|m_clk1 ; 8.300  ; 8.189  ; Fall       ; diver:U_DIVER|m_clk1 ;
; seg_hour1[*]  ; diver:U_DIVER|m_clk1 ; 8.217  ; 8.258  ; Fall       ; diver:U_DIVER|m_clk1 ;
;  seg_hour1[0] ; diver:U_DIVER|m_clk1 ; 8.390  ; 8.391  ; Fall       ; diver:U_DIVER|m_clk1 ;
;  seg_hour1[2] ; diver:U_DIVER|m_clk1 ; 8.217  ; 8.258  ; Fall       ; diver:U_DIVER|m_clk1 ;
;  seg_hour1[3] ; diver:U_DIVER|m_clk1 ; 8.420  ; 8.421  ; Fall       ; diver:U_DIVER|m_clk1 ;
;  seg_hour1[4] ; diver:U_DIVER|m_clk1 ; 10.047 ; 10.114 ; Fall       ; diver:U_DIVER|m_clk1 ;
;  seg_hour1[5] ; diver:U_DIVER|m_clk1 ; 8.879  ; 8.826  ; Fall       ; diver:U_DIVER|m_clk1 ;
;  seg_hour1[6] ; diver:U_DIVER|m_clk1 ; 9.870  ; 9.800  ; Fall       ; diver:U_DIVER|m_clk1 ;
; seg_min0[*]   ; diver:U_DIVER|m_clk1 ; 6.161  ; 6.185  ; Fall       ; diver:U_DIVER|m_clk1 ;
;  seg_min0[0]  ; diver:U_DIVER|m_clk1 ; 6.161  ; 6.186  ; Fall       ; diver:U_DIVER|m_clk1 ;
;  seg_min0[1]  ; diver:U_DIVER|m_clk1 ; 6.332  ; 6.379  ; Fall       ; diver:U_DIVER|m_clk1 ;
;  seg_min0[2]  ; diver:U_DIVER|m_clk1 ; 6.411  ; 6.547  ; Fall       ; diver:U_DIVER|m_clk1 ;
;  seg_min0[3]  ; diver:U_DIVER|m_clk1 ; 6.343  ; 6.360  ; Fall       ; diver:U_DIVER|m_clk1 ;
;  seg_min0[4]  ; diver:U_DIVER|m_clk1 ; 6.758  ; 6.686  ; Fall       ; diver:U_DIVER|m_clk1 ;
;  seg_min0[5]  ; diver:U_DIVER|m_clk1 ; 6.457  ; 6.380  ; Fall       ; diver:U_DIVER|m_clk1 ;
;  seg_min0[6]  ; diver:U_DIVER|m_clk1 ; 6.302  ; 6.185  ; Fall       ; diver:U_DIVER|m_clk1 ;
; seg_min1[*]   ; diver:U_DIVER|m_clk1 ; 7.320  ; 7.297  ; Fall       ; diver:U_DIVER|m_clk1 ;
;  seg_min1[0]  ; diver:U_DIVER|m_clk1 ; 7.320  ; 7.297  ; Fall       ; diver:U_DIVER|m_clk1 ;
;  seg_min1[1]  ; diver:U_DIVER|m_clk1 ; 7.520  ; 7.483  ; Fall       ; diver:U_DIVER|m_clk1 ;
;  seg_min1[2]  ; diver:U_DIVER|m_clk1 ; 7.589  ; 7.636  ; Fall       ; diver:U_DIVER|m_clk1 ;
;  seg_min1[3]  ; diver:U_DIVER|m_clk1 ; 7.481  ; 7.499  ; Fall       ; diver:U_DIVER|m_clk1 ;
;  seg_min1[4]  ; diver:U_DIVER|m_clk1 ; 7.598  ; 7.590  ; Fall       ; diver:U_DIVER|m_clk1 ;
;  seg_min1[5]  ; diver:U_DIVER|m_clk1 ; 7.720  ; 7.692  ; Fall       ; diver:U_DIVER|m_clk1 ;
;  seg_min1[6]  ; diver:U_DIVER|m_clk1 ; 8.654  ; 8.578  ; Fall       ; diver:U_DIVER|m_clk1 ;
; seg_sec0[*]   ; diver:U_DIVER|m_clk1 ; 9.839  ; 9.778  ; Fall       ; diver:U_DIVER|m_clk1 ;
;  seg_sec0[0]  ; diver:U_DIVER|m_clk1 ; 10.301 ; 10.305 ; Fall       ; diver:U_DIVER|m_clk1 ;
;  seg_sec0[1]  ; diver:U_DIVER|m_clk1 ; 9.880  ; 9.903  ; Fall       ; diver:U_DIVER|m_clk1 ;
;  seg_sec0[2]  ; diver:U_DIVER|m_clk1 ; 9.862  ; 9.975  ; Fall       ; diver:U_DIVER|m_clk1 ;
;  seg_sec0[3]  ; diver:U_DIVER|m_clk1 ; 11.332 ; 11.388 ; Fall       ; diver:U_DIVER|m_clk1 ;
;  seg_sec0[4]  ; diver:U_DIVER|m_clk1 ; 9.839  ; 9.778  ; Fall       ; diver:U_DIVER|m_clk1 ;
;  seg_sec0[5]  ; diver:U_DIVER|m_clk1 ; 10.421 ; 10.349 ; Fall       ; diver:U_DIVER|m_clk1 ;
;  seg_sec0[6]  ; diver:U_DIVER|m_clk1 ; 9.945  ; 9.833  ; Fall       ; diver:U_DIVER|m_clk1 ;
; seg_sec1[*]   ; diver:U_DIVER|m_clk1 ; 11.326 ; 11.362 ; Fall       ; diver:U_DIVER|m_clk1 ;
;  seg_sec1[0]  ; diver:U_DIVER|m_clk1 ; 11.675 ; 11.643 ; Fall       ; diver:U_DIVER|m_clk1 ;
;  seg_sec1[1]  ; diver:U_DIVER|m_clk1 ; 11.538 ; 11.677 ; Fall       ; diver:U_DIVER|m_clk1 ;
;  seg_sec1[2]  ; diver:U_DIVER|m_clk1 ; 11.452 ; 11.362 ; Fall       ; diver:U_DIVER|m_clk1 ;
;  seg_sec1[3]  ; diver:U_DIVER|m_clk1 ; 11.326 ; 11.371 ; Fall       ; diver:U_DIVER|m_clk1 ;
;  seg_sec1[4]  ; diver:U_DIVER|m_clk1 ; 11.343 ; 11.520 ; Fall       ; diver:U_DIVER|m_clk1 ;
;  seg_sec1[5]  ; diver:U_DIVER|m_clk1 ; 11.468 ; 11.379 ; Fall       ; diver:U_DIVER|m_clk1 ;
;  seg_sec1[6]  ; diver:U_DIVER|m_clk1 ; 11.566 ; 11.554 ; Fall       ; diver:U_DIVER|m_clk1 ;
; speak         ; diver:U_DIVER|m_clk1 ; 7.044  ; 7.194  ; Fall       ; diver:U_DIVER|m_clk1 ;
+---------------+----------------------+--------+--------+------------+----------------------+


----------------------------------------------
; Slow 1200mV 85C Model Metastability Report ;
----------------------------------------------
No synchronizer chains to report.


+---------------------------------------------------------------------------------------------------------------------+
; Slow 1200mV 0C Model Fmax Summary                                                                                   ;
+------------+-----------------+----------------------+---------------------------------------------------------------+
; Fmax       ; Restricted Fmax ; Clock Name           ; Note                                                          ;
+------------+-----------------+----------------------+---------------------------------------------------------------+
; 525.49 MHz ; 500.0 MHz       ; diver:U_DIVER|m_clk1 ; limit due to minimum period restriction (tmin)                ;
; 534.76 MHz ; 500.0 MHz       ; diver:U_DIVER|m_clk0 ; limit due to minimum period restriction (tmin)                ;
; 914.08 MHz ; 250.0 MHz       ; clk                  ; limit due to minimum period restriction (max I/O toggle rate) ;
+------------+-----------------+----------------------+---------------------------------------------------------------+
This panel reports FMAX for every clock in the design, regardless of the user-specified clock periods.  FMAX is only computed for paths where the source and destination registers or ports are driven by the same clock.  Paths of different clocks, including generated clocks, are ignored.  For paths between a clock and its inversion, FMAX is computed as if the rising and falling edges are scaled along with FMAX, such that the duty cycle (in terms of a percentage) is maintained. Altera recommends that you always use clock constraints and other slack reports for sign-off analysis.


+-----------------------------------------------+
; Slow 1200mV 0C Model Setup Summary            ;
+----------------------+--------+---------------+
; Clock                ; Slack  ; End Point TNS ;
+----------------------+--------+---------------+
; diver:U_DIVER|m_clk1 ; -0.903 ; -14.643       ;
; diver:U_DIVER|m_clk0 ; -0.870 ; -3.235        ;
; clk                  ; -0.094 ; -0.094        ;
+----------------------+--------+---------------+


+-----------------------------------------------+
; Slow 1200mV 0C Model Hold Summary             ;
+----------------------+--------+---------------+
; Clock                ; Slack  ; End Point TNS ;
+----------------------+--------+---------------+
; clk                  ; -0.080 ; -0.153        ;
; diver:U_DIVER|m_clk1 ; 0.295  ; 0.000         ;
; diver:U_DIVER|m_clk0 ; 0.333  ; 0.000         ;
+----------------------+--------+---------------+


-----------------------------------------
; Slow 1200mV 0C Model Recovery Summary ;
-----------------------------------------
No paths to report.


----------------------------------------
; Slow 1200mV 0C Model Removal Summary ;
----------------------------------------
No paths to report.


+--------------------------------------------------+
; Slow 1200mV 0C Model Minimum Pulse Width Summary ;
+----------------------+--------+------------------+
; Clock                ; Slack  ; End Point TNS    ;
+----------------------+--------+------------------+
; clk                  ; -3.000 ; -8.000           ;
; diver:U_DIVER|m_clk1 ; -1.000 ; -28.000          ;
; diver:U_DIVER|m_clk0 ; -1.000 ; -6.000           ;
+----------------------+--------+------------------+


+-----------------------------------------------------------------------------------------------------------------------------------------------------------------------------+
; Slow 1200mV 0C Model Setup: 'diver:U_DIVER|m_clk1'                                                                                                                          ;
+--------+--------------------------------------+--------------------------------------+----------------------+----------------------+--------------+------------+------------+
; Slack  ; From Node                            ; To Node                              ; Launch Clock         ; Latch Clock          ; Relationship ; Clock Skew ; Data Delay ;
+--------+--------------------------------------+--------------------------------------+----------------------+----------------------+--------------+------------+------------+
; -0.903 ; count_sec_bin:U_SEC_ALARM|count[1]   ; count_sec_bin:U_SEC_ALARM|count[4]   ; diver:U_DIVER|m_clk1 ; diver:U_DIVER|m_clk1 ; 1.000        ; -0.056     ; 1.842      ;
; -0.902 ; count_hour_bin:U_HOUR_ALARM|count[1] ; count_hour_bin:U_HOUR_ALARM|count[4] ; diver:U_DIVER|m_clk1 ; diver:U_DIVER|m_clk1 ; 1.000        ; -0.056     ; 1.841      ;
; -0.901 ; count_min_bin:U_MIN_ALARM|count[1]   ; count_min_bin:U_MIN_ALARM|count[4]   ; diver:U_DIVER|m_clk1 ; diver:U_DIVER|m_clk1 ; 1.000        ; -0.056     ; 1.840      ;
; -0.894 ; count_min_bin:U_MIN_BIN|count[1]     ; count_min_bin:U_MIN_BIN|count[4]     ; diver:U_DIVER|m_clk1 ; diver:U_DIVER|m_clk1 ; 1.000        ; -0.039     ; 1.850      ;
; -0.855 ; count_sec_bin:U_SEC_ALARM|count[0]   ; count_sec_bin:U_SEC_ALARM|count[2]   ; diver:U_DIVER|m_clk1 ; diver:U_DIVER|m_clk1 ; 1.000        ; -0.056     ; 1.794      ;
; -0.851 ; count_sec_bin:U_SEC_ALARM|count[0]   ; count_sec_bin:U_SEC_ALARM|count[4]   ; diver:U_DIVER|m_clk1 ; diver:U_DIVER|m_clk1 ; 1.000        ; -0.056     ; 1.790      ;
; -0.836 ; count_hour_bin:U_HOUR_ALARM|count[0] ; count_hour_bin:U_HOUR_ALARM|count[4] ; diver:U_DIVER|m_clk1 ; diver:U_DIVER|m_clk1 ; 1.000        ; -0.056     ; 1.775      ;
; -0.835 ; count_min_bin:U_MIN_ALARM|count[0]   ; count_min_bin:U_MIN_ALARM|count[4]   ; diver:U_DIVER|m_clk1 ; diver:U_DIVER|m_clk1 ; 1.000        ; -0.056     ; 1.774      ;
; -0.829 ; count_min_bin:U_MIN_BIN|count[0]     ; count_min_bin:U_MIN_BIN|count[4]     ; diver:U_DIVER|m_clk1 ; diver:U_DIVER|m_clk1 ; 1.000        ; -0.039     ; 1.785      ;
; -0.829 ; count_sec_bin:U_SEC_ALARM|count[1]   ; count_sec_bin:U_SEC_ALARM|count[2]   ; diver:U_DIVER|m_clk1 ; diver:U_DIVER|m_clk1 ; 1.000        ; -0.056     ; 1.768      ;
; -0.824 ; count_hour_bin:U_HOUR_ALARM|count[3] ; count_hour_bin:U_HOUR_ALARM|count[4] ; diver:U_DIVER|m_clk1 ; diver:U_DIVER|m_clk1 ; 1.000        ; -0.056     ; 1.763      ;
; -0.812 ; count_hour_bin:U_HOUR_BIN|count[1]   ; count_hour_bin:U_HOUR_BIN|count[3]   ; diver:U_DIVER|m_clk1 ; diver:U_DIVER|m_clk1 ; 1.000        ; -0.056     ; 1.751      ;
; -0.806 ; count_hour_bin:U_HOUR_BIN|count[0]   ; count_hour_bin:U_HOUR_BIN|count[3]   ; diver:U_DIVER|m_clk1 ; diver:U_DIVER|m_clk1 ; 1.000        ; -0.056     ; 1.745      ;
; -0.805 ; count_sec_bin:U_SEC_ALARM|count[0]   ; count_sec_bin:U_SEC_ALARM|count[5]   ; diver:U_DIVER|m_clk1 ; diver:U_DIVER|m_clk1 ; 1.000        ; -0.056     ; 1.744      ;
; -0.804 ; count_sec_bin:U_SEC_ALARM|count[2]   ; count_sec_bin:U_SEC_ALARM|count[4]   ; diver:U_DIVER|m_clk1 ; diver:U_DIVER|m_clk1 ; 1.000        ; -0.056     ; 1.743      ;
; -0.803 ; count_min_bin:U_MIN_BIN|count[3]     ; count_min_bin:U_MIN_BIN|count[4]     ; diver:U_DIVER|m_clk1 ; diver:U_DIVER|m_clk1 ; 1.000        ; -0.039     ; 1.759      ;
; -0.801 ; count_min_bin:U_MIN_ALARM|count[3]   ; count_min_bin:U_MIN_ALARM|count[4]   ; diver:U_DIVER|m_clk1 ; diver:U_DIVER|m_clk1 ; 1.000        ; -0.056     ; 1.740      ;
; -0.800 ; count_sec_bin:U_SEC_ALARM|count[3]   ; count_sec_bin:U_SEC_ALARM|count[4]   ; diver:U_DIVER|m_clk1 ; diver:U_DIVER|m_clk1 ; 1.000        ; -0.056     ; 1.739      ;
; -0.784 ; count_min_bin:U_MIN_ALARM|count[0]   ; count_min_bin:U_MIN_ALARM|count[5]   ; diver:U_DIVER|m_clk1 ; diver:U_DIVER|m_clk1 ; 1.000        ; -0.056     ; 1.723      ;
; -0.774 ; count_min_bin:U_MIN_BIN|count[0]     ; count_min_bin:U_MIN_BIN|count[5]     ; diver:U_DIVER|m_clk1 ; diver:U_DIVER|m_clk1 ; 1.000        ; -0.039     ; 1.730      ;
; -0.771 ; count_hour_bin:U_HOUR_ALARM|count[2] ; count_hour_bin:U_HOUR_ALARM|count[4] ; diver:U_DIVER|m_clk1 ; diver:U_DIVER|m_clk1 ; 1.000        ; -0.056     ; 1.710      ;
; -0.768 ; count_min_bin:U_MIN_ALARM|count[1]   ; count_min_bin:U_MIN_ALARM|count[5]   ; diver:U_DIVER|m_clk1 ; diver:U_DIVER|m_clk1 ; 1.000        ; -0.056     ; 1.707      ;
; -0.767 ; count_sec_bin:U_SEC_ALARM|count[1]   ; count_sec_bin:U_SEC_ALARM|count[5]   ; diver:U_DIVER|m_clk1 ; diver:U_DIVER|m_clk1 ; 1.000        ; -0.056     ; 1.706      ;
; -0.766 ; count_min_bin:U_MIN_BIN|count[2]     ; count_min_bin:U_MIN_BIN|count[4]     ; diver:U_DIVER|m_clk1 ; diver:U_DIVER|m_clk1 ; 1.000        ; -0.039     ; 1.722      ;
; -0.758 ; count_min_bin:U_MIN_BIN|count[1]     ; count_min_bin:U_MIN_BIN|count[5]     ; diver:U_DIVER|m_clk1 ; diver:U_DIVER|m_clk1 ; 1.000        ; -0.039     ; 1.714      ;
; -0.755 ; count_min_bin:U_MIN_ALARM|count[2]   ; count_min_bin:U_MIN_ALARM|count[4]   ; diver:U_DIVER|m_clk1 ; diver:U_DIVER|m_clk1 ; 1.000        ; -0.056     ; 1.694      ;
; -0.753 ; count_sec_bin:U_SEC_ALARM|count[3]   ; count_sec_bin:U_SEC_ALARM|count[2]   ; diver:U_DIVER|m_clk1 ; diver:U_DIVER|m_clk1 ; 1.000        ; -0.056     ; 1.692      ;
; -0.732 ; count_sec_bin:U_SEC_ALARM|count[2]   ; count_sec_bin:U_SEC_ALARM|count[5]   ; diver:U_DIVER|m_clk1 ; diver:U_DIVER|m_clk1 ; 1.000        ; -0.056     ; 1.671      ;
; -0.711 ; count_min_bin:U_MIN_BIN|count[2]     ; count_min_bin:U_MIN_BIN|count[5]     ; diver:U_DIVER|m_clk1 ; diver:U_DIVER|m_clk1 ; 1.000        ; -0.039     ; 1.667      ;
; -0.710 ; count_sec_bin:U_SEC_ALARM|count[4]   ; count_sec_bin:U_SEC_ALARM|count[2]   ; diver:U_DIVER|m_clk1 ; diver:U_DIVER|m_clk1 ; 1.000        ; -0.056     ; 1.649      ;
; -0.705 ; count_hour_bin:U_HOUR_BIN|count[2]   ; count_hour_bin:U_HOUR_BIN|count[3]   ; diver:U_DIVER|m_clk1 ; diver:U_DIVER|m_clk1 ; 1.000        ; -0.056     ; 1.644      ;
; -0.704 ; count_sec_bin:U_SEC_ALARM|count[0]   ; count_sec_bin:U_SEC_ALARM|count[3]   ; diver:U_DIVER|m_clk1 ; diver:U_DIVER|m_clk1 ; 1.000        ; -0.056     ; 1.643      ;
; -0.702 ; count_min_bin:U_MIN_ALARM|count[2]   ; count_min_bin:U_MIN_ALARM|count[5]   ; diver:U_DIVER|m_clk1 ; diver:U_DIVER|m_clk1 ; 1.000        ; -0.056     ; 1.641      ;
; -0.689 ; count_min_bin:U_MIN_ALARM|count[1]   ; count_min_bin:U_MIN_ALARM|count[2]   ; diver:U_DIVER|m_clk1 ; diver:U_DIVER|m_clk1 ; 1.000        ; -0.056     ; 1.628      ;
; -0.685 ; count_hour_bin:U_HOUR_ALARM|count[0] ; count_hour_bin:U_HOUR_ALARM|count[3] ; diver:U_DIVER|m_clk1 ; diver:U_DIVER|m_clk1 ; 1.000        ; -0.056     ; 1.624      ;
; -0.685 ; count_min_bin:U_MIN_ALARM|count[0]   ; count_min_bin:U_MIN_ALARM|count[3]   ; diver:U_DIVER|m_clk1 ; diver:U_DIVER|m_clk1 ; 1.000        ; -0.056     ; 1.624      ;
; -0.682 ; count_min_bin:U_MIN_BIN|count[1]     ; count_min_bin:U_MIN_BIN|count[2]     ; diver:U_DIVER|m_clk1 ; diver:U_DIVER|m_clk1 ; 1.000        ; -0.039     ; 1.638      ;
; -0.674 ; count_min_bin:U_MIN_BIN|count[0]     ; count_min_bin:U_MIN_BIN|count[3]     ; diver:U_DIVER|m_clk1 ; diver:U_DIVER|m_clk1 ; 1.000        ; -0.039     ; 1.630      ;
; -0.668 ; count_min_bin:U_MIN_ALARM|count[3]   ; count_min_bin:U_MIN_ALARM|count[5]   ; diver:U_DIVER|m_clk1 ; diver:U_DIVER|m_clk1 ; 1.000        ; -0.056     ; 1.607      ;
; -0.668 ; count_hour_bin:U_HOUR_ALARM|count[1] ; count_hour_bin:U_HOUR_ALARM|count[3] ; diver:U_DIVER|m_clk1 ; diver:U_DIVER|m_clk1 ; 1.000        ; -0.056     ; 1.607      ;
; -0.668 ; count_min_bin:U_MIN_ALARM|count[1]   ; count_min_bin:U_MIN_ALARM|count[3]   ; diver:U_DIVER|m_clk1 ; diver:U_DIVER|m_clk1 ; 1.000        ; -0.056     ; 1.607      ;
; -0.667 ; count_min_bin:U_MIN_BIN|count[3]     ; count_min_bin:U_MIN_BIN|count[5]     ; diver:U_DIVER|m_clk1 ; diver:U_DIVER|m_clk1 ; 1.000        ; -0.039     ; 1.623      ;
; -0.666 ; count_sec_bin:U_SEC_ALARM|count[1]   ; count_sec_bin:U_SEC_ALARM|count[3]   ; diver:U_DIVER|m_clk1 ; diver:U_DIVER|m_clk1 ; 1.000        ; -0.056     ; 1.605      ;
; -0.664 ; count_sec_bin:U_SEC_ALARM|count[3]   ; count_sec_bin:U_SEC_ALARM|count[5]   ; diver:U_DIVER|m_clk1 ; diver:U_DIVER|m_clk1 ; 1.000        ; -0.056     ; 1.603      ;
; -0.659 ; count_min_bin:U_MIN_BIN|count[1]     ; count_min_bin:U_MIN_BIN|count[3]     ; diver:U_DIVER|m_clk1 ; diver:U_DIVER|m_clk1 ; 1.000        ; -0.039     ; 1.615      ;
; -0.639 ; count_hour_bin:U_HOUR_BIN|count[4]   ; count_hour_bin:U_HOUR_BIN|count[3]   ; diver:U_DIVER|m_clk1 ; diver:U_DIVER|m_clk1 ; 1.000        ; -0.396     ; 1.238      ;
; -0.631 ; count_sec_bin:U_SEC_ALARM|count[2]   ; count_sec_bin:U_SEC_ALARM|count[3]   ; diver:U_DIVER|m_clk1 ; diver:U_DIVER|m_clk1 ; 1.000        ; -0.056     ; 1.570      ;
; -0.623 ; count_min_bin:U_MIN_ALARM|count[0]   ; count_min_bin:U_MIN_ALARM|count[2]   ; diver:U_DIVER|m_clk1 ; diver:U_DIVER|m_clk1 ; 1.000        ; -0.056     ; 1.562      ;
; -0.617 ; count_min_bin:U_MIN_BIN|count[0]     ; count_min_bin:U_MIN_BIN|count[2]     ; diver:U_DIVER|m_clk1 ; diver:U_DIVER|m_clk1 ; 1.000        ; -0.039     ; 1.573      ;
; -0.611 ; count_min_bin:U_MIN_BIN|count[2]     ; count_min_bin:U_MIN_BIN|count[3]     ; diver:U_DIVER|m_clk1 ; diver:U_DIVER|m_clk1 ; 1.000        ; -0.039     ; 1.567      ;
; -0.608 ; count_hour_bin:U_HOUR_ALARM|count[2] ; count_hour_bin:U_HOUR_ALARM|count[3] ; diver:U_DIVER|m_clk1 ; diver:U_DIVER|m_clk1 ; 1.000        ; -0.056     ; 1.547      ;
; -0.603 ; count_min_bin:U_MIN_ALARM|count[2]   ; count_min_bin:U_MIN_ALARM|count[3]   ; diver:U_DIVER|m_clk1 ; diver:U_DIVER|m_clk1 ; 1.000        ; -0.056     ; 1.542      ;
; -0.602 ; count_sec_bin:U_SEC_ALARM|count[4]   ; count_sec_bin:U_SEC_ALARM|count[5]   ; diver:U_DIVER|m_clk1 ; diver:U_DIVER|m_clk1 ; 1.000        ; -0.056     ; 1.541      ;
; -0.596 ; count_min_bin:U_MIN_ALARM|count[4]   ; count_min_bin:U_MIN_ALARM|count[5]   ; diver:U_DIVER|m_clk1 ; diver:U_DIVER|m_clk1 ; 1.000        ; -0.056     ; 1.535      ;
; -0.579 ; count_min_bin:U_MIN_BIN|count[4]     ; count_min_bin:U_MIN_BIN|count[5]     ; diver:U_DIVER|m_clk1 ; diver:U_DIVER|m_clk1 ; 1.000        ; -0.039     ; 1.535      ;
; -0.575 ; count_hour_bin:U_HOUR_ALARM|count[3] ; count_hour_bin:U_HOUR_ALARM|count[3] ; diver:U_DIVER|m_clk1 ; diver:U_DIVER|m_clk1 ; 1.000        ; -0.056     ; 1.514      ;
; -0.564 ; count_min_bin:U_MIN_ALARM|count[4]   ; count_min_bin:U_MIN_ALARM|count[2]   ; diver:U_DIVER|m_clk1 ; diver:U_DIVER|m_clk1 ; 1.000        ; -0.056     ; 1.503      ;
; -0.560 ; count_min_bin:U_MIN_ALARM|count[4]   ; count_min_bin:U_MIN_ALARM|count[3]   ; diver:U_DIVER|m_clk1 ; diver:U_DIVER|m_clk1 ; 1.000        ; -0.056     ; 1.499      ;
; -0.559 ; count_min_bin:U_MIN_ALARM|count[3]   ; count_min_bin:U_MIN_ALARM|count[2]   ; diver:U_DIVER|m_clk1 ; diver:U_DIVER|m_clk1 ; 1.000        ; -0.056     ; 1.498      ;
; -0.555 ; count_min_bin:U_MIN_ALARM|count[3]   ; count_min_bin:U_MIN_ALARM|count[3]   ; diver:U_DIVER|m_clk1 ; diver:U_DIVER|m_clk1 ; 1.000        ; -0.056     ; 1.494      ;
; -0.521 ; count_hour_bin:U_HOUR_BIN|count[4]   ; count_hour_bin:U_HOUR_BIN|count[4]   ; diver:U_DIVER|m_clk1 ; diver:U_DIVER|m_clk1 ; 1.000        ; -0.070     ; 1.446      ;
; -0.500 ; count_sec_bin:U_SEC_ALARM|count[5]   ; count_sec_bin:U_SEC_ALARM|count[2]   ; diver:U_DIVER|m_clk1 ; diver:U_DIVER|m_clk1 ; 1.000        ; -0.056     ; 1.439      ;
; -0.477 ; count_hour_bin:U_HOUR_BIN|count[1]   ; count_hour_bin:U_HOUR_BIN|count[4]   ; diver:U_DIVER|m_clk1 ; diver:U_DIVER|m_clk1 ; 1.000        ; 0.270      ; 1.742      ;
; -0.470 ; count_sec_bin:U_SEC_ALARM|count[3]   ; count_sec_bin:U_SEC_ALARM|count[3]   ; diver:U_DIVER|m_clk1 ; diver:U_DIVER|m_clk1 ; 1.000        ; -0.056     ; 1.409      ;
; -0.427 ; count_sec_bin:U_SEC_ALARM|count[4]   ; count_sec_bin:U_SEC_ALARM|count[3]   ; diver:U_DIVER|m_clk1 ; diver:U_DIVER|m_clk1 ; 1.000        ; -0.056     ; 1.366      ;
; -0.427 ; count_min_bin:U_MIN_BIN|count[5]     ; count_min_bin:U_MIN_BIN|count[2]     ; diver:U_DIVER|m_clk1 ; diver:U_DIVER|m_clk1 ; 1.000        ; -0.039     ; 1.383      ;
; -0.424 ; count_hour_bin:U_HOUR_BIN|count[1]   ; count_hour_bin:U_HOUR_BIN|count[2]   ; diver:U_DIVER|m_clk1 ; diver:U_DIVER|m_clk1 ; 1.000        ; -0.056     ; 1.363      ;
; -0.416 ; count_sec_bin:U_SEC_ALARM|count[2]   ; count_sec_bin:U_SEC_ALARM|count[2]   ; diver:U_DIVER|m_clk1 ; diver:U_DIVER|m_clk1 ; 1.000        ; -0.056     ; 1.355      ;
; -0.411 ; count_hour_bin:U_HOUR_BIN|count[3]   ; count_hour_bin:U_HOUR_BIN|count[4]   ; diver:U_DIVER|m_clk1 ; diver:U_DIVER|m_clk1 ; 1.000        ; 0.270      ; 1.676      ;
; -0.409 ; count_hour_bin:U_HOUR_ALARM|count[1] ; count_hour_bin:U_HOUR_ALARM|count[2] ; diver:U_DIVER|m_clk1 ; diver:U_DIVER|m_clk1 ; 1.000        ; -0.056     ; 1.348      ;
; -0.394 ; count_hour_bin:U_HOUR_BIN|count[0]   ; count_hour_bin:U_HOUR_BIN|count[4]   ; diver:U_DIVER|m_clk1 ; diver:U_DIVER|m_clk1 ; 1.000        ; 0.270      ; 1.659      ;
; -0.376 ; count_sec_bin:U_SEC_ALARM|count[4]   ; count_sec_bin:U_SEC_ALARM|count[4]   ; diver:U_DIVER|m_clk1 ; diver:U_DIVER|m_clk1 ; 1.000        ; -0.056     ; 1.315      ;
; -0.371 ; count_hour_bin:U_HOUR_BIN|count[3]   ; count_hour_bin:U_HOUR_BIN|count[3]   ; diver:U_DIVER|m_clk1 ; diver:U_DIVER|m_clk1 ; 1.000        ; -0.056     ; 1.310      ;
; -0.364 ; count_min_bin:U_MIN_ALARM|count[4]   ; count_min_bin:U_MIN_ALARM|count[4]   ; diver:U_DIVER|m_clk1 ; diver:U_DIVER|m_clk1 ; 1.000        ; -0.056     ; 1.303      ;
; -0.353 ; count_min_bin:U_MIN_BIN|count[4]     ; count_min_bin:U_MIN_BIN|count[2]     ; diver:U_DIVER|m_clk1 ; diver:U_DIVER|m_clk1 ; 1.000        ; -0.039     ; 1.309      ;
; -0.347 ; count_min_bin:U_MIN_BIN|count[4]     ; count_min_bin:U_MIN_BIN|count[4]     ; diver:U_DIVER|m_clk1 ; diver:U_DIVER|m_clk1 ; 1.000        ; -0.039     ; 1.303      ;
; -0.343 ; count_hour_bin:U_HOUR_ALARM|count[0] ; count_hour_bin:U_HOUR_ALARM|count[2] ; diver:U_DIVER|m_clk1 ; diver:U_DIVER|m_clk1 ; 1.000        ; -0.056     ; 1.282      ;
; -0.341 ; count_hour_bin:U_HOUR_BIN|count[0]   ; count_hour_bin:U_HOUR_BIN|count[2]   ; diver:U_DIVER|m_clk1 ; diver:U_DIVER|m_clk1 ; 1.000        ; -0.056     ; 1.280      ;
; -0.325 ; count_sec_bin:U_SEC_ALARM|count[0]   ; count_sec_bin:U_SEC_ALARM|count[1]   ; diver:U_DIVER|m_clk1 ; diver:U_DIVER|m_clk1 ; 1.000        ; -0.056     ; 1.264      ;
; -0.315 ; count_min_bin:U_MIN_BIN|count[5]     ; count_min_bin:U_MIN_BIN|count[3]     ; diver:U_DIVER|m_clk1 ; diver:U_DIVER|m_clk1 ; 1.000        ; -0.039     ; 1.271      ;
; -0.310 ; count_min_bin:U_MIN_BIN|count[5]     ; count_min_bin:U_MIN_BIN|count[4]     ; diver:U_DIVER|m_clk1 ; diver:U_DIVER|m_clk1 ; 1.000        ; -0.039     ; 1.266      ;
; -0.310 ; count_hour_bin:U_HOUR_BIN|count[0]   ; count_hour_bin:U_HOUR_BIN|count[1]   ; diver:U_DIVER|m_clk1 ; diver:U_DIVER|m_clk1 ; 1.000        ; -0.056     ; 1.249      ;
; -0.309 ; count_min_bin:U_MIN_BIN|count[5]     ; count_min_bin:U_MIN_BIN|count[5]     ; diver:U_DIVER|m_clk1 ; diver:U_DIVER|m_clk1 ; 1.000        ; -0.039     ; 1.265      ;
; -0.305 ; count_hour_bin:U_HOUR_ALARM|count[0] ; count_hour_bin:U_HOUR_ALARM|count[1] ; diver:U_DIVER|m_clk1 ; diver:U_DIVER|m_clk1 ; 1.000        ; -0.056     ; 1.244      ;
; -0.305 ; count_min_bin:U_MIN_ALARM|count[0]   ; count_min_bin:U_MIN_ALARM|count[1]   ; diver:U_DIVER|m_clk1 ; diver:U_DIVER|m_clk1 ; 1.000        ; -0.056     ; 1.244      ;
; -0.295 ; count_min_bin:U_MIN_BIN|count[0]     ; count_min_bin:U_MIN_BIN|count[1]     ; diver:U_DIVER|m_clk1 ; diver:U_DIVER|m_clk1 ; 1.000        ; -0.039     ; 1.251      ;
; -0.292 ; count_hour_bin:U_HOUR_BIN|count[2]   ; count_hour_bin:U_HOUR_BIN|count[4]   ; diver:U_DIVER|m_clk1 ; diver:U_DIVER|m_clk1 ; 1.000        ; 0.270      ; 1.557      ;
; -0.259 ; count_min_bin:U_MIN_BIN|count[2]     ; count_min_bin:U_MIN_BIN|count[2]     ; diver:U_DIVER|m_clk1 ; diver:U_DIVER|m_clk1 ; 1.000        ; -0.034     ; 1.220      ;
; -0.253 ; count_min_bin:U_MIN_ALARM|count[2]   ; count_min_bin:U_MIN_ALARM|count[2]   ; diver:U_DIVER|m_clk1 ; diver:U_DIVER|m_clk1 ; 1.000        ; -0.056     ; 1.192      ;
; -0.253 ; count_min_bin:U_MIN_ALARM|count[5]   ; count_min_bin:U_MIN_ALARM|count[5]   ; diver:U_DIVER|m_clk1 ; diver:U_DIVER|m_clk1 ; 1.000        ; -0.056     ; 1.192      ;
; -0.251 ; count_min_bin:U_MIN_ALARM|count[5]   ; count_min_bin:U_MIN_ALARM|count[2]   ; diver:U_DIVER|m_clk1 ; diver:U_DIVER|m_clk1 ; 1.000        ; -0.056     ; 1.190      ;
; -0.247 ; count_min_bin:U_MIN_ALARM|count[5]   ; count_min_bin:U_MIN_ALARM|count[3]   ; diver:U_DIVER|m_clk1 ; diver:U_DIVER|m_clk1 ; 1.000        ; -0.056     ; 1.186      ;
; -0.241 ; count_min_bin:U_MIN_BIN|count[4]     ; count_min_bin:U_MIN_BIN|count[3]     ; diver:U_DIVER|m_clk1 ; diver:U_DIVER|m_clk1 ; 1.000        ; -0.039     ; 1.197      ;
; -0.236 ; count_min_bin:U_MIN_BIN|count[3]     ; count_min_bin:U_MIN_BIN|count[2]     ; diver:U_DIVER|m_clk1 ; diver:U_DIVER|m_clk1 ; 1.000        ; -0.039     ; 1.192      ;
; -0.227 ; count_hour_bin:U_HOUR_ALARM|count[4] ; count_hour_bin:U_HOUR_ALARM|count[3] ; diver:U_DIVER|m_clk1 ; diver:U_DIVER|m_clk1 ; 1.000        ; -0.056     ; 1.166      ;
; -0.222 ; count_min_bin:U_MIN_BIN|count[3]     ; count_min_bin:U_MIN_BIN|count[3]     ; diver:U_DIVER|m_clk1 ; diver:U_DIVER|m_clk1 ; 1.000        ; -0.039     ; 1.178      ;
; -0.217 ; count_sec_bin:U_SEC_ALARM|count[5]   ; count_sec_bin:U_SEC_ALARM|count[3]   ; diver:U_DIVER|m_clk1 ; diver:U_DIVER|m_clk1 ; 1.000        ; -0.056     ; 1.156      ;
; -0.214 ; count_sec_bin:U_SEC_ALARM|count[5]   ; count_sec_bin:U_SEC_ALARM|count[5]   ; diver:U_DIVER|m_clk1 ; diver:U_DIVER|m_clk1 ; 1.000        ; -0.056     ; 1.153      ;
; -0.120 ; count_hour_bin:U_HOUR_ALARM|count[4] ; count_hour_bin:U_HOUR_ALARM|count[4] ; diver:U_DIVER|m_clk1 ; diver:U_DIVER|m_clk1 ; 1.000        ; -0.056     ; 1.059      ;
; -0.037 ; count_min_bin:U_MIN_ALARM|count[5]   ; count_min_bin:U_MIN_ALARM|count[4]   ; diver:U_DIVER|m_clk1 ; diver:U_DIVER|m_clk1 ; 1.000        ; -0.056     ; 0.976      ;
+--------+--------------------------------------+--------------------------------------+----------------------+----------------------+--------------+------------+------------+


+---------------------------------------------------------------------------------------------------------------------------------------------------------------------+
; Slow 1200mV 0C Model Setup: 'diver:U_DIVER|m_clk0'                                                                                                                  ;
+--------+----------------------------------+----------------------------------+----------------------+----------------------+--------------+------------+------------+
; Slack  ; From Node                        ; To Node                          ; Launch Clock         ; Latch Clock          ; Relationship ; Clock Skew ; Data Delay ;
+--------+----------------------------------+----------------------------------+----------------------+----------------------+--------------+------------+------------+
; -0.870 ; count_sec_bin:U_SEC_BIN|count[0] ; count_sec_bin:U_SEC_BIN|count[5] ; diver:U_DIVER|m_clk0 ; diver:U_DIVER|m_clk0 ; 1.000        ; -0.040     ; 1.845      ;
; -0.869 ; count_sec_bin:U_SEC_BIN|count[1] ; count_sec_bin:U_SEC_BIN|count[5] ; diver:U_DIVER|m_clk0 ; diver:U_DIVER|m_clk0 ; 1.000        ; -0.040     ; 1.844      ;
; -0.791 ; count_sec_bin:U_SEC_BIN|count[2] ; count_sec_bin:U_SEC_BIN|count[5] ; diver:U_DIVER|m_clk0 ; diver:U_DIVER|m_clk0 ; 1.000        ; -0.040     ; 1.766      ;
; -0.780 ; count_sec_bin:U_SEC_BIN|count[3] ; count_sec_bin:U_SEC_BIN|count[5] ; diver:U_DIVER|m_clk0 ; diver:U_DIVER|m_clk0 ; 1.000        ; -0.040     ; 1.755      ;
; -0.765 ; count_sec_bin:U_SEC_BIN|count[1] ; count_sec_bin:U_SEC_BIN|count[4] ; diver:U_DIVER|m_clk0 ; diver:U_DIVER|m_clk0 ; 1.000        ; -0.040     ; 1.740      ;
; -0.702 ; count_sec_bin:U_SEC_BIN|count[0] ; count_sec_bin:U_SEC_BIN|count[4] ; diver:U_DIVER|m_clk0 ; diver:U_DIVER|m_clk0 ; 1.000        ; -0.040     ; 1.677      ;
; -0.677 ; count_sec_bin:U_SEC_BIN|count[4] ; count_sec_bin:U_SEC_BIN|count[5] ; diver:U_DIVER|m_clk0 ; diver:U_DIVER|m_clk0 ; 1.000        ; -0.040     ; 1.652      ;
; -0.676 ; count_sec_bin:U_SEC_BIN|count[3] ; count_sec_bin:U_SEC_BIN|count[4] ; diver:U_DIVER|m_clk0 ; diver:U_DIVER|m_clk0 ; 1.000        ; -0.040     ; 1.651      ;
; -0.664 ; count_sec_bin:U_SEC_BIN|count[1] ; count_sec_bin:U_SEC_BIN|count[2] ; diver:U_DIVER|m_clk0 ; diver:U_DIVER|m_clk0 ; 1.000        ; -0.040     ; 1.639      ;
; -0.658 ; count_sec_bin:U_SEC_BIN|count[0] ; count_sec_bin:U_SEC_BIN|count[3] ; diver:U_DIVER|m_clk0 ; diver:U_DIVER|m_clk0 ; 1.000        ; -0.040     ; 1.633      ;
; -0.643 ; count_sec_bin:U_SEC_BIN|count[1] ; count_sec_bin:U_SEC_BIN|count[3] ; diver:U_DIVER|m_clk0 ; diver:U_DIVER|m_clk0 ; 1.000        ; -0.040     ; 1.618      ;
; -0.612 ; count_sec_bin:U_SEC_BIN|count[2] ; count_sec_bin:U_SEC_BIN|count[4] ; diver:U_DIVER|m_clk0 ; diver:U_DIVER|m_clk0 ; 1.000        ; -0.040     ; 1.587      ;
; -0.601 ; count_sec_bin:U_SEC_BIN|count[0] ; count_sec_bin:U_SEC_BIN|count[2] ; diver:U_DIVER|m_clk0 ; diver:U_DIVER|m_clk0 ; 1.000        ; -0.040     ; 1.576      ;
; -0.579 ; count_sec_bin:U_SEC_BIN|count[2] ; count_sec_bin:U_SEC_BIN|count[3] ; diver:U_DIVER|m_clk0 ; diver:U_DIVER|m_clk0 ; 1.000        ; -0.040     ; 1.554      ;
; -0.415 ; count_sec_bin:U_SEC_BIN|count[3] ; count_sec_bin:U_SEC_BIN|count[3] ; diver:U_DIVER|m_clk0 ; diver:U_DIVER|m_clk0 ; 1.000        ; -0.040     ; 1.390      ;
; -0.414 ; count_sec_bin:U_SEC_BIN|count[3] ; count_sec_bin:U_SEC_BIN|count[2] ; diver:U_DIVER|m_clk0 ; diver:U_DIVER|m_clk0 ; 1.000        ; -0.040     ; 1.389      ;
; -0.361 ; count_sec_bin:U_SEC_BIN|count[5] ; count_sec_bin:U_SEC_BIN|count[4] ; diver:U_DIVER|m_clk0 ; diver:U_DIVER|m_clk0 ; 1.000        ; -0.040     ; 1.336      ;
; -0.358 ; count_sec_bin:U_SEC_BIN|count[5] ; count_sec_bin:U_SEC_BIN|count[5] ; diver:U_DIVER|m_clk0 ; diver:U_DIVER|m_clk0 ; 1.000        ; -0.040     ; 1.333      ;
; -0.357 ; count_sec_bin:U_SEC_BIN|count[5] ; count_sec_bin:U_SEC_BIN|count[3] ; diver:U_DIVER|m_clk0 ; diver:U_DIVER|m_clk0 ; 1.000        ; -0.040     ; 1.332      ;
; -0.356 ; count_sec_bin:U_SEC_BIN|count[5] ; count_sec_bin:U_SEC_BIN|count[2] ; diver:U_DIVER|m_clk0 ; diver:U_DIVER|m_clk0 ; 1.000        ; -0.040     ; 1.331      ;
; -0.278 ; count_sec_bin:U_SEC_BIN|count[0] ; count_sec_bin:U_SEC_BIN|count[1] ; diver:U_DIVER|m_clk0 ; diver:U_DIVER|m_clk0 ; 1.000        ; -0.040     ; 1.253      ;
; -0.217 ; count_sec_bin:U_SEC_BIN|count[4] ; count_sec_bin:U_SEC_BIN|count[4] ; diver:U_DIVER|m_clk0 ; diver:U_DIVER|m_clk0 ; 1.000        ; -0.040     ; 1.192      ;
; -0.214 ; count_sec_bin:U_SEC_BIN|count[2] ; count_sec_bin:U_SEC_BIN|count[2] ; diver:U_DIVER|m_clk0 ; diver:U_DIVER|m_clk0 ; 1.000        ; -0.034     ; 1.195      ;
; -0.208 ; count_sec_bin:U_SEC_BIN|count[4] ; count_sec_bin:U_SEC_BIN|count[3] ; diver:U_DIVER|m_clk0 ; diver:U_DIVER|m_clk0 ; 1.000        ; -0.040     ; 1.183      ;
; -0.207 ; count_sec_bin:U_SEC_BIN|count[4] ; count_sec_bin:U_SEC_BIN|count[2] ; diver:U_DIVER|m_clk0 ; diver:U_DIVER|m_clk0 ; 1.000        ; -0.040     ; 1.182      ;
; 0.072  ; count_sec_bin:U_SEC_BIN|count[0] ; count_sec_bin:U_SEC_BIN|count[0] ; diver:U_DIVER|m_clk0 ; diver:U_DIVER|m_clk0 ; 1.000        ; -0.034     ; 0.909      ;
; 0.089  ; count_sec_bin:U_SEC_BIN|count[1] ; count_sec_bin:U_SEC_BIN|count[1] ; diver:U_DIVER|m_clk0 ; diver:U_DIVER|m_clk0 ; 1.000        ; -0.034     ; 0.892      ;
+--------+----------------------------------+----------------------------------+----------------------+----------------------+--------------+------------+------------+


+----------------------------------------------------------------------------------------------------------------------------------------+
; Slow 1200mV 0C Model Setup: 'clk'                                                                                                      ;
+--------+------------------------+------------------------+----------------------+-------------+--------------+------------+------------+
; Slack  ; From Node              ; To Node                ; Launch Clock         ; Latch Clock ; Relationship ; Clock Skew ; Data Delay ;
+--------+------------------------+------------------------+----------------------+-------------+--------------+------------+------------+
; -0.094 ; diver:U_DIVER|cnt_0[0] ; diver:U_DIVER|m_clk0   ; clk                  ; clk         ; 1.000        ; -0.057     ; 1.032      ;
; 0.030  ; diver:U_DIVER|cnt_0[1] ; diver:U_DIVER|m_clk0   ; clk                  ; clk         ; 1.000        ; -0.057     ; 0.908      ;
; 0.110  ; diver:U_DIVER|m_clk0   ; diver:U_DIVER|m_clk0   ; diver:U_DIVER|m_clk0 ; clk         ; 0.500        ; 1.918      ; 2.483      ;
; 0.118  ; diver:U_DIVER|m_clk1   ; diver:U_DIVER|m_clk1   ; diver:U_DIVER|m_clk1 ; clk         ; 0.500        ; 1.919      ; 2.466      ;
; 0.199  ; diver:U_DIVER|cnt_0[0] ; diver:U_DIVER|cnt_0[1] ; clk                  ; clk         ; 1.000        ; -0.057     ; 0.739      ;
; 0.312  ; diver:U_DIVER|cnt_0[1] ; diver:U_DIVER|cnt_0[0] ; clk                  ; clk         ; 1.000        ; -0.057     ; 0.626      ;
; 0.355  ; diver:U_DIVER|cnt_0[0] ; diver:U_DIVER|cnt_0[0] ; clk                  ; clk         ; 1.000        ; -0.057     ; 0.583      ;
; 0.355  ; diver:U_DIVER|cnt_0[1] ; diver:U_DIVER|cnt_0[1] ; clk                  ; clk         ; 1.000        ; -0.057     ; 0.583      ;
; 0.378  ; trigger:U_TRIGGER|temp ; trigger:U_TRIGGER|temp ; clk                  ; clk         ; 1.000        ; -0.034     ; 0.583      ;
; 0.675  ; diver:U_DIVER|m_clk1   ; diver:U_DIVER|m_clk1   ; diver:U_DIVER|m_clk1 ; clk         ; 1.000        ; 1.919      ; 2.409      ;
; 0.677  ; diver:U_DIVER|m_clk0   ; diver:U_DIVER|m_clk0   ; diver:U_DIVER|m_clk0 ; clk         ; 1.000        ; 1.918      ; 2.416      ;
+--------+------------------------+------------------------+----------------------+-------------+--------------+------------+------------+


+----------------------------------------------------------------------------------------------------------------------------------------+
; Slow 1200mV 0C Model Hold: 'clk'                                                                                                       ;
+--------+------------------------+------------------------+----------------------+-------------+--------------+------------+------------+
; Slack  ; From Node              ; To Node                ; Launch Clock         ; Latch Clock ; Relationship ; Clock Skew ; Data Delay ;
+--------+------------------------+------------------------+----------------------+-------------+--------------+------------+------------+
; -0.080 ; diver:U_DIVER|m_clk1   ; diver:U_DIVER|m_clk1   ; diver:U_DIVER|m_clk1 ; clk         ; 0.000        ; 1.986      ; 2.260      ;
; -0.073 ; diver:U_DIVER|m_clk0   ; diver:U_DIVER|m_clk0   ; diver:U_DIVER|m_clk0 ; clk         ; 0.000        ; 1.985      ; 2.256      ;
; 0.318  ; diver:U_DIVER|cnt_0[1] ; diver:U_DIVER|cnt_0[1] ; clk                  ; clk         ; 0.000        ; 0.057      ; 0.519      ;
; 0.318  ; diver:U_DIVER|cnt_0[0] ; diver:U_DIVER|cnt_0[0] ; clk                  ; clk         ; 0.000        ; 0.057      ; 0.519      ;
; 0.333  ; trigger:U_TRIGGER|temp ; trigger:U_TRIGGER|temp ; clk                  ; clk         ; 0.000        ; 0.034      ; 0.511      ;
; 0.333  ; diver:U_DIVER|cnt_0[1] ; diver:U_DIVER|cnt_0[0] ; clk                  ; clk         ; 0.000        ; 0.057      ; 0.534      ;
; 0.465  ; diver:U_DIVER|m_clk1   ; diver:U_DIVER|m_clk1   ; diver:U_DIVER|m_clk1 ; clk         ; -0.500       ; 1.986      ; 2.305      ;
; 0.470  ; diver:U_DIVER|m_clk0   ; diver:U_DIVER|m_clk0   ; diver:U_DIVER|m_clk0 ; clk         ; -0.500       ; 1.985      ; 2.299      ;
; 0.489  ; diver:U_DIVER|cnt_0[0] ; diver:U_DIVER|cnt_0[1] ; clk                  ; clk         ; 0.000        ; 0.057      ; 0.690      ;
; 0.600  ; diver:U_DIVER|cnt_0[1] ; diver:U_DIVER|m_clk0   ; clk                  ; clk         ; 0.000        ; 0.057      ; 0.801      ;
; 0.704  ; diver:U_DIVER|cnt_0[0] ; diver:U_DIVER|m_clk0   ; clk                  ; clk         ; 0.000        ; 0.057      ; 0.905      ;
+--------+------------------------+------------------------+----------------------+-------------+--------------+------------+------------+


+----------------------------------------------------------------------------------------------------------------------------------------------------------------------------+
; Slow 1200mV 0C Model Hold: 'diver:U_DIVER|m_clk1'                                                                                                                          ;
+-------+--------------------------------------+--------------------------------------+----------------------+----------------------+--------------+------------+------------+
; Slack ; From Node                            ; To Node                              ; Launch Clock         ; Latch Clock          ; Relationship ; Clock Skew ; Data Delay ;
+-------+--------------------------------------+--------------------------------------+----------------------+----------------------+--------------+------------+------------+
; 0.295 ; trigger:U_TRIGGER|temp               ; count_hour_bin:U_HOUR_ALARM|count[4] ; clk                  ; diver:U_DIVER|m_clk1 ; -0.500       ; 2.093      ; 2.062      ;
; 0.295 ; trigger:U_TRIGGER|temp               ; count_hour_bin:U_HOUR_ALARM|count[0] ; clk                  ; diver:U_DIVER|m_clk1 ; -0.500       ; 2.093      ; 2.062      ;
; 0.295 ; trigger:U_TRIGGER|temp               ; count_hour_bin:U_HOUR_ALARM|count[3] ; clk                  ; diver:U_DIVER|m_clk1 ; -0.500       ; 2.093      ; 2.062      ;
; 0.295 ; trigger:U_TRIGGER|temp               ; count_hour_bin:U_HOUR_ALARM|count[1] ; clk                  ; diver:U_DIVER|m_clk1 ; -0.500       ; 2.093      ; 2.062      ;
; 0.295 ; trigger:U_TRIGGER|temp               ; count_hour_bin:U_HOUR_ALARM|count[2] ; clk                  ; diver:U_DIVER|m_clk1 ; -0.500       ; 2.093      ; 2.062      ;
; 0.311 ; count_min_bin:U_MIN_ALARM|count[2]   ; count_min_bin:U_MIN_ALARM|count[2]   ; diver:U_DIVER|m_clk1 ; diver:U_DIVER|m_clk1 ; 0.000        ; 0.056      ; 0.511      ;
; 0.311 ; count_sec_bin:U_SEC_ALARM|count[2]   ; count_sec_bin:U_SEC_ALARM|count[2]   ; diver:U_DIVER|m_clk1 ; diver:U_DIVER|m_clk1 ; 0.000        ; 0.056      ; 0.511      ;
; 0.333 ; count_min_bin:U_MIN_BIN|count[2]     ; count_min_bin:U_MIN_BIN|count[2]     ; diver:U_DIVER|m_clk1 ; diver:U_DIVER|m_clk1 ; 0.000        ; 0.034      ; 0.511      ;
; 0.335 ; trigger:U_TRIGGER|temp               ; count_min_bin:U_MIN_ALARM|count[5]   ; clk                  ; diver:U_DIVER|m_clk1 ; -0.500       ; 2.092      ; 2.101      ;
; 0.335 ; trigger:U_TRIGGER|temp               ; count_min_bin:U_MIN_ALARM|count[0]   ; clk                  ; diver:U_DIVER|m_clk1 ; -0.500       ; 2.092      ; 2.101      ;
; 0.335 ; trigger:U_TRIGGER|temp               ; count_min_bin:U_MIN_ALARM|count[1]   ; clk                  ; diver:U_DIVER|m_clk1 ; -0.500       ; 2.092      ; 2.101      ;
; 0.335 ; trigger:U_TRIGGER|temp               ; count_min_bin:U_MIN_ALARM|count[2]   ; clk                  ; diver:U_DIVER|m_clk1 ; -0.500       ; 2.092      ; 2.101      ;
; 0.335 ; trigger:U_TRIGGER|temp               ; count_min_bin:U_MIN_ALARM|count[3]   ; clk                  ; diver:U_DIVER|m_clk1 ; -0.500       ; 2.092      ; 2.101      ;
; 0.335 ; trigger:U_TRIGGER|temp               ; count_min_bin:U_MIN_ALARM|count[4]   ; clk                  ; diver:U_DIVER|m_clk1 ; -0.500       ; 2.092      ; 2.101      ;
; 0.373 ; count_hour_bin:U_HOUR_BIN|count[1]   ; count_hour_bin:U_HOUR_BIN|count[4]   ; diver:U_DIVER|m_clk1 ; diver:U_DIVER|m_clk1 ; 0.000        ; 0.396      ; 0.913      ;
; 0.376 ; trigger:U_TRIGGER|temp               ; count_sec_bin:U_SEC_ALARM|count[5]   ; clk                  ; diver:U_DIVER|m_clk1 ; -0.500       ; 2.092      ; 2.142      ;
; 0.376 ; trigger:U_TRIGGER|temp               ; count_sec_bin:U_SEC_ALARM|count[0]   ; clk                  ; diver:U_DIVER|m_clk1 ; -0.500       ; 2.092      ; 2.142      ;
; 0.376 ; trigger:U_TRIGGER|temp               ; count_sec_bin:U_SEC_ALARM|count[1]   ; clk                  ; diver:U_DIVER|m_clk1 ; -0.500       ; 2.092      ; 2.142      ;
; 0.376 ; trigger:U_TRIGGER|temp               ; count_sec_bin:U_SEC_ALARM|count[2]   ; clk                  ; diver:U_DIVER|m_clk1 ; -0.500       ; 2.092      ; 2.142      ;
; 0.376 ; trigger:U_TRIGGER|temp               ; count_sec_bin:U_SEC_ALARM|count[3]   ; clk                  ; diver:U_DIVER|m_clk1 ; -0.500       ; 2.092      ; 2.142      ;
; 0.376 ; trigger:U_TRIGGER|temp               ; count_sec_bin:U_SEC_ALARM|count[4]   ; clk                  ; diver:U_DIVER|m_clk1 ; -0.500       ; 2.092      ; 2.142      ;
; 0.511 ; count_sec_bin:U_SEC_ALARM|count[1]   ; count_sec_bin:U_SEC_ALARM|count[1]   ; diver:U_DIVER|m_clk1 ; diver:U_DIVER|m_clk1 ; 0.000        ; 0.056      ; 0.711      ;
; 0.513 ; count_hour_bin:U_HOUR_ALARM|count[1] ; count_hour_bin:U_HOUR_ALARM|count[1] ; diver:U_DIVER|m_clk1 ; diver:U_DIVER|m_clk1 ; 0.000        ; 0.056      ; 0.713      ;
; 0.513 ; count_min_bin:U_MIN_ALARM|count[1]   ; count_min_bin:U_MIN_ALARM|count[1]   ; diver:U_DIVER|m_clk1 ; diver:U_DIVER|m_clk1 ; 0.000        ; 0.056      ; 0.713      ;
; 0.515 ; count_hour_bin:U_HOUR_BIN|count[2]   ; count_hour_bin:U_HOUR_BIN|count[2]   ; diver:U_DIVER|m_clk1 ; diver:U_DIVER|m_clk1 ; 0.000        ; 0.056      ; 0.715      ;
; 0.526 ; count_hour_bin:U_HOUR_ALARM|count[0] ; count_hour_bin:U_HOUR_ALARM|count[0] ; diver:U_DIVER|m_clk1 ; diver:U_DIVER|m_clk1 ; 0.000        ; 0.056      ; 0.726      ;
; 0.526 ; count_min_bin:U_MIN_ALARM|count[0]   ; count_min_bin:U_MIN_ALARM|count[0]   ; diver:U_DIVER|m_clk1 ; diver:U_DIVER|m_clk1 ; 0.000        ; 0.056      ; 0.726      ;
; 0.528 ; count_min_bin:U_MIN_ALARM|count[2]   ; count_min_bin:U_MIN_ALARM|count[4]   ; diver:U_DIVER|m_clk1 ; diver:U_DIVER|m_clk1 ; 0.000        ; 0.056      ; 0.728      ;
; 0.528 ; count_hour_bin:U_HOUR_BIN|count[1]   ; count_hour_bin:U_HOUR_BIN|count[1]   ; diver:U_DIVER|m_clk1 ; diver:U_DIVER|m_clk1 ; 0.000        ; 0.056      ; 0.728      ;
; 0.531 ; count_hour_bin:U_HOUR_BIN|count[0]   ; count_hour_bin:U_HOUR_BIN|count[0]   ; diver:U_DIVER|m_clk1 ; diver:U_DIVER|m_clk1 ; 0.000        ; 0.056      ; 0.731      ;
; 0.533 ; count_hour_bin:U_HOUR_ALARM|count[2] ; count_hour_bin:U_HOUR_ALARM|count[2] ; diver:U_DIVER|m_clk1 ; diver:U_DIVER|m_clk1 ; 0.000        ; 0.056      ; 0.733      ;
; 0.538 ; count_hour_bin:U_HOUR_BIN|count[3]   ; count_hour_bin:U_HOUR_BIN|count[4]   ; diver:U_DIVER|m_clk1 ; diver:U_DIVER|m_clk1 ; 0.000        ; 0.396      ; 1.078      ;
; 0.541 ; count_min_bin:U_MIN_BIN|count[1]     ; count_min_bin:U_MIN_BIN|count[1]     ; diver:U_DIVER|m_clk1 ; diver:U_DIVER|m_clk1 ; 0.000        ; 0.034      ; 0.719      ;
; 0.546 ; count_sec_bin:U_SEC_ALARM|count[0]   ; count_sec_bin:U_SEC_ALARM|count[0]   ; diver:U_DIVER|m_clk1 ; diver:U_DIVER|m_clk1 ; 0.000        ; 0.056      ; 0.746      ;
; 0.554 ; count_min_bin:U_MIN_BIN|count[0]     ; count_min_bin:U_MIN_BIN|count[0]     ; diver:U_DIVER|m_clk1 ; diver:U_DIVER|m_clk1 ; 0.000        ; 0.034      ; 0.732      ;
; 0.558 ; count_sec_bin:U_SEC_ALARM|count[2]   ; count_sec_bin:U_SEC_ALARM|count[5]   ; diver:U_DIVER|m_clk1 ; diver:U_DIVER|m_clk1 ; 0.000        ; 0.056      ; 0.758      ;
; 0.559 ; count_sec_bin:U_SEC_ALARM|count[2]   ; count_sec_bin:U_SEC_ALARM|count[4]   ; diver:U_DIVER|m_clk1 ; diver:U_DIVER|m_clk1 ; 0.000        ; 0.056      ; 0.759      ;
; 0.560 ; count_sec_bin:U_SEC_ALARM|count[2]   ; count_sec_bin:U_SEC_ALARM|count[3]   ; diver:U_DIVER|m_clk1 ; diver:U_DIVER|m_clk1 ; 0.000        ; 0.056      ; 0.760      ;
; 0.569 ; count_min_bin:U_MIN_BIN|count[2]     ; count_min_bin:U_MIN_BIN|count[4]     ; diver:U_DIVER|m_clk1 ; diver:U_DIVER|m_clk1 ; 0.000        ; 0.039      ; 0.752      ;
; 0.603 ; count_min_bin:U_MIN_ALARM|count[2]   ; count_min_bin:U_MIN_ALARM|count[3]   ; diver:U_DIVER|m_clk1 ; diver:U_DIVER|m_clk1 ; 0.000        ; 0.056      ; 0.803      ;
; 0.604 ; count_min_bin:U_MIN_ALARM|count[2]   ; count_min_bin:U_MIN_ALARM|count[5]   ; diver:U_DIVER|m_clk1 ; diver:U_DIVER|m_clk1 ; 0.000        ; 0.056      ; 0.804      ;
; 0.628 ; count_sec_bin:U_SEC_ALARM|count[5]   ; count_sec_bin:U_SEC_ALARM|count[5]   ; diver:U_DIVER|m_clk1 ; diver:U_DIVER|m_clk1 ; 0.000        ; 0.056      ; 0.828      ;
; 0.633 ; count_min_bin:U_MIN_ALARM|count[5]   ; count_min_bin:U_MIN_ALARM|count[5]   ; diver:U_DIVER|m_clk1 ; diver:U_DIVER|m_clk1 ; 0.000        ; 0.056      ; 0.833      ;
; 0.633 ; count_min_bin:U_MIN_BIN|count[5]     ; count_min_bin:U_MIN_BIN|count[5]     ; diver:U_DIVER|m_clk1 ; diver:U_DIVER|m_clk1 ; 0.000        ; 0.039      ; 0.816      ;
; 0.643 ; count_hour_bin:U_HOUR_ALARM|count[4] ; count_hour_bin:U_HOUR_ALARM|count[4] ; diver:U_DIVER|m_clk1 ; diver:U_DIVER|m_clk1 ; 0.000        ; 0.056      ; 0.843      ;
; 0.645 ; count_hour_bin:U_HOUR_BIN|count[4]   ; count_hour_bin:U_HOUR_BIN|count[4]   ; diver:U_DIVER|m_clk1 ; diver:U_DIVER|m_clk1 ; 0.000        ; 0.070      ; 0.859      ;
; 0.651 ; count_min_bin:U_MIN_ALARM|count[5]   ; count_min_bin:U_MIN_ALARM|count[4]   ; diver:U_DIVER|m_clk1 ; diver:U_DIVER|m_clk1 ; 0.000        ; 0.056      ; 0.851      ;
; 0.654 ; count_sec_bin:U_SEC_ALARM|count[5]   ; count_sec_bin:U_SEC_ALARM|count[4]   ; diver:U_DIVER|m_clk1 ; diver:U_DIVER|m_clk1 ; 0.000        ; 0.056      ; 0.854      ;
; 0.677 ; count_hour_bin:U_HOUR_ALARM|count[1] ; count_hour_bin:U_HOUR_ALARM|count[4] ; diver:U_DIVER|m_clk1 ; diver:U_DIVER|m_clk1 ; 0.000        ; 0.056      ; 0.877      ;
; 0.678 ; count_hour_bin:U_HOUR_BIN|count[3]   ; count_hour_bin:U_HOUR_BIN|count[3]   ; diver:U_DIVER|m_clk1 ; diver:U_DIVER|m_clk1 ; 0.000        ; 0.056      ; 0.878      ;
; 0.682 ; count_min_bin:U_MIN_BIN|count[1]     ; count_min_bin:U_MIN_BIN|count[4]     ; diver:U_DIVER|m_clk1 ; diver:U_DIVER|m_clk1 ; 0.000        ; 0.039      ; 0.865      ;
; 0.692 ; count_min_bin:U_MIN_ALARM|count[1]   ; count_min_bin:U_MIN_ALARM|count[4]   ; diver:U_DIVER|m_clk1 ; diver:U_DIVER|m_clk1 ; 0.000        ; 0.056      ; 0.892      ;
; 0.693 ; count_hour_bin:U_HOUR_ALARM|count[1] ; count_hour_bin:U_HOUR_ALARM|count[3] ; diver:U_DIVER|m_clk1 ; diver:U_DIVER|m_clk1 ; 0.000        ; 0.056      ; 0.893      ;
; 0.694 ; count_min_bin:U_MIN_BIN|count[2]     ; count_min_bin:U_MIN_BIN|count[5]     ; diver:U_DIVER|m_clk1 ; diver:U_DIVER|m_clk1 ; 0.000        ; 0.039      ; 0.877      ;
; 0.699 ; count_min_bin:U_MIN_BIN|count[2]     ; count_min_bin:U_MIN_BIN|count[3]     ; diver:U_DIVER|m_clk1 ; diver:U_DIVER|m_clk1 ; 0.000        ; 0.039      ; 0.882      ;
; 0.699 ; count_hour_bin:U_HOUR_BIN|count[2]   ; count_hour_bin:U_HOUR_BIN|count[4]   ; diver:U_DIVER|m_clk1 ; diver:U_DIVER|m_clk1 ; 0.000        ; 0.396      ; 1.239      ;
; 0.704 ; count_min_bin:U_MIN_ALARM|count[1]   ; count_min_bin:U_MIN_ALARM|count[5]   ; diver:U_DIVER|m_clk1 ; diver:U_DIVER|m_clk1 ; 0.000        ; 0.056      ; 0.904      ;
; 0.704 ; count_hour_bin:U_HOUR_BIN|count[1]   ; count_hour_bin:U_HOUR_BIN|count[3]   ; diver:U_DIVER|m_clk1 ; diver:U_DIVER|m_clk1 ; 0.000        ; 0.056      ; 0.904      ;
; 0.707 ; count_min_bin:U_MIN_ALARM|count[1]   ; count_min_bin:U_MIN_ALARM|count[2]   ; diver:U_DIVER|m_clk1 ; diver:U_DIVER|m_clk1 ; 0.000        ; 0.056      ; 0.907      ;
; 0.708 ; count_min_bin:U_MIN_ALARM|count[1]   ; count_min_bin:U_MIN_ALARM|count[3]   ; diver:U_DIVER|m_clk1 ; diver:U_DIVER|m_clk1 ; 0.000        ; 0.056      ; 0.908      ;
; 0.757 ; count_sec_bin:U_SEC_ALARM|count[1]   ; count_sec_bin:U_SEC_ALARM|count[3]   ; diver:U_DIVER|m_clk1 ; diver:U_DIVER|m_clk1 ; 0.000        ; 0.056      ; 0.957      ;
; 0.758 ; count_hour_bin:U_HOUR_ALARM|count[1] ; count_hour_bin:U_HOUR_ALARM|count[2] ; diver:U_DIVER|m_clk1 ; diver:U_DIVER|m_clk1 ; 0.000        ; 0.056      ; 0.958      ;
; 0.760 ; count_hour_bin:U_HOUR_ALARM|count[0] ; count_hour_bin:U_HOUR_ALARM|count[1] ; diver:U_DIVER|m_clk1 ; diver:U_DIVER|m_clk1 ; 0.000        ; 0.056      ; 0.960      ;
; 0.760 ; count_min_bin:U_MIN_ALARM|count[0]   ; count_min_bin:U_MIN_ALARM|count[1]   ; diver:U_DIVER|m_clk1 ; diver:U_DIVER|m_clk1 ; 0.000        ; 0.056      ; 0.960      ;
; 0.760 ; count_sec_bin:U_SEC_ALARM|count[1]   ; count_sec_bin:U_SEC_ALARM|count[5]   ; diver:U_DIVER|m_clk1 ; diver:U_DIVER|m_clk1 ; 0.000        ; 0.056      ; 0.960      ;
; 0.764 ; count_hour_bin:U_HOUR_BIN|count[0]   ; count_hour_bin:U_HOUR_BIN|count[1]   ; diver:U_DIVER|m_clk1 ; diver:U_DIVER|m_clk1 ; 0.000        ; 0.056      ; 0.964      ;
; 0.767 ; count_hour_bin:U_HOUR_ALARM|count[0] ; count_hour_bin:U_HOUR_ALARM|count[2] ; diver:U_DIVER|m_clk1 ; diver:U_DIVER|m_clk1 ; 0.000        ; 0.056      ; 0.967      ;
; 0.771 ; count_min_bin:U_MIN_BIN|count[3]     ; count_min_bin:U_MIN_BIN|count[5]     ; diver:U_DIVER|m_clk1 ; diver:U_DIVER|m_clk1 ; 0.000        ; 0.039      ; 0.954      ;
; 0.771 ; count_hour_bin:U_HOUR_BIN|count[0]   ; count_hour_bin:U_HOUR_BIN|count[2]   ; diver:U_DIVER|m_clk1 ; diver:U_DIVER|m_clk1 ; 0.000        ; 0.056      ; 0.971      ;
; 0.772 ; count_hour_bin:U_HOUR_BIN|count[1]   ; count_hour_bin:U_HOUR_BIN|count[2]   ; diver:U_DIVER|m_clk1 ; diver:U_DIVER|m_clk1 ; 0.000        ; 0.056      ; 0.972      ;
; 0.776 ; count_min_bin:U_MIN_BIN|count[3]     ; count_min_bin:U_MIN_BIN|count[3]     ; diver:U_DIVER|m_clk1 ; diver:U_DIVER|m_clk1 ; 0.000        ; 0.039      ; 0.959      ;
; 0.777 ; count_sec_bin:U_SEC_ALARM|count[3]   ; count_sec_bin:U_SEC_ALARM|count[3]   ; diver:U_DIVER|m_clk1 ; diver:U_DIVER|m_clk1 ; 0.000        ; 0.056      ; 0.977      ;
; 0.779 ; count_sec_bin:U_SEC_ALARM|count[0]   ; count_sec_bin:U_SEC_ALARM|count[1]   ; diver:U_DIVER|m_clk1 ; diver:U_DIVER|m_clk1 ; 0.000        ; 0.056      ; 0.979      ;
; 0.780 ; count_min_bin:U_MIN_ALARM|count[3]   ; count_min_bin:U_MIN_ALARM|count[3]   ; diver:U_DIVER|m_clk1 ; diver:U_DIVER|m_clk1 ; 0.000        ; 0.056      ; 0.980      ;
; 0.783 ; count_min_bin:U_MIN_BIN|count[0]     ; count_min_bin:U_MIN_BIN|count[1]     ; diver:U_DIVER|m_clk1 ; diver:U_DIVER|m_clk1 ; 0.000        ; 0.039      ; 0.966      ;
; 0.795 ; count_hour_bin:U_HOUR_BIN|count[0]   ; count_hour_bin:U_HOUR_BIN|count[4]   ; diver:U_DIVER|m_clk1 ; diver:U_DIVER|m_clk1 ; 0.000        ; 0.396      ; 1.335      ;
; 0.800 ; count_hour_bin:U_HOUR_ALARM|count[3] ; count_hour_bin:U_HOUR_ALARM|count[3] ; diver:U_DIVER|m_clk1 ; diver:U_DIVER|m_clk1 ; 0.000        ; 0.056      ; 1.000      ;
; 0.800 ; count_min_bin:U_MIN_BIN|count[3]     ; count_min_bin:U_MIN_BIN|count[4]     ; diver:U_DIVER|m_clk1 ; diver:U_DIVER|m_clk1 ; 0.000        ; 0.039      ; 0.983      ;
; 0.813 ; count_hour_bin:U_HOUR_ALARM|count[2] ; count_hour_bin:U_HOUR_ALARM|count[4] ; diver:U_DIVER|m_clk1 ; diver:U_DIVER|m_clk1 ; 0.000        ; 0.056      ; 1.013      ;
; 0.814 ; count_sec_bin:U_SEC_ALARM|count[4]   ; count_sec_bin:U_SEC_ALARM|count[4]   ; diver:U_DIVER|m_clk1 ; diver:U_DIVER|m_clk1 ; 0.000        ; 0.056      ; 1.014      ;
; 0.837 ; count_hour_bin:U_HOUR_ALARM|count[4] ; count_hour_bin:U_HOUR_ALARM|count[3] ; diver:U_DIVER|m_clk1 ; diver:U_DIVER|m_clk1 ; 0.000        ; 0.056      ; 1.037      ;
; 0.842 ; count_sec_bin:U_SEC_ALARM|count[5]   ; count_sec_bin:U_SEC_ALARM|count[3]   ; diver:U_DIVER|m_clk1 ; diver:U_DIVER|m_clk1 ; 0.000        ; 0.056      ; 1.042      ;
; 0.848 ; count_min_bin:U_MIN_ALARM|count[5]   ; count_min_bin:U_MIN_ALARM|count[3]   ; diver:U_DIVER|m_clk1 ; diver:U_DIVER|m_clk1 ; 0.000        ; 0.056      ; 1.048      ;
; 0.849 ; count_min_bin:U_MIN_ALARM|count[5]   ; count_min_bin:U_MIN_ALARM|count[2]   ; diver:U_DIVER|m_clk1 ; diver:U_DIVER|m_clk1 ; 0.000        ; 0.056      ; 1.049      ;
; 0.855 ; count_sec_bin:U_SEC_ALARM|count[1]   ; count_sec_bin:U_SEC_ALARM|count[4]   ; diver:U_DIVER|m_clk1 ; diver:U_DIVER|m_clk1 ; 0.000        ; 0.056      ; 1.055      ;
; 0.857 ; count_min_bin:U_MIN_BIN|count[4]     ; count_min_bin:U_MIN_BIN|count[5]     ; diver:U_DIVER|m_clk1 ; diver:U_DIVER|m_clk1 ; 0.000        ; 0.039      ; 1.040      ;
; 0.862 ; count_min_bin:U_MIN_BIN|count[4]     ; count_min_bin:U_MIN_BIN|count[3]     ; diver:U_DIVER|m_clk1 ; diver:U_DIVER|m_clk1 ; 0.000        ; 0.039      ; 1.045      ;
; 0.863 ; count_hour_bin:U_HOUR_ALARM|count[0] ; count_hour_bin:U_HOUR_ALARM|count[4] ; diver:U_DIVER|m_clk1 ; diver:U_DIVER|m_clk1 ; 0.000        ; 0.056      ; 1.063      ;
; 0.865 ; count_sec_bin:U_SEC_ALARM|count[1]   ; count_sec_bin:U_SEC_ALARM|count[2]   ; diver:U_DIVER|m_clk1 ; diver:U_DIVER|m_clk1 ; 0.000        ; 0.056      ; 1.065      ;
; 0.871 ; count_hour_bin:U_HOUR_BIN|count[2]   ; count_hour_bin:U_HOUR_BIN|count[3]   ; diver:U_DIVER|m_clk1 ; diver:U_DIVER|m_clk1 ; 0.000        ; 0.056      ; 1.071      ;
; 0.872 ; count_min_bin:U_MIN_BIN|count[3]     ; count_min_bin:U_MIN_BIN|count[2]     ; diver:U_DIVER|m_clk1 ; diver:U_DIVER|m_clk1 ; 0.000        ; 0.039      ; 1.055      ;
; 0.881 ; count_min_bin:U_MIN_ALARM|count[4]   ; count_min_bin:U_MIN_ALARM|count[4]   ; diver:U_DIVER|m_clk1 ; diver:U_DIVER|m_clk1 ; 0.000        ; 0.056      ; 1.081      ;
; 0.886 ; count_sec_bin:U_SEC_ALARM|count[3]   ; count_sec_bin:U_SEC_ALARM|count[4]   ; diver:U_DIVER|m_clk1 ; diver:U_DIVER|m_clk1 ; 0.000        ; 0.056      ; 1.086      ;
; 0.886 ; count_min_bin:U_MIN_BIN|count[4]     ; count_min_bin:U_MIN_BIN|count[4]     ; diver:U_DIVER|m_clk1 ; diver:U_DIVER|m_clk1 ; 0.000        ; 0.039      ; 1.069      ;
; 0.893 ; count_min_bin:U_MIN_BIN|count[1]     ; count_min_bin:U_MIN_BIN|count[3]     ; diver:U_DIVER|m_clk1 ; diver:U_DIVER|m_clk1 ; 0.000        ; 0.039      ; 1.076      ;
; 0.896 ; count_min_bin:U_MIN_BIN|count[1]     ; count_min_bin:U_MIN_BIN|count[5]     ; diver:U_DIVER|m_clk1 ; diver:U_DIVER|m_clk1 ; 0.000        ; 0.039      ; 1.079      ;
; 0.906 ; count_min_bin:U_MIN_BIN|count[1]     ; count_min_bin:U_MIN_BIN|count[2]     ; diver:U_DIVER|m_clk1 ; diver:U_DIVER|m_clk1 ; 0.000        ; 0.039      ; 1.089      ;
; 0.922 ; count_min_bin:U_MIN_BIN|count[0]     ; count_min_bin:U_MIN_BIN|count[5]     ; diver:U_DIVER|m_clk1 ; diver:U_DIVER|m_clk1 ; 0.000        ; 0.039      ; 1.105      ;
; 0.927 ; count_min_bin:U_MIN_BIN|count[0]     ; count_min_bin:U_MIN_BIN|count[3]     ; diver:U_DIVER|m_clk1 ; diver:U_DIVER|m_clk1 ; 0.000        ; 0.039      ; 1.110      ;
; 0.928 ; count_min_bin:U_MIN_ALARM|count[3]   ; count_min_bin:U_MIN_ALARM|count[4]   ; diver:U_DIVER|m_clk1 ; diver:U_DIVER|m_clk1 ; 0.000        ; 0.056      ; 1.128      ;
+-------+--------------------------------------+--------------------------------------+----------------------+----------------------+--------------+------------+------------+


+--------------------------------------------------------------------------------------------------------------------------------------------------------------------+
; Slow 1200mV 0C Model Hold: 'diver:U_DIVER|m_clk0'                                                                                                                  ;
+-------+----------------------------------+----------------------------------+----------------------+----------------------+--------------+------------+------------+
; Slack ; From Node                        ; To Node                          ; Launch Clock         ; Latch Clock          ; Relationship ; Clock Skew ; Data Delay ;
+-------+----------------------------------+----------------------------------+----------------------+----------------------+--------------+------------+------------+
; 0.333 ; count_sec_bin:U_SEC_BIN|count[2] ; count_sec_bin:U_SEC_BIN|count[2] ; diver:U_DIVER|m_clk0 ; diver:U_DIVER|m_clk0 ; 0.000        ; 0.034      ; 0.511      ;
; 0.541 ; count_sec_bin:U_SEC_BIN|count[1] ; count_sec_bin:U_SEC_BIN|count[1] ; diver:U_DIVER|m_clk0 ; diver:U_DIVER|m_clk0 ; 0.000        ; 0.034      ; 0.719      ;
; 0.556 ; count_sec_bin:U_SEC_BIN|count[0] ; count_sec_bin:U_SEC_BIN|count[0] ; diver:U_DIVER|m_clk0 ; diver:U_DIVER|m_clk0 ; 0.000        ; 0.034      ; 0.734      ;
; 0.624 ; count_sec_bin:U_SEC_BIN|count[2] ; count_sec_bin:U_SEC_BIN|count[3] ; diver:U_DIVER|m_clk0 ; diver:U_DIVER|m_clk0 ; 0.000        ; 0.040      ; 0.808      ;
; 0.624 ; count_sec_bin:U_SEC_BIN|count[2] ; count_sec_bin:U_SEC_BIN|count[4] ; diver:U_DIVER|m_clk0 ; diver:U_DIVER|m_clk0 ; 0.000        ; 0.040      ; 0.808      ;
; 0.670 ; count_sec_bin:U_SEC_BIN|count[4] ; count_sec_bin:U_SEC_BIN|count[5] ; diver:U_DIVER|m_clk0 ; diver:U_DIVER|m_clk0 ; 0.000        ; 0.040      ; 0.854      ;
; 0.696 ; count_sec_bin:U_SEC_BIN|count[2] ; count_sec_bin:U_SEC_BIN|count[5] ; diver:U_DIVER|m_clk0 ; diver:U_DIVER|m_clk0 ; 0.000        ; 0.040      ; 0.880      ;
; 0.780 ; count_sec_bin:U_SEC_BIN|count[5] ; count_sec_bin:U_SEC_BIN|count[5] ; diver:U_DIVER|m_clk0 ; diver:U_DIVER|m_clk0 ; 0.000        ; 0.040      ; 0.964      ;
; 0.784 ; count_sec_bin:U_SEC_BIN|count[0] ; count_sec_bin:U_SEC_BIN|count[1] ; diver:U_DIVER|m_clk0 ; diver:U_DIVER|m_clk0 ; 0.000        ; 0.040      ; 0.968      ;
; 0.810 ; count_sec_bin:U_SEC_BIN|count[4] ; count_sec_bin:U_SEC_BIN|count[4] ; diver:U_DIVER|m_clk0 ; diver:U_DIVER|m_clk0 ; 0.000        ; 0.040      ; 0.994      ;
; 0.810 ; count_sec_bin:U_SEC_BIN|count[3] ; count_sec_bin:U_SEC_BIN|count[3] ; diver:U_DIVER|m_clk0 ; diver:U_DIVER|m_clk0 ; 0.000        ; 0.040      ; 0.994      ;
; 0.822 ; count_sec_bin:U_SEC_BIN|count[0] ; count_sec_bin:U_SEC_BIN|count[5] ; diver:U_DIVER|m_clk0 ; diver:U_DIVER|m_clk0 ; 0.000        ; 0.040      ; 1.006      ;
; 0.829 ; count_sec_bin:U_SEC_BIN|count[3] ; count_sec_bin:U_SEC_BIN|count[5] ; diver:U_DIVER|m_clk0 ; diver:U_DIVER|m_clk0 ; 0.000        ; 0.040      ; 1.013      ;
; 0.856 ; count_sec_bin:U_SEC_BIN|count[1] ; count_sec_bin:U_SEC_BIN|count[5] ; diver:U_DIVER|m_clk0 ; diver:U_DIVER|m_clk0 ; 0.000        ; 0.040      ; 1.040      ;
; 0.858 ; count_sec_bin:U_SEC_BIN|count[4] ; count_sec_bin:U_SEC_BIN|count[2] ; diver:U_DIVER|m_clk0 ; diver:U_DIVER|m_clk0 ; 0.000        ; 0.040      ; 1.042      ;
; 0.859 ; count_sec_bin:U_SEC_BIN|count[4] ; count_sec_bin:U_SEC_BIN|count[3] ; diver:U_DIVER|m_clk0 ; diver:U_DIVER|m_clk0 ; 0.000        ; 0.040      ; 1.043      ;
; 0.863 ; count_sec_bin:U_SEC_BIN|count[1] ; count_sec_bin:U_SEC_BIN|count[3] ; diver:U_DIVER|m_clk0 ; diver:U_DIVER|m_clk0 ; 0.000        ; 0.040      ; 1.047      ;
; 0.863 ; count_sec_bin:U_SEC_BIN|count[1] ; count_sec_bin:U_SEC_BIN|count[4] ; diver:U_DIVER|m_clk0 ; diver:U_DIVER|m_clk0 ; 0.000        ; 0.040      ; 1.047      ;
; 0.863 ; count_sec_bin:U_SEC_BIN|count[1] ; count_sec_bin:U_SEC_BIN|count[2] ; diver:U_DIVER|m_clk0 ; diver:U_DIVER|m_clk0 ; 0.000        ; 0.040      ; 1.047      ;
; 0.968 ; count_sec_bin:U_SEC_BIN|count[5] ; count_sec_bin:U_SEC_BIN|count[2] ; diver:U_DIVER|m_clk0 ; diver:U_DIVER|m_clk0 ; 0.000        ; 0.040      ; 1.152      ;
; 0.969 ; count_sec_bin:U_SEC_BIN|count[5] ; count_sec_bin:U_SEC_BIN|count[3] ; diver:U_DIVER|m_clk0 ; diver:U_DIVER|m_clk0 ; 0.000        ; 0.040      ; 1.153      ;
; 0.971 ; count_sec_bin:U_SEC_BIN|count[5] ; count_sec_bin:U_SEC_BIN|count[4] ; diver:U_DIVER|m_clk0 ; diver:U_DIVER|m_clk0 ; 0.000        ; 0.040      ; 1.155      ;
; 1.010 ; count_sec_bin:U_SEC_BIN|count[0] ; count_sec_bin:U_SEC_BIN|count[2] ; diver:U_DIVER|m_clk0 ; diver:U_DIVER|m_clk0 ; 0.000        ; 0.040      ; 1.194      ;
; 1.011 ; count_sec_bin:U_SEC_BIN|count[0] ; count_sec_bin:U_SEC_BIN|count[3] ; diver:U_DIVER|m_clk0 ; diver:U_DIVER|m_clk0 ; 0.000        ; 0.040      ; 1.195      ;
; 1.013 ; count_sec_bin:U_SEC_BIN|count[0] ; count_sec_bin:U_SEC_BIN|count[4] ; diver:U_DIVER|m_clk0 ; diver:U_DIVER|m_clk0 ; 0.000        ; 0.040      ; 1.197      ;
; 1.017 ; count_sec_bin:U_SEC_BIN|count[3] ; count_sec_bin:U_SEC_BIN|count[2] ; diver:U_DIVER|m_clk0 ; diver:U_DIVER|m_clk0 ; 0.000        ; 0.040      ; 1.201      ;
; 1.020 ; count_sec_bin:U_SEC_BIN|count[3] ; count_sec_bin:U_SEC_BIN|count[4] ; diver:U_DIVER|m_clk0 ; diver:U_DIVER|m_clk0 ; 0.000        ; 0.040      ; 1.204      ;
+-------+----------------------------------+----------------------------------+----------------------+----------------------+--------------+------------+------------+


+------------------------------------------------------------------------------------------------------------+
; Slow 1200mV 0C Model Minimum Pulse Width: 'clk'                                                            ;
+--------+--------------+----------------+------------------+-------+------------+---------------------------+
; Slack  ; Actual Width ; Required Width ; Type             ; Clock ; Clock Edge ; Target                    ;
+--------+--------------+----------------+------------------+-------+------------+---------------------------+
; -3.000 ; 1.000        ; 4.000          ; Port Rate        ; clk   ; Rise       ; clk                       ;
; -1.000 ; 1.000        ; 2.000          ; Min Period       ; clk   ; Rise       ; diver:U_DIVER|cnt_0[0]    ;
; -1.000 ; 1.000        ; 2.000          ; Min Period       ; clk   ; Rise       ; diver:U_DIVER|cnt_0[1]    ;
; -1.000 ; 1.000        ; 2.000          ; Min Period       ; clk   ; Rise       ; diver:U_DIVER|m_clk0      ;
; -1.000 ; 1.000        ; 2.000          ; Min Period       ; clk   ; Rise       ; diver:U_DIVER|m_clk1      ;
; -1.000 ; 1.000        ; 2.000          ; Min Period       ; clk   ; Rise       ; trigger:U_TRIGGER|temp    ;
; 0.156  ; 0.340        ; 0.184          ; Low Pulse Width  ; clk   ; Rise       ; trigger:U_TRIGGER|temp    ;
; 0.173  ; 0.357        ; 0.184          ; Low Pulse Width  ; clk   ; Rise       ; diver:U_DIVER|cnt_0[0]    ;
; 0.173  ; 0.357        ; 0.184          ; Low Pulse Width  ; clk   ; Rise       ; diver:U_DIVER|cnt_0[1]    ;
; 0.173  ; 0.357        ; 0.184          ; Low Pulse Width  ; clk   ; Rise       ; diver:U_DIVER|m_clk0      ;
; 0.173  ; 0.357        ; 0.184          ; Low Pulse Width  ; clk   ; Rise       ; diver:U_DIVER|m_clk1      ;
; 0.316  ; 0.316        ; 0.000          ; Low Pulse Width  ; clk   ; Rise       ; U_TRIGGER|temp|clk        ;
; 0.333  ; 0.333        ; 0.000          ; Low Pulse Width  ; clk   ; Rise       ; U_DIVER|cnt_0[0]|clk      ;
; 0.333  ; 0.333        ; 0.000          ; Low Pulse Width  ; clk   ; Rise       ; U_DIVER|cnt_0[1]|clk      ;
; 0.333  ; 0.333        ; 0.000          ; Low Pulse Width  ; clk   ; Rise       ; U_DIVER|m_clk0|clk        ;
; 0.333  ; 0.333        ; 0.000          ; Low Pulse Width  ; clk   ; Rise       ; U_DIVER|m_clk1|clk        ;
; 0.338  ; 0.338        ; 0.000          ; Low Pulse Width  ; clk   ; Rise       ; clk~input|o               ;
; 0.350  ; 0.350        ; 0.000          ; Low Pulse Width  ; clk   ; Rise       ; clk~inputclkctrl|inclk[0] ;
; 0.350  ; 0.350        ; 0.000          ; Low Pulse Width  ; clk   ; Rise       ; clk~inputclkctrl|outclk   ;
; 0.427  ; 0.643        ; 0.216          ; High Pulse Width ; clk   ; Rise       ; diver:U_DIVER|cnt_0[0]    ;
; 0.427  ; 0.643        ; 0.216          ; High Pulse Width ; clk   ; Rise       ; diver:U_DIVER|cnt_0[1]    ;
; 0.427  ; 0.643        ; 0.216          ; High Pulse Width ; clk   ; Rise       ; diver:U_DIVER|m_clk0      ;
; 0.427  ; 0.643        ; 0.216          ; High Pulse Width ; clk   ; Rise       ; diver:U_DIVER|m_clk1      ;
; 0.443  ; 0.659        ; 0.216          ; High Pulse Width ; clk   ; Rise       ; trigger:U_TRIGGER|temp    ;
; 0.500  ; 0.500        ; 0.000          ; High Pulse Width ; clk   ; Rise       ; clk~input|i               ;
; 0.500  ; 0.500        ; 0.000          ; Low Pulse Width  ; clk   ; Rise       ; clk~input|i               ;
; 0.650  ; 0.650        ; 0.000          ; High Pulse Width ; clk   ; Rise       ; clk~inputclkctrl|inclk[0] ;
; 0.650  ; 0.650        ; 0.000          ; High Pulse Width ; clk   ; Rise       ; clk~inputclkctrl|outclk   ;
; 0.662  ; 0.662        ; 0.000          ; High Pulse Width ; clk   ; Rise       ; clk~input|o               ;
; 0.667  ; 0.667        ; 0.000          ; High Pulse Width ; clk   ; Rise       ; U_DIVER|cnt_0[0]|clk      ;
; 0.667  ; 0.667        ; 0.000          ; High Pulse Width ; clk   ; Rise       ; U_DIVER|cnt_0[1]|clk      ;
; 0.667  ; 0.667        ; 0.000          ; High Pulse Width ; clk   ; Rise       ; U_DIVER|m_clk0|clk        ;
; 0.667  ; 0.667        ; 0.000          ; High Pulse Width ; clk   ; Rise       ; U_DIVER|m_clk1|clk        ;
; 0.683  ; 0.683        ; 0.000          ; High Pulse Width ; clk   ; Rise       ; U_TRIGGER|temp|clk        ;
+--------+--------------+----------------+------------------+-------+------------+---------------------------+


+--------------------------------------------------------------------------------------------------------------------------------------+
; Slow 1200mV 0C Model Minimum Pulse Width: 'diver:U_DIVER|m_clk1'                                                                     ;
+--------+--------------+----------------+------------------+----------------------+------------+--------------------------------------+
; Slack  ; Actual Width ; Required Width ; Type             ; Clock                ; Clock Edge ; Target                               ;
+--------+--------------+----------------+------------------+----------------------+------------+--------------------------------------+
; -1.000 ; 1.000        ; 2.000          ; Min Period       ; diver:U_DIVER|m_clk1 ; Fall       ; count_hour_bin:U_HOUR_ALARM|count[0] ;
; -1.000 ; 1.000        ; 2.000          ; Min Period       ; diver:U_DIVER|m_clk1 ; Fall       ; count_hour_bin:U_HOUR_ALARM|count[1] ;
; -1.000 ; 1.000        ; 2.000          ; Min Period       ; diver:U_DIVER|m_clk1 ; Fall       ; count_hour_bin:U_HOUR_ALARM|count[2] ;
; -1.000 ; 1.000        ; 2.000          ; Min Period       ; diver:U_DIVER|m_clk1 ; Fall       ; count_hour_bin:U_HOUR_ALARM|count[3] ;
; -1.000 ; 1.000        ; 2.000          ; Min Period       ; diver:U_DIVER|m_clk1 ; Fall       ; count_hour_bin:U_HOUR_ALARM|count[4] ;
; -1.000 ; 1.000        ; 2.000          ; Min Period       ; diver:U_DIVER|m_clk1 ; Fall       ; count_hour_bin:U_HOUR_BIN|count[0]   ;
; -1.000 ; 1.000        ; 2.000          ; Min Period       ; diver:U_DIVER|m_clk1 ; Fall       ; count_hour_bin:U_HOUR_BIN|count[1]   ;
; -1.000 ; 1.000        ; 2.000          ; Min Period       ; diver:U_DIVER|m_clk1 ; Fall       ; count_hour_bin:U_HOUR_BIN|count[2]   ;
; -1.000 ; 1.000        ; 2.000          ; Min Period       ; diver:U_DIVER|m_clk1 ; Fall       ; count_hour_bin:U_HOUR_BIN|count[3]   ;
; -1.000 ; 1.000        ; 2.000          ; Min Period       ; diver:U_DIVER|m_clk1 ; Fall       ; count_hour_bin:U_HOUR_BIN|count[4]   ;
; -1.000 ; 1.000        ; 2.000          ; Min Period       ; diver:U_DIVER|m_clk1 ; Fall       ; count_min_bin:U_MIN_ALARM|count[0]   ;
; -1.000 ; 1.000        ; 2.000          ; Min Period       ; diver:U_DIVER|m_clk1 ; Fall       ; count_min_bin:U_MIN_ALARM|count[1]   ;
; -1.000 ; 1.000        ; 2.000          ; Min Period       ; diver:U_DIVER|m_clk1 ; Fall       ; count_min_bin:U_MIN_ALARM|count[2]   ;
; -1.000 ; 1.000        ; 2.000          ; Min Period       ; diver:U_DIVER|m_clk1 ; Fall       ; count_min_bin:U_MIN_ALARM|count[3]   ;
; -1.000 ; 1.000        ; 2.000          ; Min Period       ; diver:U_DIVER|m_clk1 ; Fall       ; count_min_bin:U_MIN_ALARM|count[4]   ;
; -1.000 ; 1.000        ; 2.000          ; Min Period       ; diver:U_DIVER|m_clk1 ; Fall       ; count_min_bin:U_MIN_ALARM|count[5]   ;
; -1.000 ; 1.000        ; 2.000          ; Min Period       ; diver:U_DIVER|m_clk1 ; Fall       ; count_min_bin:U_MIN_BIN|count[0]     ;
; -1.000 ; 1.000        ; 2.000          ; Min Period       ; diver:U_DIVER|m_clk1 ; Fall       ; count_min_bin:U_MIN_BIN|count[1]     ;
; -1.000 ; 1.000        ; 2.000          ; Min Period       ; diver:U_DIVER|m_clk1 ; Fall       ; count_min_bin:U_MIN_BIN|count[2]     ;
; -1.000 ; 1.000        ; 2.000          ; Min Period       ; diver:U_DIVER|m_clk1 ; Fall       ; count_min_bin:U_MIN_BIN|count[3]     ;
; -1.000 ; 1.000        ; 2.000          ; Min Period       ; diver:U_DIVER|m_clk1 ; Fall       ; count_min_bin:U_MIN_BIN|count[4]     ;
; -1.000 ; 1.000        ; 2.000          ; Min Period       ; diver:U_DIVER|m_clk1 ; Fall       ; count_min_bin:U_MIN_BIN|count[5]     ;
; -1.000 ; 1.000        ; 2.000          ; Min Period       ; diver:U_DIVER|m_clk1 ; Fall       ; count_sec_bin:U_SEC_ALARM|count[0]   ;
; -1.000 ; 1.000        ; 2.000          ; Min Period       ; diver:U_DIVER|m_clk1 ; Fall       ; count_sec_bin:U_SEC_ALARM|count[1]   ;
; -1.000 ; 1.000        ; 2.000          ; Min Period       ; diver:U_DIVER|m_clk1 ; Fall       ; count_sec_bin:U_SEC_ALARM|count[2]   ;
; -1.000 ; 1.000        ; 2.000          ; Min Period       ; diver:U_DIVER|m_clk1 ; Fall       ; count_sec_bin:U_SEC_ALARM|count[3]   ;
; -1.000 ; 1.000        ; 2.000          ; Min Period       ; diver:U_DIVER|m_clk1 ; Fall       ; count_sec_bin:U_SEC_ALARM|count[4]   ;
; -1.000 ; 1.000        ; 2.000          ; Min Period       ; diver:U_DIVER|m_clk1 ; Fall       ; count_sec_bin:U_SEC_ALARM|count[5]   ;
; 0.240  ; 0.456        ; 0.216          ; High Pulse Width ; diver:U_DIVER|m_clk1 ; Fall       ; count_min_bin:U_MIN_BIN|count[0]     ;
; 0.240  ; 0.456        ; 0.216          ; High Pulse Width ; diver:U_DIVER|m_clk1 ; Fall       ; count_min_bin:U_MIN_BIN|count[1]     ;
; 0.240  ; 0.456        ; 0.216          ; High Pulse Width ; diver:U_DIVER|m_clk1 ; Fall       ; count_min_bin:U_MIN_BIN|count[2]     ;
; 0.240  ; 0.456        ; 0.216          ; High Pulse Width ; diver:U_DIVER|m_clk1 ; Fall       ; count_min_bin:U_MIN_BIN|count[3]     ;
; 0.240  ; 0.456        ; 0.216          ; High Pulse Width ; diver:U_DIVER|m_clk1 ; Fall       ; count_min_bin:U_MIN_BIN|count[4]     ;
; 0.240  ; 0.456        ; 0.216          ; High Pulse Width ; diver:U_DIVER|m_clk1 ; Fall       ; count_min_bin:U_MIN_BIN|count[5]     ;
; 0.265  ; 0.449        ; 0.184          ; Low Pulse Width  ; diver:U_DIVER|m_clk1 ; Fall       ; count_hour_bin:U_HOUR_BIN|count[0]   ;
; 0.265  ; 0.449        ; 0.184          ; Low Pulse Width  ; diver:U_DIVER|m_clk1 ; Fall       ; count_hour_bin:U_HOUR_BIN|count[1]   ;
; 0.265  ; 0.449        ; 0.184          ; Low Pulse Width  ; diver:U_DIVER|m_clk1 ; Fall       ; count_hour_bin:U_HOUR_BIN|count[2]   ;
; 0.265  ; 0.449        ; 0.184          ; Low Pulse Width  ; diver:U_DIVER|m_clk1 ; Fall       ; count_hour_bin:U_HOUR_BIN|count[3]   ;
; 0.270  ; 0.454        ; 0.184          ; Low Pulse Width  ; diver:U_DIVER|m_clk1 ; Fall       ; count_hour_bin:U_HOUR_BIN|count[4]   ;
; 0.283  ; 0.499        ; 0.216          ; High Pulse Width ; diver:U_DIVER|m_clk1 ; Fall       ; count_hour_bin:U_HOUR_ALARM|count[0] ;
; 0.283  ; 0.499        ; 0.216          ; High Pulse Width ; diver:U_DIVER|m_clk1 ; Fall       ; count_hour_bin:U_HOUR_ALARM|count[1] ;
; 0.283  ; 0.499        ; 0.216          ; High Pulse Width ; diver:U_DIVER|m_clk1 ; Fall       ; count_hour_bin:U_HOUR_ALARM|count[2] ;
; 0.283  ; 0.499        ; 0.216          ; High Pulse Width ; diver:U_DIVER|m_clk1 ; Fall       ; count_hour_bin:U_HOUR_ALARM|count[3] ;
; 0.283  ; 0.499        ; 0.216          ; High Pulse Width ; diver:U_DIVER|m_clk1 ; Fall       ; count_hour_bin:U_HOUR_ALARM|count[4] ;
; 0.283  ; 0.499        ; 0.216          ; High Pulse Width ; diver:U_DIVER|m_clk1 ; Fall       ; count_min_bin:U_MIN_ALARM|count[0]   ;
; 0.283  ; 0.499        ; 0.216          ; High Pulse Width ; diver:U_DIVER|m_clk1 ; Fall       ; count_min_bin:U_MIN_ALARM|count[1]   ;
; 0.283  ; 0.499        ; 0.216          ; High Pulse Width ; diver:U_DIVER|m_clk1 ; Fall       ; count_min_bin:U_MIN_ALARM|count[2]   ;
; 0.283  ; 0.499        ; 0.216          ; High Pulse Width ; diver:U_DIVER|m_clk1 ; Fall       ; count_min_bin:U_MIN_ALARM|count[3]   ;
; 0.283  ; 0.499        ; 0.216          ; High Pulse Width ; diver:U_DIVER|m_clk1 ; Fall       ; count_min_bin:U_MIN_ALARM|count[4]   ;
; 0.283  ; 0.499        ; 0.216          ; High Pulse Width ; diver:U_DIVER|m_clk1 ; Fall       ; count_min_bin:U_MIN_ALARM|count[5]   ;
; 0.284  ; 0.500        ; 0.216          ; High Pulse Width ; diver:U_DIVER|m_clk1 ; Fall       ; count_sec_bin:U_SEC_ALARM|count[0]   ;
; 0.284  ; 0.500        ; 0.216          ; High Pulse Width ; diver:U_DIVER|m_clk1 ; Fall       ; count_sec_bin:U_SEC_ALARM|count[1]   ;
; 0.284  ; 0.500        ; 0.216          ; High Pulse Width ; diver:U_DIVER|m_clk1 ; Fall       ; count_sec_bin:U_SEC_ALARM|count[2]   ;
; 0.284  ; 0.500        ; 0.216          ; High Pulse Width ; diver:U_DIVER|m_clk1 ; Fall       ; count_sec_bin:U_SEC_ALARM|count[3]   ;
; 0.284  ; 0.500        ; 0.216          ; High Pulse Width ; diver:U_DIVER|m_clk1 ; Fall       ; count_sec_bin:U_SEC_ALARM|count[4]   ;
; 0.284  ; 0.500        ; 0.216          ; High Pulse Width ; diver:U_DIVER|m_clk1 ; Fall       ; count_sec_bin:U_SEC_ALARM|count[5]   ;
; 0.315  ; 0.499        ; 0.184          ; Low Pulse Width  ; diver:U_DIVER|m_clk1 ; Fall       ; count_hour_bin:U_HOUR_ALARM|count[0] ;
; 0.315  ; 0.499        ; 0.184          ; Low Pulse Width  ; diver:U_DIVER|m_clk1 ; Fall       ; count_hour_bin:U_HOUR_ALARM|count[1] ;
; 0.315  ; 0.499        ; 0.184          ; Low Pulse Width  ; diver:U_DIVER|m_clk1 ; Fall       ; count_hour_bin:U_HOUR_ALARM|count[2] ;
; 0.315  ; 0.499        ; 0.184          ; Low Pulse Width  ; diver:U_DIVER|m_clk1 ; Fall       ; count_hour_bin:U_HOUR_ALARM|count[3] ;
; 0.315  ; 0.499        ; 0.184          ; Low Pulse Width  ; diver:U_DIVER|m_clk1 ; Fall       ; count_hour_bin:U_HOUR_ALARM|count[4] ;
; 0.315  ; 0.499        ; 0.184          ; Low Pulse Width  ; diver:U_DIVER|m_clk1 ; Fall       ; count_min_bin:U_MIN_ALARM|count[0]   ;
; 0.315  ; 0.499        ; 0.184          ; Low Pulse Width  ; diver:U_DIVER|m_clk1 ; Fall       ; count_min_bin:U_MIN_ALARM|count[1]   ;
; 0.315  ; 0.499        ; 0.184          ; Low Pulse Width  ; diver:U_DIVER|m_clk1 ; Fall       ; count_min_bin:U_MIN_ALARM|count[2]   ;
; 0.315  ; 0.499        ; 0.184          ; Low Pulse Width  ; diver:U_DIVER|m_clk1 ; Fall       ; count_min_bin:U_MIN_ALARM|count[3]   ;
; 0.315  ; 0.499        ; 0.184          ; Low Pulse Width  ; diver:U_DIVER|m_clk1 ; Fall       ; count_min_bin:U_MIN_ALARM|count[4]   ;
; 0.315  ; 0.499        ; 0.184          ; Low Pulse Width  ; diver:U_DIVER|m_clk1 ; Fall       ; count_min_bin:U_MIN_ALARM|count[5]   ;
; 0.315  ; 0.499        ; 0.184          ; Low Pulse Width  ; diver:U_DIVER|m_clk1 ; Fall       ; count_sec_bin:U_SEC_ALARM|count[0]   ;
; 0.315  ; 0.499        ; 0.184          ; Low Pulse Width  ; diver:U_DIVER|m_clk1 ; Fall       ; count_sec_bin:U_SEC_ALARM|count[1]   ;
; 0.315  ; 0.499        ; 0.184          ; Low Pulse Width  ; diver:U_DIVER|m_clk1 ; Fall       ; count_sec_bin:U_SEC_ALARM|count[2]   ;
; 0.315  ; 0.499        ; 0.184          ; Low Pulse Width  ; diver:U_DIVER|m_clk1 ; Fall       ; count_sec_bin:U_SEC_ALARM|count[3]   ;
; 0.315  ; 0.499        ; 0.184          ; Low Pulse Width  ; diver:U_DIVER|m_clk1 ; Fall       ; count_sec_bin:U_SEC_ALARM|count[4]   ;
; 0.315  ; 0.499        ; 0.184          ; Low Pulse Width  ; diver:U_DIVER|m_clk1 ; Fall       ; count_sec_bin:U_SEC_ALARM|count[5]   ;
; 0.327  ; 0.543        ; 0.216          ; High Pulse Width ; diver:U_DIVER|m_clk1 ; Fall       ; count_hour_bin:U_HOUR_BIN|count[4]   ;
; 0.333  ; 0.549        ; 0.216          ; High Pulse Width ; diver:U_DIVER|m_clk1 ; Fall       ; count_hour_bin:U_HOUR_BIN|count[0]   ;
; 0.333  ; 0.549        ; 0.216          ; High Pulse Width ; diver:U_DIVER|m_clk1 ; Fall       ; count_hour_bin:U_HOUR_BIN|count[1]   ;
; 0.333  ; 0.549        ; 0.216          ; High Pulse Width ; diver:U_DIVER|m_clk1 ; Fall       ; count_hour_bin:U_HOUR_BIN|count[2]   ;
; 0.333  ; 0.549        ; 0.216          ; High Pulse Width ; diver:U_DIVER|m_clk1 ; Fall       ; count_hour_bin:U_HOUR_BIN|count[3]   ;
; 0.359  ; 0.543        ; 0.184          ; Low Pulse Width  ; diver:U_DIVER|m_clk1 ; Fall       ; count_min_bin:U_MIN_BIN|count[0]     ;
; 0.359  ; 0.543        ; 0.184          ; Low Pulse Width  ; diver:U_DIVER|m_clk1 ; Fall       ; count_min_bin:U_MIN_BIN|count[1]     ;
; 0.359  ; 0.543        ; 0.184          ; Low Pulse Width  ; diver:U_DIVER|m_clk1 ; Fall       ; count_min_bin:U_MIN_BIN|count[2]     ;
; 0.359  ; 0.543        ; 0.184          ; Low Pulse Width  ; diver:U_DIVER|m_clk1 ; Fall       ; count_min_bin:U_MIN_BIN|count[3]     ;
; 0.359  ; 0.543        ; 0.184          ; Low Pulse Width  ; diver:U_DIVER|m_clk1 ; Fall       ; count_min_bin:U_MIN_BIN|count[4]     ;
; 0.359  ; 0.543        ; 0.184          ; Low Pulse Width  ; diver:U_DIVER|m_clk1 ; Fall       ; count_min_bin:U_MIN_BIN|count[5]     ;
; 0.441  ; 0.441        ; 0.000          ; Low Pulse Width  ; diver:U_DIVER|m_clk1 ; Rise       ; U_MIN_BIN|count[0]|clk               ;
; 0.441  ; 0.441        ; 0.000          ; Low Pulse Width  ; diver:U_DIVER|m_clk1 ; Rise       ; U_MIN_BIN|count[1]|clk               ;
; 0.441  ; 0.441        ; 0.000          ; Low Pulse Width  ; diver:U_DIVER|m_clk1 ; Rise       ; U_MIN_BIN|count[2]|clk               ;
; 0.441  ; 0.441        ; 0.000          ; Low Pulse Width  ; diver:U_DIVER|m_clk1 ; Rise       ; U_MIN_BIN|count[3]|clk               ;
; 0.441  ; 0.441        ; 0.000          ; Low Pulse Width  ; diver:U_DIVER|m_clk1 ; Rise       ; U_MIN_BIN|count[4]|clk               ;
; 0.441  ; 0.441        ; 0.000          ; Low Pulse Width  ; diver:U_DIVER|m_clk1 ; Rise       ; U_MIN_BIN|count[5]|clk               ;
; 0.442  ; 0.442        ; 0.000          ; Low Pulse Width  ; diver:U_DIVER|m_clk1 ; Rise       ; U_MUX_MIN|y|datad                    ;
; 0.447  ; 0.447        ; 0.000          ; High Pulse Width ; diver:U_DIVER|m_clk1 ; Rise       ; U_MUX_HOUR|y~clkctrl|inclk[0]        ;
; 0.447  ; 0.447        ; 0.000          ; High Pulse Width ; diver:U_DIVER|m_clk1 ; Rise       ; U_MUX_HOUR|y~clkctrl|outclk          ;
; 0.463  ; 0.463        ; 0.000          ; High Pulse Width ; diver:U_DIVER|m_clk1 ; Rise       ; U_HOUR_BIN|count[0]|clk              ;
; 0.463  ; 0.463        ; 0.000          ; High Pulse Width ; diver:U_DIVER|m_clk1 ; Rise       ; U_HOUR_BIN|count[1]|clk              ;
; 0.463  ; 0.463        ; 0.000          ; High Pulse Width ; diver:U_DIVER|m_clk1 ; Rise       ; U_HOUR_BIN|count[2]|clk              ;
; 0.463  ; 0.463        ; 0.000          ; High Pulse Width ; diver:U_DIVER|m_clk1 ; Rise       ; U_HOUR_BIN|count[3]|clk              ;
; 0.466  ; 0.466        ; 0.000          ; Low Pulse Width  ; diver:U_DIVER|m_clk1 ; Rise       ; U_MUX_MIN|y|combout                  ;
; 0.468  ; 0.468        ; 0.000          ; High Pulse Width ; diver:U_DIVER|m_clk1 ; Rise       ; U_HOUR_BIN|count[4]|clk              ;
; 0.485  ; 0.485        ; 0.000          ; Low Pulse Width  ; diver:U_DIVER|m_clk1 ; Rise       ; U_HOUR_ALARM|count[0]|clk            ;
+--------+--------------+----------------+------------------+----------------------+------------+--------------------------------------+


+----------------------------------------------------------------------------------------------------------------------------------+
; Slow 1200mV 0C Model Minimum Pulse Width: 'diver:U_DIVER|m_clk0'                                                                 ;
+--------+--------------+----------------+------------------+----------------------+------------+----------------------------------+
; Slack  ; Actual Width ; Required Width ; Type             ; Clock                ; Clock Edge ; Target                           ;
+--------+--------------+----------------+------------------+----------------------+------------+----------------------------------+
; -1.000 ; 1.000        ; 2.000          ; Min Period       ; diver:U_DIVER|m_clk0 ; Fall       ; count_sec_bin:U_SEC_BIN|count[0] ;
; -1.000 ; 1.000        ; 2.000          ; Min Period       ; diver:U_DIVER|m_clk0 ; Fall       ; count_sec_bin:U_SEC_BIN|count[1] ;
; -1.000 ; 1.000        ; 2.000          ; Min Period       ; diver:U_DIVER|m_clk0 ; Fall       ; count_sec_bin:U_SEC_BIN|count[2] ;
; -1.000 ; 1.000        ; 2.000          ; Min Period       ; diver:U_DIVER|m_clk0 ; Fall       ; count_sec_bin:U_SEC_BIN|count[3] ;
; -1.000 ; 1.000        ; 2.000          ; Min Period       ; diver:U_DIVER|m_clk0 ; Fall       ; count_sec_bin:U_SEC_BIN|count[4] ;
; -1.000 ; 1.000        ; 2.000          ; Min Period       ; diver:U_DIVER|m_clk0 ; Fall       ; count_sec_bin:U_SEC_BIN|count[5] ;
; 0.252  ; 0.468        ; 0.216          ; High Pulse Width ; diver:U_DIVER|m_clk0 ; Fall       ; count_sec_bin:U_SEC_BIN|count[0] ;
; 0.252  ; 0.468        ; 0.216          ; High Pulse Width ; diver:U_DIVER|m_clk0 ; Fall       ; count_sec_bin:U_SEC_BIN|count[1] ;
; 0.252  ; 0.468        ; 0.216          ; High Pulse Width ; diver:U_DIVER|m_clk0 ; Fall       ; count_sec_bin:U_SEC_BIN|count[2] ;
; 0.252  ; 0.468        ; 0.216          ; High Pulse Width ; diver:U_DIVER|m_clk0 ; Fall       ; count_sec_bin:U_SEC_BIN|count[3] ;
; 0.252  ; 0.468        ; 0.216          ; High Pulse Width ; diver:U_DIVER|m_clk0 ; Fall       ; count_sec_bin:U_SEC_BIN|count[4] ;
; 0.252  ; 0.468        ; 0.216          ; High Pulse Width ; diver:U_DIVER|m_clk0 ; Fall       ; count_sec_bin:U_SEC_BIN|count[5] ;
; 0.347  ; 0.531        ; 0.184          ; Low Pulse Width  ; diver:U_DIVER|m_clk0 ; Fall       ; count_sec_bin:U_SEC_BIN|count[0] ;
; 0.347  ; 0.531        ; 0.184          ; Low Pulse Width  ; diver:U_DIVER|m_clk0 ; Fall       ; count_sec_bin:U_SEC_BIN|count[1] ;
; 0.347  ; 0.531        ; 0.184          ; Low Pulse Width  ; diver:U_DIVER|m_clk0 ; Fall       ; count_sec_bin:U_SEC_BIN|count[2] ;
; 0.347  ; 0.531        ; 0.184          ; Low Pulse Width  ; diver:U_DIVER|m_clk0 ; Fall       ; count_sec_bin:U_SEC_BIN|count[3] ;
; 0.347  ; 0.531        ; 0.184          ; Low Pulse Width  ; diver:U_DIVER|m_clk0 ; Fall       ; count_sec_bin:U_SEC_BIN|count[4] ;
; 0.347  ; 0.531        ; 0.184          ; Low Pulse Width  ; diver:U_DIVER|m_clk0 ; Fall       ; count_sec_bin:U_SEC_BIN|count[5] ;
; 0.453  ; 0.453        ; 0.000          ; Low Pulse Width  ; diver:U_DIVER|m_clk0 ; Rise       ; U_SEC_BIN|count[0]|clk           ;
; 0.453  ; 0.453        ; 0.000          ; Low Pulse Width  ; diver:U_DIVER|m_clk0 ; Rise       ; U_SEC_BIN|count[1]|clk           ;
; 0.453  ; 0.453        ; 0.000          ; Low Pulse Width  ; diver:U_DIVER|m_clk0 ; Rise       ; U_SEC_BIN|count[2]|clk           ;
; 0.453  ; 0.453        ; 0.000          ; Low Pulse Width  ; diver:U_DIVER|m_clk0 ; Rise       ; U_SEC_BIN|count[3]|clk           ;
; 0.453  ; 0.453        ; 0.000          ; Low Pulse Width  ; diver:U_DIVER|m_clk0 ; Rise       ; U_SEC_BIN|count[4]|clk           ;
; 0.453  ; 0.453        ; 0.000          ; Low Pulse Width  ; diver:U_DIVER|m_clk0 ; Rise       ; U_SEC_BIN|count[5]|clk           ;
; 0.500  ; 0.500        ; 0.000          ; High Pulse Width ; diver:U_DIVER|m_clk0 ; Rise       ; U_DIVER|m_clk0|q                 ;
; 0.500  ; 0.500        ; 0.000          ; Low Pulse Width  ; diver:U_DIVER|m_clk0 ; Rise       ; U_DIVER|m_clk0|q                 ;
; 0.545  ; 0.545        ; 0.000          ; High Pulse Width ; diver:U_DIVER|m_clk0 ; Rise       ; U_SEC_BIN|count[0]|clk           ;
; 0.545  ; 0.545        ; 0.000          ; High Pulse Width ; diver:U_DIVER|m_clk0 ; Rise       ; U_SEC_BIN|count[1]|clk           ;
; 0.545  ; 0.545        ; 0.000          ; High Pulse Width ; diver:U_DIVER|m_clk0 ; Rise       ; U_SEC_BIN|count[2]|clk           ;
; 0.545  ; 0.545        ; 0.000          ; High Pulse Width ; diver:U_DIVER|m_clk0 ; Rise       ; U_SEC_BIN|count[3]|clk           ;
; 0.545  ; 0.545        ; 0.000          ; High Pulse Width ; diver:U_DIVER|m_clk0 ; Rise       ; U_SEC_BIN|count[4]|clk           ;
; 0.545  ; 0.545        ; 0.000          ; High Pulse Width ; diver:U_DIVER|m_clk0 ; Rise       ; U_SEC_BIN|count[5]|clk           ;
+--------+--------------+----------------+------------------+----------------------+------------+----------------------------------+


+----------------------------------------------------------------------------------------+
; Setup Times                                                                            ;
+-----------+----------------------+--------+--------+------------+----------------------+
; Data Port ; Clock Port           ; Rise   ; Fall   ; Clock Edge ; Clock Reference      ;
+-----------+----------------------+--------+--------+------------+----------------------+
; key_shift ; clk                  ; -0.175 ; -0.010 ; Rise       ; clk                  ;
; key_hour  ; diver:U_DIVER|m_clk1 ; 0.933  ; 1.258  ; Fall       ; diver:U_DIVER|m_clk1 ;
; key_min   ; diver:U_DIVER|m_clk1 ; 0.710  ; 1.064  ; Fall       ; diver:U_DIVER|m_clk1 ;
; key_sec   ; diver:U_DIVER|m_clk1 ; -1.136 ; -1.005 ; Fall       ; diver:U_DIVER|m_clk1 ;
+-----------+----------------------+--------+--------+------------+----------------------+


+----------------------------------------------------------------------------------------+
; Hold Times                                                                             ;
+-----------+----------------------+--------+--------+------------+----------------------+
; Data Port ; Clock Port           ; Rise   ; Fall   ; Clock Edge ; Clock Reference      ;
+-----------+----------------------+--------+--------+------------+----------------------+
; key_shift ; clk                  ; 0.432  ; 0.273  ; Rise       ; clk                  ;
; key_hour  ; diver:U_DIVER|m_clk1 ; -0.558 ; -0.877 ; Fall       ; diver:U_DIVER|m_clk1 ;
; key_min   ; diver:U_DIVER|m_clk1 ; -0.345 ; -0.690 ; Fall       ; diver:U_DIVER|m_clk1 ;
; key_sec   ; diver:U_DIVER|m_clk1 ; 1.423  ; 1.290  ; Fall       ; diver:U_DIVER|m_clk1 ;
+-----------+----------------------+--------+--------+------------+----------------------+


+--------------------------------------------------------------------------------------------+
; Clock to Output Times                                                                      ;
+---------------+----------------------+--------+--------+------------+----------------------+
; Data Port     ; Clock Port           ; Rise   ; Fall   ; Clock Edge ; Clock Reference      ;
+---------------+----------------------+--------+--------+------------+----------------------+
; hour0[*]      ; clk                  ; 6.757  ; 6.657  ; Rise       ; clk                  ;
;  hour0[0]     ; clk                  ; 6.681  ; 6.642  ; Rise       ; clk                  ;
;  hour0[1]     ; clk                  ; 6.095  ; 6.095  ; Rise       ; clk                  ;
;  hour0[2]     ; clk                  ; 6.115  ; 6.111  ; Rise       ; clk                  ;
;  hour0[3]     ; clk                  ; 6.757  ; 6.657  ; Rise       ; clk                  ;
; hour1[*]      ; clk                  ; 6.475  ; 6.538  ; Rise       ; clk                  ;
;  hour1[0]     ; clk                  ; 6.323  ; 6.369  ; Rise       ; clk                  ;
;  hour1[1]     ; clk                  ; 6.475  ; 6.538  ; Rise       ; clk                  ;
; min0[*]       ; clk                  ; 6.561  ; 6.562  ; Rise       ; clk                  ;
;  min0[0]      ; clk                  ; 6.088  ; 6.086  ; Rise       ; clk                  ;
;  min0[1]      ; clk                  ; 6.105  ; 6.114  ; Rise       ; clk                  ;
;  min0[2]      ; clk                  ; 6.158  ; 6.110  ; Rise       ; clk                  ;
;  min0[3]      ; clk                  ; 6.561  ; 6.562  ; Rise       ; clk                  ;
; min1[*]       ; clk                  ; 6.497  ; 6.565  ; Rise       ; clk                  ;
;  min1[0]      ; clk                  ; 6.256  ; 6.333  ; Rise       ; clk                  ;
;  min1[1]      ; clk                  ; 6.497  ; 6.565  ; Rise       ; clk                  ;
;  min1[2]      ; clk                  ; 6.448  ; 6.531  ; Rise       ; clk                  ;
; sec0[*]       ; clk                  ; 8.150  ; 8.151  ; Rise       ; clk                  ;
;  sec0[0]      ; clk                  ; 7.010  ; 6.948  ; Rise       ; clk                  ;
;  sec0[1]      ; clk                  ; 7.447  ; 7.405  ; Rise       ; clk                  ;
;  sec0[2]      ; clk                  ; 8.150  ; 8.151  ; Rise       ; clk                  ;
;  sec0[3]      ; clk                  ; 8.087  ; 8.074  ; Rise       ; clk                  ;
; sec1[*]       ; clk                  ; 7.498  ; 7.487  ; Rise       ; clk                  ;
;  sec1[0]      ; clk                  ; 7.498  ; 7.487  ; Rise       ; clk                  ;
;  sec1[1]      ; clk                  ; 6.861  ; 6.859  ; Rise       ; clk                  ;
;  sec1[2]      ; clk                  ; 7.422  ; 7.426  ; Rise       ; clk                  ;
; seg_hour0[*]  ; clk                  ; 7.446  ; 7.444  ; Rise       ; clk                  ;
;  seg_hour0[0] ; clk                  ; 7.140  ; 7.174  ; Rise       ; clk                  ;
;  seg_hour0[1] ; clk                  ; 7.125  ; 7.148  ; Rise       ; clk                  ;
;  seg_hour0[2] ; clk                  ; 7.446  ; 7.444  ; Rise       ; clk                  ;
;  seg_hour0[3] ; clk                  ; 7.211  ; 7.295  ; Rise       ; clk                  ;
;  seg_hour0[4] ; clk                  ; 7.139  ; 7.172  ; Rise       ; clk                  ;
;  seg_hour0[5] ; clk                  ; 7.314  ; 7.361  ; Rise       ; clk                  ;
;  seg_hour0[6] ; clk                  ; 6.844  ; 6.835  ; Rise       ; clk                  ;
; seg_hour1[*]  ; clk                  ; 7.880  ; 7.938  ; Rise       ; clk                  ;
;  seg_hour1[0] ; clk                  ; 7.300  ; 7.293  ; Rise       ; clk                  ;
;  seg_hour1[2] ; clk                  ; 7.174  ; 7.175  ; Rise       ; clk                  ;
;  seg_hour1[3] ; clk                  ; 7.330  ; 7.323  ; Rise       ; clk                  ;
;  seg_hour1[4] ; clk                  ; 7.880  ; 7.938  ; Rise       ; clk                  ;
;  seg_hour1[5] ; clk                  ; 7.738  ; 7.737  ; Rise       ; clk                  ;
;  seg_hour1[6] ; clk                  ; 7.859  ; 7.846  ; Rise       ; clk                  ;
; seg_min0[*]   ; clk                  ; 7.277  ; 7.195  ; Rise       ; clk                  ;
;  seg_min0[0]  ; clk                  ; 6.825  ; 6.799  ; Rise       ; clk                  ;
;  seg_min0[1]  ; clk                  ; 6.989  ; 6.911  ; Rise       ; clk                  ;
;  seg_min0[2]  ; clk                  ; 7.067  ; 6.948  ; Rise       ; clk                  ;
;  seg_min0[3]  ; clk                  ; 6.963  ; 6.964  ; Rise       ; clk                  ;
;  seg_min0[4]  ; clk                  ; 7.277  ; 7.195  ; Rise       ; clk                  ;
;  seg_min0[5]  ; clk                  ; 7.024  ; 6.992  ; Rise       ; clk                  ;
;  seg_min0[6]  ; clk                  ; 6.863  ; 6.825  ; Rise       ; clk                  ;
; seg_min1[*]   ; clk                  ; 8.230  ; 8.190  ; Rise       ; clk                  ;
;  seg_min1[0]  ; clk                  ; 6.933  ; 6.862  ; Rise       ; clk                  ;
;  seg_min1[1]  ; clk                  ; 7.132  ; 7.044  ; Rise       ; clk                  ;
;  seg_min1[2]  ; clk                  ; 7.100  ; 7.195  ; Rise       ; clk                  ;
;  seg_min1[3]  ; clk                  ; 7.056  ; 7.112  ; Rise       ; clk                  ;
;  seg_min1[4]  ; clk                  ; 7.093  ; 7.122  ; Rise       ; clk                  ;
;  seg_min1[5]  ; clk                  ; 7.267  ; 7.283  ; Rise       ; clk                  ;
;  seg_min1[6]  ; clk                  ; 8.230  ; 8.190  ; Rise       ; clk                  ;
; seg_sec0[*]   ; clk                  ; 10.604 ; 10.704 ; Rise       ; clk                  ;
;  seg_sec0[0]  ; clk                  ; 9.626  ; 9.641  ; Rise       ; clk                  ;
;  seg_sec0[1]  ; clk                  ; 9.258  ; 9.253  ; Rise       ; clk                  ;
;  seg_sec0[2]  ; clk                  ; 9.246  ; 9.254  ; Rise       ; clk                  ;
;  seg_sec0[3]  ; clk                  ; 10.604 ; 10.704 ; Rise       ; clk                  ;
;  seg_sec0[4]  ; clk                  ; 9.146  ; 9.144  ; Rise       ; clk                  ;
;  seg_sec0[5]  ; clk                  ; 9.683  ; 9.693  ; Rise       ; clk                  ;
;  seg_sec0[6]  ; clk                  ; 9.264  ; 9.214  ; Rise       ; clk                  ;
; seg_sec1[*]   ; clk                  ; 8.381  ; 8.321  ; Rise       ; clk                  ;
;  seg_sec1[0]  ; clk                  ; 8.381  ; 8.321  ; Rise       ; clk                  ;
;  seg_sec1[1]  ; clk                  ; 8.245  ; 8.259  ; Rise       ; clk                  ;
;  seg_sec1[2]  ; clk                  ; 8.019  ; 8.076  ; Rise       ; clk                  ;
;  seg_sec1[3]  ; clk                  ; 8.052  ; 8.090  ; Rise       ; clk                  ;
;  seg_sec1[4]  ; clk                  ; 8.062  ; 8.099  ; Rise       ; clk                  ;
;  seg_sec1[5]  ; clk                  ; 8.030  ; 8.096  ; Rise       ; clk                  ;
;  seg_sec1[6]  ; clk                  ; 8.279  ; 8.260  ; Rise       ; clk                  ;
; speak         ; clk                  ; 9.697  ; 9.635  ; Rise       ; clk                  ;
; sec0[*]       ; diver:U_DIVER|m_clk0 ; 13.509 ; 13.302 ; Fall       ; diver:U_DIVER|m_clk0 ;
;  sec0[0]      ; diver:U_DIVER|m_clk0 ; 13.128 ; 13.153 ; Fall       ; diver:U_DIVER|m_clk0 ;
;  sec0[1]      ; diver:U_DIVER|m_clk0 ; 12.806 ; 12.556 ; Fall       ; diver:U_DIVER|m_clk0 ;
;  sec0[2]      ; diver:U_DIVER|m_clk0 ; 13.509 ; 13.302 ; Fall       ; diver:U_DIVER|m_clk0 ;
;  sec0[3]      ; diver:U_DIVER|m_clk0 ; 13.446 ; 13.225 ; Fall       ; diver:U_DIVER|m_clk0 ;
; sec1[*]       ; diver:U_DIVER|m_clk0 ; 11.840 ; 12.061 ; Fall       ; diver:U_DIVER|m_clk0 ;
;  sec1[0]      ; diver:U_DIVER|m_clk0 ; 11.840 ; 12.061 ; Fall       ; diver:U_DIVER|m_clk0 ;
;  sec1[1]      ; diver:U_DIVER|m_clk0 ; 9.445  ; 9.366  ; Fall       ; diver:U_DIVER|m_clk0 ;
;  sec1[2]      ; diver:U_DIVER|m_clk0 ; 7.944  ; 7.816  ; Fall       ; diver:U_DIVER|m_clk0 ;
; seg_sec0[*]   ; diver:U_DIVER|m_clk0 ; 15.896 ; 16.063 ; Fall       ; diver:U_DIVER|m_clk0 ;
;  seg_sec0[0]  ; diver:U_DIVER|m_clk0 ; 14.917 ; 15.000 ; Fall       ; diver:U_DIVER|m_clk0 ;
;  seg_sec0[1]  ; diver:U_DIVER|m_clk0 ; 14.409 ; 14.612 ; Fall       ; diver:U_DIVER|m_clk0 ;
;  seg_sec0[2]  ; diver:U_DIVER|m_clk0 ; 14.572 ; 14.598 ; Fall       ; diver:U_DIVER|m_clk0 ;
;  seg_sec0[3]  ; diver:U_DIVER|m_clk0 ; 15.896 ; 16.063 ; Fall       ; diver:U_DIVER|m_clk0 ;
;  seg_sec0[4]  ; diver:U_DIVER|m_clk0 ; 14.297 ; 14.503 ; Fall       ; diver:U_DIVER|m_clk0 ;
;  seg_sec0[5]  ; diver:U_DIVER|m_clk0 ; 15.011 ; 15.039 ; Fall       ; diver:U_DIVER|m_clk0 ;
;  seg_sec0[6]  ; diver:U_DIVER|m_clk0 ; 14.587 ; 14.573 ; Fall       ; diver:U_DIVER|m_clk0 ;
; seg_sec1[*]   ; diver:U_DIVER|m_clk0 ; 12.706 ; 12.716 ; Fall       ; diver:U_DIVER|m_clk0 ;
;  seg_sec1[0]  ; diver:U_DIVER|m_clk0 ; 12.706 ; 12.716 ; Fall       ; diver:U_DIVER|m_clk0 ;
;  seg_sec1[1]  ; diver:U_DIVER|m_clk0 ; 12.595 ; 12.627 ; Fall       ; diver:U_DIVER|m_clk0 ;
;  seg_sec1[2]  ; diver:U_DIVER|m_clk0 ; 12.213 ; 12.396 ; Fall       ; diver:U_DIVER|m_clk0 ;
;  seg_sec1[3]  ; diver:U_DIVER|m_clk0 ; 12.419 ; 12.441 ; Fall       ; diver:U_DIVER|m_clk0 ;
;  seg_sec1[4]  ; diver:U_DIVER|m_clk0 ; 12.440 ; 12.350 ; Fall       ; diver:U_DIVER|m_clk0 ;
;  seg_sec1[5]  ; diver:U_DIVER|m_clk0 ; 12.429 ; 12.348 ; Fall       ; diver:U_DIVER|m_clk0 ;
;  seg_sec1[6]  ; diver:U_DIVER|m_clk0 ; 12.649 ; 12.513 ; Fall       ; diver:U_DIVER|m_clk0 ;
; speak         ; diver:U_DIVER|m_clk0 ; 15.310 ; 15.335 ; Fall       ; diver:U_DIVER|m_clk0 ;
; hour0[*]      ; diver:U_DIVER|m_clk1 ; 14.519 ; 14.505 ; Fall       ; diver:U_DIVER|m_clk1 ;
;  hour0[0]     ; diver:U_DIVER|m_clk1 ; 14.519 ; 14.505 ; Fall       ; diver:U_DIVER|m_clk1 ;
;  hour0[1]     ; diver:U_DIVER|m_clk1 ; 13.335 ; 13.288 ; Fall       ; diver:U_DIVER|m_clk1 ;
;  hour0[2]     ; diver:U_DIVER|m_clk1 ; 13.540 ; 13.482 ; Fall       ; diver:U_DIVER|m_clk1 ;
;  hour0[3]     ; diver:U_DIVER|m_clk1 ; 13.656 ; 13.580 ; Fall       ; diver:U_DIVER|m_clk1 ;
; hour1[*]      ; diver:U_DIVER|m_clk1 ; 13.609 ; 13.597 ; Fall       ; diver:U_DIVER|m_clk1 ;
;  hour1[0]     ; diver:U_DIVER|m_clk1 ; 13.609 ; 13.597 ; Fall       ; diver:U_DIVER|m_clk1 ;
;  hour1[1]     ; diver:U_DIVER|m_clk1 ; 11.044 ; 11.094 ; Fall       ; diver:U_DIVER|m_clk1 ;
; min0[*]       ; diver:U_DIVER|m_clk1 ; 15.378 ; 15.301 ; Fall       ; diver:U_DIVER|m_clk1 ;
;  min0[0]      ; diver:U_DIVER|m_clk1 ; 15.378 ; 15.301 ; Fall       ; diver:U_DIVER|m_clk1 ;
;  min0[1]      ; diver:U_DIVER|m_clk1 ; 14.684 ; 14.668 ; Fall       ; diver:U_DIVER|m_clk1 ;
;  min0[2]      ; diver:U_DIVER|m_clk1 ; 15.092 ; 15.007 ; Fall       ; diver:U_DIVER|m_clk1 ;
;  min0[3]      ; diver:U_DIVER|m_clk1 ; 15.340 ; 15.261 ; Fall       ; diver:U_DIVER|m_clk1 ;
; min1[*]       ; diver:U_DIVER|m_clk1 ; 14.041 ; 14.283 ; Fall       ; diver:U_DIVER|m_clk1 ;
;  min1[0]      ; diver:U_DIVER|m_clk1 ; 14.041 ; 14.283 ; Fall       ; diver:U_DIVER|m_clk1 ;
;  min1[1]      ; diver:U_DIVER|m_clk1 ; 11.972 ; 12.201 ; Fall       ; diver:U_DIVER|m_clk1 ;
;  min1[2]      ; diver:U_DIVER|m_clk1 ; 10.840 ; 10.903 ; Fall       ; diver:U_DIVER|m_clk1 ;
; sec0[*]       ; diver:U_DIVER|m_clk1 ; 15.233 ; 15.068 ; Fall       ; diver:U_DIVER|m_clk1 ;
;  sec0[0]      ; diver:U_DIVER|m_clk1 ; 14.423 ; 14.221 ; Fall       ; diver:U_DIVER|m_clk1 ;
;  sec0[1]      ; diver:U_DIVER|m_clk1 ; 14.557 ; 14.372 ; Fall       ; diver:U_DIVER|m_clk1 ;
;  sec0[2]      ; diver:U_DIVER|m_clk1 ; 15.233 ; 15.068 ; Fall       ; diver:U_DIVER|m_clk1 ;
;  sec0[3]      ; diver:U_DIVER|m_clk1 ; 15.198 ; 15.041 ; Fall       ; diver:U_DIVER|m_clk1 ;
; sec1[*]       ; diver:U_DIVER|m_clk1 ; 14.393 ; 14.470 ; Fall       ; diver:U_DIVER|m_clk1 ;
;  sec1[0]      ; diver:U_DIVER|m_clk1 ; 14.393 ; 14.470 ; Fall       ; diver:U_DIVER|m_clk1 ;
;  sec1[1]      ; diver:U_DIVER|m_clk1 ; 12.173 ; 12.202 ; Fall       ; diver:U_DIVER|m_clk1 ;
;  sec1[2]      ; diver:U_DIVER|m_clk1 ; 11.190 ; 11.029 ; Fall       ; diver:U_DIVER|m_clk1 ;
; seg_hour0[*]  ; diver:U_DIVER|m_clk1 ; 15.284 ; 15.307 ; Fall       ; diver:U_DIVER|m_clk1 ;
;  seg_hour0[0] ; diver:U_DIVER|m_clk1 ; 15.003 ; 15.016 ; Fall       ; diver:U_DIVER|m_clk1 ;
;  seg_hour0[1] ; diver:U_DIVER|m_clk1 ; 14.988 ; 14.991 ; Fall       ; diver:U_DIVER|m_clk1 ;
;  seg_hour0[2] ; diver:U_DIVER|m_clk1 ; 15.284 ; 15.307 ; Fall       ; diver:U_DIVER|m_clk1 ;
;  seg_hour0[3] ; diver:U_DIVER|m_clk1 ; 15.074 ; 15.139 ; Fall       ; diver:U_DIVER|m_clk1 ;
;  seg_hour0[4] ; diver:U_DIVER|m_clk1 ; 15.002 ; 15.010 ; Fall       ; diver:U_DIVER|m_clk1 ;
;  seg_hour0[5] ; diver:U_DIVER|m_clk1 ; 15.177 ; 15.199 ; Fall       ; diver:U_DIVER|m_clk1 ;
;  seg_hour0[6] ; diver:U_DIVER|m_clk1 ; 14.707 ; 14.673 ; Fall       ; diver:U_DIVER|m_clk1 ;
; seg_hour1[*]  ; diver:U_DIVER|m_clk1 ; 15.108 ; 15.224 ; Fall       ; diver:U_DIVER|m_clk1 ;
;  seg_hour1[0] ; diver:U_DIVER|m_clk1 ; 13.465 ; 13.464 ; Fall       ; diver:U_DIVER|m_clk1 ;
;  seg_hour1[2] ; diver:U_DIVER|m_clk1 ; 13.339 ; 13.320 ; Fall       ; diver:U_DIVER|m_clk1 ;
;  seg_hour1[3] ; diver:U_DIVER|m_clk1 ; 13.495 ; 13.494 ; Fall       ; diver:U_DIVER|m_clk1 ;
;  seg_hour1[4] ; diver:U_DIVER|m_clk1 ; 15.108 ; 15.224 ; Fall       ; diver:U_DIVER|m_clk1 ;
;  seg_hour1[5] ; diver:U_DIVER|m_clk1 ; 13.843 ; 13.894 ; Fall       ; diver:U_DIVER|m_clk1 ;
;  seg_hour1[6] ; diver:U_DIVER|m_clk1 ; 12.428 ; 12.402 ; Fall       ; diver:U_DIVER|m_clk1 ;
; seg_min0[*]   ; diver:U_DIVER|m_clk1 ; 16.230 ; 16.341 ; Fall       ; diver:U_DIVER|m_clk1 ;
;  seg_min0[0]  ; diver:U_DIVER|m_clk1 ; 15.832 ; 15.860 ; Fall       ; diver:U_DIVER|m_clk1 ;
;  seg_min0[1]  ; diver:U_DIVER|m_clk1 ; 15.978 ; 16.054 ; Fall       ; diver:U_DIVER|m_clk1 ;
;  seg_min0[2]  ; diver:U_DIVER|m_clk1 ; 16.060 ; 16.058 ; Fall       ; diver:U_DIVER|m_clk1 ;
;  seg_min0[3]  ; diver:U_DIVER|m_clk1 ; 15.976 ; 16.031 ; Fall       ; diver:U_DIVER|m_clk1 ;
;  seg_min0[4]  ; diver:U_DIVER|m_clk1 ; 16.230 ; 16.341 ; Fall       ; diver:U_DIVER|m_clk1 ;
;  seg_min0[5]  ; diver:U_DIVER|m_clk1 ; 15.963 ; 16.053 ; Fall       ; diver:U_DIVER|m_clk1 ;
;  seg_min0[6]  ; diver:U_DIVER|m_clk1 ; 15.819 ; 15.832 ; Fall       ; diver:U_DIVER|m_clk1 ;
; seg_min1[*]   ; diver:U_DIVER|m_clk1 ; 15.699 ; 15.504 ; Fall       ; diver:U_DIVER|m_clk1 ;
;  seg_min1[0]  ; diver:U_DIVER|m_clk1 ; 14.403 ; 14.335 ; Fall       ; diver:U_DIVER|m_clk1 ;
;  seg_min1[1]  ; diver:U_DIVER|m_clk1 ; 14.590 ; 14.511 ; Fall       ; diver:U_DIVER|m_clk1 ;
;  seg_min1[2]  ; diver:U_DIVER|m_clk1 ; 14.445 ; 14.695 ; Fall       ; diver:U_DIVER|m_clk1 ;
;  seg_min1[3]  ; diver:U_DIVER|m_clk1 ; 14.524 ; 14.574 ; Fall       ; diver:U_DIVER|m_clk1 ;
;  seg_min1[4]  ; diver:U_DIVER|m_clk1 ; 14.605 ; 14.508 ; Fall       ; diver:U_DIVER|m_clk1 ;
;  seg_min1[5]  ; diver:U_DIVER|m_clk1 ; 14.737 ; 14.590 ; Fall       ; diver:U_DIVER|m_clk1 ;
;  seg_min1[6]  ; diver:U_DIVER|m_clk1 ; 15.699 ; 15.504 ; Fall       ; diver:U_DIVER|m_clk1 ;
; seg_sec0[*]   ; diver:U_DIVER|m_clk1 ; 17.620 ; 17.787 ; Fall       ; diver:U_DIVER|m_clk1 ;
;  seg_sec0[0]  ; diver:U_DIVER|m_clk1 ; 16.641 ; 16.724 ; Fall       ; diver:U_DIVER|m_clk1 ;
;  seg_sec0[1]  ; diver:U_DIVER|m_clk1 ; 16.175 ; 16.336 ; Fall       ; diver:U_DIVER|m_clk1 ;
;  seg_sec0[2]  ; diver:U_DIVER|m_clk1 ; 16.296 ; 16.322 ; Fall       ; diver:U_DIVER|m_clk1 ;
;  seg_sec0[3]  ; diver:U_DIVER|m_clk1 ; 17.620 ; 17.787 ; Fall       ; diver:U_DIVER|m_clk1 ;
;  seg_sec0[4]  ; diver:U_DIVER|m_clk1 ; 16.063 ; 16.227 ; Fall       ; diver:U_DIVER|m_clk1 ;
;  seg_sec0[5]  ; diver:U_DIVER|m_clk1 ; 16.735 ; 16.763 ; Fall       ; diver:U_DIVER|m_clk1 ;
;  seg_sec0[6]  ; diver:U_DIVER|m_clk1 ; 16.311 ; 16.297 ; Fall       ; diver:U_DIVER|m_clk1 ;
; seg_sec1[*]   ; diver:U_DIVER|m_clk1 ; 15.175 ; 15.125 ; Fall       ; diver:U_DIVER|m_clk1 ;
;  seg_sec1[0]  ; diver:U_DIVER|m_clk1 ; 15.175 ; 15.125 ; Fall       ; diver:U_DIVER|m_clk1 ;
;  seg_sec1[1]  ; diver:U_DIVER|m_clk1 ; 15.041 ; 15.036 ; Fall       ; diver:U_DIVER|m_clk1 ;
;  seg_sec1[2]  ; diver:U_DIVER|m_clk1 ; 14.766 ; 14.805 ; Fall       ; diver:U_DIVER|m_clk1 ;
;  seg_sec1[3]  ; diver:U_DIVER|m_clk1 ; 14.828 ; 14.886 ; Fall       ; diver:U_DIVER|m_clk1 ;
;  seg_sec1[4]  ; diver:U_DIVER|m_clk1 ; 14.849 ; 14.903 ; Fall       ; diver:U_DIVER|m_clk1 ;
;  seg_sec1[5]  ; diver:U_DIVER|m_clk1 ; 14.838 ; 14.901 ; Fall       ; diver:U_DIVER|m_clk1 ;
;  seg_sec1[6]  ; diver:U_DIVER|m_clk1 ; 15.058 ; 15.066 ; Fall       ; diver:U_DIVER|m_clk1 ;
; speak         ; diver:U_DIVER|m_clk1 ; 17.723 ; 17.622 ; Fall       ; diver:U_DIVER|m_clk1 ;
+---------------+----------------------+--------+--------+------------+----------------------+


+--------------------------------------------------------------------------------------------+
; Minimum Clock to Output Times                                                              ;
+---------------+----------------------+--------+--------+------------+----------------------+
; Data Port     ; Clock Port           ; Rise   ; Fall   ; Clock Edge ; Clock Reference      ;
+---------------+----------------------+--------+--------+------------+----------------------+
; hour0[*]      ; clk                  ; 5.906  ; 5.877  ; Rise       ; clk                  ;
;  hour0[0]     ; clk                  ; 6.490  ; 6.460  ; Rise       ; clk                  ;
;  hour0[1]     ; clk                  ; 5.906  ; 5.877  ; Rise       ; clk                  ;
;  hour0[2]     ; clk                  ; 5.933  ; 5.899  ; Rise       ; clk                  ;
;  hour0[3]     ; clk                  ; 6.475  ; 6.460  ; Rise       ; clk                  ;
; hour1[*]      ; clk                  ; 6.163  ; 6.200  ; Rise       ; clk                  ;
;  hour1[0]     ; clk                  ; 6.163  ; 6.200  ; Rise       ; clk                  ;
;  hour1[1]     ; clk                  ; 6.266  ; 6.289  ; Rise       ; clk                  ;
; min0[*]       ; clk                  ; 5.905  ; 5.874  ; Rise       ; clk                  ;
;  min0[0]      ; clk                  ; 5.905  ; 5.874  ; Rise       ; clk                  ;
;  min0[1]      ; clk                  ; 5.921  ; 5.900  ; Rise       ; clk                  ;
;  min0[2]      ; clk                  ; 5.969  ; 5.929  ; Rise       ; clk                  ;
;  min0[3]      ; clk                  ; 6.371  ; 6.297  ; Rise       ; clk                  ;
; min1[*]       ; clk                  ; 6.074  ; 6.141  ; Rise       ; clk                  ;
;  min1[0]      ; clk                  ; 6.074  ; 6.141  ; Rise       ; clk                  ;
;  min1[1]      ; clk                  ; 6.310  ; 6.293  ; Rise       ; clk                  ;
;  min1[2]      ; clk                  ; 6.262  ; 6.335  ; Rise       ; clk                  ;
; sec0[*]       ; clk                  ; 6.352  ; 6.306  ; Rise       ; clk                  ;
;  sec0[0]      ; clk                  ; 6.653  ; 6.667  ; Rise       ; clk                  ;
;  sec0[1]      ; clk                  ; 6.352  ; 6.306  ; Rise       ; clk                  ;
;  sec0[2]      ; clk                  ; 6.403  ; 6.343  ; Rise       ; clk                  ;
;  sec0[3]      ; clk                  ; 6.405  ; 6.368  ; Rise       ; clk                  ;
; sec1[*]       ; clk                  ; 6.603  ; 6.637  ; Rise       ; clk                  ;
;  sec1[0]      ; clk                  ; 7.212  ; 7.237  ; Rise       ; clk                  ;
;  sec1[1]      ; clk                  ; 6.603  ; 6.637  ; Rise       ; clk                  ;
;  sec1[2]      ; clk                  ; 7.123  ; 7.203  ; Rise       ; clk                  ;
; seg_hour0[*]  ; clk                  ; 6.192  ; 6.161  ; Rise       ; clk                  ;
;  seg_hour0[0] ; clk                  ; 6.451  ; 6.489  ; Rise       ; clk                  ;
;  seg_hour0[1] ; clk                  ; 6.433  ; 6.464  ; Rise       ; clk                  ;
;  seg_hour0[2] ; clk                  ; 6.754  ; 6.771  ; Rise       ; clk                  ;
;  seg_hour0[3] ; clk                  ; 6.517  ; 6.606  ; Rise       ; clk                  ;
;  seg_hour0[4] ; clk                  ; 6.446  ; 6.486  ; Rise       ; clk                  ;
;  seg_hour0[5] ; clk                  ; 6.621  ; 6.668  ; Rise       ; clk                  ;
;  seg_hour0[6] ; clk                  ; 6.192  ; 6.161  ; Rise       ; clk                  ;
; seg_hour1[*]  ; clk                  ; 5.901  ; 5.934  ; Rise       ; clk                  ;
;  seg_hour1[0] ; clk                  ; 6.072  ; 6.021  ; Rise       ; clk                  ;
;  seg_hour1[2] ; clk                  ; 5.901  ; 5.934  ; Rise       ; clk                  ;
;  seg_hour1[3] ; clk                  ; 6.102  ; 6.051  ; Rise       ; clk                  ;
;  seg_hour1[4] ; clk                  ; 7.701  ; 7.768  ; Rise       ; clk                  ;
;  seg_hour1[5] ; clk                  ; 6.436  ; 6.466  ; Rise       ; clk                  ;
;  seg_hour1[6] ; clk                  ; 7.650  ; 7.596  ; Rise       ; clk                  ;
; seg_min0[*]   ; clk                  ; 6.270  ; 6.272  ; Rise       ; clk                  ;
;  seg_min0[0]  ; clk                  ; 6.270  ; 6.272  ; Rise       ; clk                  ;
;  seg_min0[1]  ; clk                  ; 6.436  ; 6.461  ; Rise       ; clk                  ;
;  seg_min0[2]  ; clk                  ; 6.524  ; 6.503  ; Rise       ; clk                  ;
;  seg_min0[3]  ; clk                  ; 6.411  ; 6.439  ; Rise       ; clk                  ;
;  seg_min0[4]  ; clk                  ; 6.767  ; 6.775  ; Rise       ; clk                  ;
;  seg_min0[5]  ; clk                  ; 6.447  ; 6.458  ; Rise       ; clk                  ;
;  seg_min0[6]  ; clk                  ; 6.288  ; 6.274  ; Rise       ; clk                  ;
; seg_min1[*]   ; clk                  ; 6.257  ; 6.190  ; Rise       ; clk                  ;
;  seg_min1[0]  ; clk                  ; 6.257  ; 6.190  ; Rise       ; clk                  ;
;  seg_min1[1]  ; clk                  ; 6.435  ; 6.358  ; Rise       ; clk                  ;
;  seg_min1[2]  ; clk                  ; 6.461  ; 6.535  ; Rise       ; clk                  ;
;  seg_min1[3]  ; clk                  ; 6.371  ; 6.421  ; Rise       ; clk                  ;
;  seg_min1[4]  ; clk                  ; 6.451  ; 6.524  ; Rise       ; clk                  ;
;  seg_min1[5]  ; clk                  ; 6.576  ; 6.601  ; Rise       ; clk                  ;
;  seg_min1[6]  ; clk                  ; 7.553  ; 7.529  ; Rise       ; clk                  ;
; seg_sec0[*]   ; clk                  ; 7.197  ; 7.219  ; Rise       ; clk                  ;
;  seg_sec0[0]  ; clk                  ; 7.631  ; 7.689  ; Rise       ; clk                  ;
;  seg_sec0[1]  ; clk                  ; 7.281  ; 7.338  ; Rise       ; clk                  ;
;  seg_sec0[2]  ; clk                  ; 7.275  ; 7.342  ; Rise       ; clk                  ;
;  seg_sec0[3]  ; clk                  ; 8.577  ; 8.715  ; Rise       ; clk                  ;
;  seg_sec0[4]  ; clk                  ; 7.197  ; 7.219  ; Rise       ; clk                  ;
;  seg_sec0[5]  ; clk                  ; 7.713  ; 7.743  ; Rise       ; clk                  ;
;  seg_sec0[6]  ; clk                  ; 7.298  ; 7.252  ; Rise       ; clk                  ;
; seg_sec1[*]   ; clk                  ; 7.521  ; 7.547  ; Rise       ; clk                  ;
;  seg_sec1[0]  ; clk                  ; 7.844  ; 7.841  ; Rise       ; clk                  ;
;  seg_sec1[1]  ; clk                  ; 7.739  ; 7.772  ; Rise       ; clk                  ;
;  seg_sec1[2]  ; clk                  ; 7.549  ; 7.547  ; Rise       ; clk                  ;
;  seg_sec1[3]  ; clk                  ; 7.521  ; 7.591  ; Rise       ; clk                  ;
;  seg_sec1[4]  ; clk                  ; 7.542  ; 7.635  ; Rise       ; clk                  ;
;  seg_sec1[5]  ; clk                  ; 7.531  ; 7.634  ; Rise       ; clk                  ;
;  seg_sec1[6]  ; clk                  ; 7.792  ; 7.832  ; Rise       ; clk                  ;
; speak         ; clk                  ; 6.137  ; 6.074  ; Rise       ; clk                  ;
; sec0[*]       ; diver:U_DIVER|m_clk0 ; 5.783  ; 5.775  ; Fall       ; diver:U_DIVER|m_clk0 ;
;  sec0[0]      ; diver:U_DIVER|m_clk0 ; 5.909  ; 5.952  ; Fall       ; diver:U_DIVER|m_clk0 ;
;  sec0[1]      ; diver:U_DIVER|m_clk0 ; 6.038  ; 6.010  ; Fall       ; diver:U_DIVER|m_clk0 ;
;  sec0[2]      ; diver:U_DIVER|m_clk0 ; 5.783  ; 5.775  ; Fall       ; diver:U_DIVER|m_clk0 ;
;  sec0[3]      ; diver:U_DIVER|m_clk0 ; 5.956  ; 5.938  ; Fall       ; diver:U_DIVER|m_clk0 ;
; sec1[*]       ; diver:U_DIVER|m_clk0 ; 6.338  ; 6.456  ; Fall       ; diver:U_DIVER|m_clk0 ;
;  sec1[0]      ; diver:U_DIVER|m_clk0 ; 7.254  ; 7.417  ; Fall       ; diver:U_DIVER|m_clk0 ;
;  sec1[1]      ; diver:U_DIVER|m_clk0 ; 6.338  ; 6.456  ; Fall       ; diver:U_DIVER|m_clk0 ;
;  sec1[2]      ; diver:U_DIVER|m_clk0 ; 6.468  ; 6.576  ; Fall       ; diver:U_DIVER|m_clk0 ;
; seg_sec0[*]   ; diver:U_DIVER|m_clk0 ; 6.710  ; 6.721  ; Fall       ; diver:U_DIVER|m_clk0 ;
;  seg_sec0[0]  ; diver:U_DIVER|m_clk0 ; 7.131  ; 7.155  ; Fall       ; diver:U_DIVER|m_clk0 ;
;  seg_sec0[1]  ; diver:U_DIVER|m_clk0 ; 6.767  ; 6.795  ; Fall       ; diver:U_DIVER|m_clk0 ;
;  seg_sec0[2]  ; diver:U_DIVER|m_clk0 ; 6.775  ; 6.785  ; Fall       ; diver:U_DIVER|m_clk0 ;
;  seg_sec0[3]  ; diver:U_DIVER|m_clk0 ; 8.055  ; 8.177  ; Fall       ; diver:U_DIVER|m_clk0 ;
;  seg_sec0[4]  ; diver:U_DIVER|m_clk0 ; 6.710  ; 6.721  ; Fall       ; diver:U_DIVER|m_clk0 ;
;  seg_sec0[5]  ; diver:U_DIVER|m_clk0 ; 7.188  ; 7.207  ; Fall       ; diver:U_DIVER|m_clk0 ;
;  seg_sec0[6]  ; diver:U_DIVER|m_clk0 ; 6.773  ; 6.730  ; Fall       ; diver:U_DIVER|m_clk0 ;
; seg_sec1[*]   ; diver:U_DIVER|m_clk0 ; 7.020  ; 7.095  ; Fall       ; diver:U_DIVER|m_clk0 ;
;  seg_sec1[0]  ; diver:U_DIVER|m_clk0 ; 7.373  ; 7.308  ; Fall       ; diver:U_DIVER|m_clk0 ;
;  seg_sec1[1]  ; diver:U_DIVER|m_clk0 ; 7.264  ; 7.225  ; Fall       ; diver:U_DIVER|m_clk0 ;
;  seg_sec1[2]  ; diver:U_DIVER|m_clk0 ; 7.020  ; 7.106  ; Fall       ; diver:U_DIVER|m_clk0 ;
;  seg_sec1[3]  ; diver:U_DIVER|m_clk0 ; 7.026  ; 7.095  ; Fall       ; diver:U_DIVER|m_clk0 ;
;  seg_sec1[4]  ; diver:U_DIVER|m_clk0 ; 7.065  ; 7.101  ; Fall       ; diver:U_DIVER|m_clk0 ;
;  seg_sec1[5]  ; diver:U_DIVER|m_clk0 ; 7.033  ; 7.120  ; Fall       ; diver:U_DIVER|m_clk0 ;
;  seg_sec1[6]  ; diver:U_DIVER|m_clk0 ; 7.243  ; 7.259  ; Fall       ; diver:U_DIVER|m_clk0 ;
; speak         ; diver:U_DIVER|m_clk0 ; 6.802  ; 6.775  ; Fall       ; diver:U_DIVER|m_clk0 ;
; hour0[*]      ; diver:U_DIVER|m_clk1 ; 7.265  ; 7.167  ; Fall       ; diver:U_DIVER|m_clk1 ;
;  hour0[0]     ; diver:U_DIVER|m_clk1 ; 7.427  ; 7.415  ; Fall       ; diver:U_DIVER|m_clk1 ;
;  hour0[1]     ; diver:U_DIVER|m_clk1 ; 7.405  ; 7.294  ; Fall       ; diver:U_DIVER|m_clk1 ;
;  hour0[2]     ; diver:U_DIVER|m_clk1 ; 7.265  ; 7.167  ; Fall       ; diver:U_DIVER|m_clk1 ;
;  hour0[3]     ; diver:U_DIVER|m_clk1 ; 7.691  ; 7.644  ; Fall       ; diver:U_DIVER|m_clk1 ;
; hour1[*]      ; diver:U_DIVER|m_clk1 ; 7.768  ; 7.844  ; Fall       ; diver:U_DIVER|m_clk1 ;
;  hour1[0]     ; diver:U_DIVER|m_clk1 ; 7.814  ; 7.862  ; Fall       ; diver:U_DIVER|m_clk1 ;
;  hour1[1]     ; diver:U_DIVER|m_clk1 ; 7.768  ; 7.844  ; Fall       ; diver:U_DIVER|m_clk1 ;
; min0[*]       ; diver:U_DIVER|m_clk1 ; 5.353  ; 5.362  ; Fall       ; diver:U_DIVER|m_clk1 ;
;  min0[0]      ; diver:U_DIVER|m_clk1 ; 5.353  ; 5.362  ; Fall       ; diver:U_DIVER|m_clk1 ;
;  min0[1]      ; diver:U_DIVER|m_clk1 ; 6.124  ; 6.137  ; Fall       ; diver:U_DIVER|m_clk1 ;
;  min0[2]      ; diver:U_DIVER|m_clk1 ; 7.088  ; 7.080  ; Fall       ; diver:U_DIVER|m_clk1 ;
;  min0[3]      ; diver:U_DIVER|m_clk1 ; 7.178  ; 7.167  ; Fall       ; diver:U_DIVER|m_clk1 ;
; min1[*]       ; diver:U_DIVER|m_clk1 ; 6.606  ; 6.790  ; Fall       ; diver:U_DIVER|m_clk1 ;
;  min1[0]      ; diver:U_DIVER|m_clk1 ; 6.606  ; 6.790  ; Fall       ; diver:U_DIVER|m_clk1 ;
;  min1[1]      ; diver:U_DIVER|m_clk1 ; 6.701  ; 6.790  ; Fall       ; diver:U_DIVER|m_clk1 ;
;  min1[2]      ; diver:U_DIVER|m_clk1 ; 6.703  ; 6.817  ; Fall       ; diver:U_DIVER|m_clk1 ;
; sec0[*]       ; diver:U_DIVER|m_clk1 ; 8.071  ; 8.053  ; Fall       ; diver:U_DIVER|m_clk1 ;
;  sec0[0]      ; diver:U_DIVER|m_clk1 ; 8.071  ; 8.053  ; Fall       ; diver:U_DIVER|m_clk1 ;
;  sec0[1]      ; diver:U_DIVER|m_clk1 ; 8.916  ; 8.868  ; Fall       ; diver:U_DIVER|m_clk1 ;
;  sec0[2]      ; diver:U_DIVER|m_clk1 ; 9.327  ; 9.294  ; Fall       ; diver:U_DIVER|m_clk1 ;
;  sec0[3]      ; diver:U_DIVER|m_clk1 ; 9.650  ; 9.631  ; Fall       ; diver:U_DIVER|m_clk1 ;
; sec1[*]       ; diver:U_DIVER|m_clk1 ; 9.549  ; 9.611  ; Fall       ; diver:U_DIVER|m_clk1 ;
;  sec1[0]      ; diver:U_DIVER|m_clk1 ; 10.405 ; 10.470 ; Fall       ; diver:U_DIVER|m_clk1 ;
;  sec1[1]      ; diver:U_DIVER|m_clk1 ; 9.549  ; 9.611  ; Fall       ; diver:U_DIVER|m_clk1 ;
;  sec1[2]      ; diver:U_DIVER|m_clk1 ; 9.870  ; 9.911  ; Fall       ; diver:U_DIVER|m_clk1 ;
; seg_hour0[*]  ; diver:U_DIVER|m_clk1 ; 7.608  ; 7.572  ; Fall       ; diver:U_DIVER|m_clk1 ;
;  seg_hour0[0] ; diver:U_DIVER|m_clk1 ; 7.857  ; 7.899  ; Fall       ; diver:U_DIVER|m_clk1 ;
;  seg_hour0[1] ; diver:U_DIVER|m_clk1 ; 7.842  ; 7.875  ; Fall       ; diver:U_DIVER|m_clk1 ;
;  seg_hour0[2] ; diver:U_DIVER|m_clk1 ; 8.159  ; 8.185  ; Fall       ; diver:U_DIVER|m_clk1 ;
;  seg_hour0[3] ; diver:U_DIVER|m_clk1 ; 7.922  ; 8.013  ; Fall       ; diver:U_DIVER|m_clk1 ;
;  seg_hour0[4] ; diver:U_DIVER|m_clk1 ; 7.870  ; 7.895  ; Fall       ; diver:U_DIVER|m_clk1 ;
;  seg_hour0[5] ; diver:U_DIVER|m_clk1 ; 8.038  ; 8.078  ; Fall       ; diver:U_DIVER|m_clk1 ;
;  seg_hour0[6] ; diver:U_DIVER|m_clk1 ; 7.608  ; 7.572  ; Fall       ; diver:U_DIVER|m_clk1 ;
; seg_hour1[*]  ; diver:U_DIVER|m_clk1 ; 7.556  ; 7.609  ; Fall       ; diver:U_DIVER|m_clk1 ;
;  seg_hour1[0] ; diver:U_DIVER|m_clk1 ; 7.736  ; 7.695  ; Fall       ; diver:U_DIVER|m_clk1 ;
;  seg_hour1[2] ; diver:U_DIVER|m_clk1 ; 7.556  ; 7.609  ; Fall       ; diver:U_DIVER|m_clk1 ;
;  seg_hour1[3] ; diver:U_DIVER|m_clk1 ; 7.766  ; 7.725  ; Fall       ; diver:U_DIVER|m_clk1 ;
;  seg_hour1[4] ; diver:U_DIVER|m_clk1 ; 9.363  ; 9.419  ; Fall       ; diver:U_DIVER|m_clk1 ;
;  seg_hour1[5] ; diver:U_DIVER|m_clk1 ; 8.145  ; 8.145  ; Fall       ; diver:U_DIVER|m_clk1 ;
;  seg_hour1[6] ; diver:U_DIVER|m_clk1 ; 9.152  ; 9.151  ; Fall       ; diver:U_DIVER|m_clk1 ;
; seg_min0[*]   ; diver:U_DIVER|m_clk1 ; 5.787  ; 5.788  ; Fall       ; diver:U_DIVER|m_clk1 ;
;  seg_min0[0]  ; diver:U_DIVER|m_clk1 ; 5.787  ; 5.816  ; Fall       ; diver:U_DIVER|m_clk1 ;
;  seg_min0[1]  ; diver:U_DIVER|m_clk1 ; 5.928  ; 6.002  ; Fall       ; diver:U_DIVER|m_clk1 ;
;  seg_min0[2]  ; diver:U_DIVER|m_clk1 ; 6.006  ; 6.090  ; Fall       ; diver:U_DIVER|m_clk1 ;
;  seg_min0[3]  ; diver:U_DIVER|m_clk1 ; 5.925  ; 5.980  ; Fall       ; diver:U_DIVER|m_clk1 ;
;  seg_min0[4]  ; diver:U_DIVER|m_clk1 ; 6.255  ; 6.277  ; Fall       ; diver:U_DIVER|m_clk1 ;
;  seg_min0[5]  ; diver:U_DIVER|m_clk1 ; 5.999  ; 6.001  ; Fall       ; diver:U_DIVER|m_clk1 ;
;  seg_min0[6]  ; diver:U_DIVER|m_clk1 ; 5.860  ; 5.788  ; Fall       ; diver:U_DIVER|m_clk1 ;
; seg_min1[*]   ; diver:U_DIVER|m_clk1 ; 6.807  ; 6.734  ; Fall       ; diver:U_DIVER|m_clk1 ;
;  seg_min1[0]  ; diver:U_DIVER|m_clk1 ; 6.807  ; 6.734  ; Fall       ; diver:U_DIVER|m_clk1 ;
;  seg_min1[1]  ; diver:U_DIVER|m_clk1 ; 6.986  ; 6.903  ; Fall       ; diver:U_DIVER|m_clk1 ;
;  seg_min1[2]  ; diver:U_DIVER|m_clk1 ; 6.993  ; 7.101  ; Fall       ; diver:U_DIVER|m_clk1 ;
;  seg_min1[3]  ; diver:U_DIVER|m_clk1 ; 6.915  ; 6.971  ; Fall       ; diver:U_DIVER|m_clk1 ;
;  seg_min1[4]  ; diver:U_DIVER|m_clk1 ; 7.027  ; 7.056  ; Fall       ; diver:U_DIVER|m_clk1 ;
;  seg_min1[5]  ; diver:U_DIVER|m_clk1 ; 7.158  ; 7.133  ; Fall       ; diver:U_DIVER|m_clk1 ;
;  seg_min1[6]  ; diver:U_DIVER|m_clk1 ; 8.130  ; 8.061  ; Fall       ; diver:U_DIVER|m_clk1 ;
; seg_sec0[*]   ; diver:U_DIVER|m_clk1 ; 9.004  ; 9.040  ; Fall       ; diver:U_DIVER|m_clk1 ;
;  seg_sec0[0]  ; diver:U_DIVER|m_clk1 ; 9.474  ; 9.526  ; Fall       ; diver:U_DIVER|m_clk1 ;
;  seg_sec0[1]  ; diver:U_DIVER|m_clk1 ; 9.124  ; 9.166  ; Fall       ; diver:U_DIVER|m_clk1 ;
;  seg_sec0[2]  ; diver:U_DIVER|m_clk1 ; 9.105  ; 9.156  ; Fall       ; diver:U_DIVER|m_clk1 ;
;  seg_sec0[3]  ; diver:U_DIVER|m_clk1 ; 10.406 ; 10.537 ; Fall       ; diver:U_DIVER|m_clk1 ;
;  seg_sec0[4]  ; diver:U_DIVER|m_clk1 ; 9.004  ; 9.040  ; Fall       ; diver:U_DIVER|m_clk1 ;
;  seg_sec0[5]  ; diver:U_DIVER|m_clk1 ; 9.520  ; 9.565  ; Fall       ; diver:U_DIVER|m_clk1 ;
;  seg_sec0[6]  ; diver:U_DIVER|m_clk1 ; 9.126  ; 9.075  ; Fall       ; diver:U_DIVER|m_clk1 ;
; seg_sec1[*]   ; diver:U_DIVER|m_clk1 ; 10.389 ; 10.441 ; Fall       ; diver:U_DIVER|m_clk1 ;
;  seg_sec1[0]  ; diver:U_DIVER|m_clk1 ; 10.732 ; 10.673 ; Fall       ; diver:U_DIVER|m_clk1 ;
;  seg_sec1[1]  ; diver:U_DIVER|m_clk1 ; 10.599 ; 10.627 ; Fall       ; diver:U_DIVER|m_clk1 ;
;  seg_sec1[2]  ; diver:U_DIVER|m_clk1 ; 10.422 ; 10.441 ; Fall       ; diver:U_DIVER|m_clk1 ;
;  seg_sec1[3]  ; diver:U_DIVER|m_clk1 ; 10.389 ; 10.452 ; Fall       ; diver:U_DIVER|m_clk1 ;
;  seg_sec1[4]  ; diver:U_DIVER|m_clk1 ; 10.400 ; 10.503 ; Fall       ; diver:U_DIVER|m_clk1 ;
;  seg_sec1[5]  ; diver:U_DIVER|m_clk1 ; 10.435 ; 10.455 ; Fall       ; diver:U_DIVER|m_clk1 ;
;  seg_sec1[6]  ; diver:U_DIVER|m_clk1 ; 10.605 ; 10.615 ; Fall       ; diver:U_DIVER|m_clk1 ;
; speak         ; diver:U_DIVER|m_clk1 ; 6.581  ; 6.619  ; Fall       ; diver:U_DIVER|m_clk1 ;
+---------------+----------------------+--------+--------+------------+----------------------+


---------------------------------------------
; Slow 1200mV 0C Model Metastability Report ;
---------------------------------------------
No synchronizer chains to report.


+-----------------------------------------------+
; Fast 1200mV 0C Model Setup Summary            ;
+----------------------+--------+---------------+
; Clock                ; Slack  ; End Point TNS ;
+----------------------+--------+---------------+
; diver:U_DIVER|m_clk1 ; -0.201 ; -1.884        ;
; diver:U_DIVER|m_clk0 ; -0.180 ; -0.361        ;
; clk                  ; 0.138  ; 0.000         ;
+----------------------+--------+---------------+


+-----------------------------------------------+
; Fast 1200mV 0C Model Hold Summary             ;
+----------------------+--------+---------------+
; Clock                ; Slack  ; End Point TNS ;
+----------------------+--------+---------------+
; clk                  ; -0.080 ; -0.159        ;
; diver:U_DIVER|m_clk1 ; -0.010 ; -0.050        ;
; diver:U_DIVER|m_clk0 ; 0.199  ; 0.000         ;
+----------------------+--------+---------------+


-----------------------------------------
; Fast 1200mV 0C Model Recovery Summary ;
-----------------------------------------
No paths to report.


----------------------------------------
; Fast 1200mV 0C Model Removal Summary ;
----------------------------------------
No paths to report.


+--------------------------------------------------+
; Fast 1200mV 0C Model Minimum Pulse Width Summary ;
+----------------------+--------+------------------+
; Clock                ; Slack  ; End Point TNS    ;
+----------------------+--------+------------------+
; clk                  ; -3.000 ; -8.253           ;
; diver:U_DIVER|m_clk1 ; -1.000 ; -28.000          ;
; diver:U_DIVER|m_clk0 ; -1.000 ; -6.000           ;
+----------------------+--------+------------------+


+-----------------------------------------------------------------------------------------------------------------------------------------------------------------------------+
; Fast 1200mV 0C Model Setup: 'diver:U_DIVER|m_clk1'                                                                                                                          ;
+--------+--------------------------------------+--------------------------------------+----------------------+----------------------+--------------+------------+------------+
; Slack  ; From Node                            ; To Node                              ; Launch Clock         ; Latch Clock          ; Relationship ; Clock Skew ; Data Delay ;
+--------+--------------------------------------+--------------------------------------+----------------------+----------------------+--------------+------------+------------+
; -0.201 ; count_sec_bin:U_SEC_ALARM|count[1]   ; count_sec_bin:U_SEC_ALARM|count[4]   ; diver:U_DIVER|m_clk1 ; diver:U_DIVER|m_clk1 ; 1.000        ; -0.040     ; 1.148      ;
; -0.199 ; count_hour_bin:U_HOUR_ALARM|count[1] ; count_hour_bin:U_HOUR_ALARM|count[4] ; diver:U_DIVER|m_clk1 ; diver:U_DIVER|m_clk1 ; 1.000        ; -0.039     ; 1.147      ;
; -0.198 ; count_min_bin:U_MIN_ALARM|count[1]   ; count_min_bin:U_MIN_ALARM|count[4]   ; diver:U_DIVER|m_clk1 ; diver:U_DIVER|m_clk1 ; 1.000        ; -0.039     ; 1.146      ;
; -0.195 ; count_min_bin:U_MIN_BIN|count[1]     ; count_min_bin:U_MIN_BIN|count[4]     ; diver:U_DIVER|m_clk1 ; diver:U_DIVER|m_clk1 ; 1.000        ; -0.029     ; 1.153      ;
; -0.189 ; count_sec_bin:U_SEC_ALARM|count[0]   ; count_sec_bin:U_SEC_ALARM|count[2]   ; diver:U_DIVER|m_clk1 ; diver:U_DIVER|m_clk1 ; 1.000        ; -0.040     ; 1.136      ;
; -0.164 ; count_sec_bin:U_SEC_ALARM|count[0]   ; count_sec_bin:U_SEC_ALARM|count[4]   ; diver:U_DIVER|m_clk1 ; diver:U_DIVER|m_clk1 ; 1.000        ; -0.040     ; 1.111      ;
; -0.150 ; count_hour_bin:U_HOUR_ALARM|count[0] ; count_hour_bin:U_HOUR_ALARM|count[4] ; diver:U_DIVER|m_clk1 ; diver:U_DIVER|m_clk1 ; 1.000        ; -0.039     ; 1.098      ;
; -0.149 ; count_min_bin:U_MIN_ALARM|count[0]   ; count_min_bin:U_MIN_ALARM|count[4]   ; diver:U_DIVER|m_clk1 ; diver:U_DIVER|m_clk1 ; 1.000        ; -0.039     ; 1.097      ;
; -0.147 ; count_hour_bin:U_HOUR_ALARM|count[3] ; count_hour_bin:U_HOUR_ALARM|count[4] ; diver:U_DIVER|m_clk1 ; diver:U_DIVER|m_clk1 ; 1.000        ; -0.039     ; 1.095      ;
; -0.146 ; count_min_bin:U_MIN_BIN|count[0]     ; count_min_bin:U_MIN_BIN|count[4]     ; diver:U_DIVER|m_clk1 ; diver:U_DIVER|m_clk1 ; 1.000        ; -0.029     ; 1.104      ;
; -0.146 ; count_hour_bin:U_HOUR_BIN|count[1]   ; count_hour_bin:U_HOUR_BIN|count[3]   ; diver:U_DIVER|m_clk1 ; diver:U_DIVER|m_clk1 ; 1.000        ; -0.040     ; 1.093      ;
; -0.142 ; count_sec_bin:U_SEC_ALARM|count[1]   ; count_sec_bin:U_SEC_ALARM|count[2]   ; diver:U_DIVER|m_clk1 ; diver:U_DIVER|m_clk1 ; 1.000        ; -0.040     ; 1.089      ;
; -0.134 ; count_min_bin:U_MIN_BIN|count[3]     ; count_min_bin:U_MIN_BIN|count[4]     ; diver:U_DIVER|m_clk1 ; diver:U_DIVER|m_clk1 ; 1.000        ; -0.029     ; 1.092      ;
; -0.133 ; count_sec_bin:U_SEC_ALARM|count[1]   ; count_sec_bin:U_SEC_ALARM|count[5]   ; diver:U_DIVER|m_clk1 ; diver:U_DIVER|m_clk1 ; 1.000        ; -0.040     ; 1.080      ;
; -0.131 ; count_min_bin:U_MIN_ALARM|count[1]   ; count_min_bin:U_MIN_ALARM|count[5]   ; diver:U_DIVER|m_clk1 ; diver:U_DIVER|m_clk1 ; 1.000        ; -0.039     ; 1.079      ;
; -0.131 ; count_min_bin:U_MIN_ALARM|count[3]   ; count_min_bin:U_MIN_ALARM|count[4]   ; diver:U_DIVER|m_clk1 ; diver:U_DIVER|m_clk1 ; 1.000        ; -0.039     ; 1.079      ;
; -0.130 ; count_sec_bin:U_SEC_ALARM|count[3]   ; count_sec_bin:U_SEC_ALARM|count[4]   ; diver:U_DIVER|m_clk1 ; diver:U_DIVER|m_clk1 ; 1.000        ; -0.040     ; 1.077      ;
; -0.130 ; count_sec_bin:U_SEC_ALARM|count[0]   ; count_sec_bin:U_SEC_ALARM|count[5]   ; diver:U_DIVER|m_clk1 ; diver:U_DIVER|m_clk1 ; 1.000        ; -0.040     ; 1.077      ;
; -0.129 ; count_sec_bin:U_SEC_ALARM|count[2]   ; count_sec_bin:U_SEC_ALARM|count[4]   ; diver:U_DIVER|m_clk1 ; diver:U_DIVER|m_clk1 ; 1.000        ; -0.040     ; 1.076      ;
; -0.126 ; count_min_bin:U_MIN_BIN|count[1]     ; count_min_bin:U_MIN_BIN|count[5]     ; diver:U_DIVER|m_clk1 ; diver:U_DIVER|m_clk1 ; 1.000        ; -0.029     ; 1.084      ;
; -0.125 ; count_hour_bin:U_HOUR_BIN|count[0]   ; count_hour_bin:U_HOUR_BIN|count[3]   ; diver:U_DIVER|m_clk1 ; diver:U_DIVER|m_clk1 ; 1.000        ; -0.040     ; 1.072      ;
; -0.117 ; count_min_bin:U_MIN_ALARM|count[0]   ; count_min_bin:U_MIN_ALARM|count[5]   ; diver:U_DIVER|m_clk1 ; diver:U_DIVER|m_clk1 ; 1.000        ; -0.039     ; 1.065      ;
; -0.115 ; count_sec_bin:U_SEC_ALARM|count[3]   ; count_sec_bin:U_SEC_ALARM|count[2]   ; diver:U_DIVER|m_clk1 ; diver:U_DIVER|m_clk1 ; 1.000        ; -0.040     ; 1.062      ;
; -0.110 ; count_min_bin:U_MIN_BIN|count[0]     ; count_min_bin:U_MIN_BIN|count[5]     ; diver:U_DIVER|m_clk1 ; diver:U_DIVER|m_clk1 ; 1.000        ; -0.029     ; 1.068      ;
; -0.110 ; count_min_bin:U_MIN_BIN|count[2]     ; count_min_bin:U_MIN_BIN|count[4]     ; diver:U_DIVER|m_clk1 ; diver:U_DIVER|m_clk1 ; 1.000        ; -0.029     ; 1.068      ;
; -0.104 ; count_hour_bin:U_HOUR_ALARM|count[2] ; count_hour_bin:U_HOUR_ALARM|count[4] ; diver:U_DIVER|m_clk1 ; diver:U_DIVER|m_clk1 ; 1.000        ; -0.039     ; 1.052      ;
; -0.098 ; count_min_bin:U_MIN_ALARM|count[2]   ; count_min_bin:U_MIN_ALARM|count[4]   ; diver:U_DIVER|m_clk1 ; diver:U_DIVER|m_clk1 ; 1.000        ; -0.039     ; 1.046      ;
; -0.091 ; count_sec_bin:U_SEC_ALARM|count[4]   ; count_sec_bin:U_SEC_ALARM|count[2]   ; diver:U_DIVER|m_clk1 ; diver:U_DIVER|m_clk1 ; 1.000        ; -0.040     ; 1.038      ;
; -0.089 ; count_sec_bin:U_SEC_ALARM|count[2]   ; count_sec_bin:U_SEC_ALARM|count[5]   ; diver:U_DIVER|m_clk1 ; diver:U_DIVER|m_clk1 ; 1.000        ; -0.040     ; 1.036      ;
; -0.065 ; count_min_bin:U_MIN_BIN|count[3]     ; count_min_bin:U_MIN_BIN|count[5]     ; diver:U_DIVER|m_clk1 ; diver:U_DIVER|m_clk1 ; 1.000        ; -0.029     ; 1.023      ;
; -0.064 ; count_min_bin:U_MIN_BIN|count[2]     ; count_min_bin:U_MIN_BIN|count[5]     ; diver:U_DIVER|m_clk1 ; diver:U_DIVER|m_clk1 ; 1.000        ; -0.029     ; 1.022      ;
; -0.064 ; count_hour_bin:U_HOUR_ALARM|count[1] ; count_hour_bin:U_HOUR_ALARM|count[3] ; diver:U_DIVER|m_clk1 ; diver:U_DIVER|m_clk1 ; 1.000        ; -0.039     ; 1.012      ;
; -0.064 ; count_min_bin:U_MIN_ALARM|count[1]   ; count_min_bin:U_MIN_ALARM|count[3]   ; diver:U_DIVER|m_clk1 ; diver:U_DIVER|m_clk1 ; 1.000        ; -0.039     ; 1.012      ;
; -0.064 ; count_min_bin:U_MIN_ALARM|count[3]   ; count_min_bin:U_MIN_ALARM|count[5]   ; diver:U_DIVER|m_clk1 ; diver:U_DIVER|m_clk1 ; 1.000        ; -0.039     ; 1.012      ;
; -0.063 ; count_sec_bin:U_SEC_ALARM|count[1]   ; count_sec_bin:U_SEC_ALARM|count[3]   ; diver:U_DIVER|m_clk1 ; diver:U_DIVER|m_clk1 ; 1.000        ; -0.040     ; 1.010      ;
; -0.062 ; count_sec_bin:U_SEC_ALARM|count[3]   ; count_sec_bin:U_SEC_ALARM|count[5]   ; diver:U_DIVER|m_clk1 ; diver:U_DIVER|m_clk1 ; 1.000        ; -0.040     ; 1.009      ;
; -0.060 ; count_sec_bin:U_SEC_ALARM|count[0]   ; count_sec_bin:U_SEC_ALARM|count[3]   ; diver:U_DIVER|m_clk1 ; diver:U_DIVER|m_clk1 ; 1.000        ; -0.040     ; 1.007      ;
; -0.059 ; count_min_bin:U_MIN_BIN|count[1]     ; count_min_bin:U_MIN_BIN|count[3]     ; diver:U_DIVER|m_clk1 ; diver:U_DIVER|m_clk1 ; 1.000        ; -0.029     ; 1.017      ;
; -0.059 ; count_min_bin:U_MIN_ALARM|count[1]   ; count_min_bin:U_MIN_ALARM|count[2]   ; diver:U_DIVER|m_clk1 ; diver:U_DIVER|m_clk1 ; 1.000        ; -0.039     ; 1.007      ;
; -0.059 ; count_min_bin:U_MIN_ALARM|count[2]   ; count_min_bin:U_MIN_ALARM|count[5]   ; diver:U_DIVER|m_clk1 ; diver:U_DIVER|m_clk1 ; 1.000        ; -0.039     ; 1.007      ;
; -0.057 ; count_min_bin:U_MIN_BIN|count[1]     ; count_min_bin:U_MIN_BIN|count[2]     ; diver:U_DIVER|m_clk1 ; diver:U_DIVER|m_clk1 ; 1.000        ; -0.029     ; 1.015      ;
; -0.057 ; count_hour_bin:U_HOUR_BIN|count[2]   ; count_hour_bin:U_HOUR_BIN|count[3]   ; diver:U_DIVER|m_clk1 ; diver:U_DIVER|m_clk1 ; 1.000        ; -0.040     ; 1.004      ;
; -0.050 ; count_hour_bin:U_HOUR_ALARM|count[0] ; count_hour_bin:U_HOUR_ALARM|count[3] ; diver:U_DIVER|m_clk1 ; diver:U_DIVER|m_clk1 ; 1.000        ; -0.039     ; 0.998      ;
; -0.050 ; count_min_bin:U_MIN_ALARM|count[0]   ; count_min_bin:U_MIN_ALARM|count[3]   ; diver:U_DIVER|m_clk1 ; diver:U_DIVER|m_clk1 ; 1.000        ; -0.039     ; 0.998      ;
; -0.043 ; count_min_bin:U_MIN_BIN|count[0]     ; count_min_bin:U_MIN_BIN|count[3]     ; diver:U_DIVER|m_clk1 ; diver:U_DIVER|m_clk1 ; 1.000        ; -0.029     ; 1.001      ;
; -0.035 ; count_hour_bin:U_HOUR_BIN|count[4]   ; count_hour_bin:U_HOUR_BIN|count[3]   ; diver:U_DIVER|m_clk1 ; diver:U_DIVER|m_clk1 ; 1.000        ; -0.267     ; 0.755      ;
; -0.026 ; count_min_bin:U_MIN_ALARM|count[0]   ; count_min_bin:U_MIN_ALARM|count[2]   ; diver:U_DIVER|m_clk1 ; diver:U_DIVER|m_clk1 ; 1.000        ; -0.039     ; 0.974      ;
; -0.019 ; count_sec_bin:U_SEC_ALARM|count[2]   ; count_sec_bin:U_SEC_ALARM|count[3]   ; diver:U_DIVER|m_clk1 ; diver:U_DIVER|m_clk1 ; 1.000        ; -0.040     ; 0.966      ;
; -0.008 ; count_min_bin:U_MIN_BIN|count[0]     ; count_min_bin:U_MIN_BIN|count[2]     ; diver:U_DIVER|m_clk1 ; diver:U_DIVER|m_clk1 ; 1.000        ; -0.029     ; 0.966      ;
; 0.000  ; count_min_bin:U_MIN_ALARM|count[4]   ; count_min_bin:U_MIN_ALARM|count[5]   ; diver:U_DIVER|m_clk1 ; diver:U_DIVER|m_clk1 ; 1.000        ; -0.039     ; 0.948      ;
; 0.003  ; count_min_bin:U_MIN_BIN|count[2]     ; count_min_bin:U_MIN_BIN|count[3]     ; diver:U_DIVER|m_clk1 ; diver:U_DIVER|m_clk1 ; 1.000        ; -0.029     ; 0.955      ;
; 0.003  ; count_hour_bin:U_HOUR_ALARM|count[2] ; count_hour_bin:U_HOUR_ALARM|count[3] ; diver:U_DIVER|m_clk1 ; diver:U_DIVER|m_clk1 ; 1.000        ; -0.039     ; 0.945      ;
; 0.005  ; count_min_bin:U_MIN_ALARM|count[4]   ; count_min_bin:U_MIN_ALARM|count[2]   ; diver:U_DIVER|m_clk1 ; diver:U_DIVER|m_clk1 ; 1.000        ; -0.039     ; 0.943      ;
; 0.007  ; count_sec_bin:U_SEC_ALARM|count[4]   ; count_sec_bin:U_SEC_ALARM|count[5]   ; diver:U_DIVER|m_clk1 ; diver:U_DIVER|m_clk1 ; 1.000        ; -0.040     ; 0.940      ;
; 0.007  ; count_min_bin:U_MIN_ALARM|count[3]   ; count_min_bin:U_MIN_ALARM|count[2]   ; diver:U_DIVER|m_clk1 ; diver:U_DIVER|m_clk1 ; 1.000        ; -0.039     ; 0.941      ;
; 0.007  ; count_min_bin:U_MIN_ALARM|count[4]   ; count_min_bin:U_MIN_ALARM|count[3]   ; diver:U_DIVER|m_clk1 ; diver:U_DIVER|m_clk1 ; 1.000        ; -0.039     ; 0.941      ;
; 0.008  ; count_min_bin:U_MIN_ALARM|count[2]   ; count_min_bin:U_MIN_ALARM|count[3]   ; diver:U_DIVER|m_clk1 ; diver:U_DIVER|m_clk1 ; 1.000        ; -0.039     ; 0.940      ;
; 0.009  ; count_hour_bin:U_HOUR_ALARM|count[3] ; count_hour_bin:U_HOUR_ALARM|count[3] ; diver:U_DIVER|m_clk1 ; diver:U_DIVER|m_clk1 ; 1.000        ; -0.039     ; 0.939      ;
; 0.009  ; count_min_bin:U_MIN_ALARM|count[3]   ; count_min_bin:U_MIN_ALARM|count[3]   ; diver:U_DIVER|m_clk1 ; diver:U_DIVER|m_clk1 ; 1.000        ; -0.039     ; 0.939      ;
; 0.024  ; count_min_bin:U_MIN_BIN|count[4]     ; count_min_bin:U_MIN_BIN|count[5]     ; diver:U_DIVER|m_clk1 ; diver:U_DIVER|m_clk1 ; 1.000        ; -0.029     ; 0.934      ;
; 0.044  ; count_hour_bin:U_HOUR_BIN|count[4]   ; count_hour_bin:U_HOUR_BIN|count[4]   ; diver:U_DIVER|m_clk1 ; diver:U_DIVER|m_clk1 ; 1.000        ; -0.048     ; 0.895      ;
; 0.046  ; count_sec_bin:U_SEC_ALARM|count[5]   ; count_sec_bin:U_SEC_ALARM|count[2]   ; diver:U_DIVER|m_clk1 ; diver:U_DIVER|m_clk1 ; 1.000        ; -0.040     ; 0.901      ;
; 0.077  ; count_sec_bin:U_SEC_ALARM|count[3]   ; count_sec_bin:U_SEC_ALARM|count[3]   ; diver:U_DIVER|m_clk1 ; diver:U_DIVER|m_clk1 ; 1.000        ; -0.040     ; 0.870      ;
; 0.084  ; count_hour_bin:U_HOUR_BIN|count[1]   ; count_hour_bin:U_HOUR_BIN|count[4]   ; diver:U_DIVER|m_clk1 ; diver:U_DIVER|m_clk1 ; 1.000        ; 0.179      ; 1.082      ;
; 0.095  ; count_min_bin:U_MIN_BIN|count[5]     ; count_min_bin:U_MIN_BIN|count[2]     ; diver:U_DIVER|m_clk1 ; diver:U_DIVER|m_clk1 ; 1.000        ; -0.029     ; 0.863      ;
; 0.097  ; count_sec_bin:U_SEC_ALARM|count[2]   ; count_sec_bin:U_SEC_ALARM|count[2]   ; diver:U_DIVER|m_clk1 ; diver:U_DIVER|m_clk1 ; 1.000        ; -0.040     ; 0.850      ;
; 0.101  ; count_sec_bin:U_SEC_ALARM|count[4]   ; count_sec_bin:U_SEC_ALARM|count[3]   ; diver:U_DIVER|m_clk1 ; diver:U_DIVER|m_clk1 ; 1.000        ; -0.040     ; 0.846      ;
; 0.104  ; count_hour_bin:U_HOUR_BIN|count[1]   ; count_hour_bin:U_HOUR_BIN|count[2]   ; diver:U_DIVER|m_clk1 ; diver:U_DIVER|m_clk1 ; 1.000        ; -0.040     ; 0.843      ;
; 0.113  ; count_hour_bin:U_HOUR_ALARM|count[1] ; count_hour_bin:U_HOUR_ALARM|count[2] ; diver:U_DIVER|m_clk1 ; diver:U_DIVER|m_clk1 ; 1.000        ; -0.039     ; 0.835      ;
; 0.127  ; count_hour_bin:U_HOUR_BIN|count[3]   ; count_hour_bin:U_HOUR_BIN|count[4]   ; diver:U_DIVER|m_clk1 ; diver:U_DIVER|m_clk1 ; 1.000        ; 0.179      ; 1.039      ;
; 0.136  ; count_sec_bin:U_SEC_ALARM|count[4]   ; count_sec_bin:U_SEC_ALARM|count[4]   ; diver:U_DIVER|m_clk1 ; diver:U_DIVER|m_clk1 ; 1.000        ; -0.040     ; 0.811      ;
; 0.139  ; count_hour_bin:U_HOUR_BIN|count[0]   ; count_hour_bin:U_HOUR_BIN|count[4]   ; diver:U_DIVER|m_clk1 ; diver:U_DIVER|m_clk1 ; 1.000        ; 0.179      ; 1.027      ;
; 0.144  ; count_hour_bin:U_HOUR_BIN|count[3]   ; count_hour_bin:U_HOUR_BIN|count[3]   ; diver:U_DIVER|m_clk1 ; diver:U_DIVER|m_clk1 ; 1.000        ; -0.040     ; 0.803      ;
; 0.146  ; count_min_bin:U_MIN_ALARM|count[4]   ; count_min_bin:U_MIN_ALARM|count[4]   ; diver:U_DIVER|m_clk1 ; diver:U_DIVER|m_clk1 ; 1.000        ; -0.039     ; 0.802      ;
; 0.151  ; count_min_bin:U_MIN_BIN|count[4]     ; count_min_bin:U_MIN_BIN|count[2]     ; diver:U_DIVER|m_clk1 ; diver:U_DIVER|m_clk1 ; 1.000        ; -0.029     ; 0.807      ;
; 0.156  ; count_min_bin:U_MIN_BIN|count[4]     ; count_min_bin:U_MIN_BIN|count[4]     ; diver:U_DIVER|m_clk1 ; diver:U_DIVER|m_clk1 ; 1.000        ; -0.029     ; 0.802      ;
; 0.159  ; count_hour_bin:U_HOUR_BIN|count[0]   ; count_hour_bin:U_HOUR_BIN|count[2]   ; diver:U_DIVER|m_clk1 ; diver:U_DIVER|m_clk1 ; 1.000        ; -0.040     ; 0.788      ;
; 0.162  ; count_hour_bin:U_HOUR_ALARM|count[0] ; count_hour_bin:U_HOUR_ALARM|count[2] ; diver:U_DIVER|m_clk1 ; diver:U_DIVER|m_clk1 ; 1.000        ; -0.039     ; 0.786      ;
; 0.173  ; count_min_bin:U_MIN_BIN|count[5]     ; count_min_bin:U_MIN_BIN|count[4]     ; diver:U_DIVER|m_clk1 ; diver:U_DIVER|m_clk1 ; 1.000        ; -0.029     ; 0.785      ;
; 0.179  ; count_sec_bin:U_SEC_ALARM|count[0]   ; count_sec_bin:U_SEC_ALARM|count[1]   ; diver:U_DIVER|m_clk1 ; diver:U_DIVER|m_clk1 ; 1.000        ; -0.040     ; 0.768      ;
; 0.179  ; count_min_bin:U_MIN_BIN|count[5]     ; count_min_bin:U_MIN_BIN|count[3]     ; diver:U_DIVER|m_clk1 ; diver:U_DIVER|m_clk1 ; 1.000        ; -0.029     ; 0.779      ;
; 0.186  ; count_min_bin:U_MIN_BIN|count[5]     ; count_min_bin:U_MIN_BIN|count[5]     ; diver:U_DIVER|m_clk1 ; diver:U_DIVER|m_clk1 ; 1.000        ; -0.029     ; 0.772      ;
; 0.189  ; count_hour_bin:U_HOUR_BIN|count[0]   ; count_hour_bin:U_HOUR_BIN|count[1]   ; diver:U_DIVER|m_clk1 ; diver:U_DIVER|m_clk1 ; 1.000        ; -0.040     ; 0.758      ;
; 0.191  ; count_hour_bin:U_HOUR_ALARM|count[0] ; count_hour_bin:U_HOUR_ALARM|count[1] ; diver:U_DIVER|m_clk1 ; diver:U_DIVER|m_clk1 ; 1.000        ; -0.039     ; 0.757      ;
; 0.191  ; count_min_bin:U_MIN_ALARM|count[0]   ; count_min_bin:U_MIN_ALARM|count[1]   ; diver:U_DIVER|m_clk1 ; diver:U_DIVER|m_clk1 ; 1.000        ; -0.039     ; 0.757      ;
; 0.196  ; count_min_bin:U_MIN_BIN|count[0]     ; count_min_bin:U_MIN_BIN|count[1]     ; diver:U_DIVER|m_clk1 ; diver:U_DIVER|m_clk1 ; 1.000        ; -0.029     ; 0.762      ;
; 0.201  ; count_min_bin:U_MIN_BIN|count[2]     ; count_min_bin:U_MIN_BIN|count[2]     ; diver:U_DIVER|m_clk1 ; diver:U_DIVER|m_clk1 ; 1.000        ; -0.024     ; 0.762      ;
; 0.205  ; count_min_bin:U_MIN_ALARM|count[5]   ; count_min_bin:U_MIN_ALARM|count[5]   ; diver:U_DIVER|m_clk1 ; diver:U_DIVER|m_clk1 ; 1.000        ; -0.039     ; 0.743      ;
; 0.208  ; count_hour_bin:U_HOUR_BIN|count[2]   ; count_hour_bin:U_HOUR_BIN|count[4]   ; diver:U_DIVER|m_clk1 ; diver:U_DIVER|m_clk1 ; 1.000        ; 0.179      ; 0.958      ;
; 0.209  ; count_min_bin:U_MIN_ALARM|count[2]   ; count_min_bin:U_MIN_ALARM|count[2]   ; diver:U_DIVER|m_clk1 ; diver:U_DIVER|m_clk1 ; 1.000        ; -0.039     ; 0.739      ;
; 0.210  ; count_min_bin:U_MIN_ALARM|count[5]   ; count_min_bin:U_MIN_ALARM|count[2]   ; diver:U_DIVER|m_clk1 ; diver:U_DIVER|m_clk1 ; 1.000        ; -0.039     ; 0.738      ;
; 0.212  ; count_min_bin:U_MIN_ALARM|count[5]   ; count_min_bin:U_MIN_ALARM|count[3]   ; diver:U_DIVER|m_clk1 ; diver:U_DIVER|m_clk1 ; 1.000        ; -0.039     ; 0.736      ;
; 0.218  ; count_min_bin:U_MIN_BIN|count[3]     ; count_min_bin:U_MIN_BIN|count[2]     ; diver:U_DIVER|m_clk1 ; diver:U_DIVER|m_clk1 ; 1.000        ; -0.029     ; 0.740      ;
; 0.226  ; count_hour_bin:U_HOUR_ALARM|count[4] ; count_hour_bin:U_HOUR_ALARM|count[3] ; diver:U_DIVER|m_clk1 ; diver:U_DIVER|m_clk1 ; 1.000        ; -0.039     ; 0.722      ;
; 0.235  ; count_min_bin:U_MIN_BIN|count[4]     ; count_min_bin:U_MIN_BIN|count[3]     ; diver:U_DIVER|m_clk1 ; diver:U_DIVER|m_clk1 ; 1.000        ; -0.029     ; 0.723      ;
; 0.238  ; count_sec_bin:U_SEC_ALARM|count[5]   ; count_sec_bin:U_SEC_ALARM|count[3]   ; diver:U_DIVER|m_clk1 ; diver:U_DIVER|m_clk1 ; 1.000        ; -0.040     ; 0.709      ;
; 0.241  ; count_sec_bin:U_SEC_ALARM|count[5]   ; count_sec_bin:U_SEC_ALARM|count[5]   ; diver:U_DIVER|m_clk1 ; diver:U_DIVER|m_clk1 ; 1.000        ; -0.040     ; 0.706      ;
; 0.243  ; count_min_bin:U_MIN_BIN|count[3]     ; count_min_bin:U_MIN_BIN|count[3]     ; diver:U_DIVER|m_clk1 ; diver:U_DIVER|m_clk1 ; 1.000        ; -0.029     ; 0.715      ;
; 0.304  ; count_hour_bin:U_HOUR_ALARM|count[4] ; count_hour_bin:U_HOUR_ALARM|count[4] ; diver:U_DIVER|m_clk1 ; diver:U_DIVER|m_clk1 ; 1.000        ; -0.039     ; 0.644      ;
; 0.353  ; count_min_bin:U_MIN_ALARM|count[5]   ; count_min_bin:U_MIN_ALARM|count[4]   ; diver:U_DIVER|m_clk1 ; diver:U_DIVER|m_clk1 ; 1.000        ; -0.039     ; 0.595      ;
+--------+--------------------------------------+--------------------------------------+----------------------+----------------------+--------------+------------+------------+


+---------------------------------------------------------------------------------------------------------------------------------------------------------------------+
; Fast 1200mV 0C Model Setup: 'diver:U_DIVER|m_clk0'                                                                                                                  ;
+--------+----------------------------------+----------------------------------+----------------------+----------------------+--------------+------------+------------+
; Slack  ; From Node                        ; To Node                          ; Launch Clock         ; Latch Clock          ; Relationship ; Clock Skew ; Data Delay ;
+--------+----------------------------------+----------------------------------+----------------------+----------------------+--------------+------------+------------+
; -0.180 ; count_sec_bin:U_SEC_BIN|count[1] ; count_sec_bin:U_SEC_BIN|count[5] ; diver:U_DIVER|m_clk0 ; diver:U_DIVER|m_clk0 ; 1.000        ; -0.030     ; 1.157      ;
; -0.165 ; count_sec_bin:U_SEC_BIN|count[0] ; count_sec_bin:U_SEC_BIN|count[5] ; diver:U_DIVER|m_clk0 ; diver:U_DIVER|m_clk0 ; 1.000        ; -0.030     ; 1.142      ;
; -0.122 ; count_sec_bin:U_SEC_BIN|count[3] ; count_sec_bin:U_SEC_BIN|count[5] ; diver:U_DIVER|m_clk0 ; diver:U_DIVER|m_clk0 ; 1.000        ; -0.030     ; 1.099      ;
; -0.109 ; count_sec_bin:U_SEC_BIN|count[2] ; count_sec_bin:U_SEC_BIN|count[5] ; diver:U_DIVER|m_clk0 ; diver:U_DIVER|m_clk0 ; 1.000        ; -0.030     ; 1.086      ;
; -0.105 ; count_sec_bin:U_SEC_BIN|count[1] ; count_sec_bin:U_SEC_BIN|count[4] ; diver:U_DIVER|m_clk0 ; diver:U_DIVER|m_clk0 ; 1.000        ; -0.030     ; 1.082      ;
; -0.058 ; count_sec_bin:U_SEC_BIN|count[0] ; count_sec_bin:U_SEC_BIN|count[4] ; diver:U_DIVER|m_clk0 ; diver:U_DIVER|m_clk0 ; 1.000        ; -0.030     ; 1.035      ;
; -0.047 ; count_sec_bin:U_SEC_BIN|count[3] ; count_sec_bin:U_SEC_BIN|count[4] ; diver:U_DIVER|m_clk0 ; diver:U_DIVER|m_clk0 ; 1.000        ; -0.030     ; 1.024      ;
; -0.040 ; count_sec_bin:U_SEC_BIN|count[1] ; count_sec_bin:U_SEC_BIN|count[3] ; diver:U_DIVER|m_clk0 ; diver:U_DIVER|m_clk0 ; 1.000        ; -0.030     ; 1.017      ;
; -0.036 ; count_sec_bin:U_SEC_BIN|count[1] ; count_sec_bin:U_SEC_BIN|count[2] ; diver:U_DIVER|m_clk0 ; diver:U_DIVER|m_clk0 ; 1.000        ; -0.030     ; 1.013      ;
; -0.032 ; count_sec_bin:U_SEC_BIN|count[4] ; count_sec_bin:U_SEC_BIN|count[5] ; diver:U_DIVER|m_clk0 ; diver:U_DIVER|m_clk0 ; 1.000        ; -0.030     ; 1.009      ;
; -0.025 ; count_sec_bin:U_SEC_BIN|count[0] ; count_sec_bin:U_SEC_BIN|count[3] ; diver:U_DIVER|m_clk0 ; diver:U_DIVER|m_clk0 ; 1.000        ; -0.030     ; 1.002      ;
; -0.003 ; count_sec_bin:U_SEC_BIN|count[2] ; count_sec_bin:U_SEC_BIN|count[4] ; diver:U_DIVER|m_clk0 ; diver:U_DIVER|m_clk0 ; 1.000        ; -0.030     ; 0.980      ;
; 0.011  ; count_sec_bin:U_SEC_BIN|count[0] ; count_sec_bin:U_SEC_BIN|count[2] ; diver:U_DIVER|m_clk0 ; diver:U_DIVER|m_clk0 ; 1.000        ; -0.030     ; 0.966      ;
; 0.031  ; count_sec_bin:U_SEC_BIN|count[2] ; count_sec_bin:U_SEC_BIN|count[3] ; diver:U_DIVER|m_clk0 ; diver:U_DIVER|m_clk0 ; 1.000        ; -0.030     ; 0.946      ;
; 0.112  ; count_sec_bin:U_SEC_BIN|count[3] ; count_sec_bin:U_SEC_BIN|count[3] ; diver:U_DIVER|m_clk0 ; diver:U_DIVER|m_clk0 ; 1.000        ; -0.030     ; 0.865      ;
; 0.114  ; count_sec_bin:U_SEC_BIN|count[3] ; count_sec_bin:U_SEC_BIN|count[2] ; diver:U_DIVER|m_clk0 ; diver:U_DIVER|m_clk0 ; 1.000        ; -0.030     ; 0.863      ;
; 0.156  ; count_sec_bin:U_SEC_BIN|count[5] ; count_sec_bin:U_SEC_BIN|count[5] ; diver:U_DIVER|m_clk0 ; diver:U_DIVER|m_clk0 ; 1.000        ; -0.030     ; 0.821      ;
; 0.158  ; count_sec_bin:U_SEC_BIN|count[5] ; count_sec_bin:U_SEC_BIN|count[3] ; diver:U_DIVER|m_clk0 ; diver:U_DIVER|m_clk0 ; 1.000        ; -0.030     ; 0.819      ;
; 0.158  ; count_sec_bin:U_SEC_BIN|count[5] ; count_sec_bin:U_SEC_BIN|count[4] ; diver:U_DIVER|m_clk0 ; diver:U_DIVER|m_clk0 ; 1.000        ; -0.030     ; 0.819      ;
; 0.160  ; count_sec_bin:U_SEC_BIN|count[5] ; count_sec_bin:U_SEC_BIN|count[2] ; diver:U_DIVER|m_clk0 ; diver:U_DIVER|m_clk0 ; 1.000        ; -0.030     ; 0.817      ;
; 0.214  ; count_sec_bin:U_SEC_BIN|count[0] ; count_sec_bin:U_SEC_BIN|count[1] ; diver:U_DIVER|m_clk0 ; diver:U_DIVER|m_clk0 ; 1.000        ; -0.030     ; 0.763      ;
; 0.240  ; count_sec_bin:U_SEC_BIN|count[2] ; count_sec_bin:U_SEC_BIN|count[2] ; diver:U_DIVER|m_clk0 ; diver:U_DIVER|m_clk0 ; 1.000        ; -0.024     ; 0.743      ;
; 0.240  ; count_sec_bin:U_SEC_BIN|count[4] ; count_sec_bin:U_SEC_BIN|count[4] ; diver:U_DIVER|m_clk0 ; diver:U_DIVER|m_clk0 ; 1.000        ; -0.030     ; 0.737      ;
; 0.248  ; count_sec_bin:U_SEC_BIN|count[4] ; count_sec_bin:U_SEC_BIN|count[3] ; diver:U_DIVER|m_clk0 ; diver:U_DIVER|m_clk0 ; 1.000        ; -0.030     ; 0.729      ;
; 0.250  ; count_sec_bin:U_SEC_BIN|count[4] ; count_sec_bin:U_SEC_BIN|count[2] ; diver:U_DIVER|m_clk0 ; diver:U_DIVER|m_clk0 ; 1.000        ; -0.030     ; 0.727      ;
; 0.423  ; count_sec_bin:U_SEC_BIN|count[0] ; count_sec_bin:U_SEC_BIN|count[0] ; diver:U_DIVER|m_clk0 ; diver:U_DIVER|m_clk0 ; 1.000        ; -0.024     ; 0.560      ;
; 0.434  ; count_sec_bin:U_SEC_BIN|count[1] ; count_sec_bin:U_SEC_BIN|count[1] ; diver:U_DIVER|m_clk0 ; diver:U_DIVER|m_clk0 ; 1.000        ; -0.024     ; 0.549      ;
+--------+----------------------------------+----------------------------------+----------------------+----------------------+--------------+------------+------------+


+---------------------------------------------------------------------------------------------------------------------------------------+
; Fast 1200mV 0C Model Setup: 'clk'                                                                                                     ;
+-------+------------------------+------------------------+----------------------+-------------+--------------+------------+------------+
; Slack ; From Node              ; To Node                ; Launch Clock         ; Latch Clock ; Relationship ; Clock Skew ; Data Delay ;
+-------+------------------------+------------------------+----------------------+-------------+--------------+------------+------------+
; 0.138 ; diver:U_DIVER|m_clk0   ; diver:U_DIVER|m_clk0   ; diver:U_DIVER|m_clk0 ; clk         ; 0.500        ; 1.191      ; 1.645      ;
; 0.292 ; diver:U_DIVER|m_clk1   ; diver:U_DIVER|m_clk1   ; diver:U_DIVER|m_clk1 ; clk         ; 0.500        ; 1.191      ; 1.481      ;
; 0.322 ; diver:U_DIVER|cnt_0[0] ; diver:U_DIVER|m_clk0   ; clk                  ; clk         ; 1.000        ; -0.036     ; 0.629      ;
; 0.402 ; diver:U_DIVER|cnt_0[1] ; diver:U_DIVER|m_clk0   ; clk                  ; clk         ; 1.000        ; -0.036     ; 0.549      ;
; 0.492 ; diver:U_DIVER|cnt_0[0] ; diver:U_DIVER|cnt_0[1] ; clk                  ; clk         ; 1.000        ; -0.036     ; 0.459      ;
; 0.578 ; diver:U_DIVER|cnt_0[1] ; diver:U_DIVER|cnt_0[0] ; clk                  ; clk         ; 1.000        ; -0.036     ; 0.373      ;
; 0.592 ; diver:U_DIVER|cnt_0[0] ; diver:U_DIVER|cnt_0[0] ; clk                  ; clk         ; 1.000        ; -0.036     ; 0.359      ;
; 0.592 ; diver:U_DIVER|cnt_0[1] ; diver:U_DIVER|cnt_0[1] ; clk                  ; clk         ; 1.000        ; -0.036     ; 0.359      ;
; 0.606 ; trigger:U_TRIGGER|temp ; trigger:U_TRIGGER|temp ; clk                  ; clk         ; 1.000        ; -0.022     ; 0.359      ;
; 0.803 ; diver:U_DIVER|m_clk1   ; diver:U_DIVER|m_clk1   ; diver:U_DIVER|m_clk1 ; clk         ; 1.000        ; 1.191      ; 1.470      ;
; 0.821 ; diver:U_DIVER|m_clk0   ; diver:U_DIVER|m_clk0   ; diver:U_DIVER|m_clk0 ; clk         ; 1.000        ; 1.191      ; 1.462      ;
+-------+------------------------+------------------------+----------------------+-------------+--------------+------------+------------+


+----------------------------------------------------------------------------------------------------------------------------------------+
; Fast 1200mV 0C Model Hold: 'clk'                                                                                                       ;
+--------+------------------------+------------------------+----------------------+-------------+--------------+------------+------------+
; Slack  ; From Node              ; To Node                ; Launch Clock         ; Latch Clock ; Relationship ; Clock Skew ; Data Delay ;
+--------+------------------------+------------------------+----------------------+-------------+--------------+------------+------------+
; -0.080 ; diver:U_DIVER|m_clk0   ; diver:U_DIVER|m_clk0   ; diver:U_DIVER|m_clk0 ; clk         ; 0.000        ; 1.235      ; 1.364      ;
; -0.079 ; diver:U_DIVER|m_clk1   ; diver:U_DIVER|m_clk1   ; diver:U_DIVER|m_clk1 ; clk         ; 0.000        ; 1.236      ; 1.376      ;
; 0.194  ; diver:U_DIVER|cnt_0[1] ; diver:U_DIVER|cnt_0[1] ; clk                  ; clk         ; 0.000        ; 0.036      ; 0.314      ;
; 0.194  ; diver:U_DIVER|cnt_0[0] ; diver:U_DIVER|cnt_0[0] ; clk                  ; clk         ; 0.000        ; 0.036      ; 0.314      ;
; 0.200  ; diver:U_DIVER|cnt_0[1] ; diver:U_DIVER|cnt_0[0] ; clk                  ; clk         ; 0.000        ; 0.036      ; 0.320      ;
; 0.201  ; trigger:U_TRIGGER|temp ; trigger:U_TRIGGER|temp ; clk                  ; clk         ; 0.000        ; 0.022      ; 0.307      ;
; 0.270  ; diver:U_DIVER|cnt_0[0] ; diver:U_DIVER|cnt_0[1] ; clk                  ; clk         ; 0.000        ; 0.036      ; 0.390      ;
; 0.351  ; diver:U_DIVER|cnt_0[1] ; diver:U_DIVER|m_clk0   ; clk                  ; clk         ; 0.000        ; 0.036      ; 0.471      ;
; 0.417  ; diver:U_DIVER|cnt_0[0] ; diver:U_DIVER|m_clk0   ; clk                  ; clk         ; 0.000        ; 0.036      ; 0.537      ;
; 0.421  ; diver:U_DIVER|m_clk1   ; diver:U_DIVER|m_clk1   ; diver:U_DIVER|m_clk1 ; clk         ; -0.500       ; 1.236      ; 1.376      ;
; 0.577  ; diver:U_DIVER|m_clk0   ; diver:U_DIVER|m_clk0   ; diver:U_DIVER|m_clk0 ; clk         ; -0.500       ; 1.235      ; 1.521      ;
+--------+------------------------+------------------------+----------------------+-------------+--------------+------------+------------+


+-----------------------------------------------------------------------------------------------------------------------------------------------------------------------------+
; Fast 1200mV 0C Model Hold: 'diver:U_DIVER|m_clk1'                                                                                                                           ;
+--------+--------------------------------------+--------------------------------------+----------------------+----------------------+--------------+------------+------------+
; Slack  ; From Node                            ; To Node                              ; Launch Clock         ; Latch Clock          ; Relationship ; Clock Skew ; Data Delay ;
+--------+--------------------------------------+--------------------------------------+----------------------+----------------------+--------------+------------+------------+
; -0.010 ; trigger:U_TRIGGER|temp               ; count_hour_bin:U_HOUR_ALARM|count[4] ; clk                  ; diver:U_DIVER|m_clk1 ; -0.500       ; 1.589      ; 1.193      ;
; -0.010 ; trigger:U_TRIGGER|temp               ; count_hour_bin:U_HOUR_ALARM|count[0] ; clk                  ; diver:U_DIVER|m_clk1 ; -0.500       ; 1.589      ; 1.193      ;
; -0.010 ; trigger:U_TRIGGER|temp               ; count_hour_bin:U_HOUR_ALARM|count[3] ; clk                  ; diver:U_DIVER|m_clk1 ; -0.500       ; 1.589      ; 1.193      ;
; -0.010 ; trigger:U_TRIGGER|temp               ; count_hour_bin:U_HOUR_ALARM|count[1] ; clk                  ; diver:U_DIVER|m_clk1 ; -0.500       ; 1.589      ; 1.193      ;
; -0.010 ; trigger:U_TRIGGER|temp               ; count_hour_bin:U_HOUR_ALARM|count[2] ; clk                  ; diver:U_DIVER|m_clk1 ; -0.500       ; 1.589      ; 1.193      ;
; 0.021  ; trigger:U_TRIGGER|temp               ; count_min_bin:U_MIN_ALARM|count[5]   ; clk                  ; diver:U_DIVER|m_clk1 ; -0.500       ; 1.588      ; 1.223      ;
; 0.021  ; trigger:U_TRIGGER|temp               ; count_min_bin:U_MIN_ALARM|count[0]   ; clk                  ; diver:U_DIVER|m_clk1 ; -0.500       ; 1.588      ; 1.223      ;
; 0.021  ; trigger:U_TRIGGER|temp               ; count_min_bin:U_MIN_ALARM|count[1]   ; clk                  ; diver:U_DIVER|m_clk1 ; -0.500       ; 1.588      ; 1.223      ;
; 0.021  ; trigger:U_TRIGGER|temp               ; count_min_bin:U_MIN_ALARM|count[2]   ; clk                  ; diver:U_DIVER|m_clk1 ; -0.500       ; 1.588      ; 1.223      ;
; 0.021  ; trigger:U_TRIGGER|temp               ; count_min_bin:U_MIN_ALARM|count[3]   ; clk                  ; diver:U_DIVER|m_clk1 ; -0.500       ; 1.588      ; 1.223      ;
; 0.021  ; trigger:U_TRIGGER|temp               ; count_min_bin:U_MIN_ALARM|count[4]   ; clk                  ; diver:U_DIVER|m_clk1 ; -0.500       ; 1.588      ; 1.223      ;
; 0.041  ; trigger:U_TRIGGER|temp               ; count_sec_bin:U_SEC_ALARM|count[5]   ; clk                  ; diver:U_DIVER|m_clk1 ; -0.500       ; 1.589      ; 1.244      ;
; 0.041  ; trigger:U_TRIGGER|temp               ; count_sec_bin:U_SEC_ALARM|count[0]   ; clk                  ; diver:U_DIVER|m_clk1 ; -0.500       ; 1.589      ; 1.244      ;
; 0.041  ; trigger:U_TRIGGER|temp               ; count_sec_bin:U_SEC_ALARM|count[1]   ; clk                  ; diver:U_DIVER|m_clk1 ; -0.500       ; 1.589      ; 1.244      ;
; 0.041  ; trigger:U_TRIGGER|temp               ; count_sec_bin:U_SEC_ALARM|count[2]   ; clk                  ; diver:U_DIVER|m_clk1 ; -0.500       ; 1.589      ; 1.244      ;
; 0.041  ; trigger:U_TRIGGER|temp               ; count_sec_bin:U_SEC_ALARM|count[3]   ; clk                  ; diver:U_DIVER|m_clk1 ; -0.500       ; 1.589      ; 1.244      ;
; 0.041  ; trigger:U_TRIGGER|temp               ; count_sec_bin:U_SEC_ALARM|count[4]   ; clk                  ; diver:U_DIVER|m_clk1 ; -0.500       ; 1.589      ; 1.244      ;
; 0.183  ; count_sec_bin:U_SEC_ALARM|count[2]   ; count_sec_bin:U_SEC_ALARM|count[2]   ; diver:U_DIVER|m_clk1 ; diver:U_DIVER|m_clk1 ; 0.000        ; 0.040      ; 0.307      ;
; 0.184  ; count_min_bin:U_MIN_ALARM|count[2]   ; count_min_bin:U_MIN_ALARM|count[2]   ; diver:U_DIVER|m_clk1 ; diver:U_DIVER|m_clk1 ; 0.000        ; 0.039      ; 0.307      ;
; 0.195  ; count_hour_bin:U_HOUR_BIN|count[1]   ; count_hour_bin:U_HOUR_BIN|count[4]   ; diver:U_DIVER|m_clk1 ; diver:U_DIVER|m_clk1 ; 0.000        ; 0.267      ; 0.546      ;
; 0.199  ; count_min_bin:U_MIN_BIN|count[2]     ; count_min_bin:U_MIN_BIN|count[2]     ; diver:U_DIVER|m_clk1 ; diver:U_DIVER|m_clk1 ; 0.000        ; 0.024      ; 0.307      ;
; 0.301  ; count_sec_bin:U_SEC_ALARM|count[1]   ; count_sec_bin:U_SEC_ALARM|count[1]   ; diver:U_DIVER|m_clk1 ; diver:U_DIVER|m_clk1 ; 0.000        ; 0.040      ; 0.425      ;
; 0.303  ; count_hour_bin:U_HOUR_ALARM|count[1] ; count_hour_bin:U_HOUR_ALARM|count[1] ; diver:U_DIVER|m_clk1 ; diver:U_DIVER|m_clk1 ; 0.000        ; 0.039      ; 0.426      ;
; 0.303  ; count_min_bin:U_MIN_ALARM|count[1]   ; count_min_bin:U_MIN_ALARM|count[1]   ; diver:U_DIVER|m_clk1 ; diver:U_DIVER|m_clk1 ; 0.000        ; 0.039      ; 0.426      ;
; 0.303  ; count_hour_bin:U_HOUR_BIN|count[2]   ; count_hour_bin:U_HOUR_BIN|count[2]   ; diver:U_DIVER|m_clk1 ; diver:U_DIVER|m_clk1 ; 0.000        ; 0.040      ; 0.427      ;
; 0.312  ; count_hour_bin:U_HOUR_ALARM|count[0] ; count_hour_bin:U_HOUR_ALARM|count[0] ; diver:U_DIVER|m_clk1 ; diver:U_DIVER|m_clk1 ; 0.000        ; 0.039      ; 0.435      ;
; 0.312  ; count_min_bin:U_MIN_ALARM|count[0]   ; count_min_bin:U_MIN_ALARM|count[0]   ; diver:U_DIVER|m_clk1 ; diver:U_DIVER|m_clk1 ; 0.000        ; 0.039      ; 0.435      ;
; 0.313  ; count_hour_bin:U_HOUR_BIN|count[1]   ; count_hour_bin:U_HOUR_BIN|count[1]   ; diver:U_DIVER|m_clk1 ; diver:U_DIVER|m_clk1 ; 0.000        ; 0.040      ; 0.437      ;
; 0.313  ; count_hour_bin:U_HOUR_BIN|count[3]   ; count_hour_bin:U_HOUR_BIN|count[4]   ; diver:U_DIVER|m_clk1 ; diver:U_DIVER|m_clk1 ; 0.000        ; 0.267      ; 0.664      ;
; 0.314  ; count_hour_bin:U_HOUR_BIN|count[0]   ; count_hour_bin:U_HOUR_BIN|count[0]   ; diver:U_DIVER|m_clk1 ; diver:U_DIVER|m_clk1 ; 0.000        ; 0.040      ; 0.438      ;
; 0.316  ; count_min_bin:U_MIN_ALARM|count[2]   ; count_min_bin:U_MIN_ALARM|count[4]   ; diver:U_DIVER|m_clk1 ; diver:U_DIVER|m_clk1 ; 0.000        ; 0.039      ; 0.439      ;
; 0.317  ; count_hour_bin:U_HOUR_ALARM|count[2] ; count_hour_bin:U_HOUR_ALARM|count[2] ; diver:U_DIVER|m_clk1 ; diver:U_DIVER|m_clk1 ; 0.000        ; 0.039      ; 0.440      ;
; 0.323  ; count_min_bin:U_MIN_BIN|count[1]     ; count_min_bin:U_MIN_BIN|count[1]     ; diver:U_DIVER|m_clk1 ; diver:U_DIVER|m_clk1 ; 0.000        ; 0.024      ; 0.431      ;
; 0.324  ; count_sec_bin:U_SEC_ALARM|count[0]   ; count_sec_bin:U_SEC_ALARM|count[0]   ; diver:U_DIVER|m_clk1 ; diver:U_DIVER|m_clk1 ; 0.000        ; 0.040      ; 0.448      ;
; 0.331  ; count_min_bin:U_MIN_BIN|count[0]     ; count_min_bin:U_MIN_BIN|count[0]     ; diver:U_DIVER|m_clk1 ; diver:U_DIVER|m_clk1 ; 0.000        ; 0.024      ; 0.439      ;
; 0.334  ; count_sec_bin:U_SEC_ALARM|count[2]   ; count_sec_bin:U_SEC_ALARM|count[5]   ; diver:U_DIVER|m_clk1 ; diver:U_DIVER|m_clk1 ; 0.000        ; 0.040      ; 0.458      ;
; 0.334  ; count_sec_bin:U_SEC_ALARM|count[2]   ; count_sec_bin:U_SEC_ALARM|count[3]   ; diver:U_DIVER|m_clk1 ; diver:U_DIVER|m_clk1 ; 0.000        ; 0.040      ; 0.458      ;
; 0.334  ; count_sec_bin:U_SEC_ALARM|count[2]   ; count_sec_bin:U_SEC_ALARM|count[4]   ; diver:U_DIVER|m_clk1 ; diver:U_DIVER|m_clk1 ; 0.000        ; 0.040      ; 0.458      ;
; 0.344  ; count_min_bin:U_MIN_BIN|count[2]     ; count_min_bin:U_MIN_BIN|count[4]     ; diver:U_DIVER|m_clk1 ; diver:U_DIVER|m_clk1 ; 0.000        ; 0.029      ; 0.457      ;
; 0.345  ; count_min_bin:U_MIN_ALARM|count[2]   ; count_min_bin:U_MIN_ALARM|count[3]   ; diver:U_DIVER|m_clk1 ; diver:U_DIVER|m_clk1 ; 0.000        ; 0.039      ; 0.468      ;
; 0.347  ; count_min_bin:U_MIN_ALARM|count[2]   ; count_min_bin:U_MIN_ALARM|count[5]   ; diver:U_DIVER|m_clk1 ; diver:U_DIVER|m_clk1 ; 0.000        ; 0.039      ; 0.470      ;
; 0.363  ; count_sec_bin:U_SEC_ALARM|count[5]   ; count_sec_bin:U_SEC_ALARM|count[5]   ; diver:U_DIVER|m_clk1 ; diver:U_DIVER|m_clk1 ; 0.000        ; 0.040      ; 0.487      ;
; 0.369  ; count_min_bin:U_MIN_BIN|count[5]     ; count_min_bin:U_MIN_BIN|count[5]     ; diver:U_DIVER|m_clk1 ; diver:U_DIVER|m_clk1 ; 0.000        ; 0.029      ; 0.482      ;
; 0.370  ; count_min_bin:U_MIN_ALARM|count[5]   ; count_min_bin:U_MIN_ALARM|count[5]   ; diver:U_DIVER|m_clk1 ; diver:U_DIVER|m_clk1 ; 0.000        ; 0.039      ; 0.493      ;
; 0.379  ; count_hour_bin:U_HOUR_BIN|count[4]   ; count_hour_bin:U_HOUR_BIN|count[4]   ; diver:U_DIVER|m_clk1 ; diver:U_DIVER|m_clk1 ; 0.000        ; 0.048      ; 0.511      ;
; 0.380  ; count_hour_bin:U_HOUR_ALARM|count[4] ; count_hour_bin:U_HOUR_ALARM|count[4] ; diver:U_DIVER|m_clk1 ; diver:U_DIVER|m_clk1 ; 0.000        ; 0.039      ; 0.503      ;
; 0.385  ; count_sec_bin:U_SEC_ALARM|count[5]   ; count_sec_bin:U_SEC_ALARM|count[4]   ; diver:U_DIVER|m_clk1 ; diver:U_DIVER|m_clk1 ; 0.000        ; 0.040      ; 0.509      ;
; 0.390  ; count_hour_bin:U_HOUR_BIN|count[2]   ; count_hour_bin:U_HOUR_BIN|count[4]   ; diver:U_DIVER|m_clk1 ; diver:U_DIVER|m_clk1 ; 0.000        ; 0.267      ; 0.741      ;
; 0.391  ; count_min_bin:U_MIN_ALARM|count[5]   ; count_min_bin:U_MIN_ALARM|count[4]   ; diver:U_DIVER|m_clk1 ; diver:U_DIVER|m_clk1 ; 0.000        ; 0.039      ; 0.514      ;
; 0.394  ; count_hour_bin:U_HOUR_ALARM|count[1] ; count_hour_bin:U_HOUR_ALARM|count[4] ; diver:U_DIVER|m_clk1 ; diver:U_DIVER|m_clk1 ; 0.000        ; 0.039      ; 0.517      ;
; 0.396  ; count_min_bin:U_MIN_BIN|count[1]     ; count_min_bin:U_MIN_BIN|count[4]     ; diver:U_DIVER|m_clk1 ; diver:U_DIVER|m_clk1 ; 0.000        ; 0.029      ; 0.509      ;
; 0.400  ; count_min_bin:U_MIN_ALARM|count[1]   ; count_min_bin:U_MIN_ALARM|count[4]   ; diver:U_DIVER|m_clk1 ; diver:U_DIVER|m_clk1 ; 0.000        ; 0.039      ; 0.523      ;
; 0.402  ; count_min_bin:U_MIN_BIN|count[2]     ; count_min_bin:U_MIN_BIN|count[5]     ; diver:U_DIVER|m_clk1 ; diver:U_DIVER|m_clk1 ; 0.000        ; 0.029      ; 0.515      ;
; 0.405  ; count_hour_bin:U_HOUR_BIN|count[3]   ; count_hour_bin:U_HOUR_BIN|count[3]   ; diver:U_DIVER|m_clk1 ; diver:U_DIVER|m_clk1 ; 0.000        ; 0.040      ; 0.529      ;
; 0.406  ; count_min_bin:U_MIN_BIN|count[2]     ; count_min_bin:U_MIN_BIN|count[3]     ; diver:U_DIVER|m_clk1 ; diver:U_DIVER|m_clk1 ; 0.000        ; 0.029      ; 0.519      ;
; 0.409  ; count_hour_bin:U_HOUR_ALARM|count[1] ; count_hour_bin:U_HOUR_ALARM|count[3] ; diver:U_DIVER|m_clk1 ; diver:U_DIVER|m_clk1 ; 0.000        ; 0.039      ; 0.532      ;
; 0.412  ; count_min_bin:U_MIN_ALARM|count[1]   ; count_min_bin:U_MIN_ALARM|count[5]   ; diver:U_DIVER|m_clk1 ; diver:U_DIVER|m_clk1 ; 0.000        ; 0.039      ; 0.535      ;
; 0.414  ; count_hour_bin:U_HOUR_BIN|count[1]   ; count_hour_bin:U_HOUR_BIN|count[3]   ; diver:U_DIVER|m_clk1 ; diver:U_DIVER|m_clk1 ; 0.000        ; 0.040      ; 0.538      ;
; 0.415  ; count_min_bin:U_MIN_ALARM|count[1]   ; count_min_bin:U_MIN_ALARM|count[2]   ; diver:U_DIVER|m_clk1 ; diver:U_DIVER|m_clk1 ; 0.000        ; 0.039      ; 0.538      ;
; 0.416  ; count_min_bin:U_MIN_ALARM|count[1]   ; count_min_bin:U_MIN_ALARM|count[3]   ; diver:U_DIVER|m_clk1 ; diver:U_DIVER|m_clk1 ; 0.000        ; 0.039      ; 0.539      ;
; 0.434  ; count_sec_bin:U_SEC_ALARM|count[1]   ; count_sec_bin:U_SEC_ALARM|count[3]   ; diver:U_DIVER|m_clk1 ; diver:U_DIVER|m_clk1 ; 0.000        ; 0.040      ; 0.558      ;
; 0.438  ; count_sec_bin:U_SEC_ALARM|count[1]   ; count_sec_bin:U_SEC_ALARM|count[5]   ; diver:U_DIVER|m_clk1 ; diver:U_DIVER|m_clk1 ; 0.000        ; 0.040      ; 0.562      ;
; 0.452  ; count_hour_bin:U_HOUR_ALARM|count[1] ; count_hour_bin:U_HOUR_ALARM|count[2] ; diver:U_DIVER|m_clk1 ; diver:U_DIVER|m_clk1 ; 0.000        ; 0.039      ; 0.575      ;
; 0.453  ; count_sec_bin:U_SEC_ALARM|count[3]   ; count_sec_bin:U_SEC_ALARM|count[3]   ; diver:U_DIVER|m_clk1 ; diver:U_DIVER|m_clk1 ; 0.000        ; 0.040      ; 0.577      ;
; 0.453  ; count_hour_bin:U_HOUR_BIN|count[0]   ; count_hour_bin:U_HOUR_BIN|count[4]   ; diver:U_DIVER|m_clk1 ; diver:U_DIVER|m_clk1 ; 0.000        ; 0.267      ; 0.804      ;
; 0.456  ; count_min_bin:U_MIN_ALARM|count[3]   ; count_min_bin:U_MIN_ALARM|count[3]   ; diver:U_DIVER|m_clk1 ; diver:U_DIVER|m_clk1 ; 0.000        ; 0.039      ; 0.579      ;
; 0.459  ; count_min_bin:U_MIN_BIN|count[3]     ; count_min_bin:U_MIN_BIN|count[5]     ; diver:U_DIVER|m_clk1 ; diver:U_DIVER|m_clk1 ; 0.000        ; 0.029      ; 0.572      ;
; 0.461  ; count_min_bin:U_MIN_BIN|count[3]     ; count_min_bin:U_MIN_BIN|count[4]     ; diver:U_DIVER|m_clk1 ; diver:U_DIVER|m_clk1 ; 0.000        ; 0.029      ; 0.574      ;
; 0.461  ; count_hour_bin:U_HOUR_ALARM|count[0] ; count_hour_bin:U_HOUR_ALARM|count[1] ; diver:U_DIVER|m_clk1 ; diver:U_DIVER|m_clk1 ; 0.000        ; 0.039      ; 0.584      ;
; 0.461  ; count_min_bin:U_MIN_ALARM|count[0]   ; count_min_bin:U_MIN_ALARM|count[1]   ; diver:U_DIVER|m_clk1 ; diver:U_DIVER|m_clk1 ; 0.000        ; 0.039      ; 0.584      ;
; 0.461  ; count_hour_bin:U_HOUR_BIN|count[0]   ; count_hour_bin:U_HOUR_BIN|count[1]   ; diver:U_DIVER|m_clk1 ; diver:U_DIVER|m_clk1 ; 0.000        ; 0.040      ; 0.585      ;
; 0.462  ; count_hour_bin:U_HOUR_BIN|count[1]   ; count_hour_bin:U_HOUR_BIN|count[2]   ; diver:U_DIVER|m_clk1 ; diver:U_DIVER|m_clk1 ; 0.000        ; 0.040      ; 0.586      ;
; 0.464  ; count_min_bin:U_MIN_BIN|count[3]     ; count_min_bin:U_MIN_BIN|count[3]     ; diver:U_DIVER|m_clk1 ; diver:U_DIVER|m_clk1 ; 0.000        ; 0.029      ; 0.577      ;
; 0.464  ; count_hour_bin:U_HOUR_ALARM|count[0] ; count_hour_bin:U_HOUR_ALARM|count[2] ; diver:U_DIVER|m_clk1 ; diver:U_DIVER|m_clk1 ; 0.000        ; 0.039      ; 0.587      ;
; 0.464  ; count_hour_bin:U_HOUR_BIN|count[0]   ; count_hour_bin:U_HOUR_BIN|count[2]   ; diver:U_DIVER|m_clk1 ; diver:U_DIVER|m_clk1 ; 0.000        ; 0.040      ; 0.588      ;
; 0.469  ; count_hour_bin:U_HOUR_ALARM|count[3] ; count_hour_bin:U_HOUR_ALARM|count[3] ; diver:U_DIVER|m_clk1 ; diver:U_DIVER|m_clk1 ; 0.000        ; 0.039      ; 0.592      ;
; 0.471  ; count_sec_bin:U_SEC_ALARM|count[0]   ; count_sec_bin:U_SEC_ALARM|count[1]   ; diver:U_DIVER|m_clk1 ; diver:U_DIVER|m_clk1 ; 0.000        ; 0.040      ; 0.595      ;
; 0.475  ; count_min_bin:U_MIN_BIN|count[0]     ; count_min_bin:U_MIN_BIN|count[1]     ; diver:U_DIVER|m_clk1 ; diver:U_DIVER|m_clk1 ; 0.000        ; 0.029      ; 0.588      ;
; 0.487  ; count_hour_bin:U_HOUR_ALARM|count[2] ; count_hour_bin:U_HOUR_ALARM|count[4] ; diver:U_DIVER|m_clk1 ; diver:U_DIVER|m_clk1 ; 0.000        ; 0.039      ; 0.610      ;
; 0.489  ; count_sec_bin:U_SEC_ALARM|count[4]   ; count_sec_bin:U_SEC_ALARM|count[4]   ; diver:U_DIVER|m_clk1 ; diver:U_DIVER|m_clk1 ; 0.000        ; 0.040      ; 0.613      ;
; 0.492  ; count_sec_bin:U_SEC_ALARM|count[1]   ; count_sec_bin:U_SEC_ALARM|count[4]   ; diver:U_DIVER|m_clk1 ; diver:U_DIVER|m_clk1 ; 0.000        ; 0.040      ; 0.616      ;
; 0.495  ; count_hour_bin:U_HOUR_ALARM|count[4] ; count_hour_bin:U_HOUR_ALARM|count[3] ; diver:U_DIVER|m_clk1 ; diver:U_DIVER|m_clk1 ; 0.000        ; 0.039      ; 0.618      ;
; 0.496  ; count_sec_bin:U_SEC_ALARM|count[5]   ; count_sec_bin:U_SEC_ALARM|count[3]   ; diver:U_DIVER|m_clk1 ; diver:U_DIVER|m_clk1 ; 0.000        ; 0.040      ; 0.620      ;
; 0.502  ; count_sec_bin:U_SEC_ALARM|count[1]   ; count_sec_bin:U_SEC_ALARM|count[2]   ; diver:U_DIVER|m_clk1 ; diver:U_DIVER|m_clk1 ; 0.000        ; 0.040      ; 0.626      ;
; 0.504  ; count_hour_bin:U_HOUR_ALARM|count[0] ; count_hour_bin:U_HOUR_ALARM|count[4] ; diver:U_DIVER|m_clk1 ; diver:U_DIVER|m_clk1 ; 0.000        ; 0.039      ; 0.627      ;
; 0.505  ; count_min_bin:U_MIN_ALARM|count[5]   ; count_min_bin:U_MIN_ALARM|count[3]   ; diver:U_DIVER|m_clk1 ; diver:U_DIVER|m_clk1 ; 0.000        ; 0.039      ; 0.628      ;
; 0.506  ; count_min_bin:U_MIN_ALARM|count[5]   ; count_min_bin:U_MIN_ALARM|count[2]   ; diver:U_DIVER|m_clk1 ; diver:U_DIVER|m_clk1 ; 0.000        ; 0.039      ; 0.629      ;
; 0.506  ; count_hour_bin:U_HOUR_BIN|count[2]   ; count_hour_bin:U_HOUR_BIN|count[3]   ; diver:U_DIVER|m_clk1 ; diver:U_DIVER|m_clk1 ; 0.000        ; 0.040      ; 0.630      ;
; 0.514  ; count_min_bin:U_MIN_BIN|count[4]     ; count_min_bin:U_MIN_BIN|count[5]     ; diver:U_DIVER|m_clk1 ; diver:U_DIVER|m_clk1 ; 0.000        ; 0.029      ; 0.627      ;
; 0.516  ; count_min_bin:U_MIN_BIN|count[1]     ; count_min_bin:U_MIN_BIN|count[3]     ; diver:U_DIVER|m_clk1 ; diver:U_DIVER|m_clk1 ; 0.000        ; 0.029      ; 0.629      ;
; 0.516  ; count_min_bin:U_MIN_BIN|count[4]     ; count_min_bin:U_MIN_BIN|count[4]     ; diver:U_DIVER|m_clk1 ; diver:U_DIVER|m_clk1 ; 0.000        ; 0.029      ; 0.629      ;
; 0.517  ; count_sec_bin:U_SEC_ALARM|count[3]   ; count_sec_bin:U_SEC_ALARM|count[4]   ; diver:U_DIVER|m_clk1 ; diver:U_DIVER|m_clk1 ; 0.000        ; 0.040      ; 0.641      ;
; 0.519  ; count_min_bin:U_MIN_BIN|count[1]     ; count_min_bin:U_MIN_BIN|count[5]     ; diver:U_DIVER|m_clk1 ; diver:U_DIVER|m_clk1 ; 0.000        ; 0.029      ; 0.632      ;
; 0.519  ; count_min_bin:U_MIN_BIN|count[4]     ; count_min_bin:U_MIN_BIN|count[3]     ; diver:U_DIVER|m_clk1 ; diver:U_DIVER|m_clk1 ; 0.000        ; 0.029      ; 0.632      ;
; 0.520  ; count_min_bin:U_MIN_BIN|count[3]     ; count_min_bin:U_MIN_BIN|count[2]     ; diver:U_DIVER|m_clk1 ; diver:U_DIVER|m_clk1 ; 0.000        ; 0.029      ; 0.633      ;
; 0.521  ; count_min_bin:U_MIN_ALARM|count[4]   ; count_min_bin:U_MIN_ALARM|count[4]   ; diver:U_DIVER|m_clk1 ; diver:U_DIVER|m_clk1 ; 0.000        ; 0.039      ; 0.644      ;
; 0.529  ; count_min_bin:U_MIN_BIN|count[1]     ; count_min_bin:U_MIN_BIN|count[2]     ; diver:U_DIVER|m_clk1 ; diver:U_DIVER|m_clk1 ; 0.000        ; 0.029      ; 0.642      ;
; 0.554  ; count_min_bin:U_MIN_ALARM|count[3]   ; count_min_bin:U_MIN_ALARM|count[4]   ; diver:U_DIVER|m_clk1 ; diver:U_DIVER|m_clk1 ; 0.000        ; 0.039      ; 0.677      ;
; 0.555  ; count_min_bin:U_MIN_BIN|count[5]     ; count_min_bin:U_MIN_BIN|count[4]     ; diver:U_DIVER|m_clk1 ; diver:U_DIVER|m_clk1 ; 0.000        ; 0.029      ; 0.668      ;
; 0.556  ; count_min_bin:U_MIN_BIN|count[0]     ; count_min_bin:U_MIN_BIN|count[5]     ; diver:U_DIVER|m_clk1 ; diver:U_DIVER|m_clk1 ; 0.000        ; 0.029      ; 0.669      ;
+--------+--------------------------------------+--------------------------------------+----------------------+----------------------+--------------+------------+------------+


+--------------------------------------------------------------------------------------------------------------------------------------------------------------------+
; Fast 1200mV 0C Model Hold: 'diver:U_DIVER|m_clk0'                                                                                                                  ;
+-------+----------------------------------+----------------------------------+----------------------+----------------------+--------------+------------+------------+
; Slack ; From Node                        ; To Node                          ; Launch Clock         ; Latch Clock          ; Relationship ; Clock Skew ; Data Delay ;
+-------+----------------------------------+----------------------------------+----------------------+----------------------+--------------+------------+------------+
; 0.199 ; count_sec_bin:U_SEC_BIN|count[2] ; count_sec_bin:U_SEC_BIN|count[2] ; diver:U_DIVER|m_clk0 ; diver:U_DIVER|m_clk0 ; 0.000        ; 0.024      ; 0.307      ;
; 0.322 ; count_sec_bin:U_SEC_BIN|count[1] ; count_sec_bin:U_SEC_BIN|count[1] ; diver:U_DIVER|m_clk0 ; diver:U_DIVER|m_clk0 ; 0.000        ; 0.024      ; 0.430      ;
; 0.332 ; count_sec_bin:U_SEC_BIN|count[0] ; count_sec_bin:U_SEC_BIN|count[0] ; diver:U_DIVER|m_clk0 ; diver:U_DIVER|m_clk0 ; 0.000        ; 0.024      ; 0.440      ;
; 0.359 ; count_sec_bin:U_SEC_BIN|count[2] ; count_sec_bin:U_SEC_BIN|count[3] ; diver:U_DIVER|m_clk0 ; diver:U_DIVER|m_clk0 ; 0.000        ; 0.030      ; 0.473      ;
; 0.359 ; count_sec_bin:U_SEC_BIN|count[2] ; count_sec_bin:U_SEC_BIN|count[4] ; diver:U_DIVER|m_clk0 ; diver:U_DIVER|m_clk0 ; 0.000        ; 0.030      ; 0.473      ;
; 0.397 ; count_sec_bin:U_SEC_BIN|count[4] ; count_sec_bin:U_SEC_BIN|count[5] ; diver:U_DIVER|m_clk0 ; diver:U_DIVER|m_clk0 ; 0.000        ; 0.030      ; 0.511      ;
; 0.403 ; count_sec_bin:U_SEC_BIN|count[2] ; count_sec_bin:U_SEC_BIN|count[5] ; diver:U_DIVER|m_clk0 ; diver:U_DIVER|m_clk0 ; 0.000        ; 0.030      ; 0.517      ;
; 0.472 ; count_sec_bin:U_SEC_BIN|count[4] ; count_sec_bin:U_SEC_BIN|count[4] ; diver:U_DIVER|m_clk0 ; diver:U_DIVER|m_clk0 ; 0.000        ; 0.030      ; 0.586      ;
; 0.472 ; count_sec_bin:U_SEC_BIN|count[5] ; count_sec_bin:U_SEC_BIN|count[5] ; diver:U_DIVER|m_clk0 ; diver:U_DIVER|m_clk0 ; 0.000        ; 0.030      ; 0.586      ;
; 0.473 ; count_sec_bin:U_SEC_BIN|count[3] ; count_sec_bin:U_SEC_BIN|count[3] ; diver:U_DIVER|m_clk0 ; diver:U_DIVER|m_clk0 ; 0.000        ; 0.030      ; 0.587      ;
; 0.475 ; count_sec_bin:U_SEC_BIN|count[0] ; count_sec_bin:U_SEC_BIN|count[1] ; diver:U_DIVER|m_clk0 ; diver:U_DIVER|m_clk0 ; 0.000        ; 0.030      ; 0.589      ;
; 0.489 ; count_sec_bin:U_SEC_BIN|count[1] ; count_sec_bin:U_SEC_BIN|count[5] ; diver:U_DIVER|m_clk0 ; diver:U_DIVER|m_clk0 ; 0.000        ; 0.030      ; 0.603      ;
; 0.495 ; count_sec_bin:U_SEC_BIN|count[0] ; count_sec_bin:U_SEC_BIN|count[5] ; diver:U_DIVER|m_clk0 ; diver:U_DIVER|m_clk0 ; 0.000        ; 0.030      ; 0.609      ;
; 0.495 ; count_sec_bin:U_SEC_BIN|count[1] ; count_sec_bin:U_SEC_BIN|count[3] ; diver:U_DIVER|m_clk0 ; diver:U_DIVER|m_clk0 ; 0.000        ; 0.030      ; 0.609      ;
; 0.495 ; count_sec_bin:U_SEC_BIN|count[1] ; count_sec_bin:U_SEC_BIN|count[4] ; diver:U_DIVER|m_clk0 ; diver:U_DIVER|m_clk0 ; 0.000        ; 0.030      ; 0.609      ;
; 0.495 ; count_sec_bin:U_SEC_BIN|count[1] ; count_sec_bin:U_SEC_BIN|count[2] ; diver:U_DIVER|m_clk0 ; diver:U_DIVER|m_clk0 ; 0.000        ; 0.030      ; 0.609      ;
; 0.500 ; count_sec_bin:U_SEC_BIN|count[3] ; count_sec_bin:U_SEC_BIN|count[5] ; diver:U_DIVER|m_clk0 ; diver:U_DIVER|m_clk0 ; 0.000        ; 0.030      ; 0.614      ;
; 0.510 ; count_sec_bin:U_SEC_BIN|count[4] ; count_sec_bin:U_SEC_BIN|count[2] ; diver:U_DIVER|m_clk0 ; diver:U_DIVER|m_clk0 ; 0.000        ; 0.030      ; 0.624      ;
; 0.510 ; count_sec_bin:U_SEC_BIN|count[4] ; count_sec_bin:U_SEC_BIN|count[3] ; diver:U_DIVER|m_clk0 ; diver:U_DIVER|m_clk0 ; 0.000        ; 0.030      ; 0.624      ;
; 0.585 ; count_sec_bin:U_SEC_BIN|count[5] ; count_sec_bin:U_SEC_BIN|count[2] ; diver:U_DIVER|m_clk0 ; diver:U_DIVER|m_clk0 ; 0.000        ; 0.030      ; 0.699      ;
; 0.585 ; count_sec_bin:U_SEC_BIN|count[5] ; count_sec_bin:U_SEC_BIN|count[3] ; diver:U_DIVER|m_clk0 ; diver:U_DIVER|m_clk0 ; 0.000        ; 0.030      ; 0.699      ;
; 0.586 ; count_sec_bin:U_SEC_BIN|count[5] ; count_sec_bin:U_SEC_BIN|count[4] ; diver:U_DIVER|m_clk0 ; diver:U_DIVER|m_clk0 ; 0.000        ; 0.030      ; 0.700      ;
; 0.608 ; count_sec_bin:U_SEC_BIN|count[0] ; count_sec_bin:U_SEC_BIN|count[2] ; diver:U_DIVER|m_clk0 ; diver:U_DIVER|m_clk0 ; 0.000        ; 0.030      ; 0.722      ;
; 0.608 ; count_sec_bin:U_SEC_BIN|count[0] ; count_sec_bin:U_SEC_BIN|count[3] ; diver:U_DIVER|m_clk0 ; diver:U_DIVER|m_clk0 ; 0.000        ; 0.030      ; 0.722      ;
; 0.609 ; count_sec_bin:U_SEC_BIN|count[0] ; count_sec_bin:U_SEC_BIN|count[4] ; diver:U_DIVER|m_clk0 ; diver:U_DIVER|m_clk0 ; 0.000        ; 0.030      ; 0.723      ;
; 0.613 ; count_sec_bin:U_SEC_BIN|count[3] ; count_sec_bin:U_SEC_BIN|count[2] ; diver:U_DIVER|m_clk0 ; diver:U_DIVER|m_clk0 ; 0.000        ; 0.030      ; 0.727      ;
; 0.614 ; count_sec_bin:U_SEC_BIN|count[3] ; count_sec_bin:U_SEC_BIN|count[4] ; diver:U_DIVER|m_clk0 ; diver:U_DIVER|m_clk0 ; 0.000        ; 0.030      ; 0.728      ;
+-------+----------------------------------+----------------------------------+----------------------+----------------------+--------------+------------+------------+


+------------------------------------------------------------------------------------------------------------+
; Fast 1200mV 0C Model Minimum Pulse Width: 'clk'                                                            ;
+--------+--------------+----------------+------------------+-------+------------+---------------------------+
; Slack  ; Actual Width ; Required Width ; Type             ; Clock ; Clock Edge ; Target                    ;
+--------+--------------+----------------+------------------+-------+------------+---------------------------+
; -3.000 ; 1.000        ; 4.000          ; Port Rate        ; clk   ; Rise       ; clk                       ;
; -1.000 ; 1.000        ; 2.000          ; Min Period       ; clk   ; Rise       ; diver:U_DIVER|cnt_0[0]    ;
; -1.000 ; 1.000        ; 2.000          ; Min Period       ; clk   ; Rise       ; diver:U_DIVER|cnt_0[1]    ;
; -1.000 ; 1.000        ; 2.000          ; Min Period       ; clk   ; Rise       ; diver:U_DIVER|m_clk0      ;
; -1.000 ; 1.000        ; 2.000          ; Min Period       ; clk   ; Rise       ; diver:U_DIVER|m_clk1      ;
; -1.000 ; 1.000        ; 2.000          ; Min Period       ; clk   ; Rise       ; trigger:U_TRIGGER|temp    ;
; -0.062 ; 0.122        ; 0.184          ; Low Pulse Width  ; clk   ; Rise       ; diver:U_DIVER|cnt_0[0]    ;
; -0.062 ; 0.122        ; 0.184          ; Low Pulse Width  ; clk   ; Rise       ; diver:U_DIVER|cnt_0[1]    ;
; -0.062 ; 0.122        ; 0.184          ; Low Pulse Width  ; clk   ; Rise       ; diver:U_DIVER|m_clk0      ;
; -0.062 ; 0.122        ; 0.184          ; Low Pulse Width  ; clk   ; Rise       ; diver:U_DIVER|m_clk1      ;
; -0.005 ; 0.179        ; 0.184          ; Low Pulse Width  ; clk   ; Rise       ; trigger:U_TRIGGER|temp    ;
; 0.118  ; 0.118        ; 0.000          ; Low Pulse Width  ; clk   ; Rise       ; U_DIVER|cnt_0[0]|clk      ;
; 0.118  ; 0.118        ; 0.000          ; Low Pulse Width  ; clk   ; Rise       ; U_DIVER|cnt_0[1]|clk      ;
; 0.118  ; 0.118        ; 0.000          ; Low Pulse Width  ; clk   ; Rise       ; U_DIVER|m_clk0|clk        ;
; 0.118  ; 0.118        ; 0.000          ; Low Pulse Width  ; clk   ; Rise       ; U_DIVER|m_clk1|clk        ;
; 0.123  ; 0.123        ; 0.000          ; Low Pulse Width  ; clk   ; Rise       ; clk~input|o               ;
; 0.142  ; 0.142        ; 0.000          ; Low Pulse Width  ; clk   ; Rise       ; clk~inputclkctrl|inclk[0] ;
; 0.142  ; 0.142        ; 0.000          ; Low Pulse Width  ; clk   ; Rise       ; clk~inputclkctrl|outclk   ;
; 0.173  ; 0.173        ; 0.000          ; Low Pulse Width  ; clk   ; Rise       ; U_TRIGGER|temp|clk        ;
; 0.500  ; 0.500        ; 0.000          ; High Pulse Width ; clk   ; Rise       ; clk~input|i               ;
; 0.500  ; 0.500        ; 0.000          ; Low Pulse Width  ; clk   ; Rise       ; clk~input|i               ;
; 0.605  ; 0.821        ; 0.216          ; High Pulse Width ; clk   ; Rise       ; trigger:U_TRIGGER|temp    ;
; 0.659  ; 0.875        ; 0.216          ; High Pulse Width ; clk   ; Rise       ; diver:U_DIVER|cnt_0[0]    ;
; 0.659  ; 0.875        ; 0.216          ; High Pulse Width ; clk   ; Rise       ; diver:U_DIVER|cnt_0[1]    ;
; 0.659  ; 0.875        ; 0.216          ; High Pulse Width ; clk   ; Rise       ; diver:U_DIVER|m_clk0      ;
; 0.660  ; 0.876        ; 0.216          ; High Pulse Width ; clk   ; Rise       ; diver:U_DIVER|m_clk1      ;
; 0.825  ; 0.825        ; 0.000          ; High Pulse Width ; clk   ; Rise       ; U_TRIGGER|temp|clk        ;
; 0.858  ; 0.858        ; 0.000          ; High Pulse Width ; clk   ; Rise       ; clk~inputclkctrl|inclk[0] ;
; 0.858  ; 0.858        ; 0.000          ; High Pulse Width ; clk   ; Rise       ; clk~inputclkctrl|outclk   ;
; 0.877  ; 0.877        ; 0.000          ; High Pulse Width ; clk   ; Rise       ; clk~input|o               ;
; 0.881  ; 0.881        ; 0.000          ; High Pulse Width ; clk   ; Rise       ; U_DIVER|cnt_0[0]|clk      ;
; 0.881  ; 0.881        ; 0.000          ; High Pulse Width ; clk   ; Rise       ; U_DIVER|cnt_0[1]|clk      ;
; 0.881  ; 0.881        ; 0.000          ; High Pulse Width ; clk   ; Rise       ; U_DIVER|m_clk0|clk        ;
; 0.882  ; 0.882        ; 0.000          ; High Pulse Width ; clk   ; Rise       ; U_DIVER|m_clk1|clk        ;
+--------+--------------+----------------+------------------+-------+------------+---------------------------+


+--------------------------------------------------------------------------------------------------------------------------------------+
; Fast 1200mV 0C Model Minimum Pulse Width: 'diver:U_DIVER|m_clk1'                                                                     ;
+--------+--------------+----------------+------------------+----------------------+------------+--------------------------------------+
; Slack  ; Actual Width ; Required Width ; Type             ; Clock                ; Clock Edge ; Target                               ;
+--------+--------------+----------------+------------------+----------------------+------------+--------------------------------------+
; -1.000 ; 1.000        ; 2.000          ; Min Period       ; diver:U_DIVER|m_clk1 ; Fall       ; count_hour_bin:U_HOUR_ALARM|count[0] ;
; -1.000 ; 1.000        ; 2.000          ; Min Period       ; diver:U_DIVER|m_clk1 ; Fall       ; count_hour_bin:U_HOUR_ALARM|count[1] ;
; -1.000 ; 1.000        ; 2.000          ; Min Period       ; diver:U_DIVER|m_clk1 ; Fall       ; count_hour_bin:U_HOUR_ALARM|count[2] ;
; -1.000 ; 1.000        ; 2.000          ; Min Period       ; diver:U_DIVER|m_clk1 ; Fall       ; count_hour_bin:U_HOUR_ALARM|count[3] ;
; -1.000 ; 1.000        ; 2.000          ; Min Period       ; diver:U_DIVER|m_clk1 ; Fall       ; count_hour_bin:U_HOUR_ALARM|count[4] ;
; -1.000 ; 1.000        ; 2.000          ; Min Period       ; diver:U_DIVER|m_clk1 ; Fall       ; count_hour_bin:U_HOUR_BIN|count[0]   ;
; -1.000 ; 1.000        ; 2.000          ; Min Period       ; diver:U_DIVER|m_clk1 ; Fall       ; count_hour_bin:U_HOUR_BIN|count[1]   ;
; -1.000 ; 1.000        ; 2.000          ; Min Period       ; diver:U_DIVER|m_clk1 ; Fall       ; count_hour_bin:U_HOUR_BIN|count[2]   ;
; -1.000 ; 1.000        ; 2.000          ; Min Period       ; diver:U_DIVER|m_clk1 ; Fall       ; count_hour_bin:U_HOUR_BIN|count[3]   ;
; -1.000 ; 1.000        ; 2.000          ; Min Period       ; diver:U_DIVER|m_clk1 ; Fall       ; count_hour_bin:U_HOUR_BIN|count[4]   ;
; -1.000 ; 1.000        ; 2.000          ; Min Period       ; diver:U_DIVER|m_clk1 ; Fall       ; count_min_bin:U_MIN_ALARM|count[0]   ;
; -1.000 ; 1.000        ; 2.000          ; Min Period       ; diver:U_DIVER|m_clk1 ; Fall       ; count_min_bin:U_MIN_ALARM|count[1]   ;
; -1.000 ; 1.000        ; 2.000          ; Min Period       ; diver:U_DIVER|m_clk1 ; Fall       ; count_min_bin:U_MIN_ALARM|count[2]   ;
; -1.000 ; 1.000        ; 2.000          ; Min Period       ; diver:U_DIVER|m_clk1 ; Fall       ; count_min_bin:U_MIN_ALARM|count[3]   ;
; -1.000 ; 1.000        ; 2.000          ; Min Period       ; diver:U_DIVER|m_clk1 ; Fall       ; count_min_bin:U_MIN_ALARM|count[4]   ;
; -1.000 ; 1.000        ; 2.000          ; Min Period       ; diver:U_DIVER|m_clk1 ; Fall       ; count_min_bin:U_MIN_ALARM|count[5]   ;
; -1.000 ; 1.000        ; 2.000          ; Min Period       ; diver:U_DIVER|m_clk1 ; Fall       ; count_min_bin:U_MIN_BIN|count[0]     ;
; -1.000 ; 1.000        ; 2.000          ; Min Period       ; diver:U_DIVER|m_clk1 ; Fall       ; count_min_bin:U_MIN_BIN|count[1]     ;
; -1.000 ; 1.000        ; 2.000          ; Min Period       ; diver:U_DIVER|m_clk1 ; Fall       ; count_min_bin:U_MIN_BIN|count[2]     ;
; -1.000 ; 1.000        ; 2.000          ; Min Period       ; diver:U_DIVER|m_clk1 ; Fall       ; count_min_bin:U_MIN_BIN|count[3]     ;
; -1.000 ; 1.000        ; 2.000          ; Min Period       ; diver:U_DIVER|m_clk1 ; Fall       ; count_min_bin:U_MIN_BIN|count[4]     ;
; -1.000 ; 1.000        ; 2.000          ; Min Period       ; diver:U_DIVER|m_clk1 ; Fall       ; count_min_bin:U_MIN_BIN|count[5]     ;
; -1.000 ; 1.000        ; 2.000          ; Min Period       ; diver:U_DIVER|m_clk1 ; Fall       ; count_sec_bin:U_SEC_ALARM|count[0]   ;
; -1.000 ; 1.000        ; 2.000          ; Min Period       ; diver:U_DIVER|m_clk1 ; Fall       ; count_sec_bin:U_SEC_ALARM|count[1]   ;
; -1.000 ; 1.000        ; 2.000          ; Min Period       ; diver:U_DIVER|m_clk1 ; Fall       ; count_sec_bin:U_SEC_ALARM|count[2]   ;
; -1.000 ; 1.000        ; 2.000          ; Min Period       ; diver:U_DIVER|m_clk1 ; Fall       ; count_sec_bin:U_SEC_ALARM|count[3]   ;
; -1.000 ; 1.000        ; 2.000          ; Min Period       ; diver:U_DIVER|m_clk1 ; Fall       ; count_sec_bin:U_SEC_ALARM|count[4]   ;
; -1.000 ; 1.000        ; 2.000          ; Min Period       ; diver:U_DIVER|m_clk1 ; Fall       ; count_sec_bin:U_SEC_ALARM|count[5]   ;
; 0.015  ; 0.231        ; 0.216          ; High Pulse Width ; diver:U_DIVER|m_clk1 ; Fall       ; count_hour_bin:U_HOUR_ALARM|count[0] ;
; 0.015  ; 0.231        ; 0.216          ; High Pulse Width ; diver:U_DIVER|m_clk1 ; Fall       ; count_hour_bin:U_HOUR_ALARM|count[1] ;
; 0.015  ; 0.231        ; 0.216          ; High Pulse Width ; diver:U_DIVER|m_clk1 ; Fall       ; count_hour_bin:U_HOUR_ALARM|count[2] ;
; 0.015  ; 0.231        ; 0.216          ; High Pulse Width ; diver:U_DIVER|m_clk1 ; Fall       ; count_hour_bin:U_HOUR_ALARM|count[3] ;
; 0.015  ; 0.231        ; 0.216          ; High Pulse Width ; diver:U_DIVER|m_clk1 ; Fall       ; count_hour_bin:U_HOUR_ALARM|count[4] ;
; 0.015  ; 0.231        ; 0.216          ; High Pulse Width ; diver:U_DIVER|m_clk1 ; Fall       ; count_min_bin:U_MIN_ALARM|count[0]   ;
; 0.015  ; 0.231        ; 0.216          ; High Pulse Width ; diver:U_DIVER|m_clk1 ; Fall       ; count_min_bin:U_MIN_ALARM|count[1]   ;
; 0.015  ; 0.231        ; 0.216          ; High Pulse Width ; diver:U_DIVER|m_clk1 ; Fall       ; count_min_bin:U_MIN_ALARM|count[2]   ;
; 0.015  ; 0.231        ; 0.216          ; High Pulse Width ; diver:U_DIVER|m_clk1 ; Fall       ; count_min_bin:U_MIN_ALARM|count[3]   ;
; 0.015  ; 0.231        ; 0.216          ; High Pulse Width ; diver:U_DIVER|m_clk1 ; Fall       ; count_min_bin:U_MIN_ALARM|count[4]   ;
; 0.015  ; 0.231        ; 0.216          ; High Pulse Width ; diver:U_DIVER|m_clk1 ; Fall       ; count_min_bin:U_MIN_ALARM|count[5]   ;
; 0.015  ; 0.231        ; 0.216          ; High Pulse Width ; diver:U_DIVER|m_clk1 ; Fall       ; count_sec_bin:U_SEC_ALARM|count[0]   ;
; 0.015  ; 0.231        ; 0.216          ; High Pulse Width ; diver:U_DIVER|m_clk1 ; Fall       ; count_sec_bin:U_SEC_ALARM|count[1]   ;
; 0.015  ; 0.231        ; 0.216          ; High Pulse Width ; diver:U_DIVER|m_clk1 ; Fall       ; count_sec_bin:U_SEC_ALARM|count[2]   ;
; 0.015  ; 0.231        ; 0.216          ; High Pulse Width ; diver:U_DIVER|m_clk1 ; Fall       ; count_sec_bin:U_SEC_ALARM|count[3]   ;
; 0.015  ; 0.231        ; 0.216          ; High Pulse Width ; diver:U_DIVER|m_clk1 ; Fall       ; count_sec_bin:U_SEC_ALARM|count[4]   ;
; 0.015  ; 0.231        ; 0.216          ; High Pulse Width ; diver:U_DIVER|m_clk1 ; Fall       ; count_sec_bin:U_SEC_ALARM|count[5]   ;
; 0.160  ; 0.376        ; 0.216          ; High Pulse Width ; diver:U_DIVER|m_clk1 ; Fall       ; count_hour_bin:U_HOUR_BIN|count[4]   ;
; 0.186  ; 0.402        ; 0.216          ; High Pulse Width ; diver:U_DIVER|m_clk1 ; Fall       ; count_hour_bin:U_HOUR_BIN|count[0]   ;
; 0.186  ; 0.402        ; 0.216          ; High Pulse Width ; diver:U_DIVER|m_clk1 ; Fall       ; count_hour_bin:U_HOUR_BIN|count[1]   ;
; 0.186  ; 0.402        ; 0.216          ; High Pulse Width ; diver:U_DIVER|m_clk1 ; Fall       ; count_hour_bin:U_HOUR_BIN|count[2]   ;
; 0.186  ; 0.402        ; 0.216          ; High Pulse Width ; diver:U_DIVER|m_clk1 ; Fall       ; count_hour_bin:U_HOUR_BIN|count[3]   ;
; 0.225  ; 0.441        ; 0.216          ; High Pulse Width ; diver:U_DIVER|m_clk1 ; Fall       ; count_min_bin:U_MIN_BIN|count[0]     ;
; 0.225  ; 0.441        ; 0.216          ; High Pulse Width ; diver:U_DIVER|m_clk1 ; Fall       ; count_min_bin:U_MIN_BIN|count[1]     ;
; 0.225  ; 0.441        ; 0.216          ; High Pulse Width ; diver:U_DIVER|m_clk1 ; Fall       ; count_min_bin:U_MIN_BIN|count[2]     ;
; 0.225  ; 0.441        ; 0.216          ; High Pulse Width ; diver:U_DIVER|m_clk1 ; Fall       ; count_min_bin:U_MIN_BIN|count[3]     ;
; 0.225  ; 0.441        ; 0.216          ; High Pulse Width ; diver:U_DIVER|m_clk1 ; Fall       ; count_min_bin:U_MIN_BIN|count[4]     ;
; 0.225  ; 0.441        ; 0.216          ; High Pulse Width ; diver:U_DIVER|m_clk1 ; Fall       ; count_min_bin:U_MIN_BIN|count[5]     ;
; 0.236  ; 0.236        ; 0.000          ; Low Pulse Width  ; diver:U_DIVER|m_clk1 ; Rise       ; U_HOUR_ALARM|count[0]|clk            ;
; 0.236  ; 0.236        ; 0.000          ; Low Pulse Width  ; diver:U_DIVER|m_clk1 ; Rise       ; U_HOUR_ALARM|count[1]|clk            ;
; 0.236  ; 0.236        ; 0.000          ; Low Pulse Width  ; diver:U_DIVER|m_clk1 ; Rise       ; U_HOUR_ALARM|count[2]|clk            ;
; 0.236  ; 0.236        ; 0.000          ; Low Pulse Width  ; diver:U_DIVER|m_clk1 ; Rise       ; U_HOUR_ALARM|count[3]|clk            ;
; 0.236  ; 0.236        ; 0.000          ; Low Pulse Width  ; diver:U_DIVER|m_clk1 ; Rise       ; U_HOUR_ALARM|count[4]|clk            ;
; 0.236  ; 0.236        ; 0.000          ; Low Pulse Width  ; diver:U_DIVER|m_clk1 ; Rise       ; U_MIN_ALARM|count[0]|clk             ;
; 0.236  ; 0.236        ; 0.000          ; Low Pulse Width  ; diver:U_DIVER|m_clk1 ; Rise       ; U_MIN_ALARM|count[1]|clk             ;
; 0.236  ; 0.236        ; 0.000          ; Low Pulse Width  ; diver:U_DIVER|m_clk1 ; Rise       ; U_MIN_ALARM|count[2]|clk             ;
; 0.236  ; 0.236        ; 0.000          ; Low Pulse Width  ; diver:U_DIVER|m_clk1 ; Rise       ; U_MIN_ALARM|count[3]|clk             ;
; 0.236  ; 0.236        ; 0.000          ; Low Pulse Width  ; diver:U_DIVER|m_clk1 ; Rise       ; U_MIN_ALARM|count[4]|clk             ;
; 0.236  ; 0.236        ; 0.000          ; Low Pulse Width  ; diver:U_DIVER|m_clk1 ; Rise       ; U_MIN_ALARM|count[5]|clk             ;
; 0.236  ; 0.236        ; 0.000          ; Low Pulse Width  ; diver:U_DIVER|m_clk1 ; Rise       ; U_SEC_ALARM|count[0]|clk             ;
; 0.236  ; 0.236        ; 0.000          ; Low Pulse Width  ; diver:U_DIVER|m_clk1 ; Rise       ; U_SEC_ALARM|count[1]|clk             ;
; 0.236  ; 0.236        ; 0.000          ; Low Pulse Width  ; diver:U_DIVER|m_clk1 ; Rise       ; U_SEC_ALARM|count[2]|clk             ;
; 0.236  ; 0.236        ; 0.000          ; Low Pulse Width  ; diver:U_DIVER|m_clk1 ; Rise       ; U_SEC_ALARM|count[3]|clk             ;
; 0.236  ; 0.236        ; 0.000          ; Low Pulse Width  ; diver:U_DIVER|m_clk1 ; Rise       ; U_SEC_ALARM|count[4]|clk             ;
; 0.236  ; 0.236        ; 0.000          ; Low Pulse Width  ; diver:U_DIVER|m_clk1 ; Rise       ; U_SEC_ALARM|count[5]|clk             ;
; 0.260  ; 0.260        ; 0.000          ; Low Pulse Width  ; diver:U_DIVER|m_clk1 ; Rise       ; U_DIVER|m_clk1~clkctrl|inclk[0]      ;
; 0.260  ; 0.260        ; 0.000          ; Low Pulse Width  ; diver:U_DIVER|m_clk1 ; Rise       ; U_DIVER|m_clk1~clkctrl|outclk        ;
; 0.374  ; 0.558        ; 0.184          ; Low Pulse Width  ; diver:U_DIVER|m_clk1 ; Fall       ; count_min_bin:U_MIN_BIN|count[0]     ;
; 0.374  ; 0.558        ; 0.184          ; Low Pulse Width  ; diver:U_DIVER|m_clk1 ; Fall       ; count_min_bin:U_MIN_BIN|count[1]     ;
; 0.374  ; 0.558        ; 0.184          ; Low Pulse Width  ; diver:U_DIVER|m_clk1 ; Fall       ; count_min_bin:U_MIN_BIN|count[2]     ;
; 0.374  ; 0.558        ; 0.184          ; Low Pulse Width  ; diver:U_DIVER|m_clk1 ; Fall       ; count_min_bin:U_MIN_BIN|count[3]     ;
; 0.374  ; 0.558        ; 0.184          ; Low Pulse Width  ; diver:U_DIVER|m_clk1 ; Fall       ; count_min_bin:U_MIN_BIN|count[4]     ;
; 0.374  ; 0.558        ; 0.184          ; Low Pulse Width  ; diver:U_DIVER|m_clk1 ; Fall       ; count_min_bin:U_MIN_BIN|count[5]     ;
; 0.381  ; 0.381        ; 0.000          ; Low Pulse Width  ; diver:U_DIVER|m_clk1 ; Rise       ; U_HOUR_BIN|count[4]|clk              ;
; 0.407  ; 0.407        ; 0.000          ; Low Pulse Width  ; diver:U_DIVER|m_clk1 ; Rise       ; U_HOUR_BIN|count[0]|clk              ;
; 0.407  ; 0.407        ; 0.000          ; Low Pulse Width  ; diver:U_DIVER|m_clk1 ; Rise       ; U_HOUR_BIN|count[1]|clk              ;
; 0.407  ; 0.407        ; 0.000          ; Low Pulse Width  ; diver:U_DIVER|m_clk1 ; Rise       ; U_HOUR_BIN|count[2]|clk              ;
; 0.407  ; 0.407        ; 0.000          ; Low Pulse Width  ; diver:U_DIVER|m_clk1 ; Rise       ; U_HOUR_BIN|count[3]|clk              ;
; 0.409  ; 0.593        ; 0.184          ; Low Pulse Width  ; diver:U_DIVER|m_clk1 ; Fall       ; count_hour_bin:U_HOUR_BIN|count[0]   ;
; 0.409  ; 0.593        ; 0.184          ; Low Pulse Width  ; diver:U_DIVER|m_clk1 ; Fall       ; count_hour_bin:U_HOUR_BIN|count[1]   ;
; 0.409  ; 0.593        ; 0.184          ; Low Pulse Width  ; diver:U_DIVER|m_clk1 ; Fall       ; count_hour_bin:U_HOUR_BIN|count[2]   ;
; 0.409  ; 0.593        ; 0.184          ; Low Pulse Width  ; diver:U_DIVER|m_clk1 ; Fall       ; count_hour_bin:U_HOUR_BIN|count[3]   ;
; 0.430  ; 0.430        ; 0.000          ; Low Pulse Width  ; diver:U_DIVER|m_clk1 ; Rise       ; U_MUX_HOUR|y~clkctrl|inclk[0]        ;
; 0.430  ; 0.430        ; 0.000          ; Low Pulse Width  ; diver:U_DIVER|m_clk1 ; Rise       ; U_MUX_HOUR|y~clkctrl|outclk          ;
; 0.436  ; 0.620        ; 0.184          ; Low Pulse Width  ; diver:U_DIVER|m_clk1 ; Fall       ; count_hour_bin:U_HOUR_BIN|count[4]   ;
; 0.446  ; 0.446        ; 0.000          ; Low Pulse Width  ; diver:U_DIVER|m_clk1 ; Rise       ; U_MIN_BIN|count[0]|clk               ;
; 0.446  ; 0.446        ; 0.000          ; Low Pulse Width  ; diver:U_DIVER|m_clk1 ; Rise       ; U_MIN_BIN|count[1]|clk               ;
; 0.446  ; 0.446        ; 0.000          ; Low Pulse Width  ; diver:U_DIVER|m_clk1 ; Rise       ; U_MIN_BIN|count[2]|clk               ;
; 0.446  ; 0.446        ; 0.000          ; Low Pulse Width  ; diver:U_DIVER|m_clk1 ; Rise       ; U_MIN_BIN|count[3]|clk               ;
; 0.446  ; 0.446        ; 0.000          ; Low Pulse Width  ; diver:U_DIVER|m_clk1 ; Rise       ; U_MIN_BIN|count[4]|clk               ;
; 0.446  ; 0.446        ; 0.000          ; Low Pulse Width  ; diver:U_DIVER|m_clk1 ; Rise       ; U_MIN_BIN|count[5]|clk               ;
; 0.464  ; 0.464        ; 0.000          ; Low Pulse Width  ; diver:U_DIVER|m_clk1 ; Rise       ; U_MUX_MIN|y|datad                    ;
+--------+--------------+----------------+------------------+----------------------+------------+--------------------------------------+


+----------------------------------------------------------------------------------------------------------------------------------+
; Fast 1200mV 0C Model Minimum Pulse Width: 'diver:U_DIVER|m_clk0'                                                                 ;
+--------+--------------+----------------+------------------+----------------------+------------+----------------------------------+
; Slack  ; Actual Width ; Required Width ; Type             ; Clock                ; Clock Edge ; Target                           ;
+--------+--------------+----------------+------------------+----------------------+------------+----------------------------------+
; -1.000 ; 1.000        ; 2.000          ; Min Period       ; diver:U_DIVER|m_clk0 ; Fall       ; count_sec_bin:U_SEC_BIN|count[0] ;
; -1.000 ; 1.000        ; 2.000          ; Min Period       ; diver:U_DIVER|m_clk0 ; Fall       ; count_sec_bin:U_SEC_BIN|count[1] ;
; -1.000 ; 1.000        ; 2.000          ; Min Period       ; diver:U_DIVER|m_clk0 ; Fall       ; count_sec_bin:U_SEC_BIN|count[2] ;
; -1.000 ; 1.000        ; 2.000          ; Min Period       ; diver:U_DIVER|m_clk0 ; Fall       ; count_sec_bin:U_SEC_BIN|count[3] ;
; -1.000 ; 1.000        ; 2.000          ; Min Period       ; diver:U_DIVER|m_clk0 ; Fall       ; count_sec_bin:U_SEC_BIN|count[4] ;
; -1.000 ; 1.000        ; 2.000          ; Min Period       ; diver:U_DIVER|m_clk0 ; Fall       ; count_sec_bin:U_SEC_BIN|count[5] ;
; 0.215  ; 0.431        ; 0.216          ; High Pulse Width ; diver:U_DIVER|m_clk0 ; Fall       ; count_sec_bin:U_SEC_BIN|count[0] ;
; 0.215  ; 0.431        ; 0.216          ; High Pulse Width ; diver:U_DIVER|m_clk0 ; Fall       ; count_sec_bin:U_SEC_BIN|count[1] ;
; 0.215  ; 0.431        ; 0.216          ; High Pulse Width ; diver:U_DIVER|m_clk0 ; Fall       ; count_sec_bin:U_SEC_BIN|count[2] ;
; 0.215  ; 0.431        ; 0.216          ; High Pulse Width ; diver:U_DIVER|m_clk0 ; Fall       ; count_sec_bin:U_SEC_BIN|count[3] ;
; 0.215  ; 0.431        ; 0.216          ; High Pulse Width ; diver:U_DIVER|m_clk0 ; Fall       ; count_sec_bin:U_SEC_BIN|count[4] ;
; 0.215  ; 0.431        ; 0.216          ; High Pulse Width ; diver:U_DIVER|m_clk0 ; Fall       ; count_sec_bin:U_SEC_BIN|count[5] ;
; 0.383  ; 0.567        ; 0.184          ; Low Pulse Width  ; diver:U_DIVER|m_clk0 ; Fall       ; count_sec_bin:U_SEC_BIN|count[0] ;
; 0.383  ; 0.567        ; 0.184          ; Low Pulse Width  ; diver:U_DIVER|m_clk0 ; Fall       ; count_sec_bin:U_SEC_BIN|count[1] ;
; 0.383  ; 0.567        ; 0.184          ; Low Pulse Width  ; diver:U_DIVER|m_clk0 ; Fall       ; count_sec_bin:U_SEC_BIN|count[2] ;
; 0.383  ; 0.567        ; 0.184          ; Low Pulse Width  ; diver:U_DIVER|m_clk0 ; Fall       ; count_sec_bin:U_SEC_BIN|count[3] ;
; 0.383  ; 0.567        ; 0.184          ; Low Pulse Width  ; diver:U_DIVER|m_clk0 ; Fall       ; count_sec_bin:U_SEC_BIN|count[4] ;
; 0.383  ; 0.567        ; 0.184          ; Low Pulse Width  ; diver:U_DIVER|m_clk0 ; Fall       ; count_sec_bin:U_SEC_BIN|count[5] ;
; 0.436  ; 0.436        ; 0.000          ; Low Pulse Width  ; diver:U_DIVER|m_clk0 ; Rise       ; U_SEC_BIN|count[0]|clk           ;
; 0.436  ; 0.436        ; 0.000          ; Low Pulse Width  ; diver:U_DIVER|m_clk0 ; Rise       ; U_SEC_BIN|count[1]|clk           ;
; 0.436  ; 0.436        ; 0.000          ; Low Pulse Width  ; diver:U_DIVER|m_clk0 ; Rise       ; U_SEC_BIN|count[2]|clk           ;
; 0.436  ; 0.436        ; 0.000          ; Low Pulse Width  ; diver:U_DIVER|m_clk0 ; Rise       ; U_SEC_BIN|count[3]|clk           ;
; 0.436  ; 0.436        ; 0.000          ; Low Pulse Width  ; diver:U_DIVER|m_clk0 ; Rise       ; U_SEC_BIN|count[4]|clk           ;
; 0.436  ; 0.436        ; 0.000          ; Low Pulse Width  ; diver:U_DIVER|m_clk0 ; Rise       ; U_SEC_BIN|count[5]|clk           ;
; 0.500  ; 0.500        ; 0.000          ; High Pulse Width ; diver:U_DIVER|m_clk0 ; Rise       ; U_DIVER|m_clk0|q                 ;
; 0.500  ; 0.500        ; 0.000          ; Low Pulse Width  ; diver:U_DIVER|m_clk0 ; Rise       ; U_DIVER|m_clk0|q                 ;
; 0.561  ; 0.561        ; 0.000          ; High Pulse Width ; diver:U_DIVER|m_clk0 ; Rise       ; U_SEC_BIN|count[0]|clk           ;
; 0.561  ; 0.561        ; 0.000          ; High Pulse Width ; diver:U_DIVER|m_clk0 ; Rise       ; U_SEC_BIN|count[1]|clk           ;
; 0.561  ; 0.561        ; 0.000          ; High Pulse Width ; diver:U_DIVER|m_clk0 ; Rise       ; U_SEC_BIN|count[2]|clk           ;
; 0.561  ; 0.561        ; 0.000          ; High Pulse Width ; diver:U_DIVER|m_clk0 ; Rise       ; U_SEC_BIN|count[3]|clk           ;
; 0.561  ; 0.561        ; 0.000          ; High Pulse Width ; diver:U_DIVER|m_clk0 ; Rise       ; U_SEC_BIN|count[4]|clk           ;
; 0.561  ; 0.561        ; 0.000          ; High Pulse Width ; diver:U_DIVER|m_clk0 ; Rise       ; U_SEC_BIN|count[5]|clk           ;
+--------+--------------+----------------+------------------+----------------------+------------+----------------------------------+


+----------------------------------------------------------------------------------------+
; Setup Times                                                                            ;
+-----------+----------------------+--------+--------+------------+----------------------+
; Data Port ; Clock Port           ; Rise   ; Fall   ; Clock Edge ; Clock Reference      ;
+-----------+----------------------+--------+--------+------------+----------------------+
; key_shift ; clk                  ; -0.102 ; 0.206  ; Rise       ; clk                  ;
; key_hour  ; diver:U_DIVER|m_clk1 ; 0.313  ; 0.984  ; Fall       ; diver:U_DIVER|m_clk1 ;
; key_min   ; diver:U_DIVER|m_clk1 ; 0.195  ; 0.853  ; Fall       ; diver:U_DIVER|m_clk1 ;
; key_sec   ; diver:U_DIVER|m_clk1 ; -1.028 ; -0.673 ; Fall       ; diver:U_DIVER|m_clk1 ;
+-----------+----------------------+--------+--------+------------+----------------------+


+----------------------------------------------------------------------------------------+
; Hold Times                                                                             ;
+-----------+----------------------+--------+--------+------------+----------------------+
; Data Port ; Clock Port           ; Rise   ; Fall   ; Clock Edge ; Clock Reference      ;
+-----------+----------------------+--------+--------+------------+----------------------+
; key_shift ; clk                  ; 0.266  ; -0.048 ; Rise       ; clk                  ;
; key_hour  ; diver:U_DIVER|m_clk1 ; -0.067 ; -0.724 ; Fall       ; diver:U_DIVER|m_clk1 ;
; key_min   ; diver:U_DIVER|m_clk1 ; 0.047  ; -0.599 ; Fall       ; diver:U_DIVER|m_clk1 ;
; key_sec   ; diver:U_DIVER|m_clk1 ; 1.218  ; 0.864  ; Fall       ; diver:U_DIVER|m_clk1 ;
+-----------+----------------------+--------+--------+------------+----------------------+


+--------------------------------------------------------------------------------------------+
; Clock to Output Times                                                                      ;
+---------------+----------------------+--------+--------+------------+----------------------+
; Data Port     ; Clock Port           ; Rise   ; Fall   ; Clock Edge ; Clock Reference      ;
+---------------+----------------------+--------+--------+------------+----------------------+
; hour0[*]      ; clk                  ; 4.271  ; 4.318  ; Rise       ; clk                  ;
;  hour0[0]     ; clk                  ; 4.231  ; 4.318  ; Rise       ; clk                  ;
;  hour0[1]     ; clk                  ; 3.847  ; 3.905  ; Rise       ; clk                  ;
;  hour0[2]     ; clk                  ; 3.848  ; 3.908  ; Rise       ; clk                  ;
;  hour0[3]     ; clk                  ; 4.271  ; 4.287  ; Rise       ; clk                  ;
; hour1[*]      ; clk                  ; 4.149  ; 4.100  ; Rise       ; clk                  ;
;  hour1[0]     ; clk                  ; 4.058  ; 3.977  ; Rise       ; clk                  ;
;  hour1[1]     ; clk                  ; 4.149  ; 4.100  ; Rise       ; clk                  ;
; min0[*]       ; clk                  ; 4.115  ; 4.210  ; Rise       ; clk                  ;
;  min0[0]      ; clk                  ; 3.838  ; 3.897  ; Rise       ; clk                  ;
;  min0[1]      ; clk                  ; 3.852  ; 3.921  ; Rise       ; clk                  ;
;  min0[2]      ; clk                  ; 3.879  ; 3.920  ; Rise       ; clk                  ;
;  min0[3]      ; clk                  ; 4.115  ; 4.210  ; Rise       ; clk                  ;
; min1[*]       ; clk                  ; 4.180  ; 4.137  ; Rise       ; clk                  ;
;  min1[0]      ; clk                  ; 4.014  ; 3.959  ; Rise       ; clk                  ;
;  min1[1]      ; clk                  ; 4.180  ; 4.137  ; Rise       ; clk                  ;
;  min1[2]      ; clk                  ; 4.159  ; 4.072  ; Rise       ; clk                  ;
; sec0[*]       ; clk                  ; 5.049  ; 5.180  ; Rise       ; clk                  ;
;  sec0[0]      ; clk                  ; 4.361  ; 4.433  ; Rise       ; clk                  ;
;  sec0[1]      ; clk                  ; 4.646  ; 4.738  ; Rise       ; clk                  ;
;  sec0[2]      ; clk                  ; 5.049  ; 5.180  ; Rise       ; clk                  ;
;  sec0[3]      ; clk                  ; 5.045  ; 5.169  ; Rise       ; clk                  ;
; sec1[*]       ; clk                  ; 4.893  ; 4.681  ; Rise       ; clk                  ;
;  sec1[0]      ; clk                  ; 4.893  ; 4.681  ; Rise       ; clk                  ;
;  sec1[1]      ; clk                  ; 4.437  ; 4.340  ; Rise       ; clk                  ;
;  sec1[2]      ; clk                  ; 4.816  ; 4.662  ; Rise       ; clk                  ;
; seg_hour0[*]  ; clk                  ; 4.768  ; 4.719  ; Rise       ; clk                  ;
;  seg_hour0[0] ; clk                  ; 4.605  ; 4.527  ; Rise       ; clk                  ;
;  seg_hour0[1] ; clk                  ; 4.585  ; 4.514  ; Rise       ; clk                  ;
;  seg_hour0[2] ; clk                  ; 4.768  ; 4.719  ; Rise       ; clk                  ;
;  seg_hour0[3] ; clk                  ; 4.663  ; 4.587  ; Rise       ; clk                  ;
;  seg_hour0[4] ; clk                  ; 4.609  ; 4.494  ; Rise       ; clk                  ;
;  seg_hour0[5] ; clk                  ; 4.751  ; 4.613  ; Rise       ; clk                  ;
;  seg_hour0[6] ; clk                  ; 4.338  ; 4.344  ; Rise       ; clk                  ;
; seg_hour1[*]  ; clk                  ; 5.148  ; 5.242  ; Rise       ; clk                  ;
;  seg_hour1[0] ; clk                  ; 4.586  ; 4.643  ; Rise       ; clk                  ;
;  seg_hour1[2] ; clk                  ; 4.566  ; 4.528  ; Rise       ; clk                  ;
;  seg_hour1[3] ; clk                  ; 4.616  ; 4.673  ; Rise       ; clk                  ;
;  seg_hour1[4] ; clk                  ; 5.071  ; 5.242  ; Rise       ; clk                  ;
;  seg_hour1[5] ; clk                  ; 4.962  ; 4.882  ; Rise       ; clk                  ;
;  seg_hour1[6] ; clk                  ; 5.148  ; 5.041  ; Rise       ; clk                  ;
; seg_min0[*]   ; clk                  ; 4.689  ; 4.519  ; Rise       ; clk                  ;
;  seg_min0[0]  ; clk                  ; 4.375  ; 4.300  ; Rise       ; clk                  ;
;  seg_min0[1]  ; clk                  ; 4.500  ; 4.337  ; Rise       ; clk                  ;
;  seg_min0[2]  ; clk                  ; 4.542  ; 4.375  ; Rise       ; clk                  ;
;  seg_min0[3]  ; clk                  ; 4.467  ; 4.390  ; Rise       ; clk                  ;
;  seg_min0[4]  ; clk                  ; 4.689  ; 4.519  ; Rise       ; clk                  ;
;  seg_min0[5]  ; clk                  ; 4.511  ; 4.417  ; Rise       ; clk                  ;
;  seg_min0[6]  ; clk                  ; 4.348  ; 4.372  ; Rise       ; clk                  ;
; seg_min1[*]   ; clk                  ; 5.374  ; 5.270  ; Rise       ; clk                  ;
;  seg_min1[0]  ; clk                  ; 4.339  ; 4.378  ; Rise       ; clk                  ;
;  seg_min1[1]  ; clk                  ; 4.453  ; 4.489  ; Rise       ; clk                  ;
;  seg_min1[2]  ; clk                  ; 4.542  ; 4.500  ; Rise       ; clk                  ;
;  seg_min1[3]  ; clk                  ; 4.524  ; 4.472  ; Rise       ; clk                  ;
;  seg_min1[4]  ; clk                  ; 4.554  ; 4.444  ; Rise       ; clk                  ;
;  seg_min1[5]  ; clk                  ; 4.670  ; 4.587  ; Rise       ; clk                  ;
;  seg_min1[6]  ; clk                  ; 5.374  ; 5.270  ; Rise       ; clk                  ;
; seg_sec0[*]   ; clk                  ; 6.862  ; 6.668  ; Rise       ; clk                  ;
;  seg_sec0[0]  ; clk                  ; 6.174  ; 6.065  ; Rise       ; clk                  ;
;  seg_sec0[1]  ; clk                  ; 5.914  ; 5.692  ; Rise       ; clk                  ;
;  seg_sec0[2]  ; clk                  ; 5.903  ; 5.826  ; Rise       ; clk                  ;
;  seg_sec0[3]  ; clk                  ; 6.862  ; 6.668  ; Rise       ; clk                  ;
;  seg_sec0[4]  ; clk                  ; 5.829  ; 5.638  ; Rise       ; clk                  ;
;  seg_sec0[5]  ; clk                  ; 6.205  ; 6.083  ; Rise       ; clk                  ;
;  seg_sec0[6]  ; clk                  ; 5.847  ; 5.877  ; Rise       ; clk                  ;
; seg_sec1[*]   ; clk                  ; 5.392  ; 5.434  ; Rise       ; clk                  ;
;  seg_sec1[0]  ; clk                  ; 5.379  ; 5.434  ; Rise       ; clk                  ;
;  seg_sec1[1]  ; clk                  ; 5.315  ; 5.387  ; Rise       ; clk                  ;
;  seg_sec1[2]  ; clk                  ; 5.223  ; 5.178  ; Rise       ; clk                  ;
;  seg_sec1[3]  ; clk                  ; 5.231  ; 5.207  ; Rise       ; clk                  ;
;  seg_sec1[4]  ; clk                  ; 5.241  ; 5.216  ; Rise       ; clk                  ;
;  seg_sec1[5]  ; clk                  ; 5.227  ; 5.185  ; Rise       ; clk                  ;
;  seg_sec1[6]  ; clk                  ; 5.392  ; 5.337  ; Rise       ; clk                  ;
; speak         ; clk                  ; 6.014  ; 6.208  ; Rise       ; clk                  ;
; sec0[*]       ; diver:U_DIVER|m_clk0 ; 8.472  ; 8.556  ; Fall       ; diver:U_DIVER|m_clk0 ;
;  sec0[0]      ; diver:U_DIVER|m_clk0 ; 8.243  ; 8.420  ; Fall       ; diver:U_DIVER|m_clk0 ;
;  sec0[1]      ; diver:U_DIVER|m_clk0 ; 8.069  ; 8.088  ; Fall       ; diver:U_DIVER|m_clk0 ;
;  sec0[2]      ; diver:U_DIVER|m_clk0 ; 8.472  ; 8.556  ; Fall       ; diver:U_DIVER|m_clk0 ;
;  sec0[3]      ; diver:U_DIVER|m_clk0 ; 8.468  ; 8.519  ; Fall       ; diver:U_DIVER|m_clk0 ;
; sec1[*]       ; diver:U_DIVER|m_clk0 ; 7.662  ; 7.570  ; Fall       ; diver:U_DIVER|m_clk0 ;
;  sec1[0]      ; diver:U_DIVER|m_clk0 ; 7.662  ; 7.570  ; Fall       ; diver:U_DIVER|m_clk0 ;
;  sec1[1]      ; diver:U_DIVER|m_clk0 ; 6.132  ; 5.943  ; Fall       ; diver:U_DIVER|m_clk0 ;
;  sec1[2]      ; diver:U_DIVER|m_clk0 ; 5.221  ; 4.796  ; Fall       ; diver:U_DIVER|m_clk0 ;
; seg_sec0[*]   ; diver:U_DIVER|m_clk0 ; 10.238 ; 10.044 ; Fall       ; diver:U_DIVER|m_clk0 ;
;  seg_sec0[0]  ; diver:U_DIVER|m_clk0 ; 9.550  ; 9.441  ; Fall       ; diver:U_DIVER|m_clk0 ;
;  seg_sec0[1]  ; diver:U_DIVER|m_clk0 ; 9.290  ; 9.120  ; Fall       ; diver:U_DIVER|m_clk0 ;
;  seg_sec0[2]  ; diver:U_DIVER|m_clk0 ; 9.279  ; 9.202  ; Fall       ; diver:U_DIVER|m_clk0 ;
;  seg_sec0[3]  ; diver:U_DIVER|m_clk0 ; 10.238 ; 10.044 ; Fall       ; diver:U_DIVER|m_clk0 ;
;  seg_sec0[4]  ; diver:U_DIVER|m_clk0 ; 9.205  ; 9.061  ; Fall       ; diver:U_DIVER|m_clk0 ;
;  seg_sec0[5]  ; diver:U_DIVER|m_clk0 ; 9.581  ; 9.459  ; Fall       ; diver:U_DIVER|m_clk0 ;
;  seg_sec0[6]  ; diver:U_DIVER|m_clk0 ; 9.223  ; 9.253  ; Fall       ; diver:U_DIVER|m_clk0 ;
; seg_sec1[*]   ; diver:U_DIVER|m_clk0 ; 8.052  ; 8.079  ; Fall       ; diver:U_DIVER|m_clk0 ;
;  seg_sec1[0]  ; diver:U_DIVER|m_clk0 ; 8.052  ; 8.079  ; Fall       ; diver:U_DIVER|m_clk0 ;
;  seg_sec1[1]  ; diver:U_DIVER|m_clk0 ; 8.005  ; 8.038  ; Fall       ; diver:U_DIVER|m_clk0 ;
;  seg_sec1[2]  ; diver:U_DIVER|m_clk0 ; 7.860  ; 7.759  ; Fall       ; diver:U_DIVER|m_clk0 ;
;  seg_sec1[3]  ; diver:U_DIVER|m_clk0 ; 7.882  ; 7.877  ; Fall       ; diver:U_DIVER|m_clk0 ;
;  seg_sec1[4]  ; diver:U_DIVER|m_clk0 ; 7.862  ; 7.899  ; Fall       ; diver:U_DIVER|m_clk0 ;
;  seg_sec1[5]  ; diver:U_DIVER|m_clk0 ; 7.848  ; 7.885  ; Fall       ; diver:U_DIVER|m_clk0 ;
;  seg_sec1[6]  ; diver:U_DIVER|m_clk0 ; 8.011  ; 8.017  ; Fall       ; diver:U_DIVER|m_clk0 ;
; speak         ; diver:U_DIVER|m_clk0 ; 9.568  ; 9.885  ; Fall       ; diver:U_DIVER|m_clk0 ;
; hour0[*]      ; diver:U_DIVER|m_clk1 ; 9.364  ; 9.523  ; Fall       ; diver:U_DIVER|m_clk1 ;
;  hour0[0]     ; diver:U_DIVER|m_clk1 ; 9.364  ; 9.523  ; Fall       ; diver:U_DIVER|m_clk1 ;
;  hour0[1]     ; diver:U_DIVER|m_clk1 ; 8.620  ; 8.733  ; Fall       ; diver:U_DIVER|m_clk1 ;
;  hour0[2]     ; diver:U_DIVER|m_clk1 ; 8.741  ; 8.827  ; Fall       ; diver:U_DIVER|m_clk1 ;
;  hour0[3]     ; diver:U_DIVER|m_clk1 ; 8.798  ; 8.932  ; Fall       ; diver:U_DIVER|m_clk1 ;
; hour1[*]      ; diver:U_DIVER|m_clk1 ; 8.863  ; 8.773  ; Fall       ; diver:U_DIVER|m_clk1 ;
;  hour1[0]     ; diver:U_DIVER|m_clk1 ; 8.863  ; 8.773  ; Fall       ; diver:U_DIVER|m_clk1 ;
;  hour1[1]     ; diver:U_DIVER|m_clk1 ; 7.287  ; 7.194  ; Fall       ; diver:U_DIVER|m_clk1 ;
; min0[*]       ; diver:U_DIVER|m_clk1 ; 9.986  ; 10.060 ; Fall       ; diver:U_DIVER|m_clk1 ;
;  min0[0]      ; diver:U_DIVER|m_clk1 ; 9.986  ; 10.060 ; Fall       ; diver:U_DIVER|m_clk1 ;
;  min0[1]      ; diver:U_DIVER|m_clk1 ; 9.518  ; 9.630  ; Fall       ; diver:U_DIVER|m_clk1 ;
;  min0[2]      ; diver:U_DIVER|m_clk1 ; 9.763  ; 9.858  ; Fall       ; diver:U_DIVER|m_clk1 ;
;  min0[3]      ; diver:U_DIVER|m_clk1 ; 9.909  ; 10.017 ; Fall       ; diver:U_DIVER|m_clk1 ;
; min1[*]       ; diver:U_DIVER|m_clk1 ; 9.248  ; 9.226  ; Fall       ; diver:U_DIVER|m_clk1 ;
;  min1[0]      ; diver:U_DIVER|m_clk1 ; 9.248  ; 9.226  ; Fall       ; diver:U_DIVER|m_clk1 ;
;  min1[1]      ; diver:U_DIVER|m_clk1 ; 7.845  ; 7.976  ; Fall       ; diver:U_DIVER|m_clk1 ;
;  min1[2]      ; diver:U_DIVER|m_clk1 ; 7.267  ; 6.928  ; Fall       ; diver:U_DIVER|m_clk1 ;
; sec0[*]       ; diver:U_DIVER|m_clk1 ; 9.737  ; 9.854  ; Fall       ; diver:U_DIVER|m_clk1 ;
;  sec0[0]      ; diver:U_DIVER|m_clk1 ; 9.258  ; 9.284  ; Fall       ; diver:U_DIVER|m_clk1 ;
;  sec0[1]      ; diver:U_DIVER|m_clk1 ; 9.337  ; 9.412  ; Fall       ; diver:U_DIVER|m_clk1 ;
;  sec0[2]      ; diver:U_DIVER|m_clk1 ; 9.722  ; 9.854  ; Fall       ; diver:U_DIVER|m_clk1 ;
;  sec0[3]      ; diver:U_DIVER|m_clk1 ; 9.737  ; 9.843  ; Fall       ; diver:U_DIVER|m_clk1 ;
; sec1[*]       ; diver:U_DIVER|m_clk1 ; 9.498  ; 9.317  ; Fall       ; diver:U_DIVER|m_clk1 ;
;  sec1[0]      ; diver:U_DIVER|m_clk1 ; 9.498  ; 9.317  ; Fall       ; diver:U_DIVER|m_clk1 ;
;  sec1[1]      ; diver:U_DIVER|m_clk1 ; 8.063  ; 7.944  ; Fall       ; diver:U_DIVER|m_clk1 ;
;  sec1[2]      ; diver:U_DIVER|m_clk1 ; 7.496  ; 7.057  ; Fall       ; diver:U_DIVER|m_clk1 ;
; seg_hour0[*]  ; diver:U_DIVER|m_clk1 ; 9.956  ; 9.924  ; Fall       ; diver:U_DIVER|m_clk1 ;
;  seg_hour0[0] ; diver:U_DIVER|m_clk1 ; 9.810  ; 9.732  ; Fall       ; diver:U_DIVER|m_clk1 ;
;  seg_hour0[1] ; diver:U_DIVER|m_clk1 ; 9.790  ; 9.719  ; Fall       ; diver:U_DIVER|m_clk1 ;
;  seg_hour0[2] ; diver:U_DIVER|m_clk1 ; 9.901  ; 9.924  ; Fall       ; diver:U_DIVER|m_clk1 ;
;  seg_hour0[3] ; diver:U_DIVER|m_clk1 ; 9.868  ; 9.792  ; Fall       ; diver:U_DIVER|m_clk1 ;
;  seg_hour0[4] ; diver:U_DIVER|m_clk1 ; 9.814  ; 9.627  ; Fall       ; diver:U_DIVER|m_clk1 ;
;  seg_hour0[5] ; diver:U_DIVER|m_clk1 ; 9.956  ; 9.746  ; Fall       ; diver:U_DIVER|m_clk1 ;
;  seg_hour0[6] ; diver:U_DIVER|m_clk1 ; 9.543  ; 9.477  ; Fall       ; diver:U_DIVER|m_clk1 ;
; seg_hour1[*]  ; diver:U_DIVER|m_clk1 ; 9.867  ; 10.047 ; Fall       ; diver:U_DIVER|m_clk1 ;
;  seg_hour1[0] ; diver:U_DIVER|m_clk1 ; 8.713  ; 8.795  ; Fall       ; diver:U_DIVER|m_clk1 ;
;  seg_hour1[2] ; diver:U_DIVER|m_clk1 ; 8.707  ; 8.640  ; Fall       ; diver:U_DIVER|m_clk1 ;
;  seg_hour1[3] ; diver:U_DIVER|m_clk1 ; 8.743  ; 8.825  ; Fall       ; diver:U_DIVER|m_clk1 ;
;  seg_hour1[4] ; diver:U_DIVER|m_clk1 ; 9.867  ; 10.047 ; Fall       ; diver:U_DIVER|m_clk1 ;
;  seg_hour1[5] ; diver:U_DIVER|m_clk1 ; 9.088  ; 8.970  ; Fall       ; diver:U_DIVER|m_clk1 ;
;  seg_hour1[6] ; diver:U_DIVER|m_clk1 ; 8.286  ; 8.135  ; Fall       ; diver:U_DIVER|m_clk1 ;
; seg_min0[*]   ; diver:U_DIVER|m_clk1 ; 10.691 ; 10.543 ; Fall       ; diver:U_DIVER|m_clk1 ;
;  seg_min0[0]  ; diver:U_DIVER|m_clk1 ; 10.377 ; 10.334 ; Fall       ; diver:U_DIVER|m_clk1 ;
;  seg_min0[1]  ; diver:U_DIVER|m_clk1 ; 10.493 ; 10.440 ; Fall       ; diver:U_DIVER|m_clk1 ;
;  seg_min0[2]  ; diver:U_DIVER|m_clk1 ; 10.462 ; 10.478 ; Fall       ; diver:U_DIVER|m_clk1 ;
;  seg_min0[3]  ; diver:U_DIVER|m_clk1 ; 10.473 ; 10.428 ; Fall       ; diver:U_DIVER|m_clk1 ;
;  seg_min0[4]  ; diver:U_DIVER|m_clk1 ; 10.691 ; 10.543 ; Fall       ; diver:U_DIVER|m_clk1 ;
;  seg_min0[5]  ; diver:U_DIVER|m_clk1 ; 10.501 ; 10.372 ; Fall       ; diver:U_DIVER|m_clk1 ;
;  seg_min0[6]  ; diver:U_DIVER|m_clk1 ; 10.343 ; 10.307 ; Fall       ; diver:U_DIVER|m_clk1 ;
; seg_min1[*]   ; diver:U_DIVER|m_clk1 ; 10.332 ; 10.203 ; Fall       ; diver:U_DIVER|m_clk1 ;
;  seg_min1[0]  ; diver:U_DIVER|m_clk1 ; 9.284  ; 9.334  ; Fall       ; diver:U_DIVER|m_clk1 ;
;  seg_min1[1]  ; diver:U_DIVER|m_clk1 ; 9.388  ; 9.445  ; Fall       ; diver:U_DIVER|m_clk1 ;
;  seg_min1[2]  ; diver:U_DIVER|m_clk1 ; 9.507  ; 9.458  ; Fall       ; diver:U_DIVER|m_clk1 ;
;  seg_min1[3]  ; diver:U_DIVER|m_clk1 ; 9.481  ; 9.413  ; Fall       ; diver:U_DIVER|m_clk1 ;
;  seg_min1[4]  ; diver:U_DIVER|m_clk1 ; 9.531  ; 9.434  ; Fall       ; diver:U_DIVER|m_clk1 ;
;  seg_min1[5]  ; diver:U_DIVER|m_clk1 ; 9.624  ; 9.518  ; Fall       ; diver:U_DIVER|m_clk1 ;
;  seg_min1[6]  ; diver:U_DIVER|m_clk1 ; 10.332 ; 10.203 ; Fall       ; diver:U_DIVER|m_clk1 ;
; seg_sec0[*]   ; diver:U_DIVER|m_clk1 ; 11.536 ; 11.342 ; Fall       ; diver:U_DIVER|m_clk1 ;
;  seg_sec0[0]  ; diver:U_DIVER|m_clk1 ; 10.848 ; 10.739 ; Fall       ; diver:U_DIVER|m_clk1 ;
;  seg_sec0[1]  ; diver:U_DIVER|m_clk1 ; 10.588 ; 10.365 ; Fall       ; diver:U_DIVER|m_clk1 ;
;  seg_sec0[2]  ; diver:U_DIVER|m_clk1 ; 10.577 ; 10.500 ; Fall       ; diver:U_DIVER|m_clk1 ;
;  seg_sec0[3]  ; diver:U_DIVER|m_clk1 ; 11.536 ; 11.342 ; Fall       ; diver:U_DIVER|m_clk1 ;
;  seg_sec0[4]  ; diver:U_DIVER|m_clk1 ; 10.503 ; 10.311 ; Fall       ; diver:U_DIVER|m_clk1 ;
;  seg_sec0[5]  ; diver:U_DIVER|m_clk1 ; 10.879 ; 10.757 ; Fall       ; diver:U_DIVER|m_clk1 ;
;  seg_sec0[6]  ; diver:U_DIVER|m_clk1 ; 10.521 ; 10.551 ; Fall       ; diver:U_DIVER|m_clk1 ;
; seg_sec1[*]   ; diver:U_DIVER|m_clk1 ; 9.888  ; 9.915  ; Fall       ; diver:U_DIVER|m_clk1 ;
;  seg_sec1[0]  ; diver:U_DIVER|m_clk1 ; 9.888  ; 9.915  ; Fall       ; diver:U_DIVER|m_clk1 ;
;  seg_sec1[1]  ; diver:U_DIVER|m_clk1 ; 9.841  ; 9.874  ; Fall       ; diver:U_DIVER|m_clk1 ;
;  seg_sec1[2]  ; diver:U_DIVER|m_clk1 ; 9.696  ; 9.506  ; Fall       ; diver:U_DIVER|m_clk1 ;
;  seg_sec1[3]  ; diver:U_DIVER|m_clk1 ; 9.718  ; 9.713  ; Fall       ; diver:U_DIVER|m_clk1 ;
;  seg_sec1[4]  ; diver:U_DIVER|m_clk1 ; 9.609  ; 9.735  ; Fall       ; diver:U_DIVER|m_clk1 ;
;  seg_sec1[5]  ; diver:U_DIVER|m_clk1 ; 9.595  ; 9.721  ; Fall       ; diver:U_DIVER|m_clk1 ;
;  seg_sec1[6]  ; diver:U_DIVER|m_clk1 ; 9.758  ; 9.853  ; Fall       ; diver:U_DIVER|m_clk1 ;
; speak         ; diver:U_DIVER|m_clk1 ; 11.402 ; 11.613 ; Fall       ; diver:U_DIVER|m_clk1 ;
+---------------+----------------------+--------+--------+------------+----------------------+


+------------------------------------------------------------------------------------------+
; Minimum Clock to Output Times                                                            ;
+---------------+----------------------+-------+-------+------------+----------------------+
; Data Port     ; Clock Port           ; Rise  ; Fall  ; Clock Edge ; Clock Reference      ;
+---------------+----------------------+-------+-------+------------+----------------------+
; hour0[*]      ; clk                  ; 3.657 ; 3.695 ; Rise       ; clk                  ;
;  hour0[0]     ; clk                  ; 4.014 ; 4.105 ; Rise       ; clk                  ;
;  hour0[1]     ; clk                  ; 3.657 ; 3.695 ; Rise       ; clk                  ;
;  hour0[2]     ; clk                  ; 3.663 ; 3.703 ; Rise       ; clk                  ;
;  hour0[3]     ; clk                  ; 4.004 ; 4.106 ; Rise       ; clk                  ;
; hour1[*]      ; clk                  ; 3.859 ; 3.773 ; Rise       ; clk                  ;
;  hour1[0]     ; clk                  ; 3.859 ; 3.773 ; Rise       ; clk                  ;
;  hour1[1]     ; clk                  ; 3.942 ; 3.839 ; Rise       ; clk                  ;
; min0[*]       ; clk                  ; 3.652 ; 3.691 ; Rise       ; clk                  ;
;  min0[0]      ; clk                  ; 3.652 ; 3.691 ; Rise       ; clk                  ;
;  min0[1]      ; clk                  ; 3.664 ; 3.712 ; Rise       ; clk                  ;
;  min0[2]      ; clk                  ; 3.679 ; 3.726 ; Rise       ; clk                  ;
;  min0[3]      ; clk                  ; 3.911 ; 3.953 ; Rise       ; clk                  ;
; min1[*]       ; clk                  ; 3.814 ; 3.753 ; Rise       ; clk                  ;
;  min1[0]      ; clk                  ; 3.814 ; 3.753 ; Rise       ; clk                  ;
;  min1[1]      ; clk                  ; 3.972 ; 3.874 ; Rise       ; clk                  ;
;  min1[2]      ; clk                  ; 3.956 ; 3.863 ; Rise       ; clk                  ;
; sec0[*]       ; clk                  ; 3.976 ; 3.989 ; Rise       ; clk                  ;
;  sec0[0]      ; clk                  ; 4.066 ; 4.243 ; Rise       ; clk                  ;
;  sec0[1]      ; clk                  ; 3.977 ; 3.989 ; Rise       ; clk                  ;
;  sec0[2]      ; clk                  ; 3.976 ; 4.023 ; Rise       ; clk                  ;
;  sec0[3]      ; clk                  ; 4.010 ; 4.040 ; Rise       ; clk                  ;
; sec1[*]       ; clk                  ; 4.180 ; 4.109 ; Rise       ; clk                  ;
;  sec1[0]      ; clk                  ; 4.614 ; 4.432 ; Rise       ; clk                  ;
;  sec1[1]      ; clk                  ; 4.180 ; 4.109 ; Rise       ; clk                  ;
;  sec1[2]      ; clk                  ; 4.532 ; 4.431 ; Rise       ; clk                  ;
; seg_hour0[*]  ; clk                  ; 3.805 ; 3.852 ; Rise       ; clk                  ;
;  seg_hour0[0] ; clk                  ; 4.051 ; 3.989 ; Rise       ; clk                  ;
;  seg_hour0[1] ; clk                  ; 4.027 ; 3.973 ; Rise       ; clk                  ;
;  seg_hour0[2] ; clk                  ; 4.275 ; 4.172 ; Rise       ; clk                  ;
;  seg_hour0[3] ; clk                  ; 4.106 ; 4.046 ; Rise       ; clk                  ;
;  seg_hour0[4] ; clk                  ; 4.051 ; 3.991 ; Rise       ; clk                  ;
;  seg_hour0[5] ; clk                  ; 4.205 ; 4.106 ; Rise       ; clk                  ;
;  seg_hour0[6] ; clk                  ; 3.805 ; 3.852 ; Rise       ; clk                  ;
; seg_hour1[*]  ; clk                  ; 3.708 ; 3.645 ; Rise       ; clk                  ;
;  seg_hour1[0] ; clk                  ; 3.714 ; 3.792 ; Rise       ; clk                  ;
;  seg_hour1[2] ; clk                  ; 3.708 ; 3.645 ; Rise       ; clk                  ;
;  seg_hour1[3] ; clk                  ; 3.744 ; 3.822 ; Rise       ; clk                  ;
;  seg_hour1[4] ; clk                  ; 4.861 ; 5.035 ; Rise       ; clk                  ;
;  seg_hour1[5] ; clk                  ; 4.082 ; 3.979 ; Rise       ; clk                  ;
;  seg_hour1[6] ; clk                  ; 4.941 ; 4.779 ; Rise       ; clk                  ;
; seg_min0[*]   ; clk                  ; 3.885 ; 3.870 ; Rise       ; clk                  ;
;  seg_min0[0]  ; clk                  ; 3.928 ; 3.870 ; Rise       ; clk                  ;
;  seg_min0[1]  ; clk                  ; 4.070 ; 3.970 ; Rise       ; clk                  ;
;  seg_min0[2]  ; clk                  ; 4.096 ; 4.007 ; Rise       ; clk                  ;
;  seg_min0[3]  ; clk                  ; 4.019 ; 3.960 ; Rise       ; clk                  ;
;  seg_min0[4]  ; clk                  ; 4.293 ; 4.174 ; Rise       ; clk                  ;
;  seg_min0[5]  ; clk                  ; 4.047 ; 3.983 ; Rise       ; clk                  ;
;  seg_min0[6]  ; clk                  ; 3.885 ; 3.929 ; Rise       ; clk                  ;
; seg_min1[*]   ; clk                  ; 3.808 ; 3.858 ; Rise       ; clk                  ;
;  seg_min1[0]  ; clk                  ; 3.808 ; 3.858 ; Rise       ; clk                  ;
;  seg_min1[1]  ; clk                  ; 3.908 ; 3.964 ; Rise       ; clk                  ;
;  seg_min1[2]  ; clk                  ; 4.062 ; 3.975 ; Rise       ; clk                  ;
;  seg_min1[3]  ; clk                  ; 3.999 ; 3.932 ; Rise       ; clk                  ;
;  seg_min1[4]  ; clk                  ; 4.049 ; 3.994 ; Rise       ; clk                  ;
;  seg_min1[5]  ; clk                  ; 4.136 ; 4.072 ; Rise       ; clk                  ;
;  seg_min1[6]  ; clk                  ; 4.855 ; 4.767 ; Rise       ; clk                  ;
; seg_sec0[*]   ; clk                  ; 4.517 ; 4.491 ; Rise       ; clk                  ;
;  seg_sec0[0]  ; clk                  ; 4.845 ; 4.770 ; Rise       ; clk                  ;
;  seg_sec0[1]  ; clk                  ; 4.634 ; 4.528 ; Rise       ; clk                  ;
;  seg_sec0[2]  ; clk                  ; 4.629 ; 4.520 ; Rise       ; clk                  ;
;  seg_sec0[3]  ; clk                  ; 5.504 ; 5.346 ; Rise       ; clk                  ;
;  seg_sec0[4]  ; clk                  ; 4.541 ; 4.491 ; Rise       ; clk                  ;
;  seg_sec0[5]  ; clk                  ; 4.876 ; 4.766 ; Rise       ; clk                  ;
;  seg_sec0[6]  ; clk                  ; 4.517 ; 4.571 ; Rise       ; clk                  ;
; seg_sec1[*]   ; clk                  ; 4.653 ; 4.608 ; Rise       ; clk                  ;
;  seg_sec1[0]  ; clk                  ; 4.791 ; 4.879 ; Rise       ; clk                  ;
;  seg_sec1[1]  ; clk                  ; 4.760 ; 4.831 ; Rise       ; clk                  ;
;  seg_sec1[2]  ; clk                  ; 4.788 ; 4.608 ; Rise       ; clk                  ;
;  seg_sec1[3]  ; clk                  ; 4.653 ; 4.637 ; Rise       ; clk                  ;
;  seg_sec1[4]  ; clk                  ; 4.674 ; 4.793 ; Rise       ; clk                  ;
;  seg_sec1[5]  ; clk                  ; 4.661 ; 4.765 ; Rise       ; clk                  ;
;  seg_sec1[6]  ; clk                  ; 4.845 ; 4.893 ; Rise       ; clk                  ;
; speak         ; clk                  ; 3.798 ; 3.810 ; Rise       ; clk                  ;
; sec0[*]       ; diver:U_DIVER|m_clk0 ; 3.541 ; 3.760 ; Fall       ; diver:U_DIVER|m_clk0 ;
;  sec0[0]      ; diver:U_DIVER|m_clk0 ; 3.609 ; 3.854 ; Fall       ; diver:U_DIVER|m_clk0 ;
;  sec0[1]      ; diver:U_DIVER|m_clk0 ; 3.711 ; 3.913 ; Fall       ; diver:U_DIVER|m_clk0 ;
;  sec0[2]      ; diver:U_DIVER|m_clk0 ; 3.541 ; 3.760 ; Fall       ; diver:U_DIVER|m_clk0 ;
;  sec0[3]      ; diver:U_DIVER|m_clk0 ; 3.675 ; 3.887 ; Fall       ; diver:U_DIVER|m_clk0 ;
; sec1[*]       ; diver:U_DIVER|m_clk0 ; 4.063 ; 4.068 ; Fall       ; diver:U_DIVER|m_clk0 ;
;  sec1[0]      ; diver:U_DIVER|m_clk0 ; 4.693 ; 4.585 ; Fall       ; diver:U_DIVER|m_clk0 ;
;  sec1[1]      ; diver:U_DIVER|m_clk0 ; 4.063 ; 4.068 ; Fall       ; diver:U_DIVER|m_clk0 ;
;  sec1[2]      ; diver:U_DIVER|m_clk0 ; 4.210 ; 4.108 ; Fall       ; diver:U_DIVER|m_clk0 ;
; seg_sec0[*]   ; diver:U_DIVER|m_clk0 ; 4.117 ; 4.099 ; Fall       ; diver:U_DIVER|m_clk0 ;
;  seg_sec0[0]  ; diver:U_DIVER|m_clk0 ; 4.446 ; 4.371 ; Fall       ; diver:U_DIVER|m_clk0 ;
;  seg_sec0[1]  ; diver:U_DIVER|m_clk0 ; 4.304 ; 4.128 ; Fall       ; diver:U_DIVER|m_clk0 ;
;  seg_sec0[2]  ; diver:U_DIVER|m_clk0 ; 4.207 ; 4.121 ; Fall       ; diver:U_DIVER|m_clk0 ;
;  seg_sec0[3]  ; diver:U_DIVER|m_clk0 ; 5.105 ; 4.947 ; Fall       ; diver:U_DIVER|m_clk0 ;
;  seg_sec0[4]  ; diver:U_DIVER|m_clk0 ; 4.275 ; 4.099 ; Fall       ; diver:U_DIVER|m_clk0 ;
;  seg_sec0[5]  ; diver:U_DIVER|m_clk0 ; 4.477 ; 4.367 ; Fall       ; diver:U_DIVER|m_clk0 ;
;  seg_sec0[6]  ; diver:U_DIVER|m_clk0 ; 4.117 ; 4.174 ; Fall       ; diver:U_DIVER|m_clk0 ;
; seg_sec1[*]   ; diver:U_DIVER|m_clk0 ; 4.473 ; 4.436 ; Fall       ; diver:U_DIVER|m_clk0 ;
;  seg_sec1[0]  ; diver:U_DIVER|m_clk0 ; 4.609 ; 4.670 ; Fall       ; diver:U_DIVER|m_clk0 ;
;  seg_sec1[1]  ; diver:U_DIVER|m_clk0 ; 4.566 ; 4.754 ; Fall       ; diver:U_DIVER|m_clk0 ;
;  seg_sec1[2]  ; diver:U_DIVER|m_clk0 ; 4.600 ; 4.436 ; Fall       ; diver:U_DIVER|m_clk0 ;
;  seg_sec1[3]  ; diver:U_DIVER|m_clk0 ; 4.473 ; 4.444 ; Fall       ; diver:U_DIVER|m_clk0 ;
;  seg_sec1[4]  ; diver:U_DIVER|m_clk0 ; 4.484 ; 4.594 ; Fall       ; diver:U_DIVER|m_clk0 ;
;  seg_sec1[5]  ; diver:U_DIVER|m_clk0 ; 4.605 ; 4.442 ; Fall       ; diver:U_DIVER|m_clk0 ;
;  seg_sec1[6]  ; diver:U_DIVER|m_clk0 ; 4.629 ; 4.570 ; Fall       ; diver:U_DIVER|m_clk0 ;
; speak         ; diver:U_DIVER|m_clk0 ; 4.165 ; 4.271 ; Fall       ; diver:U_DIVER|m_clk0 ;
; hour0[*]      ; diver:U_DIVER|m_clk1 ; 4.569 ; 4.695 ; Fall       ; diver:U_DIVER|m_clk1 ;
;  hour0[0]     ; diver:U_DIVER|m_clk1 ; 4.709 ; 4.913 ; Fall       ; diver:U_DIVER|m_clk1 ;
;  hour0[1]     ; diver:U_DIVER|m_clk1 ; 4.694 ; 4.762 ; Fall       ; diver:U_DIVER|m_clk1 ;
;  hour0[2]     ; diver:U_DIVER|m_clk1 ; 4.569 ; 4.695 ; Fall       ; diver:U_DIVER|m_clk1 ;
;  hour0[3]     ; diver:U_DIVER|m_clk1 ; 4.852 ; 5.047 ; Fall       ; diver:U_DIVER|m_clk1 ;
; hour1[*]      ; diver:U_DIVER|m_clk1 ; 5.071 ; 4.960 ; Fall       ; diver:U_DIVER|m_clk1 ;
;  hour1[0]     ; diver:U_DIVER|m_clk1 ; 5.071 ; 4.964 ; Fall       ; diver:U_DIVER|m_clk1 ;
;  hour1[1]     ; diver:U_DIVER|m_clk1 ; 5.078 ; 4.960 ; Fall       ; diver:U_DIVER|m_clk1 ;
; min0[*]       ; diver:U_DIVER|m_clk1 ; 3.313 ; 3.463 ; Fall       ; diver:U_DIVER|m_clk1 ;
;  min0[0]      ; diver:U_DIVER|m_clk1 ; 3.313 ; 3.463 ; Fall       ; diver:U_DIVER|m_clk1 ;
;  min0[1]      ; diver:U_DIVER|m_clk1 ; 3.766 ; 3.982 ; Fall       ; diver:U_DIVER|m_clk1 ;
;  min0[2]      ; diver:U_DIVER|m_clk1 ; 4.323 ; 4.590 ; Fall       ; diver:U_DIVER|m_clk1 ;
;  min0[3]      ; diver:U_DIVER|m_clk1 ; 4.368 ; 4.584 ; Fall       ; diver:U_DIVER|m_clk1 ;
; min1[*]       ; diver:U_DIVER|m_clk1 ; 4.216 ; 4.248 ; Fall       ; diver:U_DIVER|m_clk1 ;
;  min1[0]      ; diver:U_DIVER|m_clk1 ; 4.216 ; 4.264 ; Fall       ; diver:U_DIVER|m_clk1 ;
;  min1[1]      ; diver:U_DIVER|m_clk1 ; 4.268 ; 4.291 ; Fall       ; diver:U_DIVER|m_clk1 ;
;  min1[2]      ; diver:U_DIVER|m_clk1 ; 4.325 ; 4.248 ; Fall       ; diver:U_DIVER|m_clk1 ;
; sec0[*]       ; diver:U_DIVER|m_clk1 ; 5.234 ; 5.397 ; Fall       ; diver:U_DIVER|m_clk1 ;
;  sec0[0]      ; diver:U_DIVER|m_clk1 ; 5.234 ; 5.397 ; Fall       ; diver:U_DIVER|m_clk1 ;
;  sec0[1]      ; diver:U_DIVER|m_clk1 ; 5.745 ; 5.893 ; Fall       ; diver:U_DIVER|m_clk1 ;
;  sec0[2]      ; diver:U_DIVER|m_clk1 ; 5.967 ; 6.212 ; Fall       ; diver:U_DIVER|m_clk1 ;
;  sec0[3]      ; diver:U_DIVER|m_clk1 ; 6.192 ; 6.453 ; Fall       ; diver:U_DIVER|m_clk1 ;
; sec1[*]       ; diver:U_DIVER|m_clk1 ; 6.303 ; 6.285 ; Fall       ; diver:U_DIVER|m_clk1 ;
;  sec1[0]      ; diver:U_DIVER|m_clk1 ; 6.898 ; 6.802 ; Fall       ; diver:U_DIVER|m_clk1 ;
;  sec1[1]      ; diver:U_DIVER|m_clk1 ; 6.303 ; 6.285 ; Fall       ; diver:U_DIVER|m_clk1 ;
;  sec1[2]      ; diver:U_DIVER|m_clk1 ; 6.564 ; 6.437 ; Fall       ; diver:U_DIVER|m_clk1 ;
; seg_hour0[*]  ; diver:U_DIVER|m_clk1 ; 4.835 ; 4.816 ; Fall       ; diver:U_DIVER|m_clk1 ;
;  seg_hour0[0] ; diver:U_DIVER|m_clk1 ; 5.013 ; 4.956 ; Fall       ; diver:U_DIVER|m_clk1 ;
;  seg_hour0[1] ; diver:U_DIVER|m_clk1 ; 4.992 ; 4.942 ; Fall       ; diver:U_DIVER|m_clk1 ;
;  seg_hour0[2] ; diver:U_DIVER|m_clk1 ; 5.223 ; 5.174 ; Fall       ; diver:U_DIVER|m_clk1 ;
;  seg_hour0[3] ; diver:U_DIVER|m_clk1 ; 5.069 ; 5.014 ; Fall       ; diver:U_DIVER|m_clk1 ;
;  seg_hour0[4] ; diver:U_DIVER|m_clk1 ; 5.088 ; 4.960 ; Fall       ; diver:U_DIVER|m_clk1 ;
;  seg_hour0[5] ; diver:U_DIVER|m_clk1 ; 5.217 ; 5.074 ; Fall       ; diver:U_DIVER|m_clk1 ;
;  seg_hour0[6] ; diver:U_DIVER|m_clk1 ; 4.835 ; 4.816 ; Fall       ; diver:U_DIVER|m_clk1 ;
; seg_hour1[*]  ; diver:U_DIVER|m_clk1 ; 4.905 ; 4.842 ; Fall       ; diver:U_DIVER|m_clk1 ;
;  seg_hour1[0] ; diver:U_DIVER|m_clk1 ; 4.905 ; 5.023 ; Fall       ; diver:U_DIVER|m_clk1 ;
;  seg_hour1[2] ; diver:U_DIVER|m_clk1 ; 4.924 ; 4.842 ; Fall       ; diver:U_DIVER|m_clk1 ;
;  seg_hour1[3] ; diver:U_DIVER|m_clk1 ; 4.935 ; 5.053 ; Fall       ; diver:U_DIVER|m_clk1 ;
;  seg_hour1[4] ; diver:U_DIVER|m_clk1 ; 6.052 ; 6.247 ; Fall       ; diver:U_DIVER|m_clk1 ;
;  seg_hour1[5] ; diver:U_DIVER|m_clk1 ; 5.293 ; 5.220 ; Fall       ; diver:U_DIVER|m_clk1 ;
;  seg_hour1[6] ; diver:U_DIVER|m_clk1 ; 6.077 ; 5.900 ; Fall       ; diver:U_DIVER|m_clk1 ;
; seg_min0[*]   ; diver:U_DIVER|m_clk1 ; 3.622 ; 3.572 ; Fall       ; diver:U_DIVER|m_clk1 ;
;  seg_min0[0]  ; diver:U_DIVER|m_clk1 ; 3.622 ; 3.572 ; Fall       ; diver:U_DIVER|m_clk1 ;
;  seg_min0[1]  ; diver:U_DIVER|m_clk1 ; 3.733 ; 3.674 ; Fall       ; diver:U_DIVER|m_clk1 ;
;  seg_min0[2]  ; diver:U_DIVER|m_clk1 ; 3.771 ; 3.863 ; Fall       ; diver:U_DIVER|m_clk1 ;
;  seg_min0[3]  ; diver:U_DIVER|m_clk1 ; 3.715 ; 3.664 ; Fall       ; diver:U_DIVER|m_clk1 ;
;  seg_min0[4]  ; diver:U_DIVER|m_clk1 ; 4.069 ; 3.847 ; Fall       ; diver:U_DIVER|m_clk1 ;
;  seg_min0[5]  ; diver:U_DIVER|m_clk1 ; 3.887 ; 3.684 ; Fall       ; diver:U_DIVER|m_clk1 ;
;  seg_min0[6]  ; diver:U_DIVER|m_clk1 ; 3.734 ; 3.623 ; Fall       ; diver:U_DIVER|m_clk1 ;
; seg_min1[*]   ; diver:U_DIVER|m_clk1 ; 4.244 ; 4.287 ; Fall       ; diver:U_DIVER|m_clk1 ;
;  seg_min1[0]  ; diver:U_DIVER|m_clk1 ; 4.244 ; 4.287 ; Fall       ; diver:U_DIVER|m_clk1 ;
;  seg_min1[1]  ; diver:U_DIVER|m_clk1 ; 4.340 ; 4.389 ; Fall       ; diver:U_DIVER|m_clk1 ;
;  seg_min1[2]  ; diver:U_DIVER|m_clk1 ; 4.464 ; 4.417 ; Fall       ; diver:U_DIVER|m_clk1 ;
;  seg_min1[3]  ; diver:U_DIVER|m_clk1 ; 4.423 ; 4.363 ; Fall       ; diver:U_DIVER|m_clk1 ;
;  seg_min1[4]  ; diver:U_DIVER|m_clk1 ; 4.500 ; 4.396 ; Fall       ; diver:U_DIVER|m_clk1 ;
;  seg_min1[5]  ; diver:U_DIVER|m_clk1 ; 4.615 ; 4.474 ; Fall       ; diver:U_DIVER|m_clk1 ;
;  seg_min1[6]  ; diver:U_DIVER|m_clk1 ; 5.302 ; 5.169 ; Fall       ; diver:U_DIVER|m_clk1 ;
; seg_sec0[*]   ; diver:U_DIVER|m_clk1 ; 5.913 ; 5.800 ; Fall       ; diver:U_DIVER|m_clk1 ;
;  seg_sec0[0]  ; diver:U_DIVER|m_clk1 ; 6.177 ; 6.110 ; Fall       ; diver:U_DIVER|m_clk1 ;
;  seg_sec0[1]  ; diver:U_DIVER|m_clk1 ; 5.929 ; 5.868 ; Fall       ; diver:U_DIVER|m_clk1 ;
;  seg_sec0[2]  ; diver:U_DIVER|m_clk1 ; 5.913 ; 6.054 ; Fall       ; diver:U_DIVER|m_clk1 ;
;  seg_sec0[3]  ; diver:U_DIVER|m_clk1 ; 6.826 ; 6.676 ; Fall       ; diver:U_DIVER|m_clk1 ;
;  seg_sec0[4]  ; diver:U_DIVER|m_clk1 ; 6.025 ; 5.800 ; Fall       ; diver:U_DIVER|m_clk1 ;
;  seg_sec0[5]  ; diver:U_DIVER|m_clk1 ; 6.389 ; 6.096 ; Fall       ; diver:U_DIVER|m_clk1 ;
;  seg_sec0[6]  ; diver:U_DIVER|m_clk1 ; 6.038 ; 5.895 ; Fall       ; diver:U_DIVER|m_clk1 ;
; seg_sec1[*]   ; diver:U_DIVER|m_clk1 ; 6.802 ; 6.765 ; Fall       ; diver:U_DIVER|m_clk1 ;
;  seg_sec1[0]  ; diver:U_DIVER|m_clk1 ; 6.938 ; 6.999 ; Fall       ; diver:U_DIVER|m_clk1 ;
;  seg_sec1[1]  ; diver:U_DIVER|m_clk1 ; 6.895 ; 7.108 ; Fall       ; diver:U_DIVER|m_clk1 ;
;  seg_sec1[2]  ; diver:U_DIVER|m_clk1 ; 6.954 ; 6.765 ; Fall       ; diver:U_DIVER|m_clk1 ;
;  seg_sec1[3]  ; diver:U_DIVER|m_clk1 ; 6.802 ; 6.773 ; Fall       ; diver:U_DIVER|m_clk1 ;
;  seg_sec1[4]  ; diver:U_DIVER|m_clk1 ; 6.813 ; 6.948 ; Fall       ; diver:U_DIVER|m_clk1 ;
;  seg_sec1[5]  ; diver:U_DIVER|m_clk1 ; 6.959 ; 6.771 ; Fall       ; diver:U_DIVER|m_clk1 ;
;  seg_sec1[6]  ; diver:U_DIVER|m_clk1 ; 6.958 ; 6.899 ; Fall       ; diver:U_DIVER|m_clk1 ;
; speak         ; diver:U_DIVER|m_clk1 ; 4.023 ; 4.185 ; Fall       ; diver:U_DIVER|m_clk1 ;
+---------------+----------------------+-------+-------+------------+----------------------+


---------------------------------------------
; Fast 1200mV 0C Model Metastability Report ;
---------------------------------------------
No synchronizer chains to report.


+-------------------------------------------------------------------------------------+
; Multicorner Timing Analysis Summary                                                 ;
+-----------------------+---------+--------+----------+---------+---------------------+
; Clock                 ; Setup   ; Hold   ; Recovery ; Removal ; Minimum Pulse Width ;
+-----------------------+---------+--------+----------+---------+---------------------+
; Worst-case Slack      ; -1.151  ; -0.080 ; N/A      ; N/A     ; -3.000              ;
;  clk                  ; -0.224  ; -0.080 ; N/A      ; N/A     ; -3.000              ;
;  diver:U_DIVER|m_clk0 ; -1.119  ; 0.199  ; N/A      ; N/A     ; -1.000              ;
;  diver:U_DIVER|m_clk1 ; -1.151  ; -0.010 ; N/A      ; N/A     ; -1.000              ;
; Design-wide TNS       ; -24.301 ; -0.209 ; 0.0      ; 0.0     ; -42.253             ;
;  clk                  ; -0.224  ; -0.159 ; N/A      ; N/A     ; -8.253              ;
;  diver:U_DIVER|m_clk0 ; -4.328  ; 0.000  ; N/A      ; N/A     ; -6.000              ;
;  diver:U_DIVER|m_clk1 ; -19.749 ; -0.050 ; N/A      ; N/A     ; -28.000             ;
+-----------------------+---------+--------+----------+---------+---------------------+


+----------------------------------------------------------------------------------------+
; Setup Times                                                                            ;
+-----------+----------------------+--------+--------+------------+----------------------+
; Data Port ; Clock Port           ; Rise   ; Fall   ; Clock Edge ; Clock Reference      ;
+-----------+----------------------+--------+--------+------------+----------------------+
; key_shift ; clk                  ; -0.102 ; 0.206  ; Rise       ; clk                  ;
; key_hour  ; diver:U_DIVER|m_clk1 ; 0.993  ; 1.420  ; Fall       ; diver:U_DIVER|m_clk1 ;
; key_min   ; diver:U_DIVER|m_clk1 ; 0.753  ; 1.204  ; Fall       ; diver:U_DIVER|m_clk1 ;
; key_sec   ; diver:U_DIVER|m_clk1 ; -1.028 ; -0.673 ; Fall       ; diver:U_DIVER|m_clk1 ;
+-----------+----------------------+--------+--------+------------+----------------------+


+----------------------------------------------------------------------------------------+
; Hold Times                                                                             ;
+-----------+----------------------+--------+--------+------------+----------------------+
; Data Port ; Clock Port           ; Rise   ; Fall   ; Clock Edge ; Clock Reference      ;
+-----------+----------------------+--------+--------+------------+----------------------+
; key_shift ; clk                  ; 0.489  ; 0.349  ; Rise       ; clk                  ;
; key_hour  ; diver:U_DIVER|m_clk1 ; -0.067 ; -0.724 ; Fall       ; diver:U_DIVER|m_clk1 ;
; key_min   ; diver:U_DIVER|m_clk1 ; 0.047  ; -0.599 ; Fall       ; diver:U_DIVER|m_clk1 ;
; key_sec   ; diver:U_DIVER|m_clk1 ; 1.730  ; 1.611  ; Fall       ; diver:U_DIVER|m_clk1 ;
+-----------+----------------------+--------+--------+------------+----------------------+


+--------------------------------------------------------------------------------------------+
; Clock to Output Times                                                                      ;
+---------------+----------------------+--------+--------+------------+----------------------+
; Data Port     ; Clock Port           ; Rise   ; Fall   ; Clock Edge ; Clock Reference      ;
+---------------+----------------------+--------+--------+------------+----------------------+
; hour0[*]      ; clk                  ; 7.205  ; 7.133  ; Rise       ; clk                  ;
;  hour0[0]     ; clk                  ; 7.108  ; 7.130  ; Rise       ; clk                  ;
;  hour0[1]     ; clk                  ; 6.472  ; 6.474  ; Rise       ; clk                  ;
;  hour0[2]     ; clk                  ; 6.491  ; 6.517  ; Rise       ; clk                  ;
;  hour0[3]     ; clk                  ; 7.205  ; 7.133  ; Rise       ; clk                  ;
; hour1[*]      ; clk                  ; 6.903  ; 6.949  ; Rise       ; clk                  ;
;  hour1[0]     ; clk                  ; 6.760  ; 6.753  ; Rise       ; clk                  ;
;  hour1[1]     ; clk                  ; 6.903  ; 6.949  ; Rise       ; clk                  ;
; min0[*]       ; clk                  ; 6.964  ; 7.003  ; Rise       ; clk                  ;
;  min0[0]      ; clk                  ; 6.468  ; 6.497  ; Rise       ; clk                  ;
;  min0[1]      ; clk                  ; 6.483  ; 6.498  ; Rise       ; clk                  ;
;  min0[2]      ; clk                  ; 6.530  ; 6.511  ; Rise       ; clk                  ;
;  min0[3]      ; clk                  ; 6.964  ; 7.003  ; Rise       ; clk                  ;
; min1[*]       ; clk                  ; 6.898  ; 6.976  ; Rise       ; clk                  ;
;  min1[0]      ; clk                  ; 6.664  ; 6.711  ; Rise       ; clk                  ;
;  min1[1]      ; clk                  ; 6.898  ; 6.976  ; Rise       ; clk                  ;
;  min1[2]      ; clk                  ; 6.873  ; 6.909  ; Rise       ; clk                  ;
; sec0[*]       ; clk                  ; 8.736  ; 8.790  ; Rise       ; clk                  ;
;  sec0[0]      ; clk                  ; 7.469  ; 7.426  ; Rise       ; clk                  ;
;  sec0[1]      ; clk                  ; 7.955  ; 7.957  ; Rise       ; clk                  ;
;  sec0[2]      ; clk                  ; 8.736  ; 8.790  ; Rise       ; clk                  ;
;  sec0[3]      ; clk                  ; 8.664  ; 8.730  ; Rise       ; clk                  ;
; sec1[*]       ; clk                  ; 8.032  ; 7.956  ; Rise       ; clk                  ;
;  sec1[0]      ; clk                  ; 8.032  ; 7.956  ; Rise       ; clk                  ;
;  sec1[1]      ; clk                  ; 7.375  ; 7.297  ; Rise       ; clk                  ;
;  sec1[2]      ; clk                  ; 8.004  ; 7.916  ; Rise       ; clk                  ;
; seg_hour0[*]  ; clk                  ; 8.004  ; 7.973  ; Rise       ; clk                  ;
;  seg_hour0[0] ; clk                  ; 7.668  ; 7.653  ; Rise       ; clk                  ;
;  seg_hour0[1] ; clk                  ; 7.632  ; 7.634  ; Rise       ; clk                  ;
;  seg_hour0[2] ; clk                  ; 8.004  ; 7.973  ; Rise       ; clk                  ;
;  seg_hour0[3] ; clk                  ; 7.756  ; 7.776  ; Rise       ; clk                  ;
;  seg_hour0[4] ; clk                  ; 7.672  ; 7.651  ; Rise       ; clk                  ;
;  seg_hour0[5] ; clk                  ; 7.862  ; 7.862  ; Rise       ; clk                  ;
;  seg_hour0[6] ; clk                  ; 7.324  ; 7.297  ; Rise       ; clk                  ;
; seg_hour1[*]  ; clk                  ; 8.307  ; 8.369  ; Rise       ; clk                  ;
;  seg_hour1[0] ; clk                  ; 7.786  ; 7.823  ; Rise       ; clk                  ;
;  seg_hour1[2] ; clk                  ; 7.675  ; 7.658  ; Rise       ; clk                  ;
;  seg_hour1[3] ; clk                  ; 7.816  ; 7.853  ; Rise       ; clk                  ;
;  seg_hour1[4] ; clk                  ; 8.292  ; 8.369  ; Rise       ; clk                  ;
;  seg_hour1[5] ; clk                  ; 8.307  ; 8.253  ; Rise       ; clk                  ;
;  seg_hour1[6] ; clk                  ; 8.289  ; 8.257  ; Rise       ; clk                  ;
; seg_min0[*]   ; clk                  ; 7.815  ; 7.685  ; Rise       ; clk                  ;
;  seg_min0[0]  ; clk                  ; 7.300  ; 7.267  ; Rise       ; clk                  ;
;  seg_min0[1]  ; clk                  ; 7.500  ; 7.370  ; Rise       ; clk                  ;
;  seg_min0[2]  ; clk                  ; 7.579  ; 7.418  ; Rise       ; clk                  ;
;  seg_min0[3]  ; clk                  ; 7.483  ; 7.442  ; Rise       ; clk                  ;
;  seg_min0[4]  ; clk                  ; 7.815  ; 7.685  ; Rise       ; clk                  ;
;  seg_min0[5]  ; clk                  ; 7.517  ; 7.469  ; Rise       ; clk                  ;
;  seg_min0[6]  ; clk                  ; 7.337  ; 7.324  ; Rise       ; clk                  ;
; seg_min1[*]   ; clk                  ; 8.696  ; 8.649  ; Rise       ; clk                  ;
;  seg_min1[0]  ; clk                  ; 7.384  ; 7.360  ; Rise       ; clk                  ;
;  seg_min1[1]  ; clk                  ; 7.598  ; 7.564  ; Rise       ; clk                  ;
;  seg_min1[2]  ; clk                  ; 7.631  ; 7.661  ; Rise       ; clk                  ;
;  seg_min1[3]  ; clk                  ; 7.559  ; 7.587  ; Rise       ; clk                  ;
;  seg_min1[4]  ; clk                  ; 7.593  ; 7.584  ; Rise       ; clk                  ;
;  seg_min1[5]  ; clk                  ; 7.776  ; 7.772  ; Rise       ; clk                  ;
;  seg_min1[6]  ; clk                  ; 8.696  ; 8.649  ; Rise       ; clk                  ;
; seg_sec0[*]   ; clk                  ; 11.555 ; 11.533 ; Rise       ; clk                  ;
;  seg_sec0[0]  ; clk                  ; 10.470 ; 10.395 ; Rise       ; clk                  ;
;  seg_sec0[1]  ; clk                  ; 10.030 ; 9.935  ; Rise       ; clk                  ;
;  seg_sec0[2]  ; clk                  ; 10.021 ; 10.004 ; Rise       ; clk                  ;
;  seg_sec0[3]  ; clk                  ; 11.555 ; 11.533 ; Rise       ; clk                  ;
;  seg_sec0[4]  ; clk                  ; 9.921  ; 9.827  ; Rise       ; clk                  ;
;  seg_sec0[5]  ; clk                  ; 10.522 ; 10.485 ; Rise       ; clk                  ;
;  seg_sec0[6]  ; clk                  ; 10.022 ; 9.975  ; Rise       ; clk                  ;
; seg_sec1[*]   ; clk                  ; 9.042  ; 8.961  ; Rise       ; clk                  ;
;  seg_sec1[0]  ; clk                  ; 9.042  ; 8.961  ; Rise       ; clk                  ;
;  seg_sec1[1]  ; clk                  ; 8.900  ; 8.939  ; Rise       ; clk                  ;
;  seg_sec1[2]  ; clk                  ; 8.628  ; 8.714  ; Rise       ; clk                  ;
;  seg_sec1[3]  ; clk                  ; 8.710  ; 8.725  ; Rise       ; clk                  ;
;  seg_sec1[4]  ; clk                  ; 8.722  ; 8.697  ; Rise       ; clk                  ;
;  seg_sec1[5]  ; clk                  ; 8.644  ; 8.732  ; Rise       ; clk                  ;
;  seg_sec1[6]  ; clk                  ; 8.961  ; 8.917  ; Rise       ; clk                  ;
; speak         ; clk                  ; 10.425 ; 10.503 ; Rise       ; clk                  ;
; sec0[*]       ; diver:U_DIVER|m_clk0 ; 14.838 ; 14.687 ; Fall       ; diver:U_DIVER|m_clk0 ;
;  sec0[0]      ; diver:U_DIVER|m_clk0 ; 14.416 ; 14.510 ; Fall       ; diver:U_DIVER|m_clk0 ;
;  sec0[1]      ; diver:U_DIVER|m_clk0 ; 14.057 ; 13.854 ; Fall       ; diver:U_DIVER|m_clk0 ;
;  sec0[2]      ; diver:U_DIVER|m_clk0 ; 14.838 ; 14.687 ; Fall       ; diver:U_DIVER|m_clk0 ;
;  sec0[3]      ; diver:U_DIVER|m_clk0 ; 14.766 ; 14.627 ; Fall       ; diver:U_DIVER|m_clk0 ;
; sec1[*]       ; diver:U_DIVER|m_clk0 ; 13.033 ; 13.197 ; Fall       ; diver:U_DIVER|m_clk0 ;
;  sec1[0]      ; diver:U_DIVER|m_clk0 ; 13.033 ; 13.197 ; Fall       ; diver:U_DIVER|m_clk0 ;
;  sec1[1]      ; diver:U_DIVER|m_clk0 ; 10.403 ; 10.220 ; Fall       ; diver:U_DIVER|m_clk0 ;
;  sec1[2]      ; diver:U_DIVER|m_clk0 ; 8.729  ; 8.395  ; Fall       ; diver:U_DIVER|m_clk0 ;
; seg_sec0[*]   ; diver:U_DIVER|m_clk0 ; 17.512 ; 17.604 ; Fall       ; diver:U_DIVER|m_clk0 ;
;  seg_sec0[0]  ; diver:U_DIVER|m_clk0 ; 16.431 ; 16.470 ; Fall       ; diver:U_DIVER|m_clk0 ;
;  seg_sec0[1]  ; diver:U_DIVER|m_clk0 ; 15.927 ; 16.037 ; Fall       ; diver:U_DIVER|m_clk0 ;
;  seg_sec0[2]  ; diver:U_DIVER|m_clk0 ; 16.015 ; 16.026 ; Fall       ; diver:U_DIVER|m_clk0 ;
;  seg_sec0[3]  ; diver:U_DIVER|m_clk0 ; 17.512 ; 17.604 ; Fall       ; diver:U_DIVER|m_clk0 ;
;  seg_sec0[4]  ; diver:U_DIVER|m_clk0 ; 15.818 ; 15.929 ; Fall       ; diver:U_DIVER|m_clk0 ;
;  seg_sec0[5]  ; diver:U_DIVER|m_clk0 ; 16.522 ; 16.513 ; Fall       ; diver:U_DIVER|m_clk0 ;
;  seg_sec0[6]  ; diver:U_DIVER|m_clk0 ; 16.012 ; 16.022 ; Fall       ; diver:U_DIVER|m_clk0 ;
; seg_sec1[*]   ; diver:U_DIVER|m_clk0 ; 13.921 ; 13.966 ; Fall       ; diver:U_DIVER|m_clk0 ;
;  seg_sec1[0]  ; diver:U_DIVER|m_clk0 ; 13.921 ; 13.966 ; Fall       ; diver:U_DIVER|m_clk0 ;
;  seg_sec1[1]  ; diver:U_DIVER|m_clk0 ; 13.807 ; 13.865 ; Fall       ; diver:U_DIVER|m_clk0 ;
;  seg_sec1[2]  ; diver:U_DIVER|m_clk0 ; 13.471 ; 13.585 ; Fall       ; diver:U_DIVER|m_clk0 ;
;  seg_sec1[3]  ; diver:U_DIVER|m_clk0 ; 13.635 ; 13.632 ; Fall       ; diver:U_DIVER|m_clk0 ;
;  seg_sec1[4]  ; diver:U_DIVER|m_clk0 ; 13.659 ; 13.601 ; Fall       ; diver:U_DIVER|m_clk0 ;
;  seg_sec1[5]  ; diver:U_DIVER|m_clk0 ; 13.651 ; 13.597 ; Fall       ; diver:U_DIVER|m_clk0 ;
;  seg_sec1[6]  ; diver:U_DIVER|m_clk0 ; 13.890 ; 13.778 ; Fall       ; diver:U_DIVER|m_clk0 ;
; speak         ; diver:U_DIVER|m_clk0 ; 16.820 ; 17.012 ; Fall       ; diver:U_DIVER|m_clk0 ;
; hour0[*]      ; diver:U_DIVER|m_clk1 ; 15.918 ; 15.985 ; Fall       ; diver:U_DIVER|m_clk1 ;
;  hour0[0]     ; diver:U_DIVER|m_clk1 ; 15.918 ; 15.985 ; Fall       ; diver:U_DIVER|m_clk1 ;
;  hour0[1]     ; diver:U_DIVER|m_clk1 ; 14.628 ; 14.621 ; Fall       ; diver:U_DIVER|m_clk1 ;
;  hour0[2]     ; diver:U_DIVER|m_clk1 ; 14.853 ; 14.854 ; Fall       ; diver:U_DIVER|m_clk1 ;
;  hour0[3]     ; diver:U_DIVER|m_clk1 ; 14.963 ; 14.972 ; Fall       ; diver:U_DIVER|m_clk1 ;
; hour1[*]      ; diver:U_DIVER|m_clk1 ; 14.964 ; 14.921 ; Fall       ; diver:U_DIVER|m_clk1 ;
;  hour1[0]     ; diver:U_DIVER|m_clk1 ; 14.964 ; 14.921 ; Fall       ; diver:U_DIVER|m_clk1 ;
;  hour1[1]     ; diver:U_DIVER|m_clk1 ; 12.116 ; 12.101 ; Fall       ; diver:U_DIVER|m_clk1 ;
; min0[*]       ; diver:U_DIVER|m_clk1 ; 17.021 ; 16.992 ; Fall       ; diver:U_DIVER|m_clk1 ;
;  min0[0]      ; diver:U_DIVER|m_clk1 ; 17.021 ; 16.992 ; Fall       ; diver:U_DIVER|m_clk1 ;
;  min0[1]      ; diver:U_DIVER|m_clk1 ; 16.241 ; 16.245 ; Fall       ; diver:U_DIVER|m_clk1 ;
;  min0[2]      ; diver:U_DIVER|m_clk1 ; 16.681 ; 16.645 ; Fall       ; diver:U_DIVER|m_clk1 ;
;  min0[3]      ; diver:U_DIVER|m_clk1 ; 16.954 ; 16.910 ; Fall       ; diver:U_DIVER|m_clk1 ;
; min1[*]       ; diver:U_DIVER|m_clk1 ; 15.548 ; 15.734 ; Fall       ; diver:U_DIVER|m_clk1 ;
;  min1[0]      ; diver:U_DIVER|m_clk1 ; 15.548 ; 15.734 ; Fall       ; diver:U_DIVER|m_clk1 ;
;  min1[1]      ; diver:U_DIVER|m_clk1 ; 13.085 ; 13.404 ; Fall       ; diver:U_DIVER|m_clk1 ;
;  min1[2]      ; diver:U_DIVER|m_clk1 ; 11.939 ; 11.842 ; Fall       ; diver:U_DIVER|m_clk1 ;
; sec0[*]       ; diver:U_DIVER|m_clk1 ; 16.757 ; 16.683 ; Fall       ; diver:U_DIVER|m_clk1 ;
;  sec0[0]      ; diver:U_DIVER|m_clk1 ; 15.872 ; 15.708 ; Fall       ; diver:U_DIVER|m_clk1 ;
;  sec0[1]      ; diver:U_DIVER|m_clk1 ; 16.011 ; 15.904 ; Fall       ; diver:U_DIVER|m_clk1 ;
;  sec0[2]      ; diver:U_DIVER|m_clk1 ; 16.757 ; 16.683 ; Fall       ; diver:U_DIVER|m_clk1 ;
;  sec0[3]      ; diver:U_DIVER|m_clk1 ; 16.721 ; 16.677 ; Fall       ; diver:U_DIVER|m_clk1 ;
; sec1[*]       ; diver:U_DIVER|m_clk1 ; 15.924 ; 15.926 ; Fall       ; diver:U_DIVER|m_clk1 ;
;  sec1[0]      ; diver:U_DIVER|m_clk1 ; 15.924 ; 15.926 ; Fall       ; diver:U_DIVER|m_clk1 ;
;  sec1[1]      ; diver:U_DIVER|m_clk1 ; 13.480 ; 13.405 ; Fall       ; diver:U_DIVER|m_clk1 ;
;  sec1[2]      ; diver:U_DIVER|m_clk1 ; 12.385 ; 12.004 ; Fall       ; diver:U_DIVER|m_clk1 ;
; seg_hour0[*]  ; diver:U_DIVER|m_clk1 ; 16.814 ; 16.828 ; Fall       ; diver:U_DIVER|m_clk1 ;
;  seg_hour0[0] ; diver:U_DIVER|m_clk1 ; 16.523 ; 16.508 ; Fall       ; diver:U_DIVER|m_clk1 ;
;  seg_hour0[1] ; diver:U_DIVER|m_clk1 ; 16.487 ; 16.489 ; Fall       ; diver:U_DIVER|m_clk1 ;
;  seg_hour0[2] ; diver:U_DIVER|m_clk1 ; 16.814 ; 16.828 ; Fall       ; diver:U_DIVER|m_clk1 ;
;  seg_hour0[3] ; diver:U_DIVER|m_clk1 ; 16.611 ; 16.631 ; Fall       ; diver:U_DIVER|m_clk1 ;
;  seg_hour0[4] ; diver:U_DIVER|m_clk1 ; 16.527 ; 16.461 ; Fall       ; diver:U_DIVER|m_clk1 ;
;  seg_hour0[5] ; diver:U_DIVER|m_clk1 ; 16.717 ; 16.672 ; Fall       ; diver:U_DIVER|m_clk1 ;
;  seg_hour0[6] ; diver:U_DIVER|m_clk1 ; 16.179 ; 16.107 ; Fall       ; diver:U_DIVER|m_clk1 ;
; seg_hour1[*]  ; diver:U_DIVER|m_clk1 ; 16.460 ; 16.573 ; Fall       ; diver:U_DIVER|m_clk1 ;
;  seg_hour1[0] ; diver:U_DIVER|m_clk1 ; 14.787 ; 14.810 ; Fall       ; diver:U_DIVER|m_clk1 ;
;  seg_hour1[2] ; diver:U_DIVER|m_clk1 ; 14.652 ; 14.638 ; Fall       ; diver:U_DIVER|m_clk1 ;
;  seg_hour1[3] ; diver:U_DIVER|m_clk1 ; 14.817 ; 14.840 ; Fall       ; diver:U_DIVER|m_clk1 ;
;  seg_hour1[4] ; diver:U_DIVER|m_clk1 ; 16.460 ; 16.573 ; Fall       ; diver:U_DIVER|m_clk1 ;
;  seg_hour1[5] ; diver:U_DIVER|m_clk1 ; 15.247 ; 15.219 ; Fall       ; diver:U_DIVER|m_clk1 ;
;  seg_hour1[6] ; diver:U_DIVER|m_clk1 ; 13.502 ; 13.409 ; Fall       ; diver:U_DIVER|m_clk1 ;
; seg_min0[*]   ; diver:U_DIVER|m_clk1 ; 18.017 ; 18.056 ; Fall       ; diver:U_DIVER|m_clk1 ;
;  seg_min0[0]  ; diver:U_DIVER|m_clk1 ; 17.510 ; 17.537 ; Fall       ; diver:U_DIVER|m_clk1 ;
;  seg_min0[1]  ; diver:U_DIVER|m_clk1 ; 17.688 ; 17.744 ; Fall       ; diver:U_DIVER|m_clk1 ;
;  seg_min0[2]  ; diver:U_DIVER|m_clk1 ; 17.770 ; 17.794 ; Fall       ; diver:U_DIVER|m_clk1 ;
;  seg_min0[3]  ; diver:U_DIVER|m_clk1 ; 17.700 ; 17.716 ; Fall       ; diver:U_DIVER|m_clk1 ;
;  seg_min0[4]  ; diver:U_DIVER|m_clk1 ; 18.017 ; 18.056 ; Fall       ; diver:U_DIVER|m_clk1 ;
;  seg_min0[5]  ; diver:U_DIVER|m_clk1 ; 17.701 ; 17.736 ; Fall       ; diver:U_DIVER|m_clk1 ;
;  seg_min0[6]  ; diver:U_DIVER|m_clk1 ; 17.538 ; 17.534 ; Fall       ; diver:U_DIVER|m_clk1 ;
; seg_min1[*]   ; diver:U_DIVER|m_clk1 ; 17.166 ; 17.004 ; Fall       ; diver:U_DIVER|m_clk1 ;
;  seg_min1[0]  ; diver:U_DIVER|m_clk1 ; 15.865 ; 15.840 ; Fall       ; diver:U_DIVER|m_clk1 ;
;  seg_min1[1]  ; diver:U_DIVER|m_clk1 ; 16.062 ; 16.033 ; Fall       ; diver:U_DIVER|m_clk1 ;
;  seg_min1[2]  ; diver:U_DIVER|m_clk1 ; 16.018 ; 16.172 ; Fall       ; diver:U_DIVER|m_clk1 ;
;  seg_min1[3]  ; diver:U_DIVER|m_clk1 ; 16.030 ; 16.054 ; Fall       ; diver:U_DIVER|m_clk1 ;
;  seg_min1[4]  ; diver:U_DIVER|m_clk1 ; 16.116 ; 16.022 ; Fall       ; diver:U_DIVER|m_clk1 ;
;  seg_min1[5]  ; diver:U_DIVER|m_clk1 ; 16.250 ; 16.123 ; Fall       ; diver:U_DIVER|m_clk1 ;
;  seg_min1[6]  ; diver:U_DIVER|m_clk1 ; 17.166 ; 17.004 ; Fall       ; diver:U_DIVER|m_clk1 ;
; seg_sec0[*]   ; diver:U_DIVER|m_clk1 ; 19.448 ; 19.523 ; Fall       ; diver:U_DIVER|m_clk1 ;
;  seg_sec0[0]  ; diver:U_DIVER|m_clk1 ; 18.363 ; 18.389 ; Fall       ; diver:U_DIVER|m_clk1 ;
;  seg_sec0[1]  ; diver:U_DIVER|m_clk1 ; 17.923 ; 17.956 ; Fall       ; diver:U_DIVER|m_clk1 ;
;  seg_sec0[2]  ; diver:U_DIVER|m_clk1 ; 17.934 ; 17.945 ; Fall       ; diver:U_DIVER|m_clk1 ;
;  seg_sec0[3]  ; diver:U_DIVER|m_clk1 ; 19.448 ; 19.523 ; Fall       ; diver:U_DIVER|m_clk1 ;
;  seg_sec0[4]  ; diver:U_DIVER|m_clk1 ; 17.814 ; 17.848 ; Fall       ; diver:U_DIVER|m_clk1 ;
;  seg_sec0[5]  ; diver:U_DIVER|m_clk1 ; 18.441 ; 18.432 ; Fall       ; diver:U_DIVER|m_clk1 ;
;  seg_sec0[6]  ; diver:U_DIVER|m_clk1 ; 17.931 ; 17.941 ; Fall       ; diver:U_DIVER|m_clk1 ;
; seg_sec1[*]   ; diver:U_DIVER|m_clk1 ; 16.780 ; 16.698 ; Fall       ; diver:U_DIVER|m_clk1 ;
;  seg_sec1[0]  ; diver:U_DIVER|m_clk1 ; 16.780 ; 16.698 ; Fall       ; diver:U_DIVER|m_clk1 ;
;  seg_sec1[1]  ; diver:U_DIVER|m_clk1 ; 16.646 ; 16.627 ; Fall       ; diver:U_DIVER|m_clk1 ;
;  seg_sec1[2]  ; diver:U_DIVER|m_clk1 ; 16.362 ; 16.314 ; Fall       ; diver:U_DIVER|m_clk1 ;
;  seg_sec1[3]  ; diver:U_DIVER|m_clk1 ; 16.397 ; 16.471 ; Fall       ; diver:U_DIVER|m_clk1 ;
;  seg_sec1[4]  ; diver:U_DIVER|m_clk1 ; 16.388 ; 16.492 ; Fall       ; diver:U_DIVER|m_clk1 ;
;  seg_sec1[5]  ; diver:U_DIVER|m_clk1 ; 16.380 ; 16.488 ; Fall       ; diver:U_DIVER|m_clk1 ;
;  seg_sec1[6]  ; diver:U_DIVER|m_clk1 ; 16.619 ; 16.669 ; Fall       ; diver:U_DIVER|m_clk1 ;
; speak         ; diver:U_DIVER|m_clk1 ; 19.578 ; 19.624 ; Fall       ; diver:U_DIVER|m_clk1 ;
+---------------+----------------------+--------+--------+------------+----------------------+


+------------------------------------------------------------------------------------------+
; Minimum Clock to Output Times                                                            ;
+---------------+----------------------+-------+-------+------------+----------------------+
; Data Port     ; Clock Port           ; Rise  ; Fall  ; Clock Edge ; Clock Reference      ;
+---------------+----------------------+-------+-------+------------+----------------------+
; hour0[*]      ; clk                  ; 3.657 ; 3.695 ; Rise       ; clk                  ;
;  hour0[0]     ; clk                  ; 4.014 ; 4.105 ; Rise       ; clk                  ;
;  hour0[1]     ; clk                  ; 3.657 ; 3.695 ; Rise       ; clk                  ;
;  hour0[2]     ; clk                  ; 3.663 ; 3.703 ; Rise       ; clk                  ;
;  hour0[3]     ; clk                  ; 4.004 ; 4.106 ; Rise       ; clk                  ;
; hour1[*]      ; clk                  ; 3.859 ; 3.773 ; Rise       ; clk                  ;
;  hour1[0]     ; clk                  ; 3.859 ; 3.773 ; Rise       ; clk                  ;
;  hour1[1]     ; clk                  ; 3.942 ; 3.839 ; Rise       ; clk                  ;
; min0[*]       ; clk                  ; 3.652 ; 3.691 ; Rise       ; clk                  ;
;  min0[0]      ; clk                  ; 3.652 ; 3.691 ; Rise       ; clk                  ;
;  min0[1]      ; clk                  ; 3.664 ; 3.712 ; Rise       ; clk                  ;
;  min0[2]      ; clk                  ; 3.679 ; 3.726 ; Rise       ; clk                  ;
;  min0[3]      ; clk                  ; 3.911 ; 3.953 ; Rise       ; clk                  ;
; min1[*]       ; clk                  ; 3.814 ; 3.753 ; Rise       ; clk                  ;
;  min1[0]      ; clk                  ; 3.814 ; 3.753 ; Rise       ; clk                  ;
;  min1[1]      ; clk                  ; 3.972 ; 3.874 ; Rise       ; clk                  ;
;  min1[2]      ; clk                  ; 3.956 ; 3.863 ; Rise       ; clk                  ;
; sec0[*]       ; clk                  ; 3.976 ; 3.989 ; Rise       ; clk                  ;
;  sec0[0]      ; clk                  ; 4.066 ; 4.243 ; Rise       ; clk                  ;
;  sec0[1]      ; clk                  ; 3.977 ; 3.989 ; Rise       ; clk                  ;
;  sec0[2]      ; clk                  ; 3.976 ; 4.023 ; Rise       ; clk                  ;
;  sec0[3]      ; clk                  ; 4.010 ; 4.040 ; Rise       ; clk                  ;
; sec1[*]       ; clk                  ; 4.180 ; 4.109 ; Rise       ; clk                  ;
;  sec1[0]      ; clk                  ; 4.614 ; 4.432 ; Rise       ; clk                  ;
;  sec1[1]      ; clk                  ; 4.180 ; 4.109 ; Rise       ; clk                  ;
;  sec1[2]      ; clk                  ; 4.532 ; 4.431 ; Rise       ; clk                  ;
; seg_hour0[*]  ; clk                  ; 3.805 ; 3.852 ; Rise       ; clk                  ;
;  seg_hour0[0] ; clk                  ; 4.051 ; 3.989 ; Rise       ; clk                  ;
;  seg_hour0[1] ; clk                  ; 4.027 ; 3.973 ; Rise       ; clk                  ;
;  seg_hour0[2] ; clk                  ; 4.275 ; 4.172 ; Rise       ; clk                  ;
;  seg_hour0[3] ; clk                  ; 4.106 ; 4.046 ; Rise       ; clk                  ;
;  seg_hour0[4] ; clk                  ; 4.051 ; 3.991 ; Rise       ; clk                  ;
;  seg_hour0[5] ; clk                  ; 4.205 ; 4.106 ; Rise       ; clk                  ;
;  seg_hour0[6] ; clk                  ; 3.805 ; 3.852 ; Rise       ; clk                  ;
; seg_hour1[*]  ; clk                  ; 3.708 ; 3.645 ; Rise       ; clk                  ;
;  seg_hour1[0] ; clk                  ; 3.714 ; 3.792 ; Rise       ; clk                  ;
;  seg_hour1[2] ; clk                  ; 3.708 ; 3.645 ; Rise       ; clk                  ;
;  seg_hour1[3] ; clk                  ; 3.744 ; 3.822 ; Rise       ; clk                  ;
;  seg_hour1[4] ; clk                  ; 4.861 ; 5.035 ; Rise       ; clk                  ;
;  seg_hour1[5] ; clk                  ; 4.082 ; 3.979 ; Rise       ; clk                  ;
;  seg_hour1[6] ; clk                  ; 4.941 ; 4.779 ; Rise       ; clk                  ;
; seg_min0[*]   ; clk                  ; 3.885 ; 3.870 ; Rise       ; clk                  ;
;  seg_min0[0]  ; clk                  ; 3.928 ; 3.870 ; Rise       ; clk                  ;
;  seg_min0[1]  ; clk                  ; 4.070 ; 3.970 ; Rise       ; clk                  ;
;  seg_min0[2]  ; clk                  ; 4.096 ; 4.007 ; Rise       ; clk                  ;
;  seg_min0[3]  ; clk                  ; 4.019 ; 3.960 ; Rise       ; clk                  ;
;  seg_min0[4]  ; clk                  ; 4.293 ; 4.174 ; Rise       ; clk                  ;
;  seg_min0[5]  ; clk                  ; 4.047 ; 3.983 ; Rise       ; clk                  ;
;  seg_min0[6]  ; clk                  ; 3.885 ; 3.929 ; Rise       ; clk                  ;
; seg_min1[*]   ; clk                  ; 3.808 ; 3.858 ; Rise       ; clk                  ;
;  seg_min1[0]  ; clk                  ; 3.808 ; 3.858 ; Rise       ; clk                  ;
;  seg_min1[1]  ; clk                  ; 3.908 ; 3.964 ; Rise       ; clk                  ;
;  seg_min1[2]  ; clk                  ; 4.062 ; 3.975 ; Rise       ; clk                  ;
;  seg_min1[3]  ; clk                  ; 3.999 ; 3.932 ; Rise       ; clk                  ;
;  seg_min1[4]  ; clk                  ; 4.049 ; 3.994 ; Rise       ; clk                  ;
;  seg_min1[5]  ; clk                  ; 4.136 ; 4.072 ; Rise       ; clk                  ;
;  seg_min1[6]  ; clk                  ; 4.855 ; 4.767 ; Rise       ; clk                  ;
; seg_sec0[*]   ; clk                  ; 4.517 ; 4.491 ; Rise       ; clk                  ;
;  seg_sec0[0]  ; clk                  ; 4.845 ; 4.770 ; Rise       ; clk                  ;
;  seg_sec0[1]  ; clk                  ; 4.634 ; 4.528 ; Rise       ; clk                  ;
;  seg_sec0[2]  ; clk                  ; 4.629 ; 4.520 ; Rise       ; clk                  ;
;  seg_sec0[3]  ; clk                  ; 5.504 ; 5.346 ; Rise       ; clk                  ;
;  seg_sec0[4]  ; clk                  ; 4.541 ; 4.491 ; Rise       ; clk                  ;
;  seg_sec0[5]  ; clk                  ; 4.876 ; 4.766 ; Rise       ; clk                  ;
;  seg_sec0[6]  ; clk                  ; 4.517 ; 4.571 ; Rise       ; clk                  ;
; seg_sec1[*]   ; clk                  ; 4.653 ; 4.608 ; Rise       ; clk                  ;
;  seg_sec1[0]  ; clk                  ; 4.791 ; 4.879 ; Rise       ; clk                  ;
;  seg_sec1[1]  ; clk                  ; 4.760 ; 4.831 ; Rise       ; clk                  ;
;  seg_sec1[2]  ; clk                  ; 4.788 ; 4.608 ; Rise       ; clk                  ;
;  seg_sec1[3]  ; clk                  ; 4.653 ; 4.637 ; Rise       ; clk                  ;
;  seg_sec1[4]  ; clk                  ; 4.674 ; 4.793 ; Rise       ; clk                  ;
;  seg_sec1[5]  ; clk                  ; 4.661 ; 4.765 ; Rise       ; clk                  ;
;  seg_sec1[6]  ; clk                  ; 4.845 ; 4.893 ; Rise       ; clk                  ;
; speak         ; clk                  ; 3.798 ; 3.810 ; Rise       ; clk                  ;
; sec0[*]       ; diver:U_DIVER|m_clk0 ; 3.541 ; 3.760 ; Fall       ; diver:U_DIVER|m_clk0 ;
;  sec0[0]      ; diver:U_DIVER|m_clk0 ; 3.609 ; 3.854 ; Fall       ; diver:U_DIVER|m_clk0 ;
;  sec0[1]      ; diver:U_DIVER|m_clk0 ; 3.711 ; 3.913 ; Fall       ; diver:U_DIVER|m_clk0 ;
;  sec0[2]      ; diver:U_DIVER|m_clk0 ; 3.541 ; 3.760 ; Fall       ; diver:U_DIVER|m_clk0 ;
;  sec0[3]      ; diver:U_DIVER|m_clk0 ; 3.675 ; 3.887 ; Fall       ; diver:U_DIVER|m_clk0 ;
; sec1[*]       ; diver:U_DIVER|m_clk0 ; 4.063 ; 4.068 ; Fall       ; diver:U_DIVER|m_clk0 ;
;  sec1[0]      ; diver:U_DIVER|m_clk0 ; 4.693 ; 4.585 ; Fall       ; diver:U_DIVER|m_clk0 ;
;  sec1[1]      ; diver:U_DIVER|m_clk0 ; 4.063 ; 4.068 ; Fall       ; diver:U_DIVER|m_clk0 ;
;  sec1[2]      ; diver:U_DIVER|m_clk0 ; 4.210 ; 4.108 ; Fall       ; diver:U_DIVER|m_clk0 ;
; seg_sec0[*]   ; diver:U_DIVER|m_clk0 ; 4.117 ; 4.099 ; Fall       ; diver:U_DIVER|m_clk0 ;
;  seg_sec0[0]  ; diver:U_DIVER|m_clk0 ; 4.446 ; 4.371 ; Fall       ; diver:U_DIVER|m_clk0 ;
;  seg_sec0[1]  ; diver:U_DIVER|m_clk0 ; 4.304 ; 4.128 ; Fall       ; diver:U_DIVER|m_clk0 ;
;  seg_sec0[2]  ; diver:U_DIVER|m_clk0 ; 4.207 ; 4.121 ; Fall       ; diver:U_DIVER|m_clk0 ;
;  seg_sec0[3]  ; diver:U_DIVER|m_clk0 ; 5.105 ; 4.947 ; Fall       ; diver:U_DIVER|m_clk0 ;
;  seg_sec0[4]  ; diver:U_DIVER|m_clk0 ; 4.275 ; 4.099 ; Fall       ; diver:U_DIVER|m_clk0 ;
;  seg_sec0[5]  ; diver:U_DIVER|m_clk0 ; 4.477 ; 4.367 ; Fall       ; diver:U_DIVER|m_clk0 ;
;  seg_sec0[6]  ; diver:U_DIVER|m_clk0 ; 4.117 ; 4.174 ; Fall       ; diver:U_DIVER|m_clk0 ;
; seg_sec1[*]   ; diver:U_DIVER|m_clk0 ; 4.473 ; 4.436 ; Fall       ; diver:U_DIVER|m_clk0 ;
;  seg_sec1[0]  ; diver:U_DIVER|m_clk0 ; 4.609 ; 4.670 ; Fall       ; diver:U_DIVER|m_clk0 ;
;  seg_sec1[1]  ; diver:U_DIVER|m_clk0 ; 4.566 ; 4.754 ; Fall       ; diver:U_DIVER|m_clk0 ;
;  seg_sec1[2]  ; diver:U_DIVER|m_clk0 ; 4.600 ; 4.436 ; Fall       ; diver:U_DIVER|m_clk0 ;
;  seg_sec1[3]  ; diver:U_DIVER|m_clk0 ; 4.473 ; 4.444 ; Fall       ; diver:U_DIVER|m_clk0 ;
;  seg_sec1[4]  ; diver:U_DIVER|m_clk0 ; 4.484 ; 4.594 ; Fall       ; diver:U_DIVER|m_clk0 ;
;  seg_sec1[5]  ; diver:U_DIVER|m_clk0 ; 4.605 ; 4.442 ; Fall       ; diver:U_DIVER|m_clk0 ;
;  seg_sec1[6]  ; diver:U_DIVER|m_clk0 ; 4.629 ; 4.570 ; Fall       ; diver:U_DIVER|m_clk0 ;
; speak         ; diver:U_DIVER|m_clk0 ; 4.165 ; 4.271 ; Fall       ; diver:U_DIVER|m_clk0 ;
; hour0[*]      ; diver:U_DIVER|m_clk1 ; 4.569 ; 4.695 ; Fall       ; diver:U_DIVER|m_clk1 ;
;  hour0[0]     ; diver:U_DIVER|m_clk1 ; 4.709 ; 4.913 ; Fall       ; diver:U_DIVER|m_clk1 ;
;  hour0[1]     ; diver:U_DIVER|m_clk1 ; 4.694 ; 4.762 ; Fall       ; diver:U_DIVER|m_clk1 ;
;  hour0[2]     ; diver:U_DIVER|m_clk1 ; 4.569 ; 4.695 ; Fall       ; diver:U_DIVER|m_clk1 ;
;  hour0[3]     ; diver:U_DIVER|m_clk1 ; 4.852 ; 5.047 ; Fall       ; diver:U_DIVER|m_clk1 ;
; hour1[*]      ; diver:U_DIVER|m_clk1 ; 5.071 ; 4.960 ; Fall       ; diver:U_DIVER|m_clk1 ;
;  hour1[0]     ; diver:U_DIVER|m_clk1 ; 5.071 ; 4.964 ; Fall       ; diver:U_DIVER|m_clk1 ;
;  hour1[1]     ; diver:U_DIVER|m_clk1 ; 5.078 ; 4.960 ; Fall       ; diver:U_DIVER|m_clk1 ;
; min0[*]       ; diver:U_DIVER|m_clk1 ; 3.313 ; 3.463 ; Fall       ; diver:U_DIVER|m_clk1 ;
;  min0[0]      ; diver:U_DIVER|m_clk1 ; 3.313 ; 3.463 ; Fall       ; diver:U_DIVER|m_clk1 ;
;  min0[1]      ; diver:U_DIVER|m_clk1 ; 3.766 ; 3.982 ; Fall       ; diver:U_DIVER|m_clk1 ;
;  min0[2]      ; diver:U_DIVER|m_clk1 ; 4.323 ; 4.590 ; Fall       ; diver:U_DIVER|m_clk1 ;
;  min0[3]      ; diver:U_DIVER|m_clk1 ; 4.368 ; 4.584 ; Fall       ; diver:U_DIVER|m_clk1 ;
; min1[*]       ; diver:U_DIVER|m_clk1 ; 4.216 ; 4.248 ; Fall       ; diver:U_DIVER|m_clk1 ;
;  min1[0]      ; diver:U_DIVER|m_clk1 ; 4.216 ; 4.264 ; Fall       ; diver:U_DIVER|m_clk1 ;
;  min1[1]      ; diver:U_DIVER|m_clk1 ; 4.268 ; 4.291 ; Fall       ; diver:U_DIVER|m_clk1 ;
;  min1[2]      ; diver:U_DIVER|m_clk1 ; 4.325 ; 4.248 ; Fall       ; diver:U_DIVER|m_clk1 ;
; sec0[*]       ; diver:U_DIVER|m_clk1 ; 5.234 ; 5.397 ; Fall       ; diver:U_DIVER|m_clk1 ;
;  sec0[0]      ; diver:U_DIVER|m_clk1 ; 5.234 ; 5.397 ; Fall       ; diver:U_DIVER|m_clk1 ;
;  sec0[1]      ; diver:U_DIVER|m_clk1 ; 5.745 ; 5.893 ; Fall       ; diver:U_DIVER|m_clk1 ;
;  sec0[2]      ; diver:U_DIVER|m_clk1 ; 5.967 ; 6.212 ; Fall       ; diver:U_DIVER|m_clk1 ;
;  sec0[3]      ; diver:U_DIVER|m_clk1 ; 6.192 ; 6.453 ; Fall       ; diver:U_DIVER|m_clk1 ;
; sec1[*]       ; diver:U_DIVER|m_clk1 ; 6.303 ; 6.285 ; Fall       ; diver:U_DIVER|m_clk1 ;
;  sec1[0]      ; diver:U_DIVER|m_clk1 ; 6.898 ; 6.802 ; Fall       ; diver:U_DIVER|m_clk1 ;
;  sec1[1]      ; diver:U_DIVER|m_clk1 ; 6.303 ; 6.285 ; Fall       ; diver:U_DIVER|m_clk1 ;
;  sec1[2]      ; diver:U_DIVER|m_clk1 ; 6.564 ; 6.437 ; Fall       ; diver:U_DIVER|m_clk1 ;
; seg_hour0[*]  ; diver:U_DIVER|m_clk1 ; 4.835 ; 4.816 ; Fall       ; diver:U_DIVER|m_clk1 ;
;  seg_hour0[0] ; diver:U_DIVER|m_clk1 ; 5.013 ; 4.956 ; Fall       ; diver:U_DIVER|m_clk1 ;
;  seg_hour0[1] ; diver:U_DIVER|m_clk1 ; 4.992 ; 4.942 ; Fall       ; diver:U_DIVER|m_clk1 ;
;  seg_hour0[2] ; diver:U_DIVER|m_clk1 ; 5.223 ; 5.174 ; Fall       ; diver:U_DIVER|m_clk1 ;
;  seg_hour0[3] ; diver:U_DIVER|m_clk1 ; 5.069 ; 5.014 ; Fall       ; diver:U_DIVER|m_clk1 ;
;  seg_hour0[4] ; diver:U_DIVER|m_clk1 ; 5.088 ; 4.960 ; Fall       ; diver:U_DIVER|m_clk1 ;
;  seg_hour0[5] ; diver:U_DIVER|m_clk1 ; 5.217 ; 5.074 ; Fall       ; diver:U_DIVER|m_clk1 ;
;  seg_hour0[6] ; diver:U_DIVER|m_clk1 ; 4.835 ; 4.816 ; Fall       ; diver:U_DIVER|m_clk1 ;
; seg_hour1[*]  ; diver:U_DIVER|m_clk1 ; 4.905 ; 4.842 ; Fall       ; diver:U_DIVER|m_clk1 ;
;  seg_hour1[0] ; diver:U_DIVER|m_clk1 ; 4.905 ; 5.023 ; Fall       ; diver:U_DIVER|m_clk1 ;
;  seg_hour1[2] ; diver:U_DIVER|m_clk1 ; 4.924 ; 4.842 ; Fall       ; diver:U_DIVER|m_clk1 ;
;  seg_hour1[3] ; diver:U_DIVER|m_clk1 ; 4.935 ; 5.053 ; Fall       ; diver:U_DIVER|m_clk1 ;
;  seg_hour1[4] ; diver:U_DIVER|m_clk1 ; 6.052 ; 6.247 ; Fall       ; diver:U_DIVER|m_clk1 ;
;  seg_hour1[5] ; diver:U_DIVER|m_clk1 ; 5.293 ; 5.220 ; Fall       ; diver:U_DIVER|m_clk1 ;
;  seg_hour1[6] ; diver:U_DIVER|m_clk1 ; 6.077 ; 5.900 ; Fall       ; diver:U_DIVER|m_clk1 ;
; seg_min0[*]   ; diver:U_DIVER|m_clk1 ; 3.622 ; 3.572 ; Fall       ; diver:U_DIVER|m_clk1 ;
;  seg_min0[0]  ; diver:U_DIVER|m_clk1 ; 3.622 ; 3.572 ; Fall       ; diver:U_DIVER|m_clk1 ;
;  seg_min0[1]  ; diver:U_DIVER|m_clk1 ; 3.733 ; 3.674 ; Fall       ; diver:U_DIVER|m_clk1 ;
;  seg_min0[2]  ; diver:U_DIVER|m_clk1 ; 3.771 ; 3.863 ; Fall       ; diver:U_DIVER|m_clk1 ;
;  seg_min0[3]  ; diver:U_DIVER|m_clk1 ; 3.715 ; 3.664 ; Fall       ; diver:U_DIVER|m_clk1 ;
;  seg_min0[4]  ; diver:U_DIVER|m_clk1 ; 4.069 ; 3.847 ; Fall       ; diver:U_DIVER|m_clk1 ;
;  seg_min0[5]  ; diver:U_DIVER|m_clk1 ; 3.887 ; 3.684 ; Fall       ; diver:U_DIVER|m_clk1 ;
;  seg_min0[6]  ; diver:U_DIVER|m_clk1 ; 3.734 ; 3.623 ; Fall       ; diver:U_DIVER|m_clk1 ;
; seg_min1[*]   ; diver:U_DIVER|m_clk1 ; 4.244 ; 4.287 ; Fall       ; diver:U_DIVER|m_clk1 ;
;  seg_min1[0]  ; diver:U_DIVER|m_clk1 ; 4.244 ; 4.287 ; Fall       ; diver:U_DIVER|m_clk1 ;
;  seg_min1[1]  ; diver:U_DIVER|m_clk1 ; 4.340 ; 4.389 ; Fall       ; diver:U_DIVER|m_clk1 ;
;  seg_min1[2]  ; diver:U_DIVER|m_clk1 ; 4.464 ; 4.417 ; Fall       ; diver:U_DIVER|m_clk1 ;
;  seg_min1[3]  ; diver:U_DIVER|m_clk1 ; 4.423 ; 4.363 ; Fall       ; diver:U_DIVER|m_clk1 ;
;  seg_min1[4]  ; diver:U_DIVER|m_clk1 ; 4.500 ; 4.396 ; Fall       ; diver:U_DIVER|m_clk1 ;
;  seg_min1[5]  ; diver:U_DIVER|m_clk1 ; 4.615 ; 4.474 ; Fall       ; diver:U_DIVER|m_clk1 ;
;  seg_min1[6]  ; diver:U_DIVER|m_clk1 ; 5.302 ; 5.169 ; Fall       ; diver:U_DIVER|m_clk1 ;
; seg_sec0[*]   ; diver:U_DIVER|m_clk1 ; 5.913 ; 5.800 ; Fall       ; diver:U_DIVER|m_clk1 ;
;  seg_sec0[0]  ; diver:U_DIVER|m_clk1 ; 6.177 ; 6.110 ; Fall       ; diver:U_DIVER|m_clk1 ;
;  seg_sec0[1]  ; diver:U_DIVER|m_clk1 ; 5.929 ; 5.868 ; Fall       ; diver:U_DIVER|m_clk1 ;
;  seg_sec0[2]  ; diver:U_DIVER|m_clk1 ; 5.913 ; 6.054 ; Fall       ; diver:U_DIVER|m_clk1 ;
;  seg_sec0[3]  ; diver:U_DIVER|m_clk1 ; 6.826 ; 6.676 ; Fall       ; diver:U_DIVER|m_clk1 ;
;  seg_sec0[4]  ; diver:U_DIVER|m_clk1 ; 6.025 ; 5.800 ; Fall       ; diver:U_DIVER|m_clk1 ;
;  seg_sec0[5]  ; diver:U_DIVER|m_clk1 ; 6.389 ; 6.096 ; Fall       ; diver:U_DIVER|m_clk1 ;
;  seg_sec0[6]  ; diver:U_DIVER|m_clk1 ; 6.038 ; 5.895 ; Fall       ; diver:U_DIVER|m_clk1 ;
; seg_sec1[*]   ; diver:U_DIVER|m_clk1 ; 6.802 ; 6.765 ; Fall       ; diver:U_DIVER|m_clk1 ;
;  seg_sec1[0]  ; diver:U_DIVER|m_clk1 ; 6.938 ; 6.999 ; Fall       ; diver:U_DIVER|m_clk1 ;
;  seg_sec1[1]  ; diver:U_DIVER|m_clk1 ; 6.895 ; 7.108 ; Fall       ; diver:U_DIVER|m_clk1 ;
;  seg_sec1[2]  ; diver:U_DIVER|m_clk1 ; 6.954 ; 6.765 ; Fall       ; diver:U_DIVER|m_clk1 ;
;  seg_sec1[3]  ; diver:U_DIVER|m_clk1 ; 6.802 ; 6.773 ; Fall       ; diver:U_DIVER|m_clk1 ;
;  seg_sec1[4]  ; diver:U_DIVER|m_clk1 ; 6.813 ; 6.948 ; Fall       ; diver:U_DIVER|m_clk1 ;
;  seg_sec1[5]  ; diver:U_DIVER|m_clk1 ; 6.959 ; 6.771 ; Fall       ; diver:U_DIVER|m_clk1 ;
;  seg_sec1[6]  ; diver:U_DIVER|m_clk1 ; 6.958 ; 6.899 ; Fall       ; diver:U_DIVER|m_clk1 ;
; speak         ; diver:U_DIVER|m_clk1 ; 4.023 ; 4.185 ; Fall       ; diver:U_DIVER|m_clk1 ;
+---------------+----------------------+-------+-------+------------+----------------------+


+------------------------------------------------------------------------------------------------------------------------------------------------------------------------------------------------------------------------------------------------------------------------------------------------------------------------------------------------------------------------------------------------------------------+
; Board Trace Model Assignments                                                                                                                                                                                                                                                                                                                                                                                    ;
+---------------+--------------+-------------------+-------------------------+-------------------------+---------------+---------------------+----------------+------------------+--------+------------------+------------------------+------------------------+--------------+---------------+-----------------+-------+---------------------+--------------------+---------------+-----------------+-------------+
; Pin           ; I/O Standard ; Near Tline Length ; Near Tline L per Length ; Near Tline C per Length ; Near Series R ; Near Differential R ; Near Pull-up R ; Near Pull-down R ; Near C ; Far Tline Length ; Far Tline L per Length ; Far Tline C per Length ; Far Series R ; Far Pull-up R ; Far Pull-down R ; Far C ; Termination Voltage ; Far Differential R ; EBD File Name ; EBD Signal Name ; EBD Far-end ;
+---------------+--------------+-------------------+-------------------------+-------------------------+---------------+---------------------+----------------+------------------+--------+------------------+------------------------+------------------------+--------------+---------------+-----------------+-------+---------------------+--------------------+---------------+-----------------+-------------+
; sec0[0]       ; 2.5 V        ; 0 in              ; 0 H/in                  ; 0 F/in                  ; short         ; -                   ; open           ; open             ; open   ; 0 in             ; 0 H/in                 ; 0 F/in                 ; short        ; open          ; open            ; open  ; 0 V                 ; -                  ; n/a           ; n/a             ; n/a         ;
; sec0[1]       ; 2.5 V        ; 0 in              ; 0 H/in                  ; 0 F/in                  ; short         ; -                   ; open           ; open             ; open   ; 0 in             ; 0 H/in                 ; 0 F/in                 ; short        ; open          ; open            ; open  ; 0 V                 ; -                  ; n/a           ; n/a             ; n/a         ;
; sec0[2]       ; 2.5 V        ; 0 in              ; 0 H/in                  ; 0 F/in                  ; short         ; -                   ; open           ; open             ; open   ; 0 in             ; 0 H/in                 ; 0 F/in                 ; short        ; open          ; open            ; open  ; 0 V                 ; -                  ; n/a           ; n/a             ; n/a         ;
; sec0[3]       ; 2.5 V        ; 0 in              ; 0 H/in                  ; 0 F/in                  ; short         ; -                   ; open           ; open             ; open   ; 0 in             ; 0 H/in                 ; 0 F/in                 ; short        ; open          ; open            ; open  ; 0 V                 ; -                  ; n/a           ; n/a             ; n/a         ;
; sec1[0]       ; 2.5 V        ; 0 in              ; 0 H/in                  ; 0 F/in                  ; short         ; -                   ; open           ; open             ; open   ; 0 in             ; 0 H/in                 ; 0 F/in                 ; short        ; open          ; open            ; open  ; 0 V                 ; -                  ; n/a           ; n/a             ; n/a         ;
; sec1[1]       ; 2.5 V        ; 0 in              ; 0 H/in                  ; 0 F/in                  ; short         ; -                   ; open           ; open             ; open   ; 0 in             ; 0 H/in                 ; 0 F/in                 ; short        ; open          ; open            ; open  ; 0 V                 ; -                  ; n/a           ; n/a             ; n/a         ;
; sec1[2]       ; 2.5 V        ; 0 in              ; 0 H/in                  ; 0 F/in                  ; short         ; -                   ; open           ; open             ; open   ; 0 in             ; 0 H/in                 ; 0 F/in                 ; short        ; open          ; open            ; open  ; 0 V                 ; -                  ; n/a           ; n/a             ; n/a         ;
; sec1[3]       ; 2.5 V        ; 0 in              ; 0 H/in                  ; 0 F/in                  ; short         ; -                   ; open           ; open             ; open   ; 0 in             ; 0 H/in                 ; 0 F/in                 ; short        ; open          ; open            ; open  ; 0 V                 ; -                  ; n/a           ; n/a             ; n/a         ;
; min0[0]       ; 2.5 V        ; 0 in              ; 0 H/in                  ; 0 F/in                  ; short         ; -                   ; open           ; open             ; open   ; 0 in             ; 0 H/in                 ; 0 F/in                 ; short        ; open          ; open            ; open  ; 0 V                 ; -                  ; n/a           ; n/a             ; n/a         ;
; min0[1]       ; 2.5 V        ; 0 in              ; 0 H/in                  ; 0 F/in                  ; short         ; -                   ; open           ; open             ; open   ; 0 in             ; 0 H/in                 ; 0 F/in                 ; short        ; open          ; open            ; open  ; 0 V                 ; -                  ; n/a           ; n/a             ; n/a         ;
; min0[2]       ; 2.5 V        ; 0 in              ; 0 H/in                  ; 0 F/in                  ; short         ; -                   ; open           ; open             ; open   ; 0 in             ; 0 H/in                 ; 0 F/in                 ; short        ; open          ; open            ; open  ; 0 V                 ; -                  ; n/a           ; n/a             ; n/a         ;
; min0[3]       ; 2.5 V        ; 0 in              ; 0 H/in                  ; 0 F/in                  ; short         ; -                   ; open           ; open             ; open   ; 0 in             ; 0 H/in                 ; 0 F/in                 ; short        ; open          ; open            ; open  ; 0 V                 ; -                  ; n/a           ; n/a             ; n/a         ;
; min1[0]       ; 2.5 V        ; 0 in              ; 0 H/in                  ; 0 F/in                  ; short         ; -                   ; open           ; open             ; open   ; 0 in             ; 0 H/in                 ; 0 F/in                 ; short        ; open          ; open            ; open  ; 0 V                 ; -                  ; n/a           ; n/a             ; n/a         ;
; min1[1]       ; 2.5 V        ; 0 in              ; 0 H/in                  ; 0 F/in                  ; short         ; -                   ; open           ; open             ; open   ; 0 in             ; 0 H/in                 ; 0 F/in                 ; short        ; open          ; open            ; open  ; 0 V                 ; -                  ; n/a           ; n/a             ; n/a         ;
; min1[2]       ; 2.5 V        ; 0 in              ; 0 H/in                  ; 0 F/in                  ; short         ; -                   ; open           ; open             ; open   ; 0 in             ; 0 H/in                 ; 0 F/in                 ; short        ; open          ; open            ; open  ; 0 V                 ; -                  ; n/a           ; n/a             ; n/a         ;
; min1[3]       ; 2.5 V        ; 0 in              ; 0 H/in                  ; 0 F/in                  ; short         ; -                   ; open           ; open             ; open   ; 0 in             ; 0 H/in                 ; 0 F/in                 ; short        ; open          ; open            ; open  ; 0 V                 ; -                  ; n/a           ; n/a             ; n/a         ;
; hour0[0]      ; 2.5 V        ; 0 in              ; 0 H/in                  ; 0 F/in                  ; short         ; -                   ; open           ; open             ; open   ; 0 in             ; 0 H/in                 ; 0 F/in                 ; short        ; open          ; open            ; open  ; 0 V                 ; -                  ; n/a           ; n/a             ; n/a         ;
; hour0[1]      ; 2.5 V        ; 0 in              ; 0 H/in                  ; 0 F/in                  ; short         ; -                   ; open           ; open             ; open   ; 0 in             ; 0 H/in                 ; 0 F/in                 ; short        ; open          ; open            ; open  ; 0 V                 ; -                  ; n/a           ; n/a             ; n/a         ;
; hour0[2]      ; 2.5 V        ; 0 in              ; 0 H/in                  ; 0 F/in                  ; short         ; -                   ; open           ; open             ; open   ; 0 in             ; 0 H/in                 ; 0 F/in                 ; short        ; open          ; open            ; open  ; 0 V                 ; -                  ; n/a           ; n/a             ; n/a         ;
; hour0[3]      ; 2.5 V        ; 0 in              ; 0 H/in                  ; 0 F/in                  ; short         ; -                   ; open           ; open             ; open   ; 0 in             ; 0 H/in                 ; 0 F/in                 ; short        ; open          ; open            ; open  ; 0 V                 ; -                  ; n/a           ; n/a             ; n/a         ;
; hour1[0]      ; 2.5 V        ; 0 in              ; 0 H/in                  ; 0 F/in                  ; short         ; -                   ; open           ; open             ; open   ; 0 in             ; 0 H/in                 ; 0 F/in                 ; short        ; open          ; open            ; open  ; 0 V                 ; -                  ; n/a           ; n/a             ; n/a         ;
; hour1[1]      ; 2.5 V        ; 0 in              ; 0 H/in                  ; 0 F/in                  ; short         ; -                   ; open           ; open             ; open   ; 0 in             ; 0 H/in                 ; 0 F/in                 ; short        ; open          ; open            ; open  ; 0 V                 ; -                  ; n/a           ; n/a             ; n/a         ;
; hour1[2]      ; 2.5 V        ; 0 in              ; 0 H/in                  ; 0 F/in                  ; short         ; -                   ; open           ; open             ; open   ; 0 in             ; 0 H/in                 ; 0 F/in                 ; short        ; open          ; open            ; open  ; 0 V                 ; -                  ; n/a           ; n/a             ; n/a         ;
; hour1[3]      ; 2.5 V        ; 0 in              ; 0 H/in                  ; 0 F/in                  ; short         ; -                   ; open           ; open             ; open   ; 0 in             ; 0 H/in                 ; 0 F/in                 ; short        ; open          ; open            ; open  ; 0 V                 ; -                  ; n/a           ; n/a             ; n/a         ;
; speak         ; 2.5 V        ; 0 in              ; 0 H/in                  ; 0 F/in                  ; short         ; -                   ; open           ; open             ; open   ; 0 in             ; 0 H/in                 ; 0 F/in                 ; short        ; open          ; open            ; open  ; 0 V                 ; -                  ; n/a           ; n/a             ; n/a         ;
; seg_sec0[0]   ; 2.5 V        ; 0 in              ; 0 H/in                  ; 0 F/in                  ; short         ; -                   ; open           ; open             ; open   ; 0 in             ; 0 H/in                 ; 0 F/in                 ; short        ; open          ; open            ; open  ; 0 V                 ; -                  ; n/a           ; n/a             ; n/a         ;
; seg_sec0[1]   ; 2.5 V        ; 0 in              ; 0 H/in                  ; 0 F/in                  ; short         ; -                   ; open           ; open             ; open   ; 0 in             ; 0 H/in                 ; 0 F/in                 ; short        ; open          ; open            ; open  ; 0 V                 ; -                  ; n/a           ; n/a             ; n/a         ;
; seg_sec0[2]   ; 2.5 V        ; 0 in              ; 0 H/in                  ; 0 F/in                  ; short         ; -                   ; open           ; open             ; open   ; 0 in             ; 0 H/in                 ; 0 F/in                 ; short        ; open          ; open            ; open  ; 0 V                 ; -                  ; n/a           ; n/a             ; n/a         ;
; seg_sec0[3]   ; 2.5 V        ; 0 in              ; 0 H/in                  ; 0 F/in                  ; short         ; -                   ; open           ; open             ; open   ; 0 in             ; 0 H/in                 ; 0 F/in                 ; short        ; open          ; open            ; open  ; 0 V                 ; -                  ; n/a           ; n/a             ; n/a         ;
; seg_sec0[4]   ; 2.5 V        ; 0 in              ; 0 H/in                  ; 0 F/in                  ; short         ; -                   ; open           ; open             ; open   ; 0 in             ; 0 H/in                 ; 0 F/in                 ; short        ; open          ; open            ; open  ; 0 V                 ; -                  ; n/a           ; n/a             ; n/a         ;
; seg_sec0[5]   ; 2.5 V        ; 0 in              ; 0 H/in                  ; 0 F/in                  ; short         ; -                   ; open           ; open             ; open   ; 0 in             ; 0 H/in                 ; 0 F/in                 ; short        ; open          ; open            ; open  ; 0 V                 ; -                  ; n/a           ; n/a             ; n/a         ;
; seg_sec0[6]   ; 2.5 V        ; 0 in              ; 0 H/in                  ; 0 F/in                  ; short         ; -                   ; open           ; open             ; open   ; 0 in             ; 0 H/in                 ; 0 F/in                 ; short        ; open          ; open            ; open  ; 0 V                 ; -                  ; n/a           ; n/a             ; n/a         ;
; seg_sec1[0]   ; 2.5 V        ; 0 in              ; 0 H/in                  ; 0 F/in                  ; short         ; -                   ; open           ; open             ; open   ; 0 in             ; 0 H/in                 ; 0 F/in                 ; short        ; open          ; open            ; open  ; 0 V                 ; -                  ; n/a           ; n/a             ; n/a         ;
; seg_sec1[1]   ; 2.5 V        ; 0 in              ; 0 H/in                  ; 0 F/in                  ; short         ; -                   ; open           ; open             ; open   ; 0 in             ; 0 H/in                 ; 0 F/in                 ; short        ; open          ; open            ; open  ; 0 V                 ; -                  ; n/a           ; n/a             ; n/a         ;
; seg_sec1[2]   ; 2.5 V        ; 0 in              ; 0 H/in                  ; 0 F/in                  ; short         ; -                   ; open           ; open             ; open   ; 0 in             ; 0 H/in                 ; 0 F/in                 ; short        ; open          ; open            ; open  ; 0 V                 ; -                  ; n/a           ; n/a             ; n/a         ;
; seg_sec1[3]   ; 2.5 V        ; 0 in              ; 0 H/in                  ; 0 F/in                  ; short         ; -                   ; open           ; open             ; open   ; 0 in             ; 0 H/in                 ; 0 F/in                 ; short        ; open          ; open            ; open  ; 0 V                 ; -                  ; n/a           ; n/a             ; n/a         ;
; seg_sec1[4]   ; 2.5 V        ; 0 in              ; 0 H/in                  ; 0 F/in                  ; short         ; -                   ; open           ; open             ; open   ; 0 in             ; 0 H/in                 ; 0 F/in                 ; short        ; open          ; open            ; open  ; 0 V                 ; -                  ; n/a           ; n/a             ; n/a         ;
; seg_sec1[5]   ; 2.5 V        ; 0 in              ; 0 H/in                  ; 0 F/in                  ; short         ; -                   ; open           ; open             ; open   ; 0 in             ; 0 H/in                 ; 0 F/in                 ; short        ; open          ; open            ; open  ; 0 V                 ; -                  ; n/a           ; n/a             ; n/a         ;
; seg_sec1[6]   ; 2.5 V        ; 0 in              ; 0 H/in                  ; 0 F/in                  ; short         ; -                   ; open           ; open             ; open   ; 0 in             ; 0 H/in                 ; 0 F/in                 ; short        ; open          ; open            ; open  ; 0 V                 ; -                  ; n/a           ; n/a             ; n/a         ;
; seg_min0[0]   ; 2.5 V        ; 0 in              ; 0 H/in                  ; 0 F/in                  ; short         ; -                   ; open           ; open             ; open   ; 0 in             ; 0 H/in                 ; 0 F/in                 ; short        ; open          ; open            ; open  ; 0 V                 ; -                  ; n/a           ; n/a             ; n/a         ;
; seg_min0[1]   ; 2.5 V        ; 0 in              ; 0 H/in                  ; 0 F/in                  ; short         ; -                   ; open           ; open             ; open   ; 0 in             ; 0 H/in                 ; 0 F/in                 ; short        ; open          ; open            ; open  ; 0 V                 ; -                  ; n/a           ; n/a             ; n/a         ;
; seg_min0[2]   ; 2.5 V        ; 0 in              ; 0 H/in                  ; 0 F/in                  ; short         ; -                   ; open           ; open             ; open   ; 0 in             ; 0 H/in                 ; 0 F/in                 ; short        ; open          ; open            ; open  ; 0 V                 ; -                  ; n/a           ; n/a             ; n/a         ;
; seg_min0[3]   ; 2.5 V        ; 0 in              ; 0 H/in                  ; 0 F/in                  ; short         ; -                   ; open           ; open             ; open   ; 0 in             ; 0 H/in                 ; 0 F/in                 ; short        ; open          ; open            ; open  ; 0 V                 ; -                  ; n/a           ; n/a             ; n/a         ;
; seg_min0[4]   ; 2.5 V        ; 0 in              ; 0 H/in                  ; 0 F/in                  ; short         ; -                   ; open           ; open             ; open   ; 0 in             ; 0 H/in                 ; 0 F/in                 ; short        ; open          ; open            ; open  ; 0 V                 ; -                  ; n/a           ; n/a             ; n/a         ;
; seg_min0[5]   ; 2.5 V        ; 0 in              ; 0 H/in                  ; 0 F/in                  ; short         ; -                   ; open           ; open             ; open   ; 0 in             ; 0 H/in                 ; 0 F/in                 ; short        ; open          ; open            ; open  ; 0 V                 ; -                  ; n/a           ; n/a             ; n/a         ;
; seg_min0[6]   ; 2.5 V        ; 0 in              ; 0 H/in                  ; 0 F/in                  ; short         ; -                   ; open           ; open             ; open   ; 0 in             ; 0 H/in                 ; 0 F/in                 ; short        ; open          ; open            ; open  ; 0 V                 ; -                  ; n/a           ; n/a             ; n/a         ;
; seg_min1[0]   ; 2.5 V        ; 0 in              ; 0 H/in                  ; 0 F/in                  ; short         ; -                   ; open           ; open             ; open   ; 0 in             ; 0 H/in                 ; 0 F/in                 ; short        ; open          ; open            ; open  ; 0 V                 ; -                  ; n/a           ; n/a             ; n/a         ;
; seg_min1[1]   ; 2.5 V        ; 0 in              ; 0 H/in                  ; 0 F/in                  ; short         ; -                   ; open           ; open             ; open   ; 0 in             ; 0 H/in                 ; 0 F/in                 ; short        ; open          ; open            ; open  ; 0 V                 ; -                  ; n/a           ; n/a             ; n/a         ;
; seg_min1[2]   ; 2.5 V        ; 0 in              ; 0 H/in                  ; 0 F/in                  ; short         ; -                   ; open           ; open             ; open   ; 0 in             ; 0 H/in                 ; 0 F/in                 ; short        ; open          ; open            ; open  ; 0 V                 ; -                  ; n/a           ; n/a             ; n/a         ;
; seg_min1[3]   ; 2.5 V        ; 0 in              ; 0 H/in                  ; 0 F/in                  ; short         ; -                   ; open           ; open             ; open   ; 0 in             ; 0 H/in                 ; 0 F/in                 ; short        ; open          ; open            ; open  ; 0 V                 ; -                  ; n/a           ; n/a             ; n/a         ;
; seg_min1[4]   ; 2.5 V        ; 0 in              ; 0 H/in                  ; 0 F/in                  ; short         ; -                   ; open           ; open             ; open   ; 0 in             ; 0 H/in                 ; 0 F/in                 ; short        ; open          ; open            ; open  ; 0 V                 ; -                  ; n/a           ; n/a             ; n/a         ;
; seg_min1[5]   ; 2.5 V        ; 0 in              ; 0 H/in                  ; 0 F/in                  ; short         ; -                   ; open           ; open             ; open   ; 0 in             ; 0 H/in                 ; 0 F/in                 ; short        ; open          ; open            ; open  ; 0 V                 ; -                  ; n/a           ; n/a             ; n/a         ;
; seg_min1[6]   ; 2.5 V        ; 0 in              ; 0 H/in                  ; 0 F/in                  ; short         ; -                   ; open           ; open             ; open   ; 0 in             ; 0 H/in                 ; 0 F/in                 ; short        ; open          ; open            ; open  ; 0 V                 ; -                  ; n/a           ; n/a             ; n/a         ;
; seg_hour0[0]  ; 2.5 V        ; 0 in              ; 0 H/in                  ; 0 F/in                  ; short         ; -                   ; open           ; open             ; open   ; 0 in             ; 0 H/in                 ; 0 F/in                 ; short        ; open          ; open            ; open  ; 0 V                 ; -                  ; n/a           ; n/a             ; n/a         ;
; seg_hour0[1]  ; 2.5 V        ; 0 in              ; 0 H/in                  ; 0 F/in                  ; short         ; -                   ; open           ; open             ; open   ; 0 in             ; 0 H/in                 ; 0 F/in                 ; short        ; open          ; open            ; open  ; 0 V                 ; -                  ; n/a           ; n/a             ; n/a         ;
; seg_hour0[2]  ; 2.5 V        ; 0 in              ; 0 H/in                  ; 0 F/in                  ; short         ; -                   ; open           ; open             ; open   ; 0 in             ; 0 H/in                 ; 0 F/in                 ; short        ; open          ; open            ; open  ; 0 V                 ; -                  ; n/a           ; n/a             ; n/a         ;
; seg_hour0[3]  ; 2.5 V        ; 0 in              ; 0 H/in                  ; 0 F/in                  ; short         ; -                   ; open           ; open             ; open   ; 0 in             ; 0 H/in                 ; 0 F/in                 ; short        ; open          ; open            ; open  ; 0 V                 ; -                  ; n/a           ; n/a             ; n/a         ;
; seg_hour0[4]  ; 2.5 V        ; 0 in              ; 0 H/in                  ; 0 F/in                  ; short         ; -                   ; open           ; open             ; open   ; 0 in             ; 0 H/in                 ; 0 F/in                 ; short        ; open          ; open            ; open  ; 0 V                 ; -                  ; n/a           ; n/a             ; n/a         ;
; seg_hour0[5]  ; 2.5 V        ; 0 in              ; 0 H/in                  ; 0 F/in                  ; short         ; -                   ; open           ; open             ; open   ; 0 in             ; 0 H/in                 ; 0 F/in                 ; short        ; open          ; open            ; open  ; 0 V                 ; -                  ; n/a           ; n/a             ; n/a         ;
; seg_hour0[6]  ; 2.5 V        ; 0 in              ; 0 H/in                  ; 0 F/in                  ; short         ; -                   ; open           ; open             ; open   ; 0 in             ; 0 H/in                 ; 0 F/in                 ; short        ; open          ; open            ; open  ; 0 V                 ; -                  ; n/a           ; n/a             ; n/a         ;
; seg_hour1[0]  ; 2.5 V        ; 0 in              ; 0 H/in                  ; 0 F/in                  ; short         ; -                   ; open           ; open             ; open   ; 0 in             ; 0 H/in                 ; 0 F/in                 ; short        ; open          ; open            ; open  ; 0 V                 ; -                  ; n/a           ; n/a             ; n/a         ;
; seg_hour1[1]  ; 2.5 V        ; 0 in              ; 0 H/in                  ; 0 F/in                  ; short         ; -                   ; open           ; open             ; open   ; 0 in             ; 0 H/in                 ; 0 F/in                 ; short        ; open          ; open            ; open  ; 0 V                 ; -                  ; n/a           ; n/a             ; n/a         ;
; seg_hour1[2]  ; 2.5 V        ; 0 in              ; 0 H/in                  ; 0 F/in                  ; short         ; -                   ; open           ; open             ; open   ; 0 in             ; 0 H/in                 ; 0 F/in                 ; short        ; open          ; open            ; open  ; 0 V                 ; -                  ; n/a           ; n/a             ; n/a         ;
; seg_hour1[3]  ; 2.5 V        ; 0 in              ; 0 H/in                  ; 0 F/in                  ; short         ; -                   ; open           ; open             ; open   ; 0 in             ; 0 H/in                 ; 0 F/in                 ; short        ; open          ; open            ; open  ; 0 V                 ; -                  ; n/a           ; n/a             ; n/a         ;
; seg_hour1[4]  ; 2.5 V        ; 0 in              ; 0 H/in                  ; 0 F/in                  ; short         ; -                   ; open           ; open             ; open   ; 0 in             ; 0 H/in                 ; 0 F/in                 ; short        ; open          ; open            ; open  ; 0 V                 ; -                  ; n/a           ; n/a             ; n/a         ;
; seg_hour1[5]  ; 2.5 V        ; 0 in              ; 0 H/in                  ; 0 F/in                  ; short         ; -                   ; open           ; open             ; open   ; 0 in             ; 0 H/in                 ; 0 F/in                 ; short        ; open          ; open            ; open  ; 0 V                 ; -                  ; n/a           ; n/a             ; n/a         ;
; seg_hour1[6]  ; 2.5 V        ; 0 in              ; 0 H/in                  ; 0 F/in                  ; short         ; -                   ; open           ; open             ; open   ; 0 in             ; 0 H/in                 ; 0 F/in                 ; short        ; open          ; open            ; open  ; 0 V                 ; -                  ; n/a           ; n/a             ; n/a         ;
; ~ALTERA_DCLK~ ; 2.5 V        ; 0 in              ; 0 H/in                  ; 0 F/in                  ; short         ; -                   ; open           ; open             ; open   ; 0 in             ; 0 H/in                 ; 0 F/in                 ; short        ; open          ; open            ; open  ; 0 V                 ; -                  ; n/a           ; n/a             ; n/a         ;
; ~ALTERA_nCEO~ ; 2.5 V        ; 0 in              ; 0 H/in                  ; 0 F/in                  ; short         ; -                   ; open           ; open             ; open   ; 0 in             ; 0 H/in                 ; 0 F/in                 ; short        ; open          ; open            ; open  ; 0 V                 ; -                  ; n/a           ; n/a             ; n/a         ;
+---------------+--------------+-------------------+-------------------------+-------------------------+---------------+---------------------+----------------+------------------+--------+------------------+------------------------+------------------------+--------------+---------------+-----------------+-------+---------------------+--------------------+---------------+-----------------+-------------+


+----------------------------------------------------------------------------+
; Input Transition Times                                                     ;
+-------------------------+--------------+-----------------+-----------------+
; Pin                     ; I/O Standard ; 10-90 Rise Time ; 90-10 Fall Time ;
+-------------------------+--------------+-----------------+-----------------+
; key_sec                 ; 2.5 V        ; 2000 ps         ; 2000 ps         ;
; key_shift               ; 2.5 V        ; 2000 ps         ; 2000 ps         ;
; clk                     ; 2.5 V        ; 2000 ps         ; 2000 ps         ;
; key_min                 ; 2.5 V        ; 2000 ps         ; 2000 ps         ;
; key_hour                ; 2.5 V        ; 2000 ps         ; 2000 ps         ;
; ~ALTERA_ASDO_DATA1~     ; 2.5 V        ; 2000 ps         ; 2000 ps         ;
; ~ALTERA_FLASH_nCE_nCSO~ ; 2.5 V        ; 2000 ps         ; 2000 ps         ;
; ~ALTERA_DATA0~          ; 2.5 V        ; 2000 ps         ; 2000 ps         ;
+-------------------------+--------------+-----------------+-----------------+


+--------------------------------------------------------------------------------------------------------------------------------------------------------------------------------------------------------------------------------------------------------------------------------------------------------------------------------------------------------------------------------------------------------------------------------------------------------------------------------------------------------------------------------------------------------------------------------------------------------------------------------------------------------------------------------------------+
; Slow Corner Signal Integrity Metrics                                                                                                                                                                                                                                                                                                                                                                                                                                                                                                                                                                                                                                                       ;
+---------------+--------------+---------------------+---------------------+------------------------------+------------------------------+---------------------+---------------------+--------------------------------------+--------------------------------------+-----------------------------+-----------------------------+----------------------------+----------------------------+-----------------------------+-----------------------------+--------------------+--------------------+-------------------------------------+-------------------------------------+----------------------------+----------------------------+---------------------------+---------------------------+
; Pin           ; I/O Standard ; Board Delay on Rise ; Board Delay on Fall ; Steady State Voh at FPGA Pin ; Steady State Vol at FPGA Pin ; Voh Max at FPGA Pin ; Vol Min at FPGA Pin ; Ringback Voltage on Rise at FPGA Pin ; Ringback Voltage on Fall at FPGA Pin ; 10-90 Rise Time at FPGA Pin ; 90-10 Fall Time at FPGA Pin ; Monotonic Rise at FPGA Pin ; Monotonic Fall at FPGA Pin ; Steady State Voh at Far-end ; Steady State Vol at Far-end ; Voh Max at Far-end ; Vol Min at Far-end ; Ringback Voltage on Rise at Far-end ; Ringback Voltage on Fall at Far-end ; 10-90 Rise Time at Far-end ; 90-10 Fall Time at Far-end ; Monotonic Rise at Far-end ; Monotonic Fall at Far-end ;
+---------------+--------------+---------------------+---------------------+------------------------------+------------------------------+---------------------+---------------------+--------------------------------------+--------------------------------------+-----------------------------+-----------------------------+----------------------------+----------------------------+-----------------------------+-----------------------------+--------------------+--------------------+-------------------------------------+-------------------------------------+----------------------------+----------------------------+---------------------------+---------------------------+
; sec0[0]       ; 2.5 V        ; 0 s                 ; 0 s                 ; 2.32 V                       ; 7.11e-07 V                   ; 2.35 V              ; -0.00791 V          ; 0.102 V                              ; 0.023 V                              ; 6.39e-10 s                  ; 5.99e-10 s                  ; Yes                        ; Yes                        ; 2.32 V                      ; 7.11e-07 V                  ; 2.35 V             ; -0.00791 V         ; 0.102 V                             ; 0.023 V                             ; 6.39e-10 s                 ; 5.99e-10 s                 ; Yes                       ; Yes                       ;
; sec0[1]       ; 2.5 V        ; 0 s                 ; 0 s                 ; 2.32 V                       ; 7.11e-07 V                   ; 2.35 V              ; -0.00791 V          ; 0.102 V                              ; 0.023 V                              ; 6.39e-10 s                  ; 5.99e-10 s                  ; Yes                        ; Yes                        ; 2.32 V                      ; 7.11e-07 V                  ; 2.35 V             ; -0.00791 V         ; 0.102 V                             ; 0.023 V                             ; 6.39e-10 s                 ; 5.99e-10 s                 ; Yes                       ; Yes                       ;
; sec0[2]       ; 2.5 V        ; 0 s                 ; 0 s                 ; 2.32 V                       ; 7.11e-07 V                   ; 2.35 V              ; -0.00791 V          ; 0.102 V                              ; 0.023 V                              ; 6.39e-10 s                  ; 5.99e-10 s                  ; Yes                        ; Yes                        ; 2.32 V                      ; 7.11e-07 V                  ; 2.35 V             ; -0.00791 V         ; 0.102 V                             ; 0.023 V                             ; 6.39e-10 s                 ; 5.99e-10 s                 ; Yes                       ; Yes                       ;
; sec0[3]       ; 2.5 V        ; 0 s                 ; 0 s                 ; 2.32 V                       ; 1.06e-06 V                   ; 2.36 V              ; -0.00548 V          ; 0.108 V                              ; 0.017 V                              ; 4.48e-10 s                  ; 4.25e-10 s                  ; Yes                        ; Yes                        ; 2.32 V                      ; 1.06e-06 V                  ; 2.36 V             ; -0.00548 V         ; 0.108 V                             ; 0.017 V                             ; 4.48e-10 s                 ; 4.25e-10 s                 ; Yes                       ; Yes                       ;
; sec1[0]       ; 2.5 V        ; 0 s                 ; 0 s                 ; 2.32 V                       ; 1.06e-06 V                   ; 2.36 V              ; -0.00548 V          ; 0.108 V                              ; 0.017 V                              ; 4.48e-10 s                  ; 4.25e-10 s                  ; Yes                        ; Yes                        ; 2.32 V                      ; 1.06e-06 V                  ; 2.36 V             ; -0.00548 V         ; 0.108 V                             ; 0.017 V                             ; 4.48e-10 s                 ; 4.25e-10 s                 ; Yes                       ; Yes                       ;
; sec1[1]       ; 2.5 V        ; 0 s                 ; 0 s                 ; 2.32 V                       ; 1.06e-06 V                   ; 2.36 V              ; -0.00548 V          ; 0.108 V                              ; 0.017 V                              ; 4.48e-10 s                  ; 4.25e-10 s                  ; Yes                        ; Yes                        ; 2.32 V                      ; 1.06e-06 V                  ; 2.36 V             ; -0.00548 V         ; 0.108 V                             ; 0.017 V                             ; 4.48e-10 s                 ; 4.25e-10 s                 ; Yes                       ; Yes                       ;
; sec1[2]       ; 2.5 V        ; 0 s                 ; 0 s                 ; 2.32 V                       ; 1.06e-06 V                   ; 2.36 V              ; -0.00548 V          ; 0.108 V                              ; 0.017 V                              ; 4.48e-10 s                  ; 4.25e-10 s                  ; Yes                        ; Yes                        ; 2.32 V                      ; 1.06e-06 V                  ; 2.36 V             ; -0.00548 V         ; 0.108 V                             ; 0.017 V                             ; 4.48e-10 s                 ; 4.25e-10 s                 ; Yes                       ; Yes                       ;
; sec1[3]       ; 2.5 V        ; 0 s                 ; 0 s                 ; 2.32 V                       ; 1.06e-06 V                   ; 2.36 V              ; -0.00548 V          ; 0.108 V                              ; 0.017 V                              ; 4.48e-10 s                  ; 4.25e-10 s                  ; Yes                        ; Yes                        ; 2.32 V                      ; 1.06e-06 V                  ; 2.36 V             ; -0.00548 V         ; 0.108 V                             ; 0.017 V                             ; 4.48e-10 s                 ; 4.25e-10 s                 ; Yes                       ; Yes                       ;
; min0[0]       ; 2.5 V        ; 0 s                 ; 0 s                 ; 2.32 V                       ; 1.06e-06 V                   ; 2.36 V              ; -0.00548 V          ; 0.108 V                              ; 0.017 V                              ; 4.48e-10 s                  ; 4.25e-10 s                  ; Yes                        ; Yes                        ; 2.32 V                      ; 1.06e-06 V                  ; 2.36 V             ; -0.00548 V         ; 0.108 V                             ; 0.017 V                             ; 4.48e-10 s                 ; 4.25e-10 s                 ; Yes                       ; Yes                       ;
; min0[1]       ; 2.5 V        ; 0 s                 ; 0 s                 ; 2.32 V                       ; 1.06e-06 V                   ; 2.36 V              ; -0.00548 V          ; 0.108 V                              ; 0.017 V                              ; 4.48e-10 s                  ; 4.25e-10 s                  ; Yes                        ; Yes                        ; 2.32 V                      ; 1.06e-06 V                  ; 2.36 V             ; -0.00548 V         ; 0.108 V                             ; 0.017 V                             ; 4.48e-10 s                 ; 4.25e-10 s                 ; Yes                       ; Yes                       ;
; min0[2]       ; 2.5 V        ; 0 s                 ; 0 s                 ; 2.32 V                       ; 1.06e-06 V                   ; 2.36 V              ; -0.00548 V          ; 0.108 V                              ; 0.017 V                              ; 4.48e-10 s                  ; 4.25e-10 s                  ; Yes                        ; Yes                        ; 2.32 V                      ; 1.06e-06 V                  ; 2.36 V             ; -0.00548 V         ; 0.108 V                             ; 0.017 V                             ; 4.48e-10 s                 ; 4.25e-10 s                 ; Yes                       ; Yes                       ;
; min0[3]       ; 2.5 V        ; 0 s                 ; 0 s                 ; 2.32 V                       ; 1.06e-06 V                   ; 2.36 V              ; -0.00548 V          ; 0.108 V                              ; 0.017 V                              ; 4.48e-10 s                  ; 4.25e-10 s                  ; Yes                        ; Yes                        ; 2.32 V                      ; 1.06e-06 V                  ; 2.36 V             ; -0.00548 V         ; 0.108 V                             ; 0.017 V                             ; 4.48e-10 s                 ; 4.25e-10 s                 ; Yes                       ; Yes                       ;
; min1[0]       ; 2.5 V        ; 0 s                 ; 0 s                 ; 2.32 V                       ; 1.06e-06 V                   ; 2.36 V              ; -0.00548 V          ; 0.108 V                              ; 0.017 V                              ; 4.48e-10 s                  ; 4.25e-10 s                  ; Yes                        ; Yes                        ; 2.32 V                      ; 1.06e-06 V                  ; 2.36 V             ; -0.00548 V         ; 0.108 V                             ; 0.017 V                             ; 4.48e-10 s                 ; 4.25e-10 s                 ; Yes                       ; Yes                       ;
; min1[1]       ; 2.5 V        ; 0 s                 ; 0 s                 ; 2.32 V                       ; 1.06e-06 V                   ; 2.36 V              ; -0.00548 V          ; 0.108 V                              ; 0.017 V                              ; 4.48e-10 s                  ; 4.25e-10 s                  ; Yes                        ; Yes                        ; 2.32 V                      ; 1.06e-06 V                  ; 2.36 V             ; -0.00548 V         ; 0.108 V                             ; 0.017 V                             ; 4.48e-10 s                 ; 4.25e-10 s                 ; Yes                       ; Yes                       ;
; min1[2]       ; 2.5 V        ; 0 s                 ; 0 s                 ; 2.32 V                       ; 7.11e-07 V                   ; 2.35 V              ; -0.00791 V          ; 0.102 V                              ; 0.023 V                              ; 6.39e-10 s                  ; 5.99e-10 s                  ; Yes                        ; Yes                        ; 2.32 V                      ; 7.11e-07 V                  ; 2.35 V             ; -0.00791 V         ; 0.102 V                             ; 0.023 V                             ; 6.39e-10 s                 ; 5.99e-10 s                 ; Yes                       ; Yes                       ;
; min1[3]       ; 2.5 V        ; 0 s                 ; 0 s                 ; 2.32 V                       ; 1.06e-06 V                   ; 2.36 V              ; -0.00548 V          ; 0.108 V                              ; 0.017 V                              ; 4.48e-10 s                  ; 4.25e-10 s                  ; Yes                        ; Yes                        ; 2.32 V                      ; 1.06e-06 V                  ; 2.36 V             ; -0.00548 V         ; 0.108 V                             ; 0.017 V                             ; 4.48e-10 s                 ; 4.25e-10 s                 ; Yes                       ; Yes                       ;
; hour0[0]      ; 2.5 V        ; 0 s                 ; 0 s                 ; 2.32 V                       ; 1.06e-06 V                   ; 2.36 V              ; -0.00548 V          ; 0.108 V                              ; 0.017 V                              ; 4.48e-10 s                  ; 4.25e-10 s                  ; Yes                        ; Yes                        ; 2.32 V                      ; 1.06e-06 V                  ; 2.36 V             ; -0.00548 V         ; 0.108 V                             ; 0.017 V                             ; 4.48e-10 s                 ; 4.25e-10 s                 ; Yes                       ; Yes                       ;
; hour0[1]      ; 2.5 V        ; 0 s                 ; 0 s                 ; 2.32 V                       ; 1.06e-06 V                   ; 2.36 V              ; -0.00548 V          ; 0.108 V                              ; 0.017 V                              ; 4.48e-10 s                  ; 4.25e-10 s                  ; Yes                        ; Yes                        ; 2.32 V                      ; 1.06e-06 V                  ; 2.36 V             ; -0.00548 V         ; 0.108 V                             ; 0.017 V                             ; 4.48e-10 s                 ; 4.25e-10 s                 ; Yes                       ; Yes                       ;
; hour0[2]      ; 2.5 V        ; 0 s                 ; 0 s                 ; 2.32 V                       ; 1.06e-06 V                   ; 2.36 V              ; -0.00548 V          ; 0.108 V                              ; 0.017 V                              ; 4.48e-10 s                  ; 4.25e-10 s                  ; Yes                        ; Yes                        ; 2.32 V                      ; 1.06e-06 V                  ; 2.36 V             ; -0.00548 V         ; 0.108 V                             ; 0.017 V                             ; 4.48e-10 s                 ; 4.25e-10 s                 ; Yes                       ; Yes                       ;
; hour0[3]      ; 2.5 V        ; 0 s                 ; 0 s                 ; 2.32 V                       ; 1.06e-06 V                   ; 2.36 V              ; -0.00548 V          ; 0.108 V                              ; 0.017 V                              ; 4.48e-10 s                  ; 4.25e-10 s                  ; Yes                        ; Yes                        ; 2.32 V                      ; 1.06e-06 V                  ; 2.36 V             ; -0.00548 V         ; 0.108 V                             ; 0.017 V                             ; 4.48e-10 s                 ; 4.25e-10 s                 ; Yes                       ; Yes                       ;
; hour1[0]      ; 2.5 V        ; 0 s                 ; 0 s                 ; 2.32 V                       ; 1.06e-06 V                   ; 2.36 V              ; -0.00548 V          ; 0.108 V                              ; 0.017 V                              ; 4.48e-10 s                  ; 4.25e-10 s                  ; Yes                        ; Yes                        ; 2.32 V                      ; 1.06e-06 V                  ; 2.36 V             ; -0.00548 V         ; 0.108 V                             ; 0.017 V                             ; 4.48e-10 s                 ; 4.25e-10 s                 ; Yes                       ; Yes                       ;
; hour1[1]      ; 2.5 V        ; 0 s                 ; 0 s                 ; 2.32 V                       ; 1.06e-06 V                   ; 2.36 V              ; -0.00548 V          ; 0.108 V                              ; 0.017 V                              ; 4.48e-10 s                  ; 4.25e-10 s                  ; Yes                        ; Yes                        ; 2.32 V                      ; 1.06e-06 V                  ; 2.36 V             ; -0.00548 V         ; 0.108 V                             ; 0.017 V                             ; 4.48e-10 s                 ; 4.25e-10 s                 ; Yes                       ; Yes                       ;
; hour1[2]      ; 2.5 V        ; 0 s                 ; 0 s                 ; 2.32 V                       ; 7.11e-07 V                   ; 2.36 V              ; -0.00477 V          ; 0.097 V                              ; 0.012 V                              ; 4.4e-10 s                   ; 4.15e-10 s                  ; Yes                        ; Yes                        ; 2.32 V                      ; 7.11e-07 V                  ; 2.36 V             ; -0.00477 V         ; 0.097 V                             ; 0.012 V                             ; 4.4e-10 s                  ; 4.15e-10 s                 ; Yes                       ; Yes                       ;
; hour1[3]      ; 2.5 V        ; 0 s                 ; 0 s                 ; 2.32 V                       ; 1.06e-06 V                   ; 2.36 V              ; -0.00548 V          ; 0.108 V                              ; 0.017 V                              ; 4.48e-10 s                  ; 4.25e-10 s                  ; Yes                        ; Yes                        ; 2.32 V                      ; 1.06e-06 V                  ; 2.36 V             ; -0.00548 V         ; 0.108 V                             ; 0.017 V                             ; 4.48e-10 s                 ; 4.25e-10 s                 ; Yes                       ; Yes                       ;
; speak         ; 2.5 V        ; 0 s                 ; 0 s                 ; 2.32 V                       ; 1.06e-06 V                   ; 2.36 V              ; -0.00548 V          ; 0.108 V                              ; 0.017 V                              ; 4.48e-10 s                  ; 4.25e-10 s                  ; Yes                        ; Yes                        ; 2.32 V                      ; 1.06e-06 V                  ; 2.36 V             ; -0.00548 V         ; 0.108 V                             ; 0.017 V                             ; 4.48e-10 s                 ; 4.25e-10 s                 ; Yes                       ; Yes                       ;
; seg_sec0[0]   ; 2.5 V        ; 0 s                 ; 0 s                 ; 2.32 V                       ; 1.06e-06 V                   ; 2.36 V              ; -0.00548 V          ; 0.108 V                              ; 0.017 V                              ; 4.48e-10 s                  ; 4.25e-10 s                  ; Yes                        ; Yes                        ; 2.32 V                      ; 1.06e-06 V                  ; 2.36 V             ; -0.00548 V         ; 0.108 V                             ; 0.017 V                             ; 4.48e-10 s                 ; 4.25e-10 s                 ; Yes                       ; Yes                       ;
; seg_sec0[1]   ; 2.5 V        ; 0 s                 ; 0 s                 ; 2.32 V                       ; 7.11e-07 V                   ; 2.35 V              ; -0.00791 V          ; 0.102 V                              ; 0.023 V                              ; 6.39e-10 s                  ; 5.99e-10 s                  ; Yes                        ; Yes                        ; 2.32 V                      ; 7.11e-07 V                  ; 2.35 V             ; -0.00791 V         ; 0.102 V                             ; 0.023 V                             ; 6.39e-10 s                 ; 5.99e-10 s                 ; Yes                       ; Yes                       ;
; seg_sec0[2]   ; 2.5 V        ; 0 s                 ; 0 s                 ; 2.32 V                       ; 7.11e-07 V                   ; 2.35 V              ; -0.00791 V          ; 0.102 V                              ; 0.023 V                              ; 6.39e-10 s                  ; 5.99e-10 s                  ; Yes                        ; Yes                        ; 2.32 V                      ; 7.11e-07 V                  ; 2.35 V             ; -0.00791 V         ; 0.102 V                             ; 0.023 V                             ; 6.39e-10 s                 ; 5.99e-10 s                 ; Yes                       ; Yes                       ;
; seg_sec0[3]   ; 2.5 V        ; 0 s                 ; 0 s                 ; 2.32 V                       ; 7.11e-07 V                   ; 2.35 V              ; -0.00791 V          ; 0.102 V                              ; 0.023 V                              ; 6.39e-10 s                  ; 5.99e-10 s                  ; Yes                        ; Yes                        ; 2.32 V                      ; 7.11e-07 V                  ; 2.35 V             ; -0.00791 V         ; 0.102 V                             ; 0.023 V                             ; 6.39e-10 s                 ; 5.99e-10 s                 ; Yes                       ; Yes                       ;
; seg_sec0[4]   ; 2.5 V        ; 0 s                 ; 0 s                 ; 2.32 V                       ; 7.11e-07 V                   ; 2.36 V              ; -0.00477 V          ; 0.097 V                              ; 0.012 V                              ; 4.4e-10 s                   ; 4.15e-10 s                  ; Yes                        ; Yes                        ; 2.32 V                      ; 7.11e-07 V                  ; 2.36 V             ; -0.00477 V         ; 0.097 V                             ; 0.012 V                             ; 4.4e-10 s                  ; 4.15e-10 s                 ; Yes                       ; Yes                       ;
; seg_sec0[5]   ; 2.5 V        ; 0 s                 ; 0 s                 ; 2.32 V                       ; 7.11e-07 V                   ; 2.35 V              ; -0.00791 V          ; 0.102 V                              ; 0.023 V                              ; 6.39e-10 s                  ; 5.99e-10 s                  ; Yes                        ; Yes                        ; 2.32 V                      ; 7.11e-07 V                  ; 2.35 V             ; -0.00791 V         ; 0.102 V                             ; 0.023 V                             ; 6.39e-10 s                 ; 5.99e-10 s                 ; Yes                       ; Yes                       ;
; seg_sec0[6]   ; 2.5 V        ; 0 s                 ; 0 s                 ; 2.32 V                       ; 7.11e-07 V                   ; 2.35 V              ; -0.00791 V          ; 0.102 V                              ; 0.023 V                              ; 6.39e-10 s                  ; 5.99e-10 s                  ; Yes                        ; Yes                        ; 2.32 V                      ; 7.11e-07 V                  ; 2.35 V             ; -0.00791 V         ; 0.102 V                             ; 0.023 V                             ; 6.39e-10 s                 ; 5.99e-10 s                 ; Yes                       ; Yes                       ;
; seg_sec1[0]   ; 2.5 V        ; 0 s                 ; 0 s                 ; 2.32 V                       ; 1.06e-06 V                   ; 2.36 V              ; -0.00548 V          ; 0.108 V                              ; 0.017 V                              ; 4.48e-10 s                  ; 4.25e-10 s                  ; Yes                        ; Yes                        ; 2.32 V                      ; 1.06e-06 V                  ; 2.36 V             ; -0.00548 V         ; 0.108 V                             ; 0.017 V                             ; 4.48e-10 s                 ; 4.25e-10 s                 ; Yes                       ; Yes                       ;
; seg_sec1[1]   ; 2.5 V        ; 0 s                 ; 0 s                 ; 2.32 V                       ; 1.06e-06 V                   ; 2.36 V              ; -0.00548 V          ; 0.108 V                              ; 0.017 V                              ; 4.48e-10 s                  ; 4.25e-10 s                  ; Yes                        ; Yes                        ; 2.32 V                      ; 1.06e-06 V                  ; 2.36 V             ; -0.00548 V         ; 0.108 V                             ; 0.017 V                             ; 4.48e-10 s                 ; 4.25e-10 s                 ; Yes                       ; Yes                       ;
; seg_sec1[2]   ; 2.5 V        ; 0 s                 ; 0 s                 ; 2.32 V                       ; 1.06e-06 V                   ; 2.36 V              ; -0.00548 V          ; 0.108 V                              ; 0.017 V                              ; 4.48e-10 s                  ; 4.25e-10 s                  ; Yes                        ; Yes                        ; 2.32 V                      ; 1.06e-06 V                  ; 2.36 V             ; -0.00548 V         ; 0.108 V                             ; 0.017 V                             ; 4.48e-10 s                 ; 4.25e-10 s                 ; Yes                       ; Yes                       ;
; seg_sec1[3]   ; 2.5 V        ; 0 s                 ; 0 s                 ; 2.32 V                       ; 1.06e-06 V                   ; 2.36 V              ; -0.00548 V          ; 0.108 V                              ; 0.017 V                              ; 4.48e-10 s                  ; 4.25e-10 s                  ; Yes                        ; Yes                        ; 2.32 V                      ; 1.06e-06 V                  ; 2.36 V             ; -0.00548 V         ; 0.108 V                             ; 0.017 V                             ; 4.48e-10 s                 ; 4.25e-10 s                 ; Yes                       ; Yes                       ;
; seg_sec1[4]   ; 2.5 V        ; 0 s                 ; 0 s                 ; 2.32 V                       ; 1.06e-06 V                   ; 2.36 V              ; -0.00548 V          ; 0.108 V                              ; 0.017 V                              ; 4.48e-10 s                  ; 4.25e-10 s                  ; Yes                        ; Yes                        ; 2.32 V                      ; 1.06e-06 V                  ; 2.36 V             ; -0.00548 V         ; 0.108 V                             ; 0.017 V                             ; 4.48e-10 s                 ; 4.25e-10 s                 ; Yes                       ; Yes                       ;
; seg_sec1[5]   ; 2.5 V        ; 0 s                 ; 0 s                 ; 2.32 V                       ; 1.06e-06 V                   ; 2.36 V              ; -0.00548 V          ; 0.108 V                              ; 0.017 V                              ; 4.48e-10 s                  ; 4.25e-10 s                  ; Yes                        ; Yes                        ; 2.32 V                      ; 1.06e-06 V                  ; 2.36 V             ; -0.00548 V         ; 0.108 V                             ; 0.017 V                             ; 4.48e-10 s                 ; 4.25e-10 s                 ; Yes                       ; Yes                       ;
; seg_sec1[6]   ; 2.5 V        ; 0 s                 ; 0 s                 ; 2.32 V                       ; 1.06e-06 V                   ; 2.36 V              ; -0.00548 V          ; 0.108 V                              ; 0.017 V                              ; 4.48e-10 s                  ; 4.25e-10 s                  ; Yes                        ; Yes                        ; 2.32 V                      ; 1.06e-06 V                  ; 2.36 V             ; -0.00548 V         ; 0.108 V                             ; 0.017 V                             ; 4.48e-10 s                 ; 4.25e-10 s                 ; Yes                       ; Yes                       ;
; seg_min0[0]   ; 2.5 V        ; 0 s                 ; 0 s                 ; 2.32 V                       ; 1.06e-06 V                   ; 2.36 V              ; -0.00548 V          ; 0.108 V                              ; 0.017 V                              ; 4.48e-10 s                  ; 4.25e-10 s                  ; Yes                        ; Yes                        ; 2.32 V                      ; 1.06e-06 V                  ; 2.36 V             ; -0.00548 V         ; 0.108 V                             ; 0.017 V                             ; 4.48e-10 s                 ; 4.25e-10 s                 ; Yes                       ; Yes                       ;
; seg_min0[1]   ; 2.5 V        ; 0 s                 ; 0 s                 ; 2.32 V                       ; 1.06e-06 V                   ; 2.36 V              ; -0.00548 V          ; 0.108 V                              ; 0.017 V                              ; 4.48e-10 s                  ; 4.25e-10 s                  ; Yes                        ; Yes                        ; 2.32 V                      ; 1.06e-06 V                  ; 2.36 V             ; -0.00548 V         ; 0.108 V                             ; 0.017 V                             ; 4.48e-10 s                 ; 4.25e-10 s                 ; Yes                       ; Yes                       ;
; seg_min0[2]   ; 2.5 V        ; 0 s                 ; 0 s                 ; 2.32 V                       ; 1.06e-06 V                   ; 2.36 V              ; -0.00548 V          ; 0.108 V                              ; 0.017 V                              ; 4.48e-10 s                  ; 4.25e-10 s                  ; Yes                        ; Yes                        ; 2.32 V                      ; 1.06e-06 V                  ; 2.36 V             ; -0.00548 V         ; 0.108 V                             ; 0.017 V                             ; 4.48e-10 s                 ; 4.25e-10 s                 ; Yes                       ; Yes                       ;
; seg_min0[3]   ; 2.5 V        ; 0 s                 ; 0 s                 ; 2.32 V                       ; 1.06e-06 V                   ; 2.36 V              ; -0.00548 V          ; 0.108 V                              ; 0.017 V                              ; 4.48e-10 s                  ; 4.25e-10 s                  ; Yes                        ; Yes                        ; 2.32 V                      ; 1.06e-06 V                  ; 2.36 V             ; -0.00548 V         ; 0.108 V                             ; 0.017 V                             ; 4.48e-10 s                 ; 4.25e-10 s                 ; Yes                       ; Yes                       ;
; seg_min0[4]   ; 2.5 V        ; 0 s                 ; 0 s                 ; 2.32 V                       ; 1.06e-06 V                   ; 2.36 V              ; -0.00548 V          ; 0.108 V                              ; 0.017 V                              ; 4.48e-10 s                  ; 4.25e-10 s                  ; Yes                        ; Yes                        ; 2.32 V                      ; 1.06e-06 V                  ; 2.36 V             ; -0.00548 V         ; 0.108 V                             ; 0.017 V                             ; 4.48e-10 s                 ; 4.25e-10 s                 ; Yes                       ; Yes                       ;
; seg_min0[5]   ; 2.5 V        ; 0 s                 ; 0 s                 ; 2.32 V                       ; 1.06e-06 V                   ; 2.36 V              ; -0.00548 V          ; 0.108 V                              ; 0.017 V                              ; 4.48e-10 s                  ; 4.25e-10 s                  ; Yes                        ; Yes                        ; 2.32 V                      ; 1.06e-06 V                  ; 2.36 V             ; -0.00548 V         ; 0.108 V                             ; 0.017 V                             ; 4.48e-10 s                 ; 4.25e-10 s                 ; Yes                       ; Yes                       ;
; seg_min0[6]   ; 2.5 V        ; 0 s                 ; 0 s                 ; 2.32 V                       ; 1.06e-06 V                   ; 2.36 V              ; -0.00548 V          ; 0.108 V                              ; 0.017 V                              ; 4.48e-10 s                  ; 4.25e-10 s                  ; Yes                        ; Yes                        ; 2.32 V                      ; 1.06e-06 V                  ; 2.36 V             ; -0.00548 V         ; 0.108 V                             ; 0.017 V                             ; 4.48e-10 s                 ; 4.25e-10 s                 ; Yes                       ; Yes                       ;
; seg_min1[0]   ; 2.5 V        ; 0 s                 ; 0 s                 ; 2.32 V                       ; 1.06e-06 V                   ; 2.36 V              ; -0.00548 V          ; 0.108 V                              ; 0.017 V                              ; 4.48e-10 s                  ; 4.25e-10 s                  ; Yes                        ; Yes                        ; 2.32 V                      ; 1.06e-06 V                  ; 2.36 V             ; -0.00548 V         ; 0.108 V                             ; 0.017 V                             ; 4.48e-10 s                 ; 4.25e-10 s                 ; Yes                       ; Yes                       ;
; seg_min1[1]   ; 2.5 V        ; 0 s                 ; 0 s                 ; 2.32 V                       ; 1.06e-06 V                   ; 2.36 V              ; -0.00548 V          ; 0.108 V                              ; 0.017 V                              ; 4.48e-10 s                  ; 4.25e-10 s                  ; Yes                        ; Yes                        ; 2.32 V                      ; 1.06e-06 V                  ; 2.36 V             ; -0.00548 V         ; 0.108 V                             ; 0.017 V                             ; 4.48e-10 s                 ; 4.25e-10 s                 ; Yes                       ; Yes                       ;
; seg_min1[2]   ; 2.5 V        ; 0 s                 ; 0 s                 ; 2.32 V                       ; 7.11e-07 V                   ; 2.36 V              ; -0.00477 V          ; 0.097 V                              ; 0.012 V                              ; 4.4e-10 s                   ; 4.15e-10 s                  ; Yes                        ; Yes                        ; 2.32 V                      ; 7.11e-07 V                  ; 2.36 V             ; -0.00477 V         ; 0.097 V                             ; 0.012 V                             ; 4.4e-10 s                  ; 4.15e-10 s                 ; Yes                       ; Yes                       ;
; seg_min1[3]   ; 2.5 V        ; 0 s                 ; 0 s                 ; 2.32 V                       ; 1.06e-06 V                   ; 2.36 V              ; -0.00548 V          ; 0.108 V                              ; 0.017 V                              ; 4.48e-10 s                  ; 4.25e-10 s                  ; Yes                        ; Yes                        ; 2.32 V                      ; 1.06e-06 V                  ; 2.36 V             ; -0.00548 V         ; 0.108 V                             ; 0.017 V                             ; 4.48e-10 s                 ; 4.25e-10 s                 ; Yes                       ; Yes                       ;
; seg_min1[4]   ; 2.5 V        ; 0 s                 ; 0 s                 ; 2.32 V                       ; 7.11e-07 V                   ; 2.35 V              ; -0.00791 V          ; 0.102 V                              ; 0.023 V                              ; 6.39e-10 s                  ; 5.99e-10 s                  ; Yes                        ; Yes                        ; 2.32 V                      ; 7.11e-07 V                  ; 2.35 V             ; -0.00791 V         ; 0.102 V                             ; 0.023 V                             ; 6.39e-10 s                 ; 5.99e-10 s                 ; Yes                       ; Yes                       ;
; seg_min1[5]   ; 2.5 V        ; 0 s                 ; 0 s                 ; 2.32 V                       ; 1.06e-06 V                   ; 2.36 V              ; -0.00548 V          ; 0.108 V                              ; 0.017 V                              ; 4.48e-10 s                  ; 4.25e-10 s                  ; Yes                        ; Yes                        ; 2.32 V                      ; 1.06e-06 V                  ; 2.36 V             ; -0.00548 V         ; 0.108 V                             ; 0.017 V                             ; 4.48e-10 s                 ; 4.25e-10 s                 ; Yes                       ; Yes                       ;
; seg_min1[6]   ; 2.5 V        ; 0 s                 ; 0 s                 ; 2.32 V                       ; 1.06e-06 V                   ; 2.33 V              ; -0.00343 V          ; 0.134 V                              ; 0.076 V                              ; 3.33e-09 s                  ; 3.16e-09 s                  ; Yes                        ; Yes                        ; 2.32 V                      ; 1.06e-06 V                  ; 2.33 V             ; -0.00343 V         ; 0.134 V                             ; 0.076 V                             ; 3.33e-09 s                 ; 3.16e-09 s                 ; Yes                       ; Yes                       ;
; seg_hour0[0]  ; 2.5 V        ; 0 s                 ; 0 s                 ; 2.32 V                       ; 1.06e-06 V                   ; 2.36 V              ; -0.00548 V          ; 0.108 V                              ; 0.017 V                              ; 4.48e-10 s                  ; 4.25e-10 s                  ; Yes                        ; Yes                        ; 2.32 V                      ; 1.06e-06 V                  ; 2.36 V             ; -0.00548 V         ; 0.108 V                             ; 0.017 V                             ; 4.48e-10 s                 ; 4.25e-10 s                 ; Yes                       ; Yes                       ;
; seg_hour0[1]  ; 2.5 V        ; 0 s                 ; 0 s                 ; 2.32 V                       ; 1.06e-06 V                   ; 2.36 V              ; -0.00548 V          ; 0.108 V                              ; 0.017 V                              ; 4.48e-10 s                  ; 4.25e-10 s                  ; Yes                        ; Yes                        ; 2.32 V                      ; 1.06e-06 V                  ; 2.36 V             ; -0.00548 V         ; 0.108 V                             ; 0.017 V                             ; 4.48e-10 s                 ; 4.25e-10 s                 ; Yes                       ; Yes                       ;
; seg_hour0[2]  ; 2.5 V        ; 0 s                 ; 0 s                 ; 2.32 V                       ; 1.06e-06 V                   ; 2.36 V              ; -0.00548 V          ; 0.108 V                              ; 0.017 V                              ; 4.48e-10 s                  ; 4.25e-10 s                  ; Yes                        ; Yes                        ; 2.32 V                      ; 1.06e-06 V                  ; 2.36 V             ; -0.00548 V         ; 0.108 V                             ; 0.017 V                             ; 4.48e-10 s                 ; 4.25e-10 s                 ; Yes                       ; Yes                       ;
; seg_hour0[3]  ; 2.5 V        ; 0 s                 ; 0 s                 ; 2.32 V                       ; 1.06e-06 V                   ; 2.36 V              ; -0.00548 V          ; 0.108 V                              ; 0.017 V                              ; 4.48e-10 s                  ; 4.25e-10 s                  ; Yes                        ; Yes                        ; 2.32 V                      ; 1.06e-06 V                  ; 2.36 V             ; -0.00548 V         ; 0.108 V                             ; 0.017 V                             ; 4.48e-10 s                 ; 4.25e-10 s                 ; Yes                       ; Yes                       ;
; seg_hour0[4]  ; 2.5 V        ; 0 s                 ; 0 s                 ; 2.32 V                       ; 1.06e-06 V                   ; 2.36 V              ; -0.00548 V          ; 0.108 V                              ; 0.017 V                              ; 4.48e-10 s                  ; 4.25e-10 s                  ; Yes                        ; Yes                        ; 2.32 V                      ; 1.06e-06 V                  ; 2.36 V             ; -0.00548 V         ; 0.108 V                             ; 0.017 V                             ; 4.48e-10 s                 ; 4.25e-10 s                 ; Yes                       ; Yes                       ;
; seg_hour0[5]  ; 2.5 V        ; 0 s                 ; 0 s                 ; 2.32 V                       ; 1.06e-06 V                   ; 2.36 V              ; -0.00548 V          ; 0.108 V                              ; 0.017 V                              ; 4.48e-10 s                  ; 4.25e-10 s                  ; Yes                        ; Yes                        ; 2.32 V                      ; 1.06e-06 V                  ; 2.36 V             ; -0.00548 V         ; 0.108 V                             ; 0.017 V                             ; 4.48e-10 s                 ; 4.25e-10 s                 ; Yes                       ; Yes                       ;
; seg_hour0[6]  ; 2.5 V        ; 0 s                 ; 0 s                 ; 2.32 V                       ; 1.06e-06 V                   ; 2.36 V              ; -0.00548 V          ; 0.108 V                              ; 0.017 V                              ; 4.48e-10 s                  ; 4.25e-10 s                  ; Yes                        ; Yes                        ; 2.32 V                      ; 1.06e-06 V                  ; 2.36 V             ; -0.00548 V         ; 0.108 V                             ; 0.017 V                             ; 4.48e-10 s                 ; 4.25e-10 s                 ; Yes                       ; Yes                       ;
; seg_hour1[0]  ; 2.5 V        ; 0 s                 ; 0 s                 ; 2.32 V                       ; 1.06e-06 V                   ; 2.36 V              ; -0.00548 V          ; 0.108 V                              ; 0.017 V                              ; 4.48e-10 s                  ; 4.25e-10 s                  ; Yes                        ; Yes                        ; 2.32 V                      ; 1.06e-06 V                  ; 2.36 V             ; -0.00548 V         ; 0.108 V                             ; 0.017 V                             ; 4.48e-10 s                 ; 4.25e-10 s                 ; Yes                       ; Yes                       ;
; seg_hour1[1]  ; 2.5 V        ; 0 s                 ; 0 s                 ; 2.32 V                       ; 1.06e-06 V                   ; 2.36 V              ; -0.00548 V          ; 0.108 V                              ; 0.017 V                              ; 4.48e-10 s                  ; 4.25e-10 s                  ; Yes                        ; Yes                        ; 2.32 V                      ; 1.06e-06 V                  ; 2.36 V             ; -0.00548 V         ; 0.108 V                             ; 0.017 V                             ; 4.48e-10 s                 ; 4.25e-10 s                 ; Yes                       ; Yes                       ;
; seg_hour1[2]  ; 2.5 V        ; 0 s                 ; 0 s                 ; 2.32 V                       ; 1.06e-06 V                   ; 2.36 V              ; -0.00548 V          ; 0.108 V                              ; 0.017 V                              ; 4.48e-10 s                  ; 4.25e-10 s                  ; Yes                        ; Yes                        ; 2.32 V                      ; 1.06e-06 V                  ; 2.36 V             ; -0.00548 V         ; 0.108 V                             ; 0.017 V                             ; 4.48e-10 s                 ; 4.25e-10 s                 ; Yes                       ; Yes                       ;
; seg_hour1[3]  ; 2.5 V        ; 0 s                 ; 0 s                 ; 2.32 V                       ; 1.06e-06 V                   ; 2.36 V              ; -0.00548 V          ; 0.108 V                              ; 0.017 V                              ; 4.48e-10 s                  ; 4.25e-10 s                  ; Yes                        ; Yes                        ; 2.32 V                      ; 1.06e-06 V                  ; 2.36 V             ; -0.00548 V         ; 0.108 V                             ; 0.017 V                             ; 4.48e-10 s                 ; 4.25e-10 s                 ; Yes                       ; Yes                       ;
; seg_hour1[4]  ; 2.5 V        ; 0 s                 ; 0 s                 ; 2.32 V                       ; 1.06e-06 V                   ; 2.33 V              ; -0.00343 V          ; 0.134 V                              ; 0.076 V                              ; 3.33e-09 s                  ; 3.16e-09 s                  ; Yes                        ; Yes                        ; 2.32 V                      ; 1.06e-06 V                  ; 2.33 V             ; -0.00343 V         ; 0.134 V                             ; 0.076 V                             ; 3.33e-09 s                 ; 3.16e-09 s                 ; Yes                       ; Yes                       ;
; seg_hour1[5]  ; 2.5 V        ; 0 s                 ; 0 s                 ; 2.32 V                       ; 1.06e-06 V                   ; 2.36 V              ; -0.00548 V          ; 0.108 V                              ; 0.017 V                              ; 4.48e-10 s                  ; 4.25e-10 s                  ; Yes                        ; Yes                        ; 2.32 V                      ; 1.06e-06 V                  ; 2.36 V             ; -0.00548 V         ; 0.108 V                             ; 0.017 V                             ; 4.48e-10 s                 ; 4.25e-10 s                 ; Yes                       ; Yes                       ;
; seg_hour1[6]  ; 2.5 V        ; 0 s                 ; 0 s                 ; 2.32 V                       ; 1.06e-06 V                   ; 2.33 V              ; -0.00343 V          ; 0.134 V                              ; 0.076 V                              ; 3.33e-09 s                  ; 3.16e-09 s                  ; Yes                        ; Yes                        ; 2.32 V                      ; 1.06e-06 V                  ; 2.33 V             ; -0.00343 V         ; 0.134 V                             ; 0.076 V                             ; 3.33e-09 s                 ; 3.16e-09 s                 ; Yes                       ; Yes                       ;
; ~ALTERA_DCLK~ ; 2.5 V        ; 0 s                 ; 0 s                 ; 2.32 V                       ; 5.68e-07 V                   ; 2.36 V              ; -0.0222 V           ; 0.073 V                              ; 0.035 V                              ; 3.97e-10 s                  ; 3.26e-10 s                  ; Yes                        ; Yes                        ; 2.32 V                      ; 5.68e-07 V                  ; 2.36 V             ; -0.0222 V          ; 0.073 V                             ; 0.035 V                             ; 3.97e-10 s                 ; 3.26e-10 s                 ; Yes                       ; Yes                       ;
; ~ALTERA_nCEO~ ; 2.5 V        ; 0 s                 ; 0 s                 ; 2.32 V                       ; 9.36e-07 V                   ; 2.35 V              ; -0.00597 V          ; 0.081 V                              ; 0.031 V                              ; 5.3e-10 s                   ; 7.56e-10 s                  ; Yes                        ; Yes                        ; 2.32 V                      ; 9.36e-07 V                  ; 2.35 V             ; -0.00597 V         ; 0.081 V                             ; 0.031 V                             ; 5.3e-10 s                  ; 7.56e-10 s                 ; Yes                       ; Yes                       ;
+---------------+--------------+---------------------+---------------------+------------------------------+------------------------------+---------------------+---------------------+--------------------------------------+--------------------------------------+-----------------------------+-----------------------------+----------------------------+----------------------------+-----------------------------+-----------------------------+--------------------+--------------------+-------------------------------------+-------------------------------------+----------------------------+----------------------------+---------------------------+---------------------------+


+--------------------------------------------------------------------------------------------------------------------------------------------------------------------------------------------------------------------------------------------------------------------------------------------------------------------------------------------------------------------------------------------------------------------------------------------------------------------------------------------------------------------------------------------------------------------------------------------------------------------------------------------------------------------------------------------+
; Fast Corner Signal Integrity Metrics                                                                                                                                                                                                                                                                                                                                                                                                                                                                                                                                                                                                                                                       ;
+---------------+--------------+---------------------+---------------------+------------------------------+------------------------------+---------------------+---------------------+--------------------------------------+--------------------------------------+-----------------------------+-----------------------------+----------------------------+----------------------------+-----------------------------+-----------------------------+--------------------+--------------------+-------------------------------------+-------------------------------------+----------------------------+----------------------------+---------------------------+---------------------------+
; Pin           ; I/O Standard ; Board Delay on Rise ; Board Delay on Fall ; Steady State Voh at FPGA Pin ; Steady State Vol at FPGA Pin ; Voh Max at FPGA Pin ; Vol Min at FPGA Pin ; Ringback Voltage on Rise at FPGA Pin ; Ringback Voltage on Fall at FPGA Pin ; 10-90 Rise Time at FPGA Pin ; 90-10 Fall Time at FPGA Pin ; Monotonic Rise at FPGA Pin ; Monotonic Fall at FPGA Pin ; Steady State Voh at Far-end ; Steady State Vol at Far-end ; Voh Max at Far-end ; Vol Min at Far-end ; Ringback Voltage on Rise at Far-end ; Ringback Voltage on Fall at Far-end ; 10-90 Rise Time at Far-end ; 90-10 Fall Time at Far-end ; Monotonic Rise at Far-end ; Monotonic Fall at Far-end ;
+---------------+--------------+---------------------+---------------------+------------------------------+------------------------------+---------------------+---------------------+--------------------------------------+--------------------------------------+-----------------------------+-----------------------------+----------------------------+----------------------------+-----------------------------+-----------------------------+--------------------+--------------------+-------------------------------------+-------------------------------------+----------------------------+----------------------------+---------------------------+---------------------------+
; sec0[0]       ; 2.5 V        ; 0 s                 ; 0 s                 ; 2.62 V                       ; 2.7e-08 V                    ; 2.71 V              ; -0.0354 V           ; 0.148 V                              ; 0.064 V                              ; 4.51e-10 s                  ; 4.14e-10 s                  ; No                         ; Yes                        ; 2.62 V                      ; 2.7e-08 V                   ; 2.71 V             ; -0.0354 V          ; 0.148 V                             ; 0.064 V                             ; 4.51e-10 s                 ; 4.14e-10 s                 ; No                        ; Yes                       ;
; sec0[1]       ; 2.5 V        ; 0 s                 ; 0 s                 ; 2.62 V                       ; 2.7e-08 V                    ; 2.71 V              ; -0.0354 V           ; 0.148 V                              ; 0.064 V                              ; 4.51e-10 s                  ; 4.14e-10 s                  ; No                         ; Yes                        ; 2.62 V                      ; 2.7e-08 V                   ; 2.71 V             ; -0.0354 V          ; 0.148 V                             ; 0.064 V                             ; 4.51e-10 s                 ; 4.14e-10 s                 ; No                        ; Yes                       ;
; sec0[2]       ; 2.5 V        ; 0 s                 ; 0 s                 ; 2.62 V                       ; 2.7e-08 V                    ; 2.71 V              ; -0.0354 V           ; 0.148 V                              ; 0.064 V                              ; 4.51e-10 s                  ; 4.14e-10 s                  ; No                         ; Yes                        ; 2.62 V                      ; 2.7e-08 V                   ; 2.71 V             ; -0.0354 V          ; 0.148 V                             ; 0.064 V                             ; 4.51e-10 s                 ; 4.14e-10 s                 ; No                        ; Yes                       ;
; sec0[3]       ; 2.5 V        ; 0 s                 ; 0 s                 ; 2.62 V                       ; 4.02e-08 V                   ; 2.71 V              ; -0.0354 V           ; 0.174 V                              ; 0.098 V                              ; 2.73e-10 s                  ; 2.69e-10 s                  ; Yes                        ; Yes                        ; 2.62 V                      ; 4.02e-08 V                  ; 2.71 V             ; -0.0354 V          ; 0.174 V                             ; 0.098 V                             ; 2.73e-10 s                 ; 2.69e-10 s                 ; Yes                       ; Yes                       ;
; sec1[0]       ; 2.5 V        ; 0 s                 ; 0 s                 ; 2.62 V                       ; 4.02e-08 V                   ; 2.71 V              ; -0.0354 V           ; 0.174 V                              ; 0.098 V                              ; 2.73e-10 s                  ; 2.69e-10 s                  ; Yes                        ; Yes                        ; 2.62 V                      ; 4.02e-08 V                  ; 2.71 V             ; -0.0354 V          ; 0.174 V                             ; 0.098 V                             ; 2.73e-10 s                 ; 2.69e-10 s                 ; Yes                       ; Yes                       ;
; sec1[1]       ; 2.5 V        ; 0 s                 ; 0 s                 ; 2.62 V                       ; 4.02e-08 V                   ; 2.71 V              ; -0.0354 V           ; 0.174 V                              ; 0.098 V                              ; 2.73e-10 s                  ; 2.69e-10 s                  ; Yes                        ; Yes                        ; 2.62 V                      ; 4.02e-08 V                  ; 2.71 V             ; -0.0354 V          ; 0.174 V                             ; 0.098 V                             ; 2.73e-10 s                 ; 2.69e-10 s                 ; Yes                       ; Yes                       ;
; sec1[2]       ; 2.5 V        ; 0 s                 ; 0 s                 ; 2.62 V                       ; 4.02e-08 V                   ; 2.71 V              ; -0.0354 V           ; 0.174 V                              ; 0.098 V                              ; 2.73e-10 s                  ; 2.69e-10 s                  ; Yes                        ; Yes                        ; 2.62 V                      ; 4.02e-08 V                  ; 2.71 V             ; -0.0354 V          ; 0.174 V                             ; 0.098 V                             ; 2.73e-10 s                 ; 2.69e-10 s                 ; Yes                       ; Yes                       ;
; sec1[3]       ; 2.5 V        ; 0 s                 ; 0 s                 ; 2.62 V                       ; 4.02e-08 V                   ; 2.71 V              ; -0.0354 V           ; 0.174 V                              ; 0.098 V                              ; 2.73e-10 s                  ; 2.69e-10 s                  ; Yes                        ; Yes                        ; 2.62 V                      ; 4.02e-08 V                  ; 2.71 V             ; -0.0354 V          ; 0.174 V                             ; 0.098 V                             ; 2.73e-10 s                 ; 2.69e-10 s                 ; Yes                       ; Yes                       ;
; min0[0]       ; 2.5 V        ; 0 s                 ; 0 s                 ; 2.62 V                       ; 4.02e-08 V                   ; 2.71 V              ; -0.0354 V           ; 0.174 V                              ; 0.098 V                              ; 2.73e-10 s                  ; 2.69e-10 s                  ; Yes                        ; Yes                        ; 2.62 V                      ; 4.02e-08 V                  ; 2.71 V             ; -0.0354 V          ; 0.174 V                             ; 0.098 V                             ; 2.73e-10 s                 ; 2.69e-10 s                 ; Yes                       ; Yes                       ;
; min0[1]       ; 2.5 V        ; 0 s                 ; 0 s                 ; 2.62 V                       ; 4.02e-08 V                   ; 2.71 V              ; -0.0354 V           ; 0.174 V                              ; 0.098 V                              ; 2.73e-10 s                  ; 2.69e-10 s                  ; Yes                        ; Yes                        ; 2.62 V                      ; 4.02e-08 V                  ; 2.71 V             ; -0.0354 V          ; 0.174 V                             ; 0.098 V                             ; 2.73e-10 s                 ; 2.69e-10 s                 ; Yes                       ; Yes                       ;
; min0[2]       ; 2.5 V        ; 0 s                 ; 0 s                 ; 2.62 V                       ; 4.02e-08 V                   ; 2.71 V              ; -0.0354 V           ; 0.174 V                              ; 0.098 V                              ; 2.73e-10 s                  ; 2.69e-10 s                  ; Yes                        ; Yes                        ; 2.62 V                      ; 4.02e-08 V                  ; 2.71 V             ; -0.0354 V          ; 0.174 V                             ; 0.098 V                             ; 2.73e-10 s                 ; 2.69e-10 s                 ; Yes                       ; Yes                       ;
; min0[3]       ; 2.5 V        ; 0 s                 ; 0 s                 ; 2.62 V                       ; 4.02e-08 V                   ; 2.71 V              ; -0.0354 V           ; 0.174 V                              ; 0.098 V                              ; 2.73e-10 s                  ; 2.69e-10 s                  ; Yes                        ; Yes                        ; 2.62 V                      ; 4.02e-08 V                  ; 2.71 V             ; -0.0354 V          ; 0.174 V                             ; 0.098 V                             ; 2.73e-10 s                 ; 2.69e-10 s                 ; Yes                       ; Yes                       ;
; min1[0]       ; 2.5 V        ; 0 s                 ; 0 s                 ; 2.62 V                       ; 4.02e-08 V                   ; 2.71 V              ; -0.0354 V           ; 0.174 V                              ; 0.098 V                              ; 2.73e-10 s                  ; 2.69e-10 s                  ; Yes                        ; Yes                        ; 2.62 V                      ; 4.02e-08 V                  ; 2.71 V             ; -0.0354 V          ; 0.174 V                             ; 0.098 V                             ; 2.73e-10 s                 ; 2.69e-10 s                 ; Yes                       ; Yes                       ;
; min1[1]       ; 2.5 V        ; 0 s                 ; 0 s                 ; 2.62 V                       ; 4.02e-08 V                   ; 2.71 V              ; -0.0354 V           ; 0.174 V                              ; 0.098 V                              ; 2.73e-10 s                  ; 2.69e-10 s                  ; Yes                        ; Yes                        ; 2.62 V                      ; 4.02e-08 V                  ; 2.71 V             ; -0.0354 V          ; 0.174 V                             ; 0.098 V                             ; 2.73e-10 s                 ; 2.69e-10 s                 ; Yes                       ; Yes                       ;
; min1[2]       ; 2.5 V        ; 0 s                 ; 0 s                 ; 2.62 V                       ; 2.7e-08 V                    ; 2.71 V              ; -0.0354 V           ; 0.148 V                              ; 0.064 V                              ; 4.51e-10 s                  ; 4.14e-10 s                  ; No                         ; Yes                        ; 2.62 V                      ; 2.7e-08 V                   ; 2.71 V             ; -0.0354 V          ; 0.148 V                             ; 0.064 V                             ; 4.51e-10 s                 ; 4.14e-10 s                 ; No                        ; Yes                       ;
; min1[3]       ; 2.5 V        ; 0 s                 ; 0 s                 ; 2.62 V                       ; 4.02e-08 V                   ; 2.71 V              ; -0.0354 V           ; 0.174 V                              ; 0.098 V                              ; 2.73e-10 s                  ; 2.69e-10 s                  ; Yes                        ; Yes                        ; 2.62 V                      ; 4.02e-08 V                  ; 2.71 V             ; -0.0354 V          ; 0.174 V                             ; 0.098 V                             ; 2.73e-10 s                 ; 2.69e-10 s                 ; Yes                       ; Yes                       ;
; hour0[0]      ; 2.5 V        ; 0 s                 ; 0 s                 ; 2.62 V                       ; 4.02e-08 V                   ; 2.71 V              ; -0.0354 V           ; 0.174 V                              ; 0.098 V                              ; 2.73e-10 s                  ; 2.69e-10 s                  ; Yes                        ; Yes                        ; 2.62 V                      ; 4.02e-08 V                  ; 2.71 V             ; -0.0354 V          ; 0.174 V                             ; 0.098 V                             ; 2.73e-10 s                 ; 2.69e-10 s                 ; Yes                       ; Yes                       ;
; hour0[1]      ; 2.5 V        ; 0 s                 ; 0 s                 ; 2.62 V                       ; 4.02e-08 V                   ; 2.71 V              ; -0.0354 V           ; 0.174 V                              ; 0.098 V                              ; 2.73e-10 s                  ; 2.69e-10 s                  ; Yes                        ; Yes                        ; 2.62 V                      ; 4.02e-08 V                  ; 2.71 V             ; -0.0354 V          ; 0.174 V                             ; 0.098 V                             ; 2.73e-10 s                 ; 2.69e-10 s                 ; Yes                       ; Yes                       ;
; hour0[2]      ; 2.5 V        ; 0 s                 ; 0 s                 ; 2.62 V                       ; 4.02e-08 V                   ; 2.71 V              ; -0.0354 V           ; 0.174 V                              ; 0.098 V                              ; 2.73e-10 s                  ; 2.69e-10 s                  ; Yes                        ; Yes                        ; 2.62 V                      ; 4.02e-08 V                  ; 2.71 V             ; -0.0354 V          ; 0.174 V                             ; 0.098 V                             ; 2.73e-10 s                 ; 2.69e-10 s                 ; Yes                       ; Yes                       ;
; hour0[3]      ; 2.5 V        ; 0 s                 ; 0 s                 ; 2.62 V                       ; 4.02e-08 V                   ; 2.71 V              ; -0.0354 V           ; 0.174 V                              ; 0.098 V                              ; 2.73e-10 s                  ; 2.69e-10 s                  ; Yes                        ; Yes                        ; 2.62 V                      ; 4.02e-08 V                  ; 2.71 V             ; -0.0354 V          ; 0.174 V                             ; 0.098 V                             ; 2.73e-10 s                 ; 2.69e-10 s                 ; Yes                       ; Yes                       ;
; hour1[0]      ; 2.5 V        ; 0 s                 ; 0 s                 ; 2.62 V                       ; 4.02e-08 V                   ; 2.71 V              ; -0.0354 V           ; 0.174 V                              ; 0.098 V                              ; 2.73e-10 s                  ; 2.69e-10 s                  ; Yes                        ; Yes                        ; 2.62 V                      ; 4.02e-08 V                  ; 2.71 V             ; -0.0354 V          ; 0.174 V                             ; 0.098 V                             ; 2.73e-10 s                 ; 2.69e-10 s                 ; Yes                       ; Yes                       ;
; hour1[1]      ; 2.5 V        ; 0 s                 ; 0 s                 ; 2.62 V                       ; 4.02e-08 V                   ; 2.71 V              ; -0.0354 V           ; 0.174 V                              ; 0.098 V                              ; 2.73e-10 s                  ; 2.69e-10 s                  ; Yes                        ; Yes                        ; 2.62 V                      ; 4.02e-08 V                  ; 2.71 V             ; -0.0354 V          ; 0.174 V                             ; 0.098 V                             ; 2.73e-10 s                 ; 2.69e-10 s                 ; Yes                       ; Yes                       ;
; hour1[2]      ; 2.5 V        ; 0 s                 ; 0 s                 ; 2.62 V                       ; 2.7e-08 V                    ; 2.72 V              ; -0.0401 V           ; 0.163 V                              ; 0.091 V                              ; 2.71e-10 s                  ; 2.61e-10 s                  ; Yes                        ; Yes                        ; 2.62 V                      ; 2.7e-08 V                   ; 2.72 V             ; -0.0401 V          ; 0.163 V                             ; 0.091 V                             ; 2.71e-10 s                 ; 2.61e-10 s                 ; Yes                       ; Yes                       ;
; hour1[3]      ; 2.5 V        ; 0 s                 ; 0 s                 ; 2.62 V                       ; 4.02e-08 V                   ; 2.71 V              ; -0.0354 V           ; 0.174 V                              ; 0.098 V                              ; 2.73e-10 s                  ; 2.69e-10 s                  ; Yes                        ; Yes                        ; 2.62 V                      ; 4.02e-08 V                  ; 2.71 V             ; -0.0354 V          ; 0.174 V                             ; 0.098 V                             ; 2.73e-10 s                 ; 2.69e-10 s                 ; Yes                       ; Yes                       ;
; speak         ; 2.5 V        ; 0 s                 ; 0 s                 ; 2.62 V                       ; 4.02e-08 V                   ; 2.71 V              ; -0.0354 V           ; 0.174 V                              ; 0.098 V                              ; 2.73e-10 s                  ; 2.69e-10 s                  ; Yes                        ; Yes                        ; 2.62 V                      ; 4.02e-08 V                  ; 2.71 V             ; -0.0354 V          ; 0.174 V                             ; 0.098 V                             ; 2.73e-10 s                 ; 2.69e-10 s                 ; Yes                       ; Yes                       ;
; seg_sec0[0]   ; 2.5 V        ; 0 s                 ; 0 s                 ; 2.62 V                       ; 4.02e-08 V                   ; 2.71 V              ; -0.0354 V           ; 0.174 V                              ; 0.098 V                              ; 2.73e-10 s                  ; 2.69e-10 s                  ; Yes                        ; Yes                        ; 2.62 V                      ; 4.02e-08 V                  ; 2.71 V             ; -0.0354 V          ; 0.174 V                             ; 0.098 V                             ; 2.73e-10 s                 ; 2.69e-10 s                 ; Yes                       ; Yes                       ;
; seg_sec0[1]   ; 2.5 V        ; 0 s                 ; 0 s                 ; 2.62 V                       ; 2.7e-08 V                    ; 2.71 V              ; -0.0354 V           ; 0.148 V                              ; 0.064 V                              ; 4.51e-10 s                  ; 4.14e-10 s                  ; No                         ; Yes                        ; 2.62 V                      ; 2.7e-08 V                   ; 2.71 V             ; -0.0354 V          ; 0.148 V                             ; 0.064 V                             ; 4.51e-10 s                 ; 4.14e-10 s                 ; No                        ; Yes                       ;
; seg_sec0[2]   ; 2.5 V        ; 0 s                 ; 0 s                 ; 2.62 V                       ; 2.7e-08 V                    ; 2.71 V              ; -0.0354 V           ; 0.148 V                              ; 0.064 V                              ; 4.51e-10 s                  ; 4.14e-10 s                  ; No                         ; Yes                        ; 2.62 V                      ; 2.7e-08 V                   ; 2.71 V             ; -0.0354 V          ; 0.148 V                             ; 0.064 V                             ; 4.51e-10 s                 ; 4.14e-10 s                 ; No                        ; Yes                       ;
; seg_sec0[3]   ; 2.5 V        ; 0 s                 ; 0 s                 ; 2.62 V                       ; 2.7e-08 V                    ; 2.71 V              ; -0.0354 V           ; 0.148 V                              ; 0.064 V                              ; 4.51e-10 s                  ; 4.14e-10 s                  ; No                         ; Yes                        ; 2.62 V                      ; 2.7e-08 V                   ; 2.71 V             ; -0.0354 V          ; 0.148 V                             ; 0.064 V                             ; 4.51e-10 s                 ; 4.14e-10 s                 ; No                        ; Yes                       ;
; seg_sec0[4]   ; 2.5 V        ; 0 s                 ; 0 s                 ; 2.62 V                       ; 2.7e-08 V                    ; 2.72 V              ; -0.0401 V           ; 0.163 V                              ; 0.091 V                              ; 2.71e-10 s                  ; 2.61e-10 s                  ; Yes                        ; Yes                        ; 2.62 V                      ; 2.7e-08 V                   ; 2.72 V             ; -0.0401 V          ; 0.163 V                             ; 0.091 V                             ; 2.71e-10 s                 ; 2.61e-10 s                 ; Yes                       ; Yes                       ;
; seg_sec0[5]   ; 2.5 V        ; 0 s                 ; 0 s                 ; 2.62 V                       ; 2.7e-08 V                    ; 2.71 V              ; -0.0354 V           ; 0.148 V                              ; 0.064 V                              ; 4.51e-10 s                  ; 4.14e-10 s                  ; No                         ; Yes                        ; 2.62 V                      ; 2.7e-08 V                   ; 2.71 V             ; -0.0354 V          ; 0.148 V                             ; 0.064 V                             ; 4.51e-10 s                 ; 4.14e-10 s                 ; No                        ; Yes                       ;
; seg_sec0[6]   ; 2.5 V        ; 0 s                 ; 0 s                 ; 2.62 V                       ; 2.7e-08 V                    ; 2.71 V              ; -0.0354 V           ; 0.148 V                              ; 0.064 V                              ; 4.51e-10 s                  ; 4.14e-10 s                  ; No                         ; Yes                        ; 2.62 V                      ; 2.7e-08 V                   ; 2.71 V             ; -0.0354 V          ; 0.148 V                             ; 0.064 V                             ; 4.51e-10 s                 ; 4.14e-10 s                 ; No                        ; Yes                       ;
; seg_sec1[0]   ; 2.5 V        ; 0 s                 ; 0 s                 ; 2.62 V                       ; 4.02e-08 V                   ; 2.71 V              ; -0.0354 V           ; 0.174 V                              ; 0.098 V                              ; 2.73e-10 s                  ; 2.69e-10 s                  ; Yes                        ; Yes                        ; 2.62 V                      ; 4.02e-08 V                  ; 2.71 V             ; -0.0354 V          ; 0.174 V                             ; 0.098 V                             ; 2.73e-10 s                 ; 2.69e-10 s                 ; Yes                       ; Yes                       ;
; seg_sec1[1]   ; 2.5 V        ; 0 s                 ; 0 s                 ; 2.62 V                       ; 4.02e-08 V                   ; 2.71 V              ; -0.0354 V           ; 0.174 V                              ; 0.098 V                              ; 2.73e-10 s                  ; 2.69e-10 s                  ; Yes                        ; Yes                        ; 2.62 V                      ; 4.02e-08 V                  ; 2.71 V             ; -0.0354 V          ; 0.174 V                             ; 0.098 V                             ; 2.73e-10 s                 ; 2.69e-10 s                 ; Yes                       ; Yes                       ;
; seg_sec1[2]   ; 2.5 V        ; 0 s                 ; 0 s                 ; 2.62 V                       ; 4.02e-08 V                   ; 2.71 V              ; -0.0354 V           ; 0.174 V                              ; 0.098 V                              ; 2.73e-10 s                  ; 2.69e-10 s                  ; Yes                        ; Yes                        ; 2.62 V                      ; 4.02e-08 V                  ; 2.71 V             ; -0.0354 V          ; 0.174 V                             ; 0.098 V                             ; 2.73e-10 s                 ; 2.69e-10 s                 ; Yes                       ; Yes                       ;
; seg_sec1[3]   ; 2.5 V        ; 0 s                 ; 0 s                 ; 2.62 V                       ; 4.02e-08 V                   ; 2.71 V              ; -0.0354 V           ; 0.174 V                              ; 0.098 V                              ; 2.73e-10 s                  ; 2.69e-10 s                  ; Yes                        ; Yes                        ; 2.62 V                      ; 4.02e-08 V                  ; 2.71 V             ; -0.0354 V          ; 0.174 V                             ; 0.098 V                             ; 2.73e-10 s                 ; 2.69e-10 s                 ; Yes                       ; Yes                       ;
; seg_sec1[4]   ; 2.5 V        ; 0 s                 ; 0 s                 ; 2.62 V                       ; 4.02e-08 V                   ; 2.71 V              ; -0.0354 V           ; 0.174 V                              ; 0.098 V                              ; 2.73e-10 s                  ; 2.69e-10 s                  ; Yes                        ; Yes                        ; 2.62 V                      ; 4.02e-08 V                  ; 2.71 V             ; -0.0354 V          ; 0.174 V                             ; 0.098 V                             ; 2.73e-10 s                 ; 2.69e-10 s                 ; Yes                       ; Yes                       ;
; seg_sec1[5]   ; 2.5 V        ; 0 s                 ; 0 s                 ; 2.62 V                       ; 4.02e-08 V                   ; 2.71 V              ; -0.0354 V           ; 0.174 V                              ; 0.098 V                              ; 2.73e-10 s                  ; 2.69e-10 s                  ; Yes                        ; Yes                        ; 2.62 V                      ; 4.02e-08 V                  ; 2.71 V             ; -0.0354 V          ; 0.174 V                             ; 0.098 V                             ; 2.73e-10 s                 ; 2.69e-10 s                 ; Yes                       ; Yes                       ;
; seg_sec1[6]   ; 2.5 V        ; 0 s                 ; 0 s                 ; 2.62 V                       ; 4.02e-08 V                   ; 2.71 V              ; -0.0354 V           ; 0.174 V                              ; 0.098 V                              ; 2.73e-10 s                  ; 2.69e-10 s                  ; Yes                        ; Yes                        ; 2.62 V                      ; 4.02e-08 V                  ; 2.71 V             ; -0.0354 V          ; 0.174 V                             ; 0.098 V                             ; 2.73e-10 s                 ; 2.69e-10 s                 ; Yes                       ; Yes                       ;
; seg_min0[0]   ; 2.5 V        ; 0 s                 ; 0 s                 ; 2.62 V                       ; 4.02e-08 V                   ; 2.71 V              ; -0.0354 V           ; 0.174 V                              ; 0.098 V                              ; 2.73e-10 s                  ; 2.69e-10 s                  ; Yes                        ; Yes                        ; 2.62 V                      ; 4.02e-08 V                  ; 2.71 V             ; -0.0354 V          ; 0.174 V                             ; 0.098 V                             ; 2.73e-10 s                 ; 2.69e-10 s                 ; Yes                       ; Yes                       ;
; seg_min0[1]   ; 2.5 V        ; 0 s                 ; 0 s                 ; 2.62 V                       ; 4.02e-08 V                   ; 2.71 V              ; -0.0354 V           ; 0.174 V                              ; 0.098 V                              ; 2.73e-10 s                  ; 2.69e-10 s                  ; Yes                        ; Yes                        ; 2.62 V                      ; 4.02e-08 V                  ; 2.71 V             ; -0.0354 V          ; 0.174 V                             ; 0.098 V                             ; 2.73e-10 s                 ; 2.69e-10 s                 ; Yes                       ; Yes                       ;
; seg_min0[2]   ; 2.5 V        ; 0 s                 ; 0 s                 ; 2.62 V                       ; 4.02e-08 V                   ; 2.71 V              ; -0.0354 V           ; 0.174 V                              ; 0.098 V                              ; 2.73e-10 s                  ; 2.69e-10 s                  ; Yes                        ; Yes                        ; 2.62 V                      ; 4.02e-08 V                  ; 2.71 V             ; -0.0354 V          ; 0.174 V                             ; 0.098 V                             ; 2.73e-10 s                 ; 2.69e-10 s                 ; Yes                       ; Yes                       ;
; seg_min0[3]   ; 2.5 V        ; 0 s                 ; 0 s                 ; 2.62 V                       ; 4.02e-08 V                   ; 2.71 V              ; -0.0354 V           ; 0.174 V                              ; 0.098 V                              ; 2.73e-10 s                  ; 2.69e-10 s                  ; Yes                        ; Yes                        ; 2.62 V                      ; 4.02e-08 V                  ; 2.71 V             ; -0.0354 V          ; 0.174 V                             ; 0.098 V                             ; 2.73e-10 s                 ; 2.69e-10 s                 ; Yes                       ; Yes                       ;
; seg_min0[4]   ; 2.5 V        ; 0 s                 ; 0 s                 ; 2.62 V                       ; 4.02e-08 V                   ; 2.71 V              ; -0.0354 V           ; 0.174 V                              ; 0.098 V                              ; 2.73e-10 s                  ; 2.69e-10 s                  ; Yes                        ; Yes                        ; 2.62 V                      ; 4.02e-08 V                  ; 2.71 V             ; -0.0354 V          ; 0.174 V                             ; 0.098 V                             ; 2.73e-10 s                 ; 2.69e-10 s                 ; Yes                       ; Yes                       ;
; seg_min0[5]   ; 2.5 V        ; 0 s                 ; 0 s                 ; 2.62 V                       ; 4.02e-08 V                   ; 2.71 V              ; -0.0354 V           ; 0.174 V                              ; 0.098 V                              ; 2.73e-10 s                  ; 2.69e-10 s                  ; Yes                        ; Yes                        ; 2.62 V                      ; 4.02e-08 V                  ; 2.71 V             ; -0.0354 V          ; 0.174 V                             ; 0.098 V                             ; 2.73e-10 s                 ; 2.69e-10 s                 ; Yes                       ; Yes                       ;
; seg_min0[6]   ; 2.5 V        ; 0 s                 ; 0 s                 ; 2.62 V                       ; 4.02e-08 V                   ; 2.71 V              ; -0.0354 V           ; 0.174 V                              ; 0.098 V                              ; 2.73e-10 s                  ; 2.69e-10 s                  ; Yes                        ; Yes                        ; 2.62 V                      ; 4.02e-08 V                  ; 2.71 V             ; -0.0354 V          ; 0.174 V                             ; 0.098 V                             ; 2.73e-10 s                 ; 2.69e-10 s                 ; Yes                       ; Yes                       ;
; seg_min1[0]   ; 2.5 V        ; 0 s                 ; 0 s                 ; 2.62 V                       ; 4.02e-08 V                   ; 2.71 V              ; -0.0354 V           ; 0.174 V                              ; 0.098 V                              ; 2.73e-10 s                  ; 2.69e-10 s                  ; Yes                        ; Yes                        ; 2.62 V                      ; 4.02e-08 V                  ; 2.71 V             ; -0.0354 V          ; 0.174 V                             ; 0.098 V                             ; 2.73e-10 s                 ; 2.69e-10 s                 ; Yes                       ; Yes                       ;
; seg_min1[1]   ; 2.5 V        ; 0 s                 ; 0 s                 ; 2.62 V                       ; 4.02e-08 V                   ; 2.71 V              ; -0.0354 V           ; 0.174 V                              ; 0.098 V                              ; 2.73e-10 s                  ; 2.69e-10 s                  ; Yes                        ; Yes                        ; 2.62 V                      ; 4.02e-08 V                  ; 2.71 V             ; -0.0354 V          ; 0.174 V                             ; 0.098 V                             ; 2.73e-10 s                 ; 2.69e-10 s                 ; Yes                       ; Yes                       ;
; seg_min1[2]   ; 2.5 V        ; 0 s                 ; 0 s                 ; 2.62 V                       ; 2.7e-08 V                    ; 2.72 V              ; -0.0401 V           ; 0.163 V                              ; 0.091 V                              ; 2.71e-10 s                  ; 2.61e-10 s                  ; Yes                        ; Yes                        ; 2.62 V                      ; 2.7e-08 V                   ; 2.72 V             ; -0.0401 V          ; 0.163 V                             ; 0.091 V                             ; 2.71e-10 s                 ; 2.61e-10 s                 ; Yes                       ; Yes                       ;
; seg_min1[3]   ; 2.5 V        ; 0 s                 ; 0 s                 ; 2.62 V                       ; 4.02e-08 V                   ; 2.71 V              ; -0.0354 V           ; 0.174 V                              ; 0.098 V                              ; 2.73e-10 s                  ; 2.69e-10 s                  ; Yes                        ; Yes                        ; 2.62 V                      ; 4.02e-08 V                  ; 2.71 V             ; -0.0354 V          ; 0.174 V                             ; 0.098 V                             ; 2.73e-10 s                 ; 2.69e-10 s                 ; Yes                       ; Yes                       ;
; seg_min1[4]   ; 2.5 V        ; 0 s                 ; 0 s                 ; 2.62 V                       ; 2.7e-08 V                    ; 2.71 V              ; -0.0354 V           ; 0.148 V                              ; 0.064 V                              ; 4.51e-10 s                  ; 4.14e-10 s                  ; No                         ; Yes                        ; 2.62 V                      ; 2.7e-08 V                   ; 2.71 V             ; -0.0354 V          ; 0.148 V                             ; 0.064 V                             ; 4.51e-10 s                 ; 4.14e-10 s                 ; No                        ; Yes                       ;
; seg_min1[5]   ; 2.5 V        ; 0 s                 ; 0 s                 ; 2.62 V                       ; 4.02e-08 V                   ; 2.71 V              ; -0.0354 V           ; 0.174 V                              ; 0.098 V                              ; 2.73e-10 s                  ; 2.69e-10 s                  ; Yes                        ; Yes                        ; 2.62 V                      ; 4.02e-08 V                  ; 2.71 V             ; -0.0354 V          ; 0.174 V                             ; 0.098 V                             ; 2.73e-10 s                 ; 2.69e-10 s                 ; Yes                       ; Yes                       ;
; seg_min1[6]   ; 2.5 V        ; 0 s                 ; 0 s                 ; 2.62 V                       ; 4.02e-08 V                   ; 2.64 V              ; -0.0115 V           ; 0.204 V                              ; 0.12 V                               ; 2.38e-09 s                  ; 2.24e-09 s                  ; No                         ; Yes                        ; 2.62 V                      ; 4.02e-08 V                  ; 2.64 V             ; -0.0115 V          ; 0.204 V                             ; 0.12 V                              ; 2.38e-09 s                 ; 2.24e-09 s                 ; No                        ; Yes                       ;
; seg_hour0[0]  ; 2.5 V        ; 0 s                 ; 0 s                 ; 2.62 V                       ; 4.02e-08 V                   ; 2.71 V              ; -0.0354 V           ; 0.174 V                              ; 0.098 V                              ; 2.73e-10 s                  ; 2.69e-10 s                  ; Yes                        ; Yes                        ; 2.62 V                      ; 4.02e-08 V                  ; 2.71 V             ; -0.0354 V          ; 0.174 V                             ; 0.098 V                             ; 2.73e-10 s                 ; 2.69e-10 s                 ; Yes                       ; Yes                       ;
; seg_hour0[1]  ; 2.5 V        ; 0 s                 ; 0 s                 ; 2.62 V                       ; 4.02e-08 V                   ; 2.71 V              ; -0.0354 V           ; 0.174 V                              ; 0.098 V                              ; 2.73e-10 s                  ; 2.69e-10 s                  ; Yes                        ; Yes                        ; 2.62 V                      ; 4.02e-08 V                  ; 2.71 V             ; -0.0354 V          ; 0.174 V                             ; 0.098 V                             ; 2.73e-10 s                 ; 2.69e-10 s                 ; Yes                       ; Yes                       ;
; seg_hour0[2]  ; 2.5 V        ; 0 s                 ; 0 s                 ; 2.62 V                       ; 4.02e-08 V                   ; 2.71 V              ; -0.0354 V           ; 0.174 V                              ; 0.098 V                              ; 2.73e-10 s                  ; 2.69e-10 s                  ; Yes                        ; Yes                        ; 2.62 V                      ; 4.02e-08 V                  ; 2.71 V             ; -0.0354 V          ; 0.174 V                             ; 0.098 V                             ; 2.73e-10 s                 ; 2.69e-10 s                 ; Yes                       ; Yes                       ;
; seg_hour0[3]  ; 2.5 V        ; 0 s                 ; 0 s                 ; 2.62 V                       ; 4.02e-08 V                   ; 2.71 V              ; -0.0354 V           ; 0.174 V                              ; 0.098 V                              ; 2.73e-10 s                  ; 2.69e-10 s                  ; Yes                        ; Yes                        ; 2.62 V                      ; 4.02e-08 V                  ; 2.71 V             ; -0.0354 V          ; 0.174 V                             ; 0.098 V                             ; 2.73e-10 s                 ; 2.69e-10 s                 ; Yes                       ; Yes                       ;
; seg_hour0[4]  ; 2.5 V        ; 0 s                 ; 0 s                 ; 2.62 V                       ; 4.02e-08 V                   ; 2.71 V              ; -0.0354 V           ; 0.174 V                              ; 0.098 V                              ; 2.73e-10 s                  ; 2.69e-10 s                  ; Yes                        ; Yes                        ; 2.62 V                      ; 4.02e-08 V                  ; 2.71 V             ; -0.0354 V          ; 0.174 V                             ; 0.098 V                             ; 2.73e-10 s                 ; 2.69e-10 s                 ; Yes                       ; Yes                       ;
; seg_hour0[5]  ; 2.5 V        ; 0 s                 ; 0 s                 ; 2.62 V                       ; 4.02e-08 V                   ; 2.71 V              ; -0.0354 V           ; 0.174 V                              ; 0.098 V                              ; 2.73e-10 s                  ; 2.69e-10 s                  ; Yes                        ; Yes                        ; 2.62 V                      ; 4.02e-08 V                  ; 2.71 V             ; -0.0354 V          ; 0.174 V                             ; 0.098 V                             ; 2.73e-10 s                 ; 2.69e-10 s                 ; Yes                       ; Yes                       ;
; seg_hour0[6]  ; 2.5 V        ; 0 s                 ; 0 s                 ; 2.62 V                       ; 4.02e-08 V                   ; 2.71 V              ; -0.0354 V           ; 0.174 V                              ; 0.098 V                              ; 2.73e-10 s                  ; 2.69e-10 s                  ; Yes                        ; Yes                        ; 2.62 V                      ; 4.02e-08 V                  ; 2.71 V             ; -0.0354 V          ; 0.174 V                             ; 0.098 V                             ; 2.73e-10 s                 ; 2.69e-10 s                 ; Yes                       ; Yes                       ;
; seg_hour1[0]  ; 2.5 V        ; 0 s                 ; 0 s                 ; 2.62 V                       ; 4.02e-08 V                   ; 2.71 V              ; -0.0354 V           ; 0.174 V                              ; 0.098 V                              ; 2.73e-10 s                  ; 2.69e-10 s                  ; Yes                        ; Yes                        ; 2.62 V                      ; 4.02e-08 V                  ; 2.71 V             ; -0.0354 V          ; 0.174 V                             ; 0.098 V                             ; 2.73e-10 s                 ; 2.69e-10 s                 ; Yes                       ; Yes                       ;
; seg_hour1[1]  ; 2.5 V        ; 0 s                 ; 0 s                 ; 2.62 V                       ; 4.02e-08 V                   ; 2.71 V              ; -0.0354 V           ; 0.174 V                              ; 0.098 V                              ; 2.73e-10 s                  ; 2.69e-10 s                  ; Yes                        ; Yes                        ; 2.62 V                      ; 4.02e-08 V                  ; 2.71 V             ; -0.0354 V          ; 0.174 V                             ; 0.098 V                             ; 2.73e-10 s                 ; 2.69e-10 s                 ; Yes                       ; Yes                       ;
; seg_hour1[2]  ; 2.5 V        ; 0 s                 ; 0 s                 ; 2.62 V                       ; 4.02e-08 V                   ; 2.71 V              ; -0.0354 V           ; 0.174 V                              ; 0.098 V                              ; 2.73e-10 s                  ; 2.69e-10 s                  ; Yes                        ; Yes                        ; 2.62 V                      ; 4.02e-08 V                  ; 2.71 V             ; -0.0354 V          ; 0.174 V                             ; 0.098 V                             ; 2.73e-10 s                 ; 2.69e-10 s                 ; Yes                       ; Yes                       ;
; seg_hour1[3]  ; 2.5 V        ; 0 s                 ; 0 s                 ; 2.62 V                       ; 4.02e-08 V                   ; 2.71 V              ; -0.0354 V           ; 0.174 V                              ; 0.098 V                              ; 2.73e-10 s                  ; 2.69e-10 s                  ; Yes                        ; Yes                        ; 2.62 V                      ; 4.02e-08 V                  ; 2.71 V             ; -0.0354 V          ; 0.174 V                             ; 0.098 V                             ; 2.73e-10 s                 ; 2.69e-10 s                 ; Yes                       ; Yes                       ;
; seg_hour1[4]  ; 2.5 V        ; 0 s                 ; 0 s                 ; 2.62 V                       ; 4.02e-08 V                   ; 2.64 V              ; -0.0115 V           ; 0.204 V                              ; 0.12 V                               ; 2.38e-09 s                  ; 2.24e-09 s                  ; No                         ; Yes                        ; 2.62 V                      ; 4.02e-08 V                  ; 2.64 V             ; -0.0115 V          ; 0.204 V                             ; 0.12 V                              ; 2.38e-09 s                 ; 2.24e-09 s                 ; No                        ; Yes                       ;
; seg_hour1[5]  ; 2.5 V        ; 0 s                 ; 0 s                 ; 2.62 V                       ; 4.02e-08 V                   ; 2.71 V              ; -0.0354 V           ; 0.174 V                              ; 0.098 V                              ; 2.73e-10 s                  ; 2.69e-10 s                  ; Yes                        ; Yes                        ; 2.62 V                      ; 4.02e-08 V                  ; 2.71 V             ; -0.0354 V          ; 0.174 V                             ; 0.098 V                             ; 2.73e-10 s                 ; 2.69e-10 s                 ; Yes                       ; Yes                       ;
; seg_hour1[6]  ; 2.5 V        ; 0 s                 ; 0 s                 ; 2.62 V                       ; 4.02e-08 V                   ; 2.64 V              ; -0.0115 V           ; 0.204 V                              ; 0.12 V                               ; 2.38e-09 s                  ; 2.24e-09 s                  ; No                         ; Yes                        ; 2.62 V                      ; 4.02e-08 V                  ; 2.64 V             ; -0.0115 V          ; 0.204 V                             ; 0.12 V                              ; 2.38e-09 s                 ; 2.24e-09 s                 ; No                        ; Yes                       ;
; ~ALTERA_DCLK~ ; 2.5 V        ; 0 s                 ; 0 s                 ; 2.62 V                       ; 2.2e-08 V                    ; 2.74 V              ; -0.061 V            ; 0.159 V                              ; 0.078 V                              ; 2.7e-10 s                   ; 2.2e-10 s                   ; No                         ; Yes                        ; 2.62 V                      ; 2.2e-08 V                   ; 2.74 V             ; -0.061 V           ; 0.159 V                             ; 0.078 V                             ; 2.7e-10 s                  ; 2.2e-10 s                  ; No                        ; Yes                       ;
; ~ALTERA_nCEO~ ; 2.5 V        ; 0 s                 ; 0 s                 ; 2.62 V                       ; 3.52e-08 V                   ; 2.7 V               ; -0.0121 V           ; 0.274 V                              ; 0.034 V                              ; 3.18e-10 s                  ; 4.96e-10 s                  ; No                         ; Yes                        ; 2.62 V                      ; 3.52e-08 V                  ; 2.7 V              ; -0.0121 V          ; 0.274 V                             ; 0.034 V                             ; 3.18e-10 s                 ; 4.96e-10 s                 ; No                        ; Yes                       ;
+---------------+--------------+---------------------+---------------------+------------------------------+------------------------------+---------------------+---------------------+--------------------------------------+--------------------------------------+-----------------------------+-----------------------------+----------------------------+----------------------------+-----------------------------+-----------------------------+--------------------+--------------------+-------------------------------------+-------------------------------------+----------------------------+----------------------------+---------------------------+---------------------------+


+-----------------------------------------------------------------------------------------+
; Setup Transfers                                                                         ;
+----------------------+----------------------+----------+----------+----------+----------+
; From Clock           ; To Clock             ; RR Paths ; FR Paths ; RF Paths ; FF Paths ;
+----------------------+----------------------+----------+----------+----------+----------+
; clk                  ; clk                  ; 7        ; 0        ; 0        ; 0        ;
; diver:U_DIVER|m_clk0 ; clk                  ; 1        ; 1        ; 0        ; 0        ;
; diver:U_DIVER|m_clk1 ; clk                  ; 1        ; 1        ; 0        ; 0        ;
; diver:U_DIVER|m_clk0 ; diver:U_DIVER|m_clk0 ; 0        ; 0        ; 0        ; 45       ;
; clk                  ; diver:U_DIVER|m_clk1 ; 0        ; 0        ; 17       ; 0        ;
; diver:U_DIVER|m_clk1 ; diver:U_DIVER|m_clk1 ; 0        ; 0        ; 0        ; 185      ;
+----------------------+----------------------+----------+----------+----------+----------+
Entries labeled "false path" only account for clock-to-clock false paths and not path-based false paths. As a result, actual path counts may be lower than reported.


+-----------------------------------------------------------------------------------------+
; Hold Transfers                                                                          ;
+----------------------+----------------------+----------+----------+----------+----------+
; From Clock           ; To Clock             ; RR Paths ; FR Paths ; RF Paths ; FF Paths ;
+----------------------+----------------------+----------+----------+----------+----------+
; clk                  ; clk                  ; 7        ; 0        ; 0        ; 0        ;
; diver:U_DIVER|m_clk0 ; clk                  ; 1        ; 1        ; 0        ; 0        ;
; diver:U_DIVER|m_clk1 ; clk                  ; 1        ; 1        ; 0        ; 0        ;
; diver:U_DIVER|m_clk0 ; diver:U_DIVER|m_clk0 ; 0        ; 0        ; 0        ; 45       ;
; clk                  ; diver:U_DIVER|m_clk1 ; 0        ; 0        ; 17       ; 0        ;
; diver:U_DIVER|m_clk1 ; diver:U_DIVER|m_clk1 ; 0        ; 0        ; 0        ; 185      ;
+----------------------+----------------------+----------+----------+----------+----------+
Entries labeled "false path" only account for clock-to-clock false paths and not path-based false paths. As a result, actual path counts may be lower than reported.


---------------
; Report TCCS ;
---------------
No dedicated SERDES Transmitter circuitry present in device or used in design


---------------
; Report RSKM ;
---------------
No non-DPA dedicated SERDES Receiver circuitry present in device or used in design


+------------------------------------------------+
; Unconstrained Paths                            ;
+---------------------------------+-------+------+
; Property                        ; Setup ; Hold ;
+---------------------------------+-------+------+
; Illegal Clocks                  ; 0     ; 0    ;
; Unconstrained Clocks            ; 0     ; 0    ;
; Unconstrained Input Ports       ; 4     ; 4    ;
; Unconstrained Input Port Paths  ; 18    ; 18   ;
; Unconstrained Output Ports      ; 62    ; 62   ;
; Unconstrained Output Port Paths ; 704   ; 704  ;
+---------------------------------+-------+------+


+------------------------------------+
; TimeQuest Timing Analyzer Messages ;
+------------------------------------+
Info: *******************************************************************
Info: Running Quartus II 64-Bit TimeQuest Timing Analyzer
    Info: Version 13.1.0 Build 162 10/23/2013 SJ Full Version
    Info: Processing started: Mon Jun 15 21:47:12 2026
Info: Command: quartus_sta clock_top_scheme1 -c clock_top_scheme1
Info: qsta_default_script.tcl version: #1
Info (11104): Parallel Compilation has detected 16 hyper-threaded processors. However, the extra hyper-threaded processors will not be used by default. Parallel Compilation will use 10 of the 10 physical processors detected instead.
Info (21076): High junction temperature operating condition is not set. Assuming a default value of '85'.
Info (21076): Low junction temperature operating condition is not set. Assuming a default value of '0'.
Critical Warning (332012): Synopsys Design Constraints File file not found: 'clock_top_scheme1.sdc'. A Synopsys Design Constraints File is required by the TimeQuest Timing Analyzer to get proper timing constraints. Without it, the Compiler will not properly optimize the design.
Info (332142): No user constrained base clocks found in the design. Calling "derive_clocks -period 1.0"
Info (332105): Deriving Clocks
    Info (332105): create_clock -period 1.000 -name diver:U_DIVER|m_clk1 diver:U_DIVER|m_clk1
    Info (332105): create_clock -period 1.000 -name clk clk
    Info (332105): create_clock -period 1.000 -name diver:U_DIVER|m_clk0 diver:U_DIVER|m_clk0
Info (332143): No user constrained clock uncertainty found in the design. Calling "derive_clock_uncertainty"
Info (332123): Deriving Clock Uncertainty. Please refer to report_sdc in TimeQuest to see clock uncertainties.
Info: Found TIMEQUEST_REPORT_SCRIPT_INCLUDE_DEFAULT_ANALYSIS = ON
Info: Analyzing Slow 1200mV 85C Model
Critical Warning (332148): Timing requirements not met
    Info (11105): For recommendations on closing timing, run Report Timing Closure Recommendations in the TimeQuest Timing Analyzer.
Info (332146): Worst-case setup slack is -1.151
    Info (332119):     Slack       End Point TNS Clock 
    Info (332119): ========= =================== =====================
    Info (332119):    -1.151             -19.749 diver:U_DIVER|m_clk1 
    Info (332119):    -1.119              -4.328 diver:U_DIVER|m_clk0 
    Info (332119):    -0.224              -0.224 clk 
Info (332146): Worst-case hold slack is -0.070
    Info (332119):     Slack       End Point TNS Clock 
    Info (332119): ========= =================== =====================
    Info (332119):    -0.070              -0.120 clk 
    Info (332119):     0.116               0.000 diver:U_DIVER|m_clk1 
    Info (332119):     0.381               0.000 diver:U_DIVER|m_clk0 
Info (332140): No Recovery paths to report
Info (332140): No Removal paths to report
Info (332146): Worst-case minimum pulse width slack is -3.000
    Info (332119):     Slack       End Point TNS Clock 
    Info (332119): ========= =================== =====================
    Info (332119):    -3.000              -8.000 clk 
    Info (332119):    -1.000             -28.000 diver:U_DIVER|m_clk1 
    Info (332119):    -1.000              -6.000 diver:U_DIVER|m_clk0 
Info: Analyzing Slow 1200mV 0C Model
Info (334003): Started post-fitting delay annotation
Info (334004): Delay annotation completed successfully
Info (332123): Deriving Clock Uncertainty. Please refer to report_sdc in TimeQuest to see clock uncertainties.
Critical Warning (332148): Timing requirements not met
    Info (11105): For recommendations on closing timing, run Report Timing Closure Recommendations in the TimeQuest Timing Analyzer.
Info (332146): Worst-case setup slack is -0.903
    Info (332119):     Slack       End Point TNS Clock 
    Info (332119): ========= =================== =====================
    Info (332119):    -0.903             -14.643 diver:U_DIVER|m_clk1 
    Info (332119):    -0.870              -3.235 diver:U_DIVER|m_clk0 
    Info (332119):    -0.094              -0.094 clk 
Info (332146): Worst-case hold slack is -0.080
    Info (332119):     Slack       End Point TNS Clock 
    Info (332119): ========= =================== =====================
    Info (332119):    -0.080              -0.153 clk 
    Info (332119):     0.295               0.000 diver:U_DIVER|m_clk1 
    Info (332119):     0.333               0.000 diver:U_DIVER|m_clk0 
Info (332140): No Recovery paths to report
Info (332140): No Removal paths to report
Info (332146): Worst-case minimum pulse width slack is -3.000
    Info (332119):     Slack       End Point TNS Clock 
    Info (332119): ========= =================== =====================
    Info (332119):    -3.000              -8.000 clk 
    Info (332119):    -1.000             -28.000 diver:U_DIVER|m_clk1 
    Info (332119):    -1.000              -6.000 diver:U_DIVER|m_clk0 
Info: Analyzing Fast 1200mV 0C Model
Info (332123): Deriving Clock Uncertainty. Please refer to report_sdc in TimeQuest to see clock uncertainties.
Critical Warning (332148): Timing requirements not met
    Info (11105): For recommendations on closing timing, run Report Timing Closure Recommendations in the TimeQuest Timing Analyzer.
Info (332146): Worst-case setup slack is -0.201
    Info (332119):     Slack       End Point TNS Clock 
    Info (332119): ========= =================== =====================
    Info (332119):    -0.201              -1.884 diver:U_DIVER|m_clk1 
    Info (332119):    -0.180              -0.361 diver:U_DIVER|m_clk0 
    Info (332119):     0.138               0.000 clk 
Info (332146): Worst-case hold slack is -0.080
    Info (332119):     Slack       End Point TNS Clock 
    Info (332119): ========= =================== =====================
    Info (332119):    -0.080              -0.159 clk 
    Info (332119):    -0.010              -0.050 diver:U_DIVER|m_clk1 
    Info (332119):     0.199               0.000 diver:U_DIVER|m_clk0 
Info (332140): No Recovery paths to report
Info (332140): No Removal paths to report
Info (332146): Worst-case minimum pulse width slack is -3.000
    Info (332119):     Slack       End Point TNS Clock 
    Info (332119): ========= =================== =====================
    Info (332119):    -3.000              -8.253 clk 
    Info (332119):    -1.000             -28.000 diver:U_DIVER|m_clk1 
    Info (332119):    -1.000              -6.000 diver:U_DIVER|m_clk0 
Info (332102): Design is not fully constrained for setup requirements
Info (332102): Design is not fully constrained for hold requirements
Info: Quartus II 64-Bit TimeQuest Timing Analyzer was successful. 0 errors, 4 warnings
    Info: Peak virtual memory: 4747 megabytes
    Info: Processing ended: Mon Jun 15 21:47:14 2026
    Info: Elapsed time: 00:00:02
    Info: Total CPU time (on all processors): 00:00:02


