TimeQuest Timing Analyzer report for clock_top_1
Mon Jun 15 21:08:46 2026
Quartus II 64-Bit Version 13.1.0 Build 162 10/23/2013 SJ Full Version


---------------------
; Table of Contents ;
---------------------
  1. Legal Notice
  2. TimeQuest Timing Analyzer Summary
  3. Parallel Compilation
  4. Clocks
  5. Slow 1200mV 85C Model Fmax Summary
  6. Timing Closure Recommendations
  7. Slow 1200mV 85C Model Setup Summary
  8. Slow 1200mV 85C Model Hold Summary
  9. Slow 1200mV 85C Model Recovery Summary
 10. Slow 1200mV 85C Model Removal Summary
 11. Slow 1200mV 85C Model Minimum Pulse Width Summary
 12. Slow 1200mV 85C Model Setup: 'diver:U1|m_clk1'
 13. Slow 1200mV 85C Model Setup: 'diver:U1|m_clk0'
 14. Slow 1200mV 85C Model Setup: 'clk'
 15. Slow 1200mV 85C Model Hold: 'clk'
 16. Slow 1200mV 85C Model Hold: 'diver:U1|m_clk1'
 17. Slow 1200mV 85C Model Hold: 'diver:U1|m_clk0'
 18. Slow 1200mV 85C Model Recovery: 'diver:U1|m_clk0'
 19. Slow 1200mV 85C Model Removal: 'diver:U1|m_clk0'
 20. Slow 1200mV 85C Model Minimum Pulse Width: 'clk'
 21. Slow 1200mV 85C Model Minimum Pulse Width: 'diver:U1|m_clk1'
 22. Slow 1200mV 85C Model Minimum Pulse Width: 'diver:U1|m_clk0'
 23. Setup Times
 24. Hold Times
 25. Clock to Output Times
 26. Minimum Clock to Output Times
 27. Slow 1200mV 85C Model Metastability Report
 28. Slow 1200mV 0C Model Fmax Summary
 29. Slow 1200mV 0C Model Setup Summary
 30. Slow 1200mV 0C Model Hold Summary
 31. Slow 1200mV 0C Model Recovery Summary
 32. Slow 1200mV 0C Model Removal Summary
 33. Slow 1200mV 0C Model Minimum Pulse Width Summary
 34. Slow 1200mV 0C Model Setup: 'diver:U1|m_clk1'
 35. Slow 1200mV 0C Model Setup: 'diver:U1|m_clk0'
 36. Slow 1200mV 0C Model Setup: 'clk'
 37. Slow 1200mV 0C Model Hold: 'clk'
 38. Slow 1200mV 0C Model Hold: 'diver:U1|m_clk1'
 39. Slow 1200mV 0C Model Hold: 'diver:U1|m_clk0'
 40. Slow 1200mV 0C Model Recovery: 'diver:U1|m_clk0'
 41. Slow 1200mV 0C Model Removal: 'diver:U1|m_clk0'
 42. Slow 1200mV 0C Model Minimum Pulse Width: 'clk'
 43. Slow 1200mV 0C Model Minimum Pulse Width: 'diver:U1|m_clk1'
 44. Slow 1200mV 0C Model Minimum Pulse Width: 'diver:U1|m_clk0'
 45. Setup Times
 46. Hold Times
 47. Clock to Output Times
 48. Minimum Clock to Output Times
 49. Slow 1200mV 0C Model Metastability Report
 50. Fast 1200mV 0C Model Setup Summary
 51. Fast 1200mV 0C Model Hold Summary
 52. Fast 1200mV 0C Model Recovery Summary
 53. Fast 1200mV 0C Model Removal Summary
 54. Fast 1200mV 0C Model Minimum Pulse Width Summary
 55. Fast 1200mV 0C Model Setup: 'diver:U1|m_clk1'
 56. Fast 1200mV 0C Model Setup: 'diver:U1|m_clk0'
 57. Fast 1200mV 0C Model Setup: 'clk'
 58. Fast 1200mV 0C Model Hold: 'clk'
 59. Fast 1200mV 0C Model Hold: 'diver:U1|m_clk1'
 60. Fast 1200mV 0C Model Hold: 'diver:U1|m_clk0'
 61. Fast 1200mV 0C Model Recovery: 'diver:U1|m_clk0'
 62. Fast 1200mV 0C Model Removal: 'diver:U1|m_clk0'
 63. Fast 1200mV 0C Model Minimum Pulse Width: 'clk'
 64. Fast 1200mV 0C Model Minimum Pulse Width: 'diver:U1|m_clk1'
 65. Fast 1200mV 0C Model Minimum Pulse Width: 'diver:U1|m_clk0'
 66. Setup Times
 67. Hold Times
 68. Clock to Output Times
 69. Minimum Clock to Output Times
 70. Fast 1200mV 0C Model Metastability Report
 71. Multicorner Timing Analysis Summary
 72. Setup Times
 73. Hold Times
 74. Clock to Output Times
 75. Minimum Clock to Output Times
 76. Board Trace Model Assignments
 77. Input Transition Times
 78. Slow Corner Signal Integrity Metrics
 79. Fast Corner Signal Integrity Metrics
 80. Setup Transfers
 81. Hold Transfers
 82. Recovery Transfers
 83. Removal Transfers
 84. Report TCCS
 85. Report RSKM
 86. Unconstrained Paths
 87. TimeQuest Timing Analyzer Messages



----------------
; Legal Notice ;
----------------
Copyright (C) 1991-2013 Altera Corporation
Your use of Altera Corporation's design tools, logic functions 
and other software and tools, and its AMPP partner logic 
functions, and any output files from any of the foregoing 
(including device programming or simulation files), and any 
associated documentation or information are expressly subject 
to the terms and conditions of the Altera Program License 
Subscription Agreement, Altera MegaCore Function License 
Agreement, or other applicable license agreement, including, 
without limitation, that your use is for the sole purpose of 
programming logic devices manufactured by Altera and sold by 
Altera or its authorized distributors.  Please refer to the 
applicable agreement for further details.



+--------------------------------------------------------------------------+
; TimeQuest Timing Analyzer Summary                                        ;
+--------------------+-----------------------------------------------------+
; Quartus II Version ; Version 13.1.0 Build 162 10/23/2013 SJ Full Version ;
; Revision Name      ; clock_top_1                                         ;
; Device Family      ; Cyclone III                                         ;
; Device Name        ; EP3C5F256C6                                         ;
; Timing Models      ; Final                                               ;
; Delay Model        ; Combined                                            ;
; Rise/Fall Delays   ; Enabled                                             ;
+--------------------+-----------------------------------------------------+


+------------------------------------------+
; Parallel Compilation                     ;
+----------------------------+-------------+
; Processors                 ; Number      ;
+----------------------------+-------------+
; Number detected on machine ; 16          ;
; Maximum allowed            ; 10          ;
;                            ;             ;
; Average used               ; 1.00        ;
; Maximum used               ; 10          ;
;                            ;             ;
; Usage by Processor         ; % Time Used ;
;     Processor 1            ; 100.0%      ;
;     Processors 2-10        ; < 0.1%      ;
;     Processors 11-16       ;   0.0%      ;
+----------------------------+-------------+


+--------------------------------------------------------------------------------------------------------------------------------------------------------------------------------------------------+
; Clocks                                                                                                                                                                                           ;
+-----------------+------+--------+------------+-------+-------+------------+-----------+-------------+-------+--------+-----------+------------+----------+--------+--------+---------------------+
; Clock Name      ; Type ; Period ; Frequency  ; Rise  ; Fall  ; Duty Cycle ; Divide by ; Multiply by ; Phase ; Offset ; Edge List ; Edge Shift ; Inverted ; Master ; Source ; Targets             ;
+-----------------+------+--------+------------+-------+-------+------------+-----------+-------------+-------+--------+-----------+------------+----------+--------+--------+---------------------+
; clk             ; Base ; 1.000  ; 1000.0 MHz ; 0.000 ; 0.500 ;            ;           ;             ;       ;        ;           ;            ;          ;        ;        ; { clk }             ;
; diver:U1|m_clk0 ; Base ; 1.000  ; 1000.0 MHz ; 0.000 ; 0.500 ;            ;           ;             ;       ;        ;           ;            ;          ;        ;        ; { diver:U1|m_clk0 } ;
; diver:U1|m_clk1 ; Base ; 1.000  ; 1000.0 MHz ; 0.000 ; 0.500 ;            ;           ;             ;       ;        ;           ;            ;          ;        ;        ; { diver:U1|m_clk1 } ;
+-----------------+------+--------+------------+-------+-------+------------+-----------+-------------+-------+--------+-----------+------------+----------+--------+--------+---------------------+


+----------------------------------------------------------------------------------------------------------------+
; Slow 1200mV 85C Model Fmax Summary                                                                             ;
+------------+-----------------+-----------------+---------------------------------------------------------------+
; Fmax       ; Restricted Fmax ; Clock Name      ; Note                                                          ;
+------------+-----------------+-----------------+---------------------------------------------------------------+
; 474.83 MHz ; 474.83 MHz      ; diver:U1|m_clk1 ;                                                               ;
; 526.87 MHz ; 500.0 MHz       ; diver:U1|m_clk0 ; limit due to minimum period restriction (tmin)                ;
; 815.0 MHz  ; 250.0 MHz       ; clk             ; limit due to minimum period restriction (max I/O toggle rate) ;
+------------+-----------------+-----------------+---------------------------------------------------------------+
This panel reports FMAX for every clock in the design, regardless of the user-specified clock periods.  FMAX is only computed for paths where the source and destination registers or ports are driven by the same clock.  Paths of different clocks, including generated clocks, are ignored.  For paths between a clock and its inversion, FMAX is computed as if the rising and falling edges are scaled along with FMAX, such that the duty cycle (in terms of a percentage) is maintained. Altera recommends that you always use clock constraints and other slack reports for sign-off analysis.


----------------------------------
; Timing Closure Recommendations ;
----------------------------------
HTML report is unavailable in plain text report export.


+------------------------------------------+
; Slow 1200mV 85C Model Setup Summary      ;
+-----------------+--------+---------------+
; Clock           ; Slack  ; End Point TNS ;
+-----------------+--------+---------------+
; diver:U1|m_clk1 ; -1.106 ; -20.364       ;
; diver:U1|m_clk0 ; -0.898 ; -4.149        ;
; clk             ; -0.227 ; -0.336        ;
+-----------------+--------+---------------+


+-----------------------------------------+
; Slow 1200mV 85C Model Hold Summary      ;
+-----------------+-------+---------------+
; Clock           ; Slack ; End Point TNS ;
+-----------------+-------+---------------+
; clk             ; 0.014 ; 0.000         ;
; diver:U1|m_clk1 ; 0.132 ; 0.000         ;
; diver:U1|m_clk0 ; 0.381 ; 0.000         ;
+-----------------+-------+---------------+


+------------------------------------------+
; Slow 1200mV 85C Model Recovery Summary   ;
+-----------------+--------+---------------+
; Clock           ; Slack  ; End Point TNS ;
+-----------------+--------+---------------+
; diver:U1|m_clk0 ; -2.511 ; -19.903       ;
+-----------------+--------+---------------+


+-----------------------------------------+
; Slow 1200mV 85C Model Removal Summary   ;
+-----------------+-------+---------------+
; Clock           ; Slack ; End Point TNS ;
+-----------------+-------+---------------+
; diver:U1|m_clk0 ; 3.015 ; 0.000         ;
+-----------------+-------+---------------+


+---------------------------------------------------+
; Slow 1200mV 85C Model Minimum Pulse Width Summary ;
+-----------------+--------+------------------------+
; Clock           ; Slack  ; End Point TNS          ;
+-----------------+--------+------------------------+
; clk             ; -3.000 ; -8.000                 ;
; diver:U1|m_clk1 ; -1.000 ; -40.000                ;
; diver:U1|m_clk0 ; -1.000 ; -8.000                 ;
+-----------------+--------+------------------------+


+---------------------------------------------------------------------------------------------------------------------------------------+
; Slow 1200mV 85C Model Setup: 'diver:U1|m_clk1'                                                                                        ;
+--------+------------------------+------------------------+-----------------+-----------------+--------------+------------+------------+
; Slack  ; From Node              ; To Node                ; Launch Clock    ; Latch Clock     ; Relationship ; Clock Skew ; Data Delay ;
+--------+------------------------+------------------------+-----------------+-----------------+--------------+------------+------------+
; -1.106 ; count_hour:U19|num0[3] ; count_hour:U19|num1[0] ; diver:U1|m_clk1 ; diver:U1|m_clk1 ; 1.000        ; -0.062     ; 2.039      ;
; -1.106 ; count_hour:U19|num0[3] ; count_hour:U19|num1[1] ; diver:U1|m_clk1 ; diver:U1|m_clk1 ; 1.000        ; -0.062     ; 2.039      ;
; -1.061 ; count_hour:U19|num0[3] ; count_hour:U19|num1[2] ; diver:U1|m_clk1 ; diver:U1|m_clk1 ; 1.000        ; -0.062     ; 1.994      ;
; -1.059 ; count_hour:U19|num0[3] ; count_hour:U19|num1[3] ; diver:U1|m_clk1 ; diver:U1|m_clk1 ; 1.000        ; -0.062     ; 1.992      ;
; -1.007 ; count_hour:U19|num0[2] ; count_hour:U19|num1[0] ; diver:U1|m_clk1 ; diver:U1|m_clk1 ; 1.000        ; -0.062     ; 1.940      ;
; -1.007 ; count_hour:U19|num0[2] ; count_hour:U19|num1[1] ; diver:U1|m_clk1 ; diver:U1|m_clk1 ; 1.000        ; -0.062     ; 1.940      ;
; -1.006 ; count_min:U18|num0[1]  ; count_min:U18|num1[2]  ; diver:U1|m_clk1 ; diver:U1|m_clk1 ; 1.000        ; -0.063     ; 1.938      ;
; -1.006 ; count_min:U18|num0[1]  ; count_min:U18|num1[1]  ; diver:U1|m_clk1 ; diver:U1|m_clk1 ; 1.000        ; -0.063     ; 1.938      ;
; -1.006 ; count_min:U18|num0[1]  ; count_min:U18|num1[0]  ; diver:U1|m_clk1 ; diver:U1|m_clk1 ; 1.000        ; -0.063     ; 1.938      ;
; -0.962 ; count_hour:U19|num0[2] ; count_hour:U19|num1[2] ; diver:U1|m_clk1 ; diver:U1|m_clk1 ; 1.000        ; -0.062     ; 1.895      ;
; -0.961 ; count_min:U18|num0[2]  ; count_min:U18|num1[2]  ; diver:U1|m_clk1 ; diver:U1|m_clk1 ; 1.000        ; -0.063     ; 1.893      ;
; -0.961 ; count_min:U18|num0[2]  ; count_min:U18|num1[1]  ; diver:U1|m_clk1 ; diver:U1|m_clk1 ; 1.000        ; -0.063     ; 1.893      ;
; -0.961 ; count_min:U18|num0[2]  ; count_min:U18|num1[0]  ; diver:U1|m_clk1 ; diver:U1|m_clk1 ; 1.000        ; -0.063     ; 1.893      ;
; -0.960 ; count_hour:U19|num0[2] ; count_hour:U19|num1[3] ; diver:U1|m_clk1 ; diver:U1|m_clk1 ; 1.000        ; -0.062     ; 1.893      ;
; -0.866 ; count_min:U18|num0[3]  ; count_min:U18|num1[2]  ; diver:U1|m_clk1 ; diver:U1|m_clk1 ; 1.000        ; -0.063     ; 1.798      ;
; -0.866 ; count_min:U18|num0[3]  ; count_min:U18|num1[1]  ; diver:U1|m_clk1 ; diver:U1|m_clk1 ; 1.000        ; -0.063     ; 1.798      ;
; -0.866 ; count_min:U18|num0[3]  ; count_min:U18|num1[0]  ; diver:U1|m_clk1 ; diver:U1|m_clk1 ; 1.000        ; -0.063     ; 1.798      ;
; -0.859 ; count_min:U3|num0[1]   ; count_min:U3|num1[0]   ; diver:U1|m_clk1 ; diver:U1|m_clk1 ; 1.000        ; -0.087     ; 1.767      ;
; -0.859 ; count_min:U3|num0[1]   ; count_min:U3|num1[1]   ; diver:U1|m_clk1 ; diver:U1|m_clk1 ; 1.000        ; -0.087     ; 1.767      ;
; -0.859 ; count_min:U3|num0[1]   ; count_min:U3|num1[2]   ; diver:U1|m_clk1 ; diver:U1|m_clk1 ; 1.000        ; -0.087     ; 1.767      ;
; -0.843 ; count_sec:U17|num0[3]  ; count_sec:U17|num1[2]  ; diver:U1|m_clk1 ; diver:U1|m_clk1 ; 1.000        ; -0.063     ; 1.775      ;
; -0.843 ; count_sec:U17|num0[3]  ; count_sec:U17|num1[1]  ; diver:U1|m_clk1 ; diver:U1|m_clk1 ; 1.000        ; -0.063     ; 1.775      ;
; -0.843 ; count_sec:U17|num0[3]  ; count_sec:U17|num1[0]  ; diver:U1|m_clk1 ; diver:U1|m_clk1 ; 1.000        ; -0.063     ; 1.775      ;
; -0.842 ; count_min:U3|num0[0]   ; count_min:U3|num1[0]   ; diver:U1|m_clk1 ; diver:U1|m_clk1 ; 1.000        ; -0.087     ; 1.750      ;
; -0.842 ; count_min:U3|num0[0]   ; count_min:U3|num1[1]   ; diver:U1|m_clk1 ; diver:U1|m_clk1 ; 1.000        ; -0.087     ; 1.750      ;
; -0.842 ; count_min:U3|num0[0]   ; count_min:U3|num1[2]   ; diver:U1|m_clk1 ; diver:U1|m_clk1 ; 1.000        ; -0.087     ; 1.750      ;
; -0.829 ; count_hour:U19|num0[0] ; count_hour:U19|num1[0] ; diver:U1|m_clk1 ; diver:U1|m_clk1 ; 1.000        ; -0.062     ; 1.762      ;
; -0.829 ; count_hour:U19|num0[0] ; count_hour:U19|num1[1] ; diver:U1|m_clk1 ; diver:U1|m_clk1 ; 1.000        ; -0.062     ; 1.762      ;
; -0.811 ; count_hour:U4|num0[2]  ; count_hour:U4|num1[0]  ; diver:U1|m_clk1 ; diver:U1|m_clk1 ; 1.000        ; -0.062     ; 1.744      ;
; -0.811 ; count_hour:U4|num0[2]  ; count_hour:U4|num1[1]  ; diver:U1|m_clk1 ; diver:U1|m_clk1 ; 1.000        ; -0.062     ; 1.744      ;
; -0.809 ; count_min:U18|num0[0]  ; count_min:U18|num1[2]  ; diver:U1|m_clk1 ; diver:U1|m_clk1 ; 1.000        ; -0.063     ; 1.741      ;
; -0.809 ; count_min:U18|num0[0]  ; count_min:U18|num1[1]  ; diver:U1|m_clk1 ; diver:U1|m_clk1 ; 1.000        ; -0.063     ; 1.741      ;
; -0.809 ; count_min:U18|num0[0]  ; count_min:U18|num1[0]  ; diver:U1|m_clk1 ; diver:U1|m_clk1 ; 1.000        ; -0.063     ; 1.741      ;
; -0.807 ; count_hour:U4|num0[0]  ; count_hour:U4|num1[0]  ; diver:U1|m_clk1 ; diver:U1|m_clk1 ; 1.000        ; -0.062     ; 1.740      ;
; -0.807 ; count_hour:U4|num0[0]  ; count_hour:U4|num1[1]  ; diver:U1|m_clk1 ; diver:U1|m_clk1 ; 1.000        ; -0.062     ; 1.740      ;
; -0.804 ; count_sec:U17|num0[2]  ; count_sec:U17|num1[2]  ; diver:U1|m_clk1 ; diver:U1|m_clk1 ; 1.000        ; -0.062     ; 1.737      ;
; -0.804 ; count_sec:U17|num0[2]  ; count_sec:U17|num1[1]  ; diver:U1|m_clk1 ; diver:U1|m_clk1 ; 1.000        ; -0.062     ; 1.737      ;
; -0.804 ; count_sec:U17|num0[2]  ; count_sec:U17|num1[0]  ; diver:U1|m_clk1 ; diver:U1|m_clk1 ; 1.000        ; -0.062     ; 1.737      ;
; -0.790 ; count_hour:U19|num0[0] ; count_hour:U19|num1[3] ; diver:U1|m_clk1 ; diver:U1|m_clk1 ; 1.000        ; -0.062     ; 1.723      ;
; -0.788 ; count_hour:U19|num0[0] ; count_hour:U19|num1[2] ; diver:U1|m_clk1 ; diver:U1|m_clk1 ; 1.000        ; -0.062     ; 1.721      ;
; -0.775 ; count_hour:U19|num0[1] ; count_hour:U19|num1[0] ; diver:U1|m_clk1 ; diver:U1|m_clk1 ; 1.000        ; -0.063     ; 1.707      ;
; -0.775 ; count_hour:U19|num0[1] ; count_hour:U19|num1[1] ; diver:U1|m_clk1 ; diver:U1|m_clk1 ; 1.000        ; -0.063     ; 1.707      ;
; -0.767 ; count_sec:U17|num0[1]  ; count_sec:U17|num1[2]  ; diver:U1|m_clk1 ; diver:U1|m_clk1 ; 1.000        ; -0.063     ; 1.699      ;
; -0.767 ; count_sec:U17|num0[1]  ; count_sec:U17|num1[1]  ; diver:U1|m_clk1 ; diver:U1|m_clk1 ; 1.000        ; -0.063     ; 1.699      ;
; -0.767 ; count_sec:U17|num0[1]  ; count_sec:U17|num1[0]  ; diver:U1|m_clk1 ; diver:U1|m_clk1 ; 1.000        ; -0.063     ; 1.699      ;
; -0.750 ; count_sec:U17|num0[0]  ; count_sec:U17|num1[2]  ; diver:U1|m_clk1 ; diver:U1|m_clk1 ; 1.000        ; -0.063     ; 1.682      ;
; -0.750 ; count_sec:U17|num0[0]  ; count_sec:U17|num1[1]  ; diver:U1|m_clk1 ; diver:U1|m_clk1 ; 1.000        ; -0.063     ; 1.682      ;
; -0.750 ; count_sec:U17|num0[0]  ; count_sec:U17|num1[0]  ; diver:U1|m_clk1 ; diver:U1|m_clk1 ; 1.000        ; -0.063     ; 1.682      ;
; -0.736 ; count_sec:U17|num1[0]  ; count_sec:U17|num1[3]  ; diver:U1|m_clk1 ; diver:U1|m_clk1 ; 1.000        ; -0.064     ; 1.667      ;
; -0.736 ; count_hour:U19|num0[1] ; count_hour:U19|num1[3] ; diver:U1|m_clk1 ; diver:U1|m_clk1 ; 1.000        ; -0.063     ; 1.668      ;
; -0.734 ; count_hour:U19|num0[1] ; count_hour:U19|num1[2] ; diver:U1|m_clk1 ; diver:U1|m_clk1 ; 1.000        ; -0.063     ; 1.666      ;
; -0.701 ; count_min:U3|num0[3]   ; count_min:U3|num1[0]   ; diver:U1|m_clk1 ; diver:U1|m_clk1 ; 1.000        ; -0.087     ; 1.609      ;
; -0.701 ; count_min:U3|num0[3]   ; count_min:U3|num1[1]   ; diver:U1|m_clk1 ; diver:U1|m_clk1 ; 1.000        ; -0.087     ; 1.609      ;
; -0.701 ; count_min:U3|num0[3]   ; count_min:U3|num1[2]   ; diver:U1|m_clk1 ; diver:U1|m_clk1 ; 1.000        ; -0.087     ; 1.609      ;
; -0.676 ; count_hour:U4|num0[1]  ; count_hour:U4|num1[0]  ; diver:U1|m_clk1 ; diver:U1|m_clk1 ; 1.000        ; -0.062     ; 1.609      ;
; -0.676 ; count_hour:U4|num0[1]  ; count_hour:U4|num1[1]  ; diver:U1|m_clk1 ; diver:U1|m_clk1 ; 1.000        ; -0.062     ; 1.609      ;
; -0.640 ; count_hour:U19|num1[0] ; count_hour:U19|num1[3] ; diver:U1|m_clk1 ; diver:U1|m_clk1 ; 1.000        ; -0.063     ; 1.572      ;
; -0.609 ; count_sec:U17|num1[2]  ; count_sec:U17|num1[3]  ; diver:U1|m_clk1 ; diver:U1|m_clk1 ; 1.000        ; -0.064     ; 1.540      ;
; -0.598 ; count_min:U18|num0[2]  ; count_min:U18|num1[3]  ; diver:U1|m_clk1 ; diver:U1|m_clk1 ; 1.000        ; -0.064     ; 1.529      ;
; -0.570 ; count_min:U18|num0[1]  ; count_min:U18|num1[3]  ; diver:U1|m_clk1 ; diver:U1|m_clk1 ; 1.000        ; -0.064     ; 1.501      ;
; -0.569 ; count_min:U3|num0[2]   ; count_min:U3|num1[0]   ; diver:U1|m_clk1 ; diver:U1|m_clk1 ; 1.000        ; -0.087     ; 1.477      ;
; -0.569 ; count_min:U3|num0[2]   ; count_min:U3|num1[1]   ; diver:U1|m_clk1 ; diver:U1|m_clk1 ; 1.000        ; -0.087     ; 1.477      ;
; -0.569 ; count_min:U3|num0[2]   ; count_min:U3|num1[2]   ; diver:U1|m_clk1 ; diver:U1|m_clk1 ; 1.000        ; -0.087     ; 1.477      ;
; -0.568 ; count_min:U3|num1[1]   ; count_min:U3|num1[3]   ; diver:U1|m_clk1 ; diver:U1|m_clk1 ; 1.000        ; -0.007     ; 1.556      ;
; -0.555 ; count_min:U3|num1[0]   ; count_min:U3|num1[3]   ; diver:U1|m_clk1 ; diver:U1|m_clk1 ; 1.000        ; -0.007     ; 1.543      ;
; -0.541 ; count_hour:U4|num0[3]  ; count_hour:U4|num1[0]  ; diver:U1|m_clk1 ; diver:U1|m_clk1 ; 1.000        ; -0.062     ; 1.474      ;
; -0.541 ; count_hour:U4|num0[3]  ; count_hour:U4|num1[1]  ; diver:U1|m_clk1 ; diver:U1|m_clk1 ; 1.000        ; -0.062     ; 1.474      ;
; -0.527 ; count_min:U3|num0[1]   ; count_min:U3|num1[3]   ; diver:U1|m_clk1 ; diver:U1|m_clk1 ; 1.000        ; -0.045     ; 1.477      ;
; -0.524 ; count_sec:U17|num0[3]  ; count_sec:U17|num1[3]  ; diver:U1|m_clk1 ; diver:U1|m_clk1 ; 1.000        ; -0.064     ; 1.455      ;
; -0.510 ; count_min:U3|num0[0]   ; count_min:U3|num1[3]   ; diver:U1|m_clk1 ; diver:U1|m_clk1 ; 1.000        ; -0.045     ; 1.460      ;
; -0.508 ; count_hour:U4|num1[0]  ; count_hour:U4|num1[3]  ; diver:U1|m_clk1 ; diver:U1|m_clk1 ; 1.000        ; -0.062     ; 1.441      ;
; -0.505 ; count_min:U18|num0[0]  ; count_min:U18|num1[3]  ; diver:U1|m_clk1 ; diver:U1|m_clk1 ; 1.000        ; -0.064     ; 1.436      ;
; -0.499 ; count_min:U18|num1[2]  ; count_min:U18|num1[3]  ; diver:U1|m_clk1 ; diver:U1|m_clk1 ; 1.000        ; -0.064     ; 1.430      ;
; -0.495 ; count_sec:U17|num0[2]  ; count_sec:U17|num1[3]  ; diver:U1|m_clk1 ; diver:U1|m_clk1 ; 1.000        ; -0.063     ; 1.427      ;
; -0.492 ; count_hour:U19|num1[1] ; count_hour:U19|num1[3] ; diver:U1|m_clk1 ; diver:U1|m_clk1 ; 1.000        ; -0.063     ; 1.424      ;
; -0.479 ; count_sec:U17|num1[1]  ; count_sec:U17|num1[3]  ; diver:U1|m_clk1 ; diver:U1|m_clk1 ; 1.000        ; -0.064     ; 1.410      ;
; -0.457 ; count_hour:U19|num0[2] ; count_hour:U19|num0[3] ; diver:U1|m_clk1 ; diver:U1|m_clk1 ; 1.000        ; -0.063     ; 1.389      ;
; -0.419 ; count_hour:U19|num0[1] ; count_hour:U19|num0[3] ; diver:U1|m_clk1 ; diver:U1|m_clk1 ; 1.000        ; -0.064     ; 1.350      ;
; -0.406 ; count_sec:U17|num0[0]  ; count_sec:U17|num1[3]  ; diver:U1|m_clk1 ; diver:U1|m_clk1 ; 1.000        ; -0.064     ; 1.337      ;
; -0.401 ; count_min:U18|num1[1]  ; count_min:U18|num1[3]  ; diver:U1|m_clk1 ; diver:U1|m_clk1 ; 1.000        ; -0.064     ; 1.332      ;
; -0.401 ; count_min:U3|num1[1]   ; count_min:U3|num1[2]   ; diver:U1|m_clk1 ; diver:U1|m_clk1 ; 1.000        ; -0.043     ; 1.353      ;
; -0.396 ; count_sec:U17|num0[0]  ; count_sec:U17|num0[2]  ; diver:U1|m_clk1 ; diver:U1|m_clk1 ; 1.000        ; -0.064     ; 1.327      ;
; -0.394 ; count_hour:U4|num0[2]  ; count_hour:U4|num0[3]  ; diver:U1|m_clk1 ; diver:U1|m_clk1 ; 1.000        ; -0.062     ; 1.327      ;
; -0.382 ; count_hour:U4|num0[0]  ; count_hour:U4|num1[2]  ; diver:U1|m_clk1 ; diver:U1|m_clk1 ; 1.000        ; -0.062     ; 1.315      ;
; -0.381 ; count_hour:U4|num0[0]  ; count_hour:U4|num1[3]  ; diver:U1|m_clk1 ; diver:U1|m_clk1 ; 1.000        ; -0.062     ; 1.314      ;
; -0.378 ; count_hour:U4|num0[2]  ; count_hour:U4|num1[3]  ; diver:U1|m_clk1 ; diver:U1|m_clk1 ; 1.000        ; -0.062     ; 1.311      ;
; -0.378 ; count_hour:U4|num0[2]  ; count_hour:U4|num1[2]  ; diver:U1|m_clk1 ; diver:U1|m_clk1 ; 1.000        ; -0.062     ; 1.311      ;
; -0.369 ; count_min:U3|num0[3]   ; count_min:U3|num1[3]   ; diver:U1|m_clk1 ; diver:U1|m_clk1 ; 1.000        ; -0.045     ; 1.319      ;
; -0.357 ; count_hour:U4|num1[1]  ; count_hour:U4|num1[3]  ; diver:U1|m_clk1 ; diver:U1|m_clk1 ; 1.000        ; -0.062     ; 1.290      ;
; -0.350 ; count_min:U18|num0[3]  ; count_min:U18|num1[3]  ; diver:U1|m_clk1 ; diver:U1|m_clk1 ; 1.000        ; -0.064     ; 1.281      ;
; -0.300 ; trigger:U21|temp       ; count_hour:U19|num1[0] ; clk             ; diver:U1|m_clk1 ; 0.500        ; 1.625      ; 2.410      ;
; -0.300 ; trigger:U21|temp       ; count_hour:U19|num1[1] ; clk             ; diver:U1|m_clk1 ; 0.500        ; 1.625      ; 2.410      ;
; -0.298 ; count_min:U3|num1[2]   ; count_min:U3|num1[3]   ; diver:U1|m_clk1 ; diver:U1|m_clk1 ; 1.000        ; -0.007     ; 1.286      ;
; -0.274 ; count_sec:U17|num0[1]  ; count_sec:U17|num1[3]  ; diver:U1|m_clk1 ; diver:U1|m_clk1 ; 1.000        ; -0.064     ; 1.205      ;
; -0.269 ; count_min:U18|num1[0]  ; count_min:U18|num1[3]  ; diver:U1|m_clk1 ; diver:U1|m_clk1 ; 1.000        ; -0.064     ; 1.200      ;
; -0.261 ; trigger:U21|temp       ; count_hour:U19|num1[3] ; clk             ; diver:U1|m_clk1 ; 0.500        ; 1.625      ; 2.371      ;
; -0.259 ; trigger:U21|temp       ; count_hour:U19|num1[2] ; clk             ; diver:U1|m_clk1 ; 0.500        ; 1.625      ; 2.369      ;
; -0.251 ; count_hour:U4|num0[1]  ; count_hour:U4|num1[2]  ; diver:U1|m_clk1 ; diver:U1|m_clk1 ; 1.000        ; -0.062     ; 1.184      ;
; -0.250 ; count_hour:U4|num0[1]  ; count_hour:U4|num1[3]  ; diver:U1|m_clk1 ; diver:U1|m_clk1 ; 1.000        ; -0.062     ; 1.183      ;
; -0.244 ; count_hour:U4|num0[0]  ; count_hour:U4|num0[1]  ; diver:U1|m_clk1 ; diver:U1|m_clk1 ; 1.000        ; -0.062     ; 1.177      ;
+--------+------------------------+------------------------+-----------------+-----------------+--------------+------------+------------+


+-----------------------------------------------------------------------------------------------------------------------------------+
; Slow 1200mV 85C Model Setup: 'diver:U1|m_clk0'                                                                                    ;
+--------+----------------------+----------------------+-----------------+-----------------+--------------+------------+------------+
; Slack  ; From Node            ; To Node              ; Launch Clock    ; Latch Clock     ; Relationship ; Clock Skew ; Data Delay ;
+--------+----------------------+----------------------+-----------------+-----------------+--------------+------------+------------+
; -0.898 ; count_sec:U2|num0[0] ; count_sec:U2|num1[0] ; diver:U1|m_clk0 ; diver:U1|m_clk0 ; 1.000        ; -0.108     ; 1.805      ;
; -0.898 ; count_sec:U2|num0[0] ; count_sec:U2|num1[1] ; diver:U1|m_clk0 ; diver:U1|m_clk0 ; 1.000        ; -0.108     ; 1.805      ;
; -0.898 ; count_sec:U2|num0[0] ; count_sec:U2|num1[2] ; diver:U1|m_clk0 ; diver:U1|m_clk0 ; 1.000        ; -0.108     ; 1.805      ;
; -0.866 ; count_sec:U2|num0[3] ; count_sec:U2|num1[0] ; diver:U1|m_clk0 ; diver:U1|m_clk0 ; 1.000        ; -0.108     ; 1.773      ;
; -0.866 ; count_sec:U2|num0[3] ; count_sec:U2|num1[1] ; diver:U1|m_clk0 ; diver:U1|m_clk0 ; 1.000        ; -0.108     ; 1.773      ;
; -0.866 ; count_sec:U2|num0[3] ; count_sec:U2|num1[2] ; diver:U1|m_clk0 ; diver:U1|m_clk0 ; 1.000        ; -0.108     ; 1.773      ;
; -0.664 ; count_sec:U2|num0[1] ; count_sec:U2|num1[0] ; diver:U1|m_clk0 ; diver:U1|m_clk0 ; 1.000        ; -0.108     ; 1.571      ;
; -0.664 ; count_sec:U2|num0[1] ; count_sec:U2|num1[1] ; diver:U1|m_clk0 ; diver:U1|m_clk0 ; 1.000        ; -0.108     ; 1.571      ;
; -0.664 ; count_sec:U2|num0[1] ; count_sec:U2|num1[2] ; diver:U1|m_clk0 ; diver:U1|m_clk0 ; 1.000        ; -0.108     ; 1.571      ;
; -0.655 ; count_sec:U2|num0[0] ; count_sec:U2|num1[3] ; diver:U1|m_clk0 ; diver:U1|m_clk0 ; 1.000        ; -0.046     ; 1.624      ;
; -0.623 ; count_sec:U2|num0[3] ; count_sec:U2|num1[3] ; diver:U1|m_clk0 ; diver:U1|m_clk0 ; 1.000        ; -0.046     ; 1.592      ;
; -0.565 ; count_sec:U2|num0[2] ; count_sec:U2|num1[0] ; diver:U1|m_clk0 ; diver:U1|m_clk0 ; 1.000        ; -0.108     ; 1.472      ;
; -0.565 ; count_sec:U2|num0[2] ; count_sec:U2|num1[1] ; diver:U1|m_clk0 ; diver:U1|m_clk0 ; 1.000        ; -0.108     ; 1.472      ;
; -0.565 ; count_sec:U2|num0[2] ; count_sec:U2|num1[2] ; diver:U1|m_clk0 ; diver:U1|m_clk0 ; 1.000        ; -0.108     ; 1.472      ;
; -0.431 ; count_sec:U2|num1[2] ; count_sec:U2|num1[3] ; diver:U1|m_clk0 ; diver:U1|m_clk0 ; 1.000        ; -0.032     ; 1.414      ;
; -0.430 ; count_sec:U2|num1[0] ; count_sec:U2|num1[3] ; diver:U1|m_clk0 ; diver:U1|m_clk0 ; 1.000        ; -0.032     ; 1.413      ;
; -0.406 ; count_sec:U2|num0[2] ; count_sec:U2|num0[3] ; diver:U1|m_clk0 ; diver:U1|m_clk0 ; 1.000        ; -0.046     ; 1.375      ;
; -0.406 ; count_sec:U2|num0[1] ; count_sec:U2|num1[3] ; diver:U1|m_clk0 ; diver:U1|m_clk0 ; 1.000        ; -0.046     ; 1.375      ;
; -0.386 ; count_sec:U2|num1[3] ; count_sec:U2|num1[1] ; diver:U1|m_clk0 ; diver:U1|m_clk0 ; 1.000        ; -0.108     ; 1.293      ;
; -0.372 ; count_sec:U2|num0[2] ; count_sec:U2|num0[1] ; diver:U1|m_clk0 ; diver:U1|m_clk0 ; 1.000        ; -0.046     ; 1.341      ;
; -0.360 ; count_sec:U2|num1[3] ; count_sec:U2|num1[2] ; diver:U1|m_clk0 ; diver:U1|m_clk0 ; 1.000        ; -0.108     ; 1.267      ;
; -0.307 ; count_sec:U2|num0[2] ; count_sec:U2|num1[3] ; diver:U1|m_clk0 ; diver:U1|m_clk0 ; 1.000        ; -0.046     ; 1.276      ;
; -0.187 ; count_sec:U2|num1[1] ; count_sec:U2|num1[3] ; diver:U1|m_clk0 ; diver:U1|m_clk0 ; 1.000        ; -0.032     ; 1.170      ;
; -0.082 ; count_sec:U2|num0[0] ; count_sec:U2|num0[1] ; diver:U1|m_clk0 ; diver:U1|m_clk0 ; 1.000        ; -0.046     ; 1.051      ;
; -0.061 ; count_sec:U2|num1[0] ; count_sec:U2|num1[1] ; diver:U1|m_clk0 ; diver:U1|m_clk0 ; 1.000        ; -0.044     ; 1.032      ;
; -0.031 ; count_sec:U2|num0[0] ; count_sec:U2|num0[3] ; diver:U1|m_clk0 ; diver:U1|m_clk0 ; 1.000        ; -0.046     ; 1.000      ;
; -0.022 ; count_sec:U2|num0[0] ; count_sec:U2|num0[2] ; diver:U1|m_clk0 ; diver:U1|m_clk0 ; 1.000        ; -0.046     ; 0.991      ;
; -0.006 ; count_sec:U2|num1[1] ; count_sec:U2|num1[2] ; diver:U1|m_clk0 ; diver:U1|m_clk0 ; 1.000        ; -0.044     ; 0.977      ;
; 0.108  ; count_sec:U2|num0[1] ; count_sec:U2|num0[3] ; diver:U1|m_clk0 ; diver:U1|m_clk0 ; 1.000        ; -0.046     ; 0.861      ;
; 0.110  ; count_sec:U2|num0[1] ; count_sec:U2|num0[2] ; diver:U1|m_clk0 ; diver:U1|m_clk0 ; 1.000        ; -0.046     ; 0.859      ;
; 0.234  ; count_sec:U2|num1[2] ; count_sec:U2|num1[1] ; diver:U1|m_clk0 ; diver:U1|m_clk0 ; 1.000        ; -0.044     ; 0.737      ;
; 0.235  ; count_sec:U2|num1[0] ; count_sec:U2|num1[2] ; diver:U1|m_clk0 ; diver:U1|m_clk0 ; 1.000        ; -0.044     ; 0.736      ;
; 0.244  ; count_sec:U2|num0[3] ; count_sec:U2|num0[1] ; diver:U1|m_clk0 ; diver:U1|m_clk0 ; 1.000        ; -0.046     ; 0.725      ;
; 0.317  ; count_sec:U2|num0[0] ; count_sec:U2|num0[0] ; diver:U1|m_clk0 ; diver:U1|m_clk0 ; 1.000        ; -0.039     ; 0.659      ;
; 0.317  ; count_sec:U2|num0[2] ; count_sec:U2|num0[2] ; diver:U1|m_clk0 ; diver:U1|m_clk0 ; 1.000        ; -0.039     ; 0.659      ;
; 0.317  ; count_sec:U2|num0[3] ; count_sec:U2|num0[3] ; diver:U1|m_clk0 ; diver:U1|m_clk0 ; 1.000        ; -0.039     ; 0.659      ;
; 0.317  ; count_sec:U2|num0[1] ; count_sec:U2|num0[1] ; diver:U1|m_clk0 ; diver:U1|m_clk0 ; 1.000        ; -0.039     ; 0.659      ;
; 0.317  ; count_sec:U2|num1[0] ; count_sec:U2|num1[0] ; diver:U1|m_clk0 ; diver:U1|m_clk0 ; 1.000        ; -0.039     ; 0.659      ;
; 0.317  ; count_sec:U2|num1[3] ; count_sec:U2|num1[3] ; diver:U1|m_clk0 ; diver:U1|m_clk0 ; 1.000        ; -0.039     ; 0.659      ;
; 0.317  ; count_sec:U2|num1[2] ; count_sec:U2|num1[2] ; diver:U1|m_clk0 ; diver:U1|m_clk0 ; 1.000        ; -0.039     ; 0.659      ;
; 0.317  ; count_sec:U2|num1[1] ; count_sec:U2|num1[1] ; diver:U1|m_clk0 ; diver:U1|m_clk0 ; 1.000        ; -0.039     ; 0.659      ;
+--------+----------------------+----------------------+-----------------+-----------------+--------------+------------+------------+


+-------------------------------------------------------------------------------------------------------------------------+
; Slow 1200mV 85C Model Setup: 'clk'                                                                                      ;
+--------+-------------------+-------------------+-----------------+-------------+--------------+------------+------------+
; Slack  ; From Node         ; To Node           ; Launch Clock    ; Latch Clock ; Relationship ; Clock Skew ; Data Delay ;
+--------+-------------------+-------------------+-----------------+-------------+--------------+------------+------------+
; -0.227 ; diver:U1|cnt_0[0] ; diver:U1|m_clk0   ; clk             ; clk         ; 1.000        ; -0.064     ; 1.158      ;
; -0.109 ; diver:U1|m_clk1   ; diver:U1|m_clk1   ; diver:U1|m_clk1 ; clk         ; 0.500        ; 2.073      ; 2.866      ;
; -0.088 ; diver:U1|cnt_0[1] ; diver:U1|m_clk0   ; clk             ; clk         ; 1.000        ; -0.064     ; 1.019      ;
; -0.075 ; diver:U1|m_clk0   ; diver:U1|m_clk0   ; diver:U1|m_clk0 ; clk         ; 0.500        ; 2.072      ; 2.841      ;
; 0.094  ; diver:U1|cnt_0[1] ; diver:U1|cnt_0[0] ; clk             ; clk         ; 1.000        ; -0.064     ; 0.837      ;
; 0.097  ; diver:U1|cnt_0[0] ; diver:U1|cnt_0[1] ; clk             ; clk         ; 1.000        ; -0.064     ; 0.834      ;
; 0.272  ; diver:U1|cnt_0[1] ; diver:U1|cnt_0[1] ; clk             ; clk         ; 1.000        ; -0.064     ; 0.659      ;
; 0.272  ; diver:U1|cnt_0[0] ; diver:U1|cnt_0[0] ; clk             ; clk         ; 1.000        ; -0.064     ; 0.659      ;
; 0.298  ; trigger:U21|temp  ; trigger:U21|temp  ; clk             ; clk         ; 1.000        ; -0.038     ; 0.659      ;
; 0.433  ; diver:U1|m_clk1   ; diver:U1|m_clk1   ; diver:U1|m_clk1 ; clk         ; 1.000        ; 2.073      ; 2.824      ;
; 0.553  ; diver:U1|m_clk0   ; diver:U1|m_clk0   ; diver:U1|m_clk0 ; clk         ; 1.000        ; 2.072      ; 2.713      ;
+--------+-------------------+-------------------+-----------------+-------------+--------------+------------+------------+


+------------------------------------------------------------------------------------------------------------------------+
; Slow 1200mV 85C Model Hold: 'clk'                                                                                      ;
+-------+-------------------+-------------------+-----------------+-------------+--------------+------------+------------+
; Slack ; From Node         ; To Node           ; Launch Clock    ; Latch Clock ; Relationship ; Clock Skew ; Data Delay ;
+-------+-------------------+-------------------+-----------------+-------------+--------------+------------+------------+
; 0.014 ; diver:U1|m_clk0   ; diver:U1|m_clk0   ; diver:U1|m_clk0 ; clk         ; 0.000        ; 2.148      ; 2.538      ;
; 0.092 ; diver:U1|m_clk1   ; diver:U1|m_clk1   ; diver:U1|m_clk1 ; clk         ; 0.000        ; 2.149      ; 2.627      ;
; 0.359 ; diver:U1|cnt_0[1] ; diver:U1|cnt_0[1] ; clk             ; clk         ; 0.000        ; 0.064      ; 0.580      ;
; 0.359 ; diver:U1|cnt_0[0] ; diver:U1|cnt_0[0] ; clk             ; clk         ; 0.000        ; 0.064      ; 0.580      ;
; 0.382 ; trigger:U21|temp  ; trigger:U21|temp  ; clk             ; clk         ; 0.000        ; 0.038      ; 0.577      ;
; 0.521 ; diver:U1|cnt_0[1] ; diver:U1|cnt_0[0] ; clk             ; clk         ; 0.000        ; 0.064      ; 0.742      ;
; 0.525 ; diver:U1|cnt_0[0] ; diver:U1|cnt_0[1] ; clk             ; clk         ; 0.000        ; 0.064      ; 0.746      ;
; 0.606 ; diver:U1|m_clk0   ; diver:U1|m_clk0   ; diver:U1|m_clk0 ; clk         ; -0.500       ; 2.148      ; 2.630      ;
; 0.633 ; diver:U1|m_clk1   ; diver:U1|m_clk1   ; diver:U1|m_clk1 ; clk         ; -0.500       ; 2.149      ; 2.668      ;
; 0.684 ; diver:U1|cnt_0[1] ; diver:U1|m_clk0   ; clk             ; clk         ; 0.000        ; 0.064      ; 0.905      ;
; 0.789 ; diver:U1|cnt_0[0] ; diver:U1|m_clk0   ; clk             ; clk         ; 0.000        ; 0.064      ; 1.010      ;
+-------+-------------------+-------------------+-----------------+-------------+--------------+------------+------------+


+--------------------------------------------------------------------------------------------------------------------------------------+
; Slow 1200mV 85C Model Hold: 'diver:U1|m_clk1'                                                                                        ;
+-------+------------------------+------------------------+-----------------+-----------------+--------------+------------+------------+
; Slack ; From Node              ; To Node                ; Launch Clock    ; Latch Clock     ; Relationship ; Clock Skew ; Data Delay ;
+-------+------------------------+------------------------+-----------------+-----------------+--------------+------------+------------+
; 0.132 ; trigger:U21|temp       ; count_min:U18|num0[2]  ; clk             ; diver:U1|m_clk1 ; -0.500       ; 1.910      ; 1.729      ;
; 0.135 ; trigger:U21|temp       ; count_min:U18|num1[3]  ; clk             ; diver:U1|m_clk1 ; -0.500       ; 1.910      ; 1.732      ;
; 0.224 ; trigger:U21|temp       ; count_hour:U19|num0[3] ; clk             ; diver:U1|m_clk1 ; -0.500       ; 1.904      ; 1.815      ;
; 0.243 ; trigger:U21|temp       ; count_sec:U17|num1[3]  ; clk             ; diver:U1|m_clk1 ; -0.500       ; 1.908      ; 1.838      ;
; 0.244 ; trigger:U21|temp       ; count_sec:U17|num0[2]  ; clk             ; diver:U1|m_clk1 ; -0.500       ; 1.908      ; 1.839      ;
; 0.356 ; count_min:U18|num1[3]  ; count_min:U18|num1[3]  ; diver:U1|m_clk1 ; diver:U1|m_clk1 ; 0.000        ; 0.064      ; 0.577      ;
; 0.356 ; count_min:U18|num0[1]  ; count_min:U18|num0[1]  ; diver:U1|m_clk1 ; diver:U1|m_clk1 ; 0.000        ; 0.064      ; 0.577      ;
; 0.356 ; count_min:U18|num0[3]  ; count_min:U18|num0[3]  ; diver:U1|m_clk1 ; diver:U1|m_clk1 ; 0.000        ; 0.064      ; 0.577      ;
; 0.356 ; count_min:U18|num0[2]  ; count_min:U18|num0[2]  ; diver:U1|m_clk1 ; diver:U1|m_clk1 ; 0.000        ; 0.064      ; 0.577      ;
; 0.357 ; count_hour:U19|num1[3] ; count_hour:U19|num1[3] ; diver:U1|m_clk1 ; diver:U1|m_clk1 ; 0.000        ; 0.063      ; 0.577      ;
; 0.357 ; count_hour:U19|num1[1] ; count_hour:U19|num1[1] ; diver:U1|m_clk1 ; diver:U1|m_clk1 ; 0.000        ; 0.063      ; 0.577      ;
; 0.357 ; count_hour:U19|num1[2] ; count_hour:U19|num1[2] ; diver:U1|m_clk1 ; diver:U1|m_clk1 ; 0.000        ; 0.063      ; 0.577      ;
; 0.357 ; count_hour:U19|num0[3] ; count_hour:U19|num0[3] ; diver:U1|m_clk1 ; diver:U1|m_clk1 ; 0.000        ; 0.063      ; 0.577      ;
; 0.357 ; count_hour:U19|num0[2] ; count_hour:U19|num0[2] ; diver:U1|m_clk1 ; diver:U1|m_clk1 ; 0.000        ; 0.063      ; 0.577      ;
; 0.357 ; count_hour:U19|num0[1] ; count_hour:U19|num0[1] ; diver:U1|m_clk1 ; diver:U1|m_clk1 ; 0.000        ; 0.063      ; 0.577      ;
; 0.357 ; count_min:U18|num1[2]  ; count_min:U18|num1[2]  ; diver:U1|m_clk1 ; diver:U1|m_clk1 ; 0.000        ; 0.063      ; 0.577      ;
; 0.357 ; count_min:U18|num1[1]  ; count_min:U18|num1[1]  ; diver:U1|m_clk1 ; diver:U1|m_clk1 ; 0.000        ; 0.063      ; 0.577      ;
; 0.357 ; count_sec:U17|num1[2]  ; count_sec:U17|num1[2]  ; diver:U1|m_clk1 ; diver:U1|m_clk1 ; 0.000        ; 0.063      ; 0.577      ;
; 0.357 ; count_sec:U17|num1[3]  ; count_sec:U17|num1[3]  ; diver:U1|m_clk1 ; diver:U1|m_clk1 ; 0.000        ; 0.063      ; 0.577      ;
; 0.357 ; count_sec:U17|num1[1]  ; count_sec:U17|num1[1]  ; diver:U1|m_clk1 ; diver:U1|m_clk1 ; 0.000        ; 0.063      ; 0.577      ;
; 0.357 ; count_sec:U17|num0[1]  ; count_sec:U17|num0[1]  ; diver:U1|m_clk1 ; diver:U1|m_clk1 ; 0.000        ; 0.063      ; 0.577      ;
; 0.357 ; count_sec:U17|num0[2]  ; count_sec:U17|num0[2]  ; diver:U1|m_clk1 ; diver:U1|m_clk1 ; 0.000        ; 0.063      ; 0.577      ;
; 0.357 ; count_sec:U17|num0[3]  ; count_sec:U17|num0[3]  ; diver:U1|m_clk1 ; diver:U1|m_clk1 ; 0.000        ; 0.063      ; 0.577      ;
; 0.358 ; count_hour:U4|num1[1]  ; count_hour:U4|num1[1]  ; diver:U1|m_clk1 ; diver:U1|m_clk1 ; 0.000        ; 0.062      ; 0.577      ;
; 0.358 ; count_hour:U4|num1[2]  ; count_hour:U4|num1[2]  ; diver:U1|m_clk1 ; diver:U1|m_clk1 ; 0.000        ; 0.062      ; 0.577      ;
; 0.358 ; count_hour:U4|num1[3]  ; count_hour:U4|num1[3]  ; diver:U1|m_clk1 ; diver:U1|m_clk1 ; 0.000        ; 0.062      ; 0.577      ;
; 0.358 ; count_hour:U4|num0[2]  ; count_hour:U4|num0[2]  ; diver:U1|m_clk1 ; diver:U1|m_clk1 ; 0.000        ; 0.062      ; 0.577      ;
; 0.358 ; count_hour:U4|num0[3]  ; count_hour:U4|num0[3]  ; diver:U1|m_clk1 ; diver:U1|m_clk1 ; 0.000        ; 0.062      ; 0.577      ;
; 0.358 ; count_hour:U4|num0[1]  ; count_hour:U4|num0[1]  ; diver:U1|m_clk1 ; diver:U1|m_clk1 ; 0.000        ; 0.062      ; 0.577      ;
; 0.359 ; count_min:U18|num0[0]  ; count_min:U18|num0[0]  ; diver:U1|m_clk1 ; diver:U1|m_clk1 ; 0.000        ; 0.064      ; 0.580      ;
; 0.360 ; count_hour:U19|num1[0] ; count_hour:U19|num1[0] ; diver:U1|m_clk1 ; diver:U1|m_clk1 ; 0.000        ; 0.063      ; 0.580      ;
; 0.360 ; count_hour:U19|num0[0] ; count_hour:U19|num0[0] ; diver:U1|m_clk1 ; diver:U1|m_clk1 ; 0.000        ; 0.063      ; 0.580      ;
; 0.360 ; count_min:U18|num1[0]  ; count_min:U18|num1[0]  ; diver:U1|m_clk1 ; diver:U1|m_clk1 ; 0.000        ; 0.063      ; 0.580      ;
; 0.360 ; count_sec:U17|num1[0]  ; count_sec:U17|num1[0]  ; diver:U1|m_clk1 ; diver:U1|m_clk1 ; 0.000        ; 0.063      ; 0.580      ;
; 0.360 ; count_sec:U17|num0[0]  ; count_sec:U17|num0[0]  ; diver:U1|m_clk1 ; diver:U1|m_clk1 ; 0.000        ; 0.063      ; 0.580      ;
; 0.361 ; count_hour:U4|num1[0]  ; count_hour:U4|num1[0]  ; diver:U1|m_clk1 ; diver:U1|m_clk1 ; 0.000        ; 0.062      ; 0.580      ;
; 0.361 ; count_hour:U4|num0[0]  ; count_hour:U4|num0[0]  ; diver:U1|m_clk1 ; diver:U1|m_clk1 ; 0.000        ; 0.062      ; 0.580      ;
; 0.381 ; count_min:U3|num0[2]   ; count_min:U3|num0[2]   ; diver:U1|m_clk1 ; diver:U1|m_clk1 ; 0.000        ; 0.039      ; 0.577      ;
; 0.381 ; count_min:U3|num0[3]   ; count_min:U3|num0[3]   ; diver:U1|m_clk1 ; diver:U1|m_clk1 ; 0.000        ; 0.039      ; 0.577      ;
; 0.381 ; count_min:U3|num0[1]   ; count_min:U3|num0[1]   ; diver:U1|m_clk1 ; diver:U1|m_clk1 ; 0.000        ; 0.039      ; 0.577      ;
; 0.381 ; count_min:U3|num1[2]   ; count_min:U3|num1[2]   ; diver:U1|m_clk1 ; diver:U1|m_clk1 ; 0.000        ; 0.039      ; 0.577      ;
; 0.381 ; count_min:U3|num1[3]   ; count_min:U3|num1[3]   ; diver:U1|m_clk1 ; diver:U1|m_clk1 ; 0.000        ; 0.039      ; 0.577      ;
; 0.381 ; count_min:U3|num1[1]   ; count_min:U3|num1[1]   ; diver:U1|m_clk1 ; diver:U1|m_clk1 ; 0.000        ; 0.039      ; 0.577      ;
; 0.384 ; count_min:U3|num0[0]   ; count_min:U3|num0[0]   ; diver:U1|m_clk1 ; diver:U1|m_clk1 ; 0.000        ; 0.039      ; 0.580      ;
; 0.384 ; count_min:U3|num1[0]   ; count_min:U3|num1[0]   ; diver:U1|m_clk1 ; diver:U1|m_clk1 ; 0.000        ; 0.039      ; 0.580      ;
; 0.394 ; count_min:U18|num0[3]  ; count_min:U18|num0[1]  ; diver:U1|m_clk1 ; diver:U1|m_clk1 ; 0.000        ; 0.064      ; 0.615      ;
; 0.396 ; count_min:U18|num1[0]  ; count_min:U18|num1[1]  ; diver:U1|m_clk1 ; diver:U1|m_clk1 ; 0.000        ; 0.063      ; 0.616      ;
; 0.396 ; count_sec:U17|num1[1]  ; count_sec:U17|num1[2]  ; diver:U1|m_clk1 ; diver:U1|m_clk1 ; 0.000        ; 0.063      ; 0.616      ;
; 0.398 ; count_hour:U19|num1[2] ; count_hour:U19|num1[3] ; diver:U1|m_clk1 ; diver:U1|m_clk1 ; 0.000        ; 0.063      ; 0.618      ;
; 0.399 ; count_hour:U19|num1[2] ; count_hour:U19|num1[0] ; diver:U1|m_clk1 ; diver:U1|m_clk1 ; 0.000        ; 0.063      ; 0.619      ;
; 0.400 ; count_hour:U19|num1[2] ; count_hour:U19|num1[1] ; diver:U1|m_clk1 ; diver:U1|m_clk1 ; 0.000        ; 0.063      ; 0.620      ;
; 0.401 ; count_min:U18|num1[0]  ; count_min:U18|num1[2]  ; diver:U1|m_clk1 ; diver:U1|m_clk1 ; 0.000        ; 0.063      ; 0.621      ;
; 0.402 ; count_hour:U4|num1[3]  ; count_hour:U4|num1[1]  ; diver:U1|m_clk1 ; diver:U1|m_clk1 ; 0.000        ; 0.062      ; 0.621      ;
; 0.402 ; trigger:U21|temp       ; count_hour:U19|num0[1] ; clk             ; diver:U1|m_clk1 ; -0.500       ; 1.905      ; 1.994      ;
; 0.405 ; count_sec:U17|num1[0]  ; count_sec:U17|num1[1]  ; diver:U1|m_clk1 ; diver:U1|m_clk1 ; 0.000        ; 0.063      ; 0.625      ;
; 0.405 ; count_hour:U4|num1[1]  ; count_hour:U4|num1[0]  ; diver:U1|m_clk1 ; diver:U1|m_clk1 ; 0.000        ; 0.062      ; 0.624      ;
; 0.409 ; count_hour:U19|num0[0] ; count_hour:U19|num0[2] ; diver:U1|m_clk1 ; diver:U1|m_clk1 ; 0.000        ; 0.063      ; 0.629      ;
; 0.413 ; count_min:U18|num0[1]  ; count_min:U18|num0[2]  ; diver:U1|m_clk1 ; diver:U1|m_clk1 ; 0.000        ; 0.064      ; 0.634      ;
; 0.420 ; count_min:U3|num0[0]   ; count_min:U3|num0[1]   ; diver:U1|m_clk1 ; diver:U1|m_clk1 ; 0.000        ; 0.045      ; 0.622      ;
; 0.423 ; count_min:U3|num0[0]   ; count_min:U3|num0[2]   ; diver:U1|m_clk1 ; diver:U1|m_clk1 ; 0.000        ; 0.045      ; 0.625      ;
; 0.463 ; count_min:U3|num1[3]   ; count_min:U3|num1[2]   ; diver:U1|m_clk1 ; diver:U1|m_clk1 ; 0.000        ; 0.007      ; 0.627      ;
; 0.464 ; count_min:U3|num1[3]   ; count_min:U3|num1[1]   ; diver:U1|m_clk1 ; diver:U1|m_clk1 ; 0.000        ; 0.007      ; 0.628      ;
; 0.471 ; trigger:U21|temp       ; count_min:U18|num0[0]  ; clk             ; diver:U1|m_clk1 ; -0.500       ; 1.910      ; 2.068      ;
; 0.471 ; trigger:U21|temp       ; count_min:U18|num0[1]  ; clk             ; diver:U1|m_clk1 ; -0.500       ; 1.910      ; 2.068      ;
; 0.471 ; trigger:U21|temp       ; count_min:U18|num0[3]  ; clk             ; diver:U1|m_clk1 ; -0.500       ; 1.910      ; 2.068      ;
; 0.530 ; trigger:U21|temp       ; count_hour:U19|num1[3] ; clk             ; diver:U1|m_clk1 ; -0.500       ; 1.905      ; 2.122      ;
; 0.532 ; trigger:U21|temp       ; count_hour:U19|num1[2] ; clk             ; diver:U1|m_clk1 ; -0.500       ; 1.905      ; 2.124      ;
; 0.535 ; count_hour:U19|num1[0] ; count_hour:U19|num1[2] ; diver:U1|m_clk1 ; diver:U1|m_clk1 ; 0.000        ; 0.063      ; 0.755      ;
; 0.535 ; count_sec:U17|num0[1]  ; count_sec:U17|num0[3]  ; diver:U1|m_clk1 ; diver:U1|m_clk1 ; 0.000        ; 0.063      ; 0.755      ;
; 0.536 ; trigger:U21|temp       ; count_sec:U17|num0[0]  ; clk             ; diver:U1|m_clk1 ; -0.500       ; 1.909      ; 2.132      ;
; 0.536 ; trigger:U21|temp       ; count_sec:U17|num0[1]  ; clk             ; diver:U1|m_clk1 ; -0.500       ; 1.909      ; 2.132      ;
; 0.536 ; trigger:U21|temp       ; count_sec:U17|num0[3]  ; clk             ; diver:U1|m_clk1 ; -0.500       ; 1.909      ; 2.132      ;
; 0.545 ; count_hour:U4|num0[1]  ; count_hour:U4|num0[3]  ; diver:U1|m_clk1 ; diver:U1|m_clk1 ; 0.000        ; 0.062      ; 0.764      ;
; 0.561 ; trigger:U21|temp       ; count_hour:U19|num0[0] ; clk             ; diver:U1|m_clk1 ; -0.500       ; 1.904      ; 2.152      ;
; 0.561 ; trigger:U21|temp       ; count_hour:U19|num0[2] ; clk             ; diver:U1|m_clk1 ; -0.500       ; 1.904      ; 2.152      ;
; 0.567 ; count_sec:U17|num0[1]  ; count_sec:U17|num0[2]  ; diver:U1|m_clk1 ; diver:U1|m_clk1 ; 0.000        ; 0.062      ; 0.786      ;
; 0.580 ; count_min:U18|num1[1]  ; count_min:U18|num1[2]  ; diver:U1|m_clk1 ; diver:U1|m_clk1 ; 0.000        ; 0.063      ; 0.800      ;
; 0.584 ; count_hour:U19|num1[1] ; count_hour:U19|num1[2] ; diver:U1|m_clk1 ; diver:U1|m_clk1 ; 0.000        ; 0.063      ; 0.804      ;
; 0.586 ; count_hour:U4|num1[2]  ; count_hour:U4|num1[3]  ; diver:U1|m_clk1 ; diver:U1|m_clk1 ; 0.000        ; 0.062      ; 0.805      ;
; 0.588 ; count_sec:U17|num1[0]  ; count_sec:U17|num1[2]  ; diver:U1|m_clk1 ; diver:U1|m_clk1 ; 0.000        ; 0.063      ; 0.808      ;
; 0.589 ; count_sec:U17|num0[0]  ; count_sec:U17|num0[1]  ; diver:U1|m_clk1 ; diver:U1|m_clk1 ; 0.000        ; 0.063      ; 0.809      ;
; 0.589 ; count_hour:U4|num1[1]  ; count_hour:U4|num1[2]  ; diver:U1|m_clk1 ; diver:U1|m_clk1 ; 0.000        ; 0.062      ; 0.808      ;
; 0.590 ; count_sec:U17|num0[0]  ; count_sec:U17|num0[3]  ; diver:U1|m_clk1 ; diver:U1|m_clk1 ; 0.000        ; 0.063      ; 0.810      ;
; 0.590 ; count_sec:U17|num1[2]  ; count_sec:U17|num1[1]  ; diver:U1|m_clk1 ; diver:U1|m_clk1 ; 0.000        ; 0.063      ; 0.810      ;
; 0.592 ; count_hour:U4|num1[3]  ; count_hour:U4|num1[0]  ; diver:U1|m_clk1 ; diver:U1|m_clk1 ; 0.000        ; 0.062      ; 0.811      ;
; 0.594 ; count_min:U18|num0[1]  ; count_min:U18|num0[3]  ; diver:U1|m_clk1 ; diver:U1|m_clk1 ; 0.000        ; 0.064      ; 0.815      ;
; 0.595 ; trigger:U21|temp       ; count_min:U18|num1[0]  ; clk             ; diver:U1|m_clk1 ; -0.500       ; 1.910      ; 2.192      ;
; 0.595 ; trigger:U21|temp       ; count_min:U18|num1[1]  ; clk             ; diver:U1|m_clk1 ; -0.500       ; 1.910      ; 2.192      ;
; 0.595 ; trigger:U21|temp       ; count_min:U18|num1[2]  ; clk             ; diver:U1|m_clk1 ; -0.500       ; 1.910      ; 2.192      ;
; 0.596 ; count_min:U18|num0[0]  ; count_min:U18|num0[1]  ; diver:U1|m_clk1 ; diver:U1|m_clk1 ; 0.000        ; 0.064      ; 0.817      ;
; 0.598 ; count_hour:U4|num1[0]  ; count_hour:U4|num1[2]  ; diver:U1|m_clk1 ; diver:U1|m_clk1 ; 0.000        ; 0.062      ; 0.817      ;
; 0.600 ; count_min:U3|num0[1]   ; count_min:U3|num0[2]   ; diver:U1|m_clk1 ; diver:U1|m_clk1 ; 0.000        ; 0.045      ; 0.802      ;
; 0.600 ; count_min:U18|num1[2]  ; count_min:U18|num1[1]  ; diver:U1|m_clk1 ; diver:U1|m_clk1 ; 0.000        ; 0.063      ; 0.820      ;
; 0.602 ; count_hour:U4|num1[2]  ; count_hour:U4|num1[0]  ; diver:U1|m_clk1 ; diver:U1|m_clk1 ; 0.000        ; 0.062      ; 0.821      ;
; 0.604 ; count_min:U18|num0[2]  ; count_min:U18|num0[1]  ; diver:U1|m_clk1 ; diver:U1|m_clk1 ; 0.000        ; 0.064      ; 0.825      ;
; 0.615 ; count_min:U3|num1[0]   ; count_min:U3|num1[1]   ; diver:U1|m_clk1 ; diver:U1|m_clk1 ; 0.000        ; 0.043      ; 0.815      ;
; 0.615 ; count_min:U3|num1[0]   ; count_min:U3|num1[2]   ; diver:U1|m_clk1 ; diver:U1|m_clk1 ; 0.000        ; 0.043      ; 0.815      ;
; 0.622 ; count_hour:U19|num1[3] ; count_hour:U19|num1[0] ; diver:U1|m_clk1 ; diver:U1|m_clk1 ; 0.000        ; 0.063      ; 0.842      ;
; 0.625 ; count_hour:U19|num1[3] ; count_hour:U19|num1[1] ; diver:U1|m_clk1 ; diver:U1|m_clk1 ; 0.000        ; 0.063      ; 0.845      ;
; 0.626 ; trigger:U21|temp       ; count_sec:U17|num1[0]  ; clk             ; diver:U1|m_clk1 ; -0.500       ; 1.909      ; 2.222      ;
+-------+------------------------+------------------------+-----------------+-----------------+--------------+------------+------------+


+----------------------------------------------------------------------------------------------------------------------------------+
; Slow 1200mV 85C Model Hold: 'diver:U1|m_clk0'                                                                                    ;
+-------+----------------------+----------------------+-----------------+-----------------+--------------+------------+------------+
; Slack ; From Node            ; To Node              ; Launch Clock    ; Latch Clock     ; Relationship ; Clock Skew ; Data Delay ;
+-------+----------------------+----------------------+-----------------+-----------------+--------------+------------+------------+
; 0.381 ; count_sec:U2|num0[2] ; count_sec:U2|num0[2] ; diver:U1|m_clk0 ; diver:U1|m_clk0 ; 0.000        ; 0.039      ; 0.577      ;
; 0.381 ; count_sec:U2|num0[3] ; count_sec:U2|num0[3] ; diver:U1|m_clk0 ; diver:U1|m_clk0 ; 0.000        ; 0.039      ; 0.577      ;
; 0.381 ; count_sec:U2|num0[1] ; count_sec:U2|num0[1] ; diver:U1|m_clk0 ; diver:U1|m_clk0 ; 0.000        ; 0.039      ; 0.577      ;
; 0.381 ; count_sec:U2|num1[3] ; count_sec:U2|num1[3] ; diver:U1|m_clk0 ; diver:U1|m_clk0 ; 0.000        ; 0.039      ; 0.577      ;
; 0.381 ; count_sec:U2|num1[2] ; count_sec:U2|num1[2] ; diver:U1|m_clk0 ; diver:U1|m_clk0 ; 0.000        ; 0.039      ; 0.577      ;
; 0.381 ; count_sec:U2|num1[1] ; count_sec:U2|num1[1] ; diver:U1|m_clk0 ; diver:U1|m_clk0 ; 0.000        ; 0.039      ; 0.577      ;
; 0.384 ; count_sec:U2|num0[0] ; count_sec:U2|num0[0] ; diver:U1|m_clk0 ; diver:U1|m_clk0 ; 0.000        ; 0.039      ; 0.580      ;
; 0.384 ; count_sec:U2|num1[0] ; count_sec:U2|num1[0] ; diver:U1|m_clk0 ; diver:U1|m_clk0 ; 0.000        ; 0.039      ; 0.580      ;
; 0.416 ; count_sec:U2|num0[3] ; count_sec:U2|num0[1] ; diver:U1|m_clk0 ; diver:U1|m_clk0 ; 0.000        ; 0.046      ; 0.619      ;
; 0.421 ; count_sec:U2|num1[0] ; count_sec:U2|num1[2] ; diver:U1|m_clk0 ; diver:U1|m_clk0 ; 0.000        ; 0.044      ; 0.622      ;
; 0.424 ; count_sec:U2|num1[2] ; count_sec:U2|num1[1] ; diver:U1|m_clk0 ; diver:U1|m_clk0 ; 0.000        ; 0.044      ; 0.625      ;
; 0.556 ; count_sec:U2|num0[1] ; count_sec:U2|num0[2] ; diver:U1|m_clk0 ; diver:U1|m_clk0 ; 0.000        ; 0.046      ; 0.759      ;
; 0.558 ; count_sec:U2|num0[1] ; count_sec:U2|num0[3] ; diver:U1|m_clk0 ; diver:U1|m_clk0 ; 0.000        ; 0.046      ; 0.761      ;
; 0.604 ; count_sec:U2|num1[0] ; count_sec:U2|num1[1] ; diver:U1|m_clk0 ; diver:U1|m_clk0 ; 0.000        ; 0.044      ; 0.805      ;
; 0.608 ; count_sec:U2|num1[1] ; count_sec:U2|num1[2] ; diver:U1|m_clk0 ; diver:U1|m_clk0 ; 0.000        ; 0.044      ; 0.809      ;
; 0.611 ; count_sec:U2|num0[0] ; count_sec:U2|num0[3] ; diver:U1|m_clk0 ; diver:U1|m_clk0 ; 0.000        ; 0.046      ; 0.814      ;
; 0.611 ; count_sec:U2|num0[0] ; count_sec:U2|num0[2] ; diver:U1|m_clk0 ; diver:U1|m_clk0 ; 0.000        ; 0.046      ; 0.814      ;
; 0.612 ; count_sec:U2|num0[0] ; count_sec:U2|num0[1] ; diver:U1|m_clk0 ; diver:U1|m_clk0 ; 0.000        ; 0.046      ; 0.815      ;
; 0.785 ; count_sec:U2|num1[1] ; count_sec:U2|num1[3] ; diver:U1|m_clk0 ; diver:U1|m_clk0 ; 0.000        ; 0.108      ; 1.050      ;
; 0.929 ; count_sec:U2|num0[2] ; count_sec:U2|num1[3] ; diver:U1|m_clk0 ; diver:U1|m_clk0 ; 0.000        ; 0.046      ; 1.132      ;
; 0.942 ; count_sec:U2|num1[3] ; count_sec:U2|num1[1] ; diver:U1|m_clk0 ; diver:U1|m_clk0 ; 0.000        ; 0.032      ; 1.131      ;
; 0.957 ; count_sec:U2|num1[3] ; count_sec:U2|num1[2] ; diver:U1|m_clk0 ; diver:U1|m_clk0 ; 0.000        ; 0.032      ; 1.146      ;
; 0.962 ; count_sec:U2|num1[0] ; count_sec:U2|num1[3] ; diver:U1|m_clk0 ; diver:U1|m_clk0 ; 0.000        ; 0.108      ; 1.227      ;
; 0.962 ; count_sec:U2|num1[2] ; count_sec:U2|num1[3] ; diver:U1|m_clk0 ; diver:U1|m_clk0 ; 0.000        ; 0.108      ; 1.227      ;
; 0.985 ; count_sec:U2|num0[2] ; count_sec:U2|num0[1] ; diver:U1|m_clk0 ; diver:U1|m_clk0 ; 0.000        ; 0.046      ; 1.188      ;
; 0.986 ; count_sec:U2|num0[2] ; count_sec:U2|num0[3] ; diver:U1|m_clk0 ; diver:U1|m_clk0 ; 0.000        ; 0.046      ; 1.189      ;
; 1.032 ; count_sec:U2|num0[1] ; count_sec:U2|num1[3] ; diver:U1|m_clk0 ; diver:U1|m_clk0 ; 0.000        ; 0.046      ; 1.235      ;
; 1.134 ; count_sec:U2|num0[3] ; count_sec:U2|num1[3] ; diver:U1|m_clk0 ; diver:U1|m_clk0 ; 0.000        ; 0.046      ; 1.337      ;
; 1.147 ; count_sec:U2|num0[0] ; count_sec:U2|num1[3] ; diver:U1|m_clk0 ; diver:U1|m_clk0 ; 0.000        ; 0.046      ; 1.350      ;
; 1.276 ; count_sec:U2|num0[2] ; count_sec:U2|num1[0] ; diver:U1|m_clk0 ; diver:U1|m_clk0 ; 0.000        ; 0.032      ; 1.465      ;
; 1.276 ; count_sec:U2|num0[2] ; count_sec:U2|num1[1] ; diver:U1|m_clk0 ; diver:U1|m_clk0 ; 0.000        ; 0.032      ; 1.465      ;
; 1.276 ; count_sec:U2|num0[2] ; count_sec:U2|num1[2] ; diver:U1|m_clk0 ; diver:U1|m_clk0 ; 0.000        ; 0.032      ; 1.465      ;
; 1.379 ; count_sec:U2|num0[1] ; count_sec:U2|num1[0] ; diver:U1|m_clk0 ; diver:U1|m_clk0 ; 0.000        ; 0.032      ; 1.568      ;
; 1.379 ; count_sec:U2|num0[1] ; count_sec:U2|num1[1] ; diver:U1|m_clk0 ; diver:U1|m_clk0 ; 0.000        ; 0.032      ; 1.568      ;
; 1.379 ; count_sec:U2|num0[1] ; count_sec:U2|num1[2] ; diver:U1|m_clk0 ; diver:U1|m_clk0 ; 0.000        ; 0.032      ; 1.568      ;
; 1.513 ; count_sec:U2|num0[3] ; count_sec:U2|num1[0] ; diver:U1|m_clk0 ; diver:U1|m_clk0 ; 0.000        ; 0.032      ; 1.702      ;
; 1.513 ; count_sec:U2|num0[3] ; count_sec:U2|num1[1] ; diver:U1|m_clk0 ; diver:U1|m_clk0 ; 0.000        ; 0.032      ; 1.702      ;
; 1.513 ; count_sec:U2|num0[3] ; count_sec:U2|num1[2] ; diver:U1|m_clk0 ; diver:U1|m_clk0 ; 0.000        ; 0.032      ; 1.702      ;
; 1.526 ; count_sec:U2|num0[0] ; count_sec:U2|num1[0] ; diver:U1|m_clk0 ; diver:U1|m_clk0 ; 0.000        ; 0.032      ; 1.715      ;
; 1.526 ; count_sec:U2|num0[0] ; count_sec:U2|num1[1] ; diver:U1|m_clk0 ; diver:U1|m_clk0 ; 0.000        ; 0.032      ; 1.715      ;
; 1.526 ; count_sec:U2|num0[0] ; count_sec:U2|num1[2] ; diver:U1|m_clk0 ; diver:U1|m_clk0 ; 0.000        ; 0.032      ; 1.715      ;
+-------+----------------------+----------------------+-----------------+-----------------+--------------+------------+------------+


+----------------------------------------------------------------------------------------------------------------------------+
; Slow 1200mV 85C Model Recovery: 'diver:U1|m_clk0'                                                                          ;
+--------+------------------+----------------------+--------------+-----------------+--------------+------------+------------+
; Slack  ; From Node        ; To Node              ; Launch Clock ; Latch Clock     ; Relationship ; Clock Skew ; Data Delay ;
+--------+------------------+----------------------+--------------+-----------------+--------------+------------+------------+
; -2.511 ; trigger:U21|temp ; count_sec:U2|num1[0] ; clk          ; diver:U1|m_clk0 ; 0.500        ; -1.281     ; 1.725      ;
; -2.511 ; trigger:U21|temp ; count_sec:U2|num1[2] ; clk          ; diver:U1|m_clk0 ; 0.500        ; -1.281     ; 1.725      ;
; -2.511 ; trigger:U21|temp ; count_sec:U2|num1[1] ; clk          ; diver:U1|m_clk0 ; 0.500        ; -1.281     ; 1.725      ;
; -2.474 ; trigger:U21|temp ; count_sec:U2|num0[0] ; clk          ; diver:U1|m_clk0 ; 0.500        ; -1.244     ; 1.725      ;
; -2.474 ; trigger:U21|temp ; count_sec:U2|num0[2] ; clk          ; diver:U1|m_clk0 ; 0.500        ; -1.244     ; 1.725      ;
; -2.474 ; trigger:U21|temp ; count_sec:U2|num0[3] ; clk          ; diver:U1|m_clk0 ; 0.500        ; -1.244     ; 1.725      ;
; -2.474 ; trigger:U21|temp ; count_sec:U2|num0[1] ; clk          ; diver:U1|m_clk0 ; 0.500        ; -1.244     ; 1.725      ;
; -2.474 ; trigger:U21|temp ; count_sec:U2|num1[3] ; clk          ; diver:U1|m_clk0 ; 0.500        ; -1.244     ; 1.725      ;
+--------+------------------+----------------------+--------------+-----------------+--------------+------------+------------+


+---------------------------------------------------------------------------------------------------------------------------+
; Slow 1200mV 85C Model Removal: 'diver:U1|m_clk0'                                                                          ;
+-------+------------------+----------------------+--------------+-----------------+--------------+------------+------------+
; Slack ; From Node        ; To Node              ; Launch Clock ; Latch Clock     ; Relationship ; Clock Skew ; Data Delay ;
+-------+------------------+----------------------+--------------+-----------------+--------------+------------+------------+
; 3.015 ; trigger:U21|temp ; count_sec:U2|num0[0] ; clk          ; diver:U1|m_clk0 ; -0.500       ; -1.084     ; 1.608      ;
; 3.015 ; trigger:U21|temp ; count_sec:U2|num0[2] ; clk          ; diver:U1|m_clk0 ; -0.500       ; -1.084     ; 1.608      ;
; 3.015 ; trigger:U21|temp ; count_sec:U2|num0[3] ; clk          ; diver:U1|m_clk0 ; -0.500       ; -1.084     ; 1.608      ;
; 3.015 ; trigger:U21|temp ; count_sec:U2|num0[1] ; clk          ; diver:U1|m_clk0 ; -0.500       ; -1.084     ; 1.608      ;
; 3.015 ; trigger:U21|temp ; count_sec:U2|num1[3] ; clk          ; diver:U1|m_clk0 ; -0.500       ; -1.084     ; 1.608      ;
; 3.054 ; trigger:U21|temp ; count_sec:U2|num1[0] ; clk          ; diver:U1|m_clk0 ; -0.500       ; -1.123     ; 1.608      ;
; 3.054 ; trigger:U21|temp ; count_sec:U2|num1[2] ; clk          ; diver:U1|m_clk0 ; -0.500       ; -1.123     ; 1.608      ;
; 3.054 ; trigger:U21|temp ; count_sec:U2|num1[1] ; clk          ; diver:U1|m_clk0 ; -0.500       ; -1.123     ; 1.608      ;
+-------+------------------+----------------------+--------------+-----------------+--------------+------------+------------+


+------------------------------------------------------------------------------------------------------------+
; Slow 1200mV 85C Model Minimum Pulse Width: 'clk'                                                           ;
+--------+--------------+----------------+------------------+-------+------------+---------------------------+
; Slack  ; Actual Width ; Required Width ; Type             ; Clock ; Clock Edge ; Target                    ;
+--------+--------------+----------------+------------------+-------+------------+---------------------------+
; -3.000 ; 1.000        ; 4.000          ; Port Rate        ; clk   ; Rise       ; clk                       ;
; -1.000 ; 1.000        ; 2.000          ; Min Period       ; clk   ; Rise       ; diver:U1|cnt_0[0]         ;
; -1.000 ; 1.000        ; 2.000          ; Min Period       ; clk   ; Rise       ; diver:U1|cnt_0[1]         ;
; -1.000 ; 1.000        ; 2.000          ; Min Period       ; clk   ; Rise       ; diver:U1|m_clk0           ;
; -1.000 ; 1.000        ; 2.000          ; Min Period       ; clk   ; Rise       ; diver:U1|m_clk1           ;
; -1.000 ; 1.000        ; 2.000          ; Min Period       ; clk   ; Rise       ; trigger:U21|temp          ;
; 0.169  ; 0.353        ; 0.184          ; Low Pulse Width  ; clk   ; Rise       ; diver:U1|cnt_0[0]         ;
; 0.169  ; 0.353        ; 0.184          ; Low Pulse Width  ; clk   ; Rise       ; diver:U1|cnt_0[1]         ;
; 0.169  ; 0.353        ; 0.184          ; Low Pulse Width  ; clk   ; Rise       ; diver:U1|m_clk0           ;
; 0.169  ; 0.353        ; 0.184          ; Low Pulse Width  ; clk   ; Rise       ; diver:U1|m_clk1           ;
; 0.210  ; 0.394        ; 0.184          ; Low Pulse Width  ; clk   ; Rise       ; trigger:U21|temp          ;
; 0.330  ; 0.330        ; 0.000          ; Low Pulse Width  ; clk   ; Rise       ; U1|cnt_0[0]|clk           ;
; 0.330  ; 0.330        ; 0.000          ; Low Pulse Width  ; clk   ; Rise       ; U1|cnt_0[1]|clk           ;
; 0.330  ; 0.330        ; 0.000          ; Low Pulse Width  ; clk   ; Rise       ; U1|m_clk0|clk             ;
; 0.331  ; 0.331        ; 0.000          ; Low Pulse Width  ; clk   ; Rise       ; U1|m_clk1|clk             ;
; 0.338  ; 0.338        ; 0.000          ; Low Pulse Width  ; clk   ; Rise       ; clk~input|o               ;
; 0.359  ; 0.359        ; 0.000          ; Low Pulse Width  ; clk   ; Rise       ; clk~inputclkctrl|inclk[0] ;
; 0.359  ; 0.359        ; 0.000          ; Low Pulse Width  ; clk   ; Rise       ; clk~inputclkctrl|outclk   ;
; 0.371  ; 0.371        ; 0.000          ; Low Pulse Width  ; clk   ; Rise       ; U21|temp|clk              ;
; 0.389  ; 0.605        ; 0.216          ; High Pulse Width ; clk   ; Rise       ; trigger:U21|temp          ;
; 0.429  ; 0.645        ; 0.216          ; High Pulse Width ; clk   ; Rise       ; diver:U1|m_clk1           ;
; 0.430  ; 0.646        ; 0.216          ; High Pulse Width ; clk   ; Rise       ; diver:U1|cnt_0[0]         ;
; 0.430  ; 0.646        ; 0.216          ; High Pulse Width ; clk   ; Rise       ; diver:U1|cnt_0[1]         ;
; 0.430  ; 0.646        ; 0.216          ; High Pulse Width ; clk   ; Rise       ; diver:U1|m_clk0           ;
; 0.500  ; 0.500        ; 0.000          ; High Pulse Width ; clk   ; Rise       ; clk~input|i               ;
; 0.500  ; 0.500        ; 0.000          ; Low Pulse Width  ; clk   ; Rise       ; clk~input|i               ;
; 0.628  ; 0.628        ; 0.000          ; High Pulse Width ; clk   ; Rise       ; U21|temp|clk              ;
; 0.640  ; 0.640        ; 0.000          ; High Pulse Width ; clk   ; Rise       ; clk~inputclkctrl|inclk[0] ;
; 0.640  ; 0.640        ; 0.000          ; High Pulse Width ; clk   ; Rise       ; clk~inputclkctrl|outclk   ;
; 0.662  ; 0.662        ; 0.000          ; High Pulse Width ; clk   ; Rise       ; clk~input|o               ;
; 0.669  ; 0.669        ; 0.000          ; High Pulse Width ; clk   ; Rise       ; U1|cnt_0[0]|clk           ;
; 0.669  ; 0.669        ; 0.000          ; High Pulse Width ; clk   ; Rise       ; U1|cnt_0[1]|clk           ;
; 0.669  ; 0.669        ; 0.000          ; High Pulse Width ; clk   ; Rise       ; U1|m_clk0|clk             ;
; 0.669  ; 0.669        ; 0.000          ; High Pulse Width ; clk   ; Rise       ; U1|m_clk1|clk             ;
+--------+--------------+----------------+------------------+-------+------------+---------------------------+


+-------------------------------------------------------------------------------------------------------------------+
; Slow 1200mV 85C Model Minimum Pulse Width: 'diver:U1|m_clk1'                                                      ;
+--------+--------------+----------------+------------------+-----------------+------------+------------------------+
; Slack  ; Actual Width ; Required Width ; Type             ; Clock           ; Clock Edge ; Target                 ;
+--------+--------------+----------------+------------------+-----------------+------------+------------------------+
; -1.000 ; 1.000        ; 2.000          ; Min Period       ; diver:U1|m_clk1 ; Fall       ; count_hour:U19|num0[0] ;
; -1.000 ; 1.000        ; 2.000          ; Min Period       ; diver:U1|m_clk1 ; Fall       ; count_hour:U19|num0[1] ;
; -1.000 ; 1.000        ; 2.000          ; Min Period       ; diver:U1|m_clk1 ; Fall       ; count_hour:U19|num0[2] ;
; -1.000 ; 1.000        ; 2.000          ; Min Period       ; diver:U1|m_clk1 ; Fall       ; count_hour:U19|num0[3] ;
; -1.000 ; 1.000        ; 2.000          ; Min Period       ; diver:U1|m_clk1 ; Fall       ; count_hour:U19|num1[0] ;
; -1.000 ; 1.000        ; 2.000          ; Min Period       ; diver:U1|m_clk1 ; Fall       ; count_hour:U19|num1[1] ;
; -1.000 ; 1.000        ; 2.000          ; Min Period       ; diver:U1|m_clk1 ; Fall       ; count_hour:U19|num1[2] ;
; -1.000 ; 1.000        ; 2.000          ; Min Period       ; diver:U1|m_clk1 ; Fall       ; count_hour:U19|num1[3] ;
; -1.000 ; 1.000        ; 2.000          ; Min Period       ; diver:U1|m_clk1 ; Fall       ; count_hour:U4|num0[0]  ;
; -1.000 ; 1.000        ; 2.000          ; Min Period       ; diver:U1|m_clk1 ; Fall       ; count_hour:U4|num0[1]  ;
; -1.000 ; 1.000        ; 2.000          ; Min Period       ; diver:U1|m_clk1 ; Fall       ; count_hour:U4|num0[2]  ;
; -1.000 ; 1.000        ; 2.000          ; Min Period       ; diver:U1|m_clk1 ; Fall       ; count_hour:U4|num0[3]  ;
; -1.000 ; 1.000        ; 2.000          ; Min Period       ; diver:U1|m_clk1 ; Fall       ; count_hour:U4|num1[0]  ;
; -1.000 ; 1.000        ; 2.000          ; Min Period       ; diver:U1|m_clk1 ; Fall       ; count_hour:U4|num1[1]  ;
; -1.000 ; 1.000        ; 2.000          ; Min Period       ; diver:U1|m_clk1 ; Fall       ; count_hour:U4|num1[2]  ;
; -1.000 ; 1.000        ; 2.000          ; Min Period       ; diver:U1|m_clk1 ; Fall       ; count_hour:U4|num1[3]  ;
; -1.000 ; 1.000        ; 2.000          ; Min Period       ; diver:U1|m_clk1 ; Fall       ; count_min:U18|num0[0]  ;
; -1.000 ; 1.000        ; 2.000          ; Min Period       ; diver:U1|m_clk1 ; Fall       ; count_min:U18|num0[1]  ;
; -1.000 ; 1.000        ; 2.000          ; Min Period       ; diver:U1|m_clk1 ; Fall       ; count_min:U18|num0[2]  ;
; -1.000 ; 1.000        ; 2.000          ; Min Period       ; diver:U1|m_clk1 ; Fall       ; count_min:U18|num0[3]  ;
; -1.000 ; 1.000        ; 2.000          ; Min Period       ; diver:U1|m_clk1 ; Fall       ; count_min:U18|num1[0]  ;
; -1.000 ; 1.000        ; 2.000          ; Min Period       ; diver:U1|m_clk1 ; Fall       ; count_min:U18|num1[1]  ;
; -1.000 ; 1.000        ; 2.000          ; Min Period       ; diver:U1|m_clk1 ; Fall       ; count_min:U18|num1[2]  ;
; -1.000 ; 1.000        ; 2.000          ; Min Period       ; diver:U1|m_clk1 ; Fall       ; count_min:U18|num1[3]  ;
; -1.000 ; 1.000        ; 2.000          ; Min Period       ; diver:U1|m_clk1 ; Fall       ; count_min:U3|num0[0]   ;
; -1.000 ; 1.000        ; 2.000          ; Min Period       ; diver:U1|m_clk1 ; Fall       ; count_min:U3|num0[1]   ;
; -1.000 ; 1.000        ; 2.000          ; Min Period       ; diver:U1|m_clk1 ; Fall       ; count_min:U3|num0[2]   ;
; -1.000 ; 1.000        ; 2.000          ; Min Period       ; diver:U1|m_clk1 ; Fall       ; count_min:U3|num0[3]   ;
; -1.000 ; 1.000        ; 2.000          ; Min Period       ; diver:U1|m_clk1 ; Fall       ; count_min:U3|num1[0]   ;
; -1.000 ; 1.000        ; 2.000          ; Min Period       ; diver:U1|m_clk1 ; Fall       ; count_min:U3|num1[1]   ;
; -1.000 ; 1.000        ; 2.000          ; Min Period       ; diver:U1|m_clk1 ; Fall       ; count_min:U3|num1[2]   ;
; -1.000 ; 1.000        ; 2.000          ; Min Period       ; diver:U1|m_clk1 ; Fall       ; count_min:U3|num1[3]   ;
; -1.000 ; 1.000        ; 2.000          ; Min Period       ; diver:U1|m_clk1 ; Fall       ; count_sec:U17|num0[0]  ;
; -1.000 ; 1.000        ; 2.000          ; Min Period       ; diver:U1|m_clk1 ; Fall       ; count_sec:U17|num0[1]  ;
; -1.000 ; 1.000        ; 2.000          ; Min Period       ; diver:U1|m_clk1 ; Fall       ; count_sec:U17|num0[2]  ;
; -1.000 ; 1.000        ; 2.000          ; Min Period       ; diver:U1|m_clk1 ; Fall       ; count_sec:U17|num0[3]  ;
; -1.000 ; 1.000        ; 2.000          ; Min Period       ; diver:U1|m_clk1 ; Fall       ; count_sec:U17|num1[0]  ;
; -1.000 ; 1.000        ; 2.000          ; Min Period       ; diver:U1|m_clk1 ; Fall       ; count_sec:U17|num1[1]  ;
; -1.000 ; 1.000        ; 2.000          ; Min Period       ; diver:U1|m_clk1 ; Fall       ; count_sec:U17|num1[2]  ;
; -1.000 ; 1.000        ; 2.000          ; Min Period       ; diver:U1|m_clk1 ; Fall       ; count_sec:U17|num1[3]  ;
; 0.145  ; 0.361        ; 0.216          ; High Pulse Width ; diver:U1|m_clk1 ; Fall       ; count_min:U18|num0[0]  ;
; 0.145  ; 0.361        ; 0.216          ; High Pulse Width ; diver:U1|m_clk1 ; Fall       ; count_min:U18|num0[1]  ;
; 0.145  ; 0.361        ; 0.216          ; High Pulse Width ; diver:U1|m_clk1 ; Fall       ; count_min:U18|num0[2]  ;
; 0.145  ; 0.361        ; 0.216          ; High Pulse Width ; diver:U1|m_clk1 ; Fall       ; count_min:U18|num0[3]  ;
; 0.145  ; 0.361        ; 0.216          ; High Pulse Width ; diver:U1|m_clk1 ; Fall       ; count_min:U18|num1[3]  ;
; 0.145  ; 0.361        ; 0.216          ; High Pulse Width ; diver:U1|m_clk1 ; Fall       ; count_sec:U17|num0[0]  ;
; 0.145  ; 0.361        ; 0.216          ; High Pulse Width ; diver:U1|m_clk1 ; Fall       ; count_sec:U17|num0[1]  ;
; 0.145  ; 0.361        ; 0.216          ; High Pulse Width ; diver:U1|m_clk1 ; Fall       ; count_sec:U17|num0[3]  ;
; 0.145  ; 0.361        ; 0.216          ; High Pulse Width ; diver:U1|m_clk1 ; Fall       ; count_sec:U17|num1[0]  ;
; 0.145  ; 0.361        ; 0.216          ; High Pulse Width ; diver:U1|m_clk1 ; Fall       ; count_sec:U17|num1[1]  ;
; 0.145  ; 0.361        ; 0.216          ; High Pulse Width ; diver:U1|m_clk1 ; Fall       ; count_sec:U17|num1[2]  ;
; 0.146  ; 0.362        ; 0.216          ; High Pulse Width ; diver:U1|m_clk1 ; Fall       ; count_hour:U19|num0[0] ;
; 0.146  ; 0.362        ; 0.216          ; High Pulse Width ; diver:U1|m_clk1 ; Fall       ; count_hour:U19|num0[1] ;
; 0.146  ; 0.362        ; 0.216          ; High Pulse Width ; diver:U1|m_clk1 ; Fall       ; count_hour:U19|num0[2] ;
; 0.146  ; 0.362        ; 0.216          ; High Pulse Width ; diver:U1|m_clk1 ; Fall       ; count_hour:U19|num0[3] ;
; 0.146  ; 0.362        ; 0.216          ; High Pulse Width ; diver:U1|m_clk1 ; Fall       ; count_hour:U19|num1[0] ;
; 0.146  ; 0.362        ; 0.216          ; High Pulse Width ; diver:U1|m_clk1 ; Fall       ; count_hour:U19|num1[1] ;
; 0.146  ; 0.362        ; 0.216          ; High Pulse Width ; diver:U1|m_clk1 ; Fall       ; count_hour:U19|num1[2] ;
; 0.146  ; 0.362        ; 0.216          ; High Pulse Width ; diver:U1|m_clk1 ; Fall       ; count_hour:U19|num1[3] ;
; 0.146  ; 0.362        ; 0.216          ; High Pulse Width ; diver:U1|m_clk1 ; Fall       ; count_min:U18|num1[0]  ;
; 0.146  ; 0.362        ; 0.216          ; High Pulse Width ; diver:U1|m_clk1 ; Fall       ; count_min:U18|num1[1]  ;
; 0.146  ; 0.362        ; 0.216          ; High Pulse Width ; diver:U1|m_clk1 ; Fall       ; count_min:U18|num1[2]  ;
; 0.146  ; 0.362        ; 0.216          ; High Pulse Width ; diver:U1|m_clk1 ; Fall       ; count_sec:U17|num0[2]  ;
; 0.146  ; 0.362        ; 0.216          ; High Pulse Width ; diver:U1|m_clk1 ; Fall       ; count_sec:U17|num1[3]  ;
; 0.175  ; 0.391        ; 0.216          ; High Pulse Width ; diver:U1|m_clk1 ; Fall       ; count_hour:U4|num0[0]  ;
; 0.175  ; 0.391        ; 0.216          ; High Pulse Width ; diver:U1|m_clk1 ; Fall       ; count_hour:U4|num0[1]  ;
; 0.175  ; 0.391        ; 0.216          ; High Pulse Width ; diver:U1|m_clk1 ; Fall       ; count_hour:U4|num0[2]  ;
; 0.175  ; 0.391        ; 0.216          ; High Pulse Width ; diver:U1|m_clk1 ; Fall       ; count_hour:U4|num0[3]  ;
; 0.175  ; 0.391        ; 0.216          ; High Pulse Width ; diver:U1|m_clk1 ; Fall       ; count_hour:U4|num1[0]  ;
; 0.175  ; 0.391        ; 0.216          ; High Pulse Width ; diver:U1|m_clk1 ; Fall       ; count_hour:U4|num1[1]  ;
; 0.175  ; 0.391        ; 0.216          ; High Pulse Width ; diver:U1|m_clk1 ; Fall       ; count_hour:U4|num1[2]  ;
; 0.175  ; 0.391        ; 0.216          ; High Pulse Width ; diver:U1|m_clk1 ; Fall       ; count_hour:U4|num1[3]  ;
; 0.196  ; 0.412        ; 0.216          ; High Pulse Width ; diver:U1|m_clk1 ; Fall       ; count_min:U3|num0[0]   ;
; 0.196  ; 0.412        ; 0.216          ; High Pulse Width ; diver:U1|m_clk1 ; Fall       ; count_min:U3|num0[1]   ;
; 0.196  ; 0.412        ; 0.216          ; High Pulse Width ; diver:U1|m_clk1 ; Fall       ; count_min:U3|num0[2]   ;
; 0.196  ; 0.412        ; 0.216          ; High Pulse Width ; diver:U1|m_clk1 ; Fall       ; count_min:U3|num0[3]   ;
; 0.196  ; 0.412        ; 0.216          ; High Pulse Width ; diver:U1|m_clk1 ; Fall       ; count_min:U3|num1[3]   ;
; 0.208  ; 0.424        ; 0.216          ; High Pulse Width ; diver:U1|m_clk1 ; Fall       ; count_min:U3|num1[0]   ;
; 0.208  ; 0.424        ; 0.216          ; High Pulse Width ; diver:U1|m_clk1 ; Fall       ; count_min:U3|num1[1]   ;
; 0.208  ; 0.424        ; 0.216          ; High Pulse Width ; diver:U1|m_clk1 ; Fall       ; count_min:U3|num1[2]   ;
; 0.352  ; 0.352        ; 0.000          ; Low Pulse Width  ; diver:U1|m_clk1 ; Rise       ; U17|num0[0]|clk        ;
; 0.352  ; 0.352        ; 0.000          ; Low Pulse Width  ; diver:U1|m_clk1 ; Rise       ; U17|num0[1]|clk        ;
; 0.352  ; 0.352        ; 0.000          ; Low Pulse Width  ; diver:U1|m_clk1 ; Rise       ; U17|num0[3]|clk        ;
; 0.352  ; 0.352        ; 0.000          ; Low Pulse Width  ; diver:U1|m_clk1 ; Rise       ; U17|num1[0]|clk        ;
; 0.352  ; 0.352        ; 0.000          ; Low Pulse Width  ; diver:U1|m_clk1 ; Rise       ; U17|num1[1]|clk        ;
; 0.352  ; 0.352        ; 0.000          ; Low Pulse Width  ; diver:U1|m_clk1 ; Rise       ; U17|num1[2]|clk        ;
; 0.352  ; 0.352        ; 0.000          ; Low Pulse Width  ; diver:U1|m_clk1 ; Rise       ; U18|num0[0]|clk        ;
; 0.352  ; 0.352        ; 0.000          ; Low Pulse Width  ; diver:U1|m_clk1 ; Rise       ; U18|num0[1]|clk        ;
; 0.352  ; 0.352        ; 0.000          ; Low Pulse Width  ; diver:U1|m_clk1 ; Rise       ; U18|num0[2]|clk        ;
; 0.352  ; 0.352        ; 0.000          ; Low Pulse Width  ; diver:U1|m_clk1 ; Rise       ; U18|num0[3]|clk        ;
; 0.352  ; 0.352        ; 0.000          ; Low Pulse Width  ; diver:U1|m_clk1 ; Rise       ; U18|num1[3]|clk        ;
; 0.353  ; 0.353        ; 0.000          ; Low Pulse Width  ; diver:U1|m_clk1 ; Rise       ; U17|num0[2]|clk        ;
; 0.353  ; 0.353        ; 0.000          ; Low Pulse Width  ; diver:U1|m_clk1 ; Rise       ; U17|num1[3]|clk        ;
; 0.353  ; 0.353        ; 0.000          ; Low Pulse Width  ; diver:U1|m_clk1 ; Rise       ; U18|num1[0]|clk        ;
; 0.353  ; 0.353        ; 0.000          ; Low Pulse Width  ; diver:U1|m_clk1 ; Rise       ; U18|num1[1]|clk        ;
; 0.353  ; 0.353        ; 0.000          ; Low Pulse Width  ; diver:U1|m_clk1 ; Rise       ; U18|num1[2]|clk        ;
; 0.353  ; 0.353        ; 0.000          ; Low Pulse Width  ; diver:U1|m_clk1 ; Rise       ; U19|num0[0]|clk        ;
; 0.353  ; 0.353        ; 0.000          ; Low Pulse Width  ; diver:U1|m_clk1 ; Rise       ; U19|num0[1]|clk        ;
; 0.353  ; 0.353        ; 0.000          ; Low Pulse Width  ; diver:U1|m_clk1 ; Rise       ; U19|num0[2]|clk        ;
; 0.353  ; 0.353        ; 0.000          ; Low Pulse Width  ; diver:U1|m_clk1 ; Rise       ; U19|num0[3]|clk        ;
+--------+--------------+----------------+------------------+-----------------+------------+------------------------+


+-----------------------------------------------------------------------------------------------------------------+
; Slow 1200mV 85C Model Minimum Pulse Width: 'diver:U1|m_clk0'                                                    ;
+--------+--------------+----------------+------------------+-----------------+------------+----------------------+
; Slack  ; Actual Width ; Required Width ; Type             ; Clock           ; Clock Edge ; Target               ;
+--------+--------------+----------------+------------------+-----------------+------------+----------------------+
; -1.000 ; 1.000        ; 2.000          ; Min Period       ; diver:U1|m_clk0 ; Fall       ; count_sec:U2|num0[0] ;
; -1.000 ; 1.000        ; 2.000          ; Min Period       ; diver:U1|m_clk0 ; Fall       ; count_sec:U2|num0[1] ;
; -1.000 ; 1.000        ; 2.000          ; Min Period       ; diver:U1|m_clk0 ; Fall       ; count_sec:U2|num0[2] ;
; -1.000 ; 1.000        ; 2.000          ; Min Period       ; diver:U1|m_clk0 ; Fall       ; count_sec:U2|num0[3] ;
; -1.000 ; 1.000        ; 2.000          ; Min Period       ; diver:U1|m_clk0 ; Fall       ; count_sec:U2|num1[0] ;
; -1.000 ; 1.000        ; 2.000          ; Min Period       ; diver:U1|m_clk0 ; Fall       ; count_sec:U2|num1[1] ;
; -1.000 ; 1.000        ; 2.000          ; Min Period       ; diver:U1|m_clk0 ; Fall       ; count_sec:U2|num1[2] ;
; -1.000 ; 1.000        ; 2.000          ; Min Period       ; diver:U1|m_clk0 ; Fall       ; count_sec:U2|num1[3] ;
; 0.201  ; 0.417        ; 0.216          ; High Pulse Width ; diver:U1|m_clk0 ; Fall       ; count_sec:U2|num0[0] ;
; 0.201  ; 0.417        ; 0.216          ; High Pulse Width ; diver:U1|m_clk0 ; Fall       ; count_sec:U2|num0[1] ;
; 0.201  ; 0.417        ; 0.216          ; High Pulse Width ; diver:U1|m_clk0 ; Fall       ; count_sec:U2|num0[2] ;
; 0.201  ; 0.417        ; 0.216          ; High Pulse Width ; diver:U1|m_clk0 ; Fall       ; count_sec:U2|num0[3] ;
; 0.201  ; 0.417        ; 0.216          ; High Pulse Width ; diver:U1|m_clk0 ; Fall       ; count_sec:U2|num1[3] ;
; 0.245  ; 0.461        ; 0.216          ; High Pulse Width ; diver:U1|m_clk0 ; Fall       ; count_sec:U2|num1[0] ;
; 0.245  ; 0.461        ; 0.216          ; High Pulse Width ; diver:U1|m_clk0 ; Fall       ; count_sec:U2|num1[1] ;
; 0.245  ; 0.461        ; 0.216          ; High Pulse Width ; diver:U1|m_clk0 ; Fall       ; count_sec:U2|num1[2] ;
; 0.353  ; 0.537        ; 0.184          ; Low Pulse Width  ; diver:U1|m_clk0 ; Fall       ; count_sec:U2|num1[0] ;
; 0.353  ; 0.537        ; 0.184          ; Low Pulse Width  ; diver:U1|m_clk0 ; Fall       ; count_sec:U2|num1[1] ;
; 0.353  ; 0.537        ; 0.184          ; Low Pulse Width  ; diver:U1|m_clk0 ; Fall       ; count_sec:U2|num1[2] ;
; 0.398  ; 0.582        ; 0.184          ; Low Pulse Width  ; diver:U1|m_clk0 ; Fall       ; count_sec:U2|num0[0] ;
; 0.398  ; 0.582        ; 0.184          ; Low Pulse Width  ; diver:U1|m_clk0 ; Fall       ; count_sec:U2|num0[1] ;
; 0.398  ; 0.582        ; 0.184          ; Low Pulse Width  ; diver:U1|m_clk0 ; Fall       ; count_sec:U2|num0[2] ;
; 0.398  ; 0.582        ; 0.184          ; Low Pulse Width  ; diver:U1|m_clk0 ; Fall       ; count_sec:U2|num0[3] ;
; 0.398  ; 0.582        ; 0.184          ; Low Pulse Width  ; diver:U1|m_clk0 ; Fall       ; count_sec:U2|num1[3] ;
; 0.408  ; 0.408        ; 0.000          ; Low Pulse Width  ; diver:U1|m_clk0 ; Rise       ; U2|num0[0]|clk       ;
; 0.408  ; 0.408        ; 0.000          ; Low Pulse Width  ; diver:U1|m_clk0 ; Rise       ; U2|num0[1]|clk       ;
; 0.408  ; 0.408        ; 0.000          ; Low Pulse Width  ; diver:U1|m_clk0 ; Rise       ; U2|num0[2]|clk       ;
; 0.408  ; 0.408        ; 0.000          ; Low Pulse Width  ; diver:U1|m_clk0 ; Rise       ; U2|num0[3]|clk       ;
; 0.408  ; 0.408        ; 0.000          ; Low Pulse Width  ; diver:U1|m_clk0 ; Rise       ; U2|num1[3]|clk       ;
; 0.454  ; 0.454        ; 0.000          ; Low Pulse Width  ; diver:U1|m_clk0 ; Rise       ; U2|num1[0]|clk       ;
; 0.454  ; 0.454        ; 0.000          ; Low Pulse Width  ; diver:U1|m_clk0 ; Rise       ; U2|num1[1]|clk       ;
; 0.454  ; 0.454        ; 0.000          ; Low Pulse Width  ; diver:U1|m_clk0 ; Rise       ; U2|num1[2]|clk       ;
; 0.500  ; 0.500        ; 0.000          ; High Pulse Width ; diver:U1|m_clk0 ; Rise       ; U1|m_clk0|q          ;
; 0.500  ; 0.500        ; 0.000          ; Low Pulse Width  ; diver:U1|m_clk0 ; Rise       ; U1|m_clk0|q          ;
; 0.545  ; 0.545        ; 0.000          ; High Pulse Width ; diver:U1|m_clk0 ; Rise       ; U2|num1[0]|clk       ;
; 0.545  ; 0.545        ; 0.000          ; High Pulse Width ; diver:U1|m_clk0 ; Rise       ; U2|num1[1]|clk       ;
; 0.545  ; 0.545        ; 0.000          ; High Pulse Width ; diver:U1|m_clk0 ; Rise       ; U2|num1[2]|clk       ;
; 0.588  ; 0.588        ; 0.000          ; High Pulse Width ; diver:U1|m_clk0 ; Rise       ; U2|num0[0]|clk       ;
; 0.588  ; 0.588        ; 0.000          ; High Pulse Width ; diver:U1|m_clk0 ; Rise       ; U2|num0[1]|clk       ;
; 0.588  ; 0.588        ; 0.000          ; High Pulse Width ; diver:U1|m_clk0 ; Rise       ; U2|num0[2]|clk       ;
; 0.588  ; 0.588        ; 0.000          ; High Pulse Width ; diver:U1|m_clk0 ; Rise       ; U2|num0[3]|clk       ;
; 0.588  ; 0.588        ; 0.000          ; High Pulse Width ; diver:U1|m_clk0 ; Rise       ; U2|num1[3]|clk       ;
+--------+--------------+----------------+------------------+-----------------+------------+----------------------+


+----------------------------------------------------------------------------+
; Setup Times                                                                ;
+-----------+-----------------+-------+-------+------------+-----------------+
; Data Port ; Clock Port      ; Rise  ; Fall  ; Clock Edge ; Clock Reference ;
+-----------+-----------------+-------+-------+------------+-----------------+
; key_shift ; clk             ; 1.451 ; 1.832 ; Rise       ; clk             ;
; key_hour  ; diver:U1|m_clk1 ; 1.255 ; 1.682 ; Fall       ; diver:U1|m_clk1 ;
; key_min   ; diver:U1|m_clk1 ; 1.457 ; 1.864 ; Fall       ; diver:U1|m_clk1 ;
; key_sec   ; diver:U1|m_clk1 ; 0.698 ; 1.114 ; Fall       ; diver:U1|m_clk1 ;
+-----------+-----------------+-------+-------+------------+-----------------+


+------------------------------------------------------------------------------+
; Hold Times                                                                   ;
+-----------+-----------------+--------+--------+------------+-----------------+
; Data Port ; Clock Port      ; Rise   ; Fall   ; Clock Edge ; Clock Reference ;
+-----------+-----------------+--------+--------+------------+-----------------+
; key_shift ; clk             ; -1.065 ; -1.434 ; Rise       ; clk             ;
; key_hour  ; diver:U1|m_clk1 ; 0.300  ; -0.119 ; Fall       ; diver:U1|m_clk1 ;
; key_min   ; diver:U1|m_clk1 ; -0.342 ; -0.784 ; Fall       ; diver:U1|m_clk1 ;
; key_sec   ; diver:U1|m_clk1 ; 0.362  ; -0.060 ; Fall       ; diver:U1|m_clk1 ;
+-----------+-----------------+--------+--------+------------+-----------------+


+------------------------------------------------------------------------------+
; Clock to Output Times                                                        ;
+-----------+-----------------+--------+--------+------------+-----------------+
; Data Port ; Clock Port      ; Rise   ; Fall   ; Clock Edge ; Clock Reference ;
+-----------+-----------------+--------+--------+------------+-----------------+
; hour0[*]  ; clk             ; 7.186  ; 7.236  ; Rise       ; clk             ;
;  hour0[0] ; clk             ; 6.717  ; 6.735  ; Rise       ; clk             ;
;  hour0[1] ; clk             ; 7.186  ; 7.236  ; Rise       ; clk             ;
;  hour0[2] ; clk             ; 6.968  ; 6.983  ; Rise       ; clk             ;
;  hour0[3] ; clk             ; 7.023  ; 6.972  ; Rise       ; clk             ;
; hour1[*]  ; clk             ; 8.381  ; 8.416  ; Rise       ; clk             ;
;  hour1[0] ; clk             ; 7.248  ; 7.311  ; Rise       ; clk             ;
;  hour1[1] ; clk             ; 8.381  ; 8.416  ; Rise       ; clk             ;
;  hour1[2] ; clk             ; 7.445  ; 7.424  ; Rise       ; clk             ;
;  hour1[3] ; clk             ; 6.732  ; 6.767  ; Rise       ; clk             ;
; min0[*]   ; clk             ; 6.520  ; 6.534  ; Rise       ; clk             ;
;  min0[0]  ; clk             ; 6.258  ; 6.266  ; Rise       ; clk             ;
;  min0[1]  ; clk             ; 6.520  ; 6.534  ; Rise       ; clk             ;
;  min0[2]  ; clk             ; 6.418  ; 6.461  ; Rise       ; clk             ;
;  min0[3]  ; clk             ; 6.214  ; 6.210  ; Rise       ; clk             ;
; min1[*]   ; clk             ; 7.585  ; 7.598  ; Rise       ; clk             ;
;  min1[0]  ; clk             ; 7.243  ; 7.250  ; Rise       ; clk             ;
;  min1[1]  ; clk             ; 7.150  ; 7.106  ; Rise       ; clk             ;
;  min1[2]  ; clk             ; 7.570  ; 7.527  ; Rise       ; clk             ;
;  min1[3]  ; clk             ; 7.585  ; 7.598  ; Rise       ; clk             ;
; sec0[*]   ; clk             ; 6.440  ; 6.412  ; Rise       ; clk             ;
;  sec0[0]  ; clk             ; 6.275  ; 6.215  ; Rise       ; clk             ;
;  sec0[1]  ; clk             ; 6.440  ; 6.412  ; Rise       ; clk             ;
;  sec0[2]  ; clk             ; 6.304  ; 6.252  ; Rise       ; clk             ;
;  sec0[3]  ; clk             ; 6.278  ; 6.202  ; Rise       ; clk             ;
; sec1[*]   ; clk             ; 6.473  ; 6.406  ; Rise       ; clk             ;
;  sec1[0]  ; clk             ; 6.179  ; 6.148  ; Rise       ; clk             ;
;  sec1[1]  ; clk             ; 6.473  ; 6.406  ; Rise       ; clk             ;
;  sec1[2]  ; clk             ; 6.295  ; 6.287  ; Rise       ; clk             ;
;  sec1[3]  ; clk             ; 6.186  ; 6.145  ; Rise       ; clk             ;
; speak     ; clk             ; 8.796  ; 8.915  ; Rise       ; clk             ;
; sec0[*]   ; diver:U1|m_clk0 ; 5.183  ; 5.233  ; Fall       ; diver:U1|m_clk0 ;
;  sec0[0]  ; diver:U1|m_clk0 ; 5.183  ; 5.217  ; Fall       ; diver:U1|m_clk0 ;
;  sec0[1]  ; diver:U1|m_clk0 ; 5.147  ; 5.233  ; Fall       ; diver:U1|m_clk0 ;
;  sec0[2]  ; diver:U1|m_clk0 ; 4.992  ; 5.052  ; Fall       ; diver:U1|m_clk0 ;
;  sec0[3]  ; diver:U1|m_clk0 ; 5.113  ; 5.156  ; Fall       ; diver:U1|m_clk0 ;
; sec1[*]   ; diver:U1|m_clk0 ; 5.574  ; 5.593  ; Fall       ; diver:U1|m_clk0 ;
;  sec1[0]  ; diver:U1|m_clk0 ; 4.937  ; 5.032  ; Fall       ; diver:U1|m_clk0 ;
;  sec1[1]  ; diver:U1|m_clk0 ; 5.574  ; 5.593  ; Fall       ; diver:U1|m_clk0 ;
;  sec1[2]  ; diver:U1|m_clk0 ; 5.297  ; 5.306  ; Fall       ; diver:U1|m_clk0 ;
;  sec1[3]  ; diver:U1|m_clk0 ; 5.330  ; 5.393  ; Fall       ; diver:U1|m_clk0 ;
; speak     ; diver:U1|m_clk0 ; 7.484  ; 7.496  ; Fall       ; diver:U1|m_clk0 ;
; hour0[*]  ; diver:U1|m_clk1 ; 8.605  ; 8.709  ; Fall       ; diver:U1|m_clk1 ;
;  hour0[0] ; diver:U1|m_clk1 ; 7.716  ; 7.773  ; Fall       ; diver:U1|m_clk1 ;
;  hour0[1] ; diver:U1|m_clk1 ; 8.605  ; 8.709  ; Fall       ; diver:U1|m_clk1 ;
;  hour0[2] ; diver:U1|m_clk1 ; 8.321  ; 8.340  ; Fall       ; diver:U1|m_clk1 ;
;  hour0[3] ; diver:U1|m_clk1 ; 7.981  ; 8.028  ; Fall       ; diver:U1|m_clk1 ;
; hour1[*]  ; diver:U1|m_clk1 ; 9.250  ; 9.434  ; Fall       ; diver:U1|m_clk1 ;
;  hour1[0] ; diver:U1|m_clk1 ; 8.167  ; 8.309  ; Fall       ; diver:U1|m_clk1 ;
;  hour1[1] ; diver:U1|m_clk1 ; 9.250  ; 9.434  ; Fall       ; diver:U1|m_clk1 ;
;  hour1[2] ; diver:U1|m_clk1 ; 8.215  ; 8.305  ; Fall       ; diver:U1|m_clk1 ;
;  hour1[3] ; diver:U1|m_clk1 ; 7.676  ; 7.751  ; Fall       ; diver:U1|m_clk1 ;
; min0[*]   ; diver:U1|m_clk1 ; 8.774  ; 8.781  ; Fall       ; diver:U1|m_clk1 ;
;  min0[0]  ; diver:U1|m_clk1 ; 7.976  ; 8.034  ; Fall       ; diver:U1|m_clk1 ;
;  min0[1]  ; diver:U1|m_clk1 ; 8.774  ; 8.781  ; Fall       ; diver:U1|m_clk1 ;
;  min0[2]  ; diver:U1|m_clk1 ; 8.127  ; 8.257  ; Fall       ; diver:U1|m_clk1 ;
;  min0[3]  ; diver:U1|m_clk1 ; 7.663  ; 7.698  ; Fall       ; diver:U1|m_clk1 ;
; min1[*]   ; diver:U1|m_clk1 ; 8.449  ; 8.552  ; Fall       ; diver:U1|m_clk1 ;
;  min1[0]  ; diver:U1|m_clk1 ; 8.030  ; 8.153  ; Fall       ; diver:U1|m_clk1 ;
;  min1[1]  ; diver:U1|m_clk1 ; 7.552  ; 7.646  ; Fall       ; diver:U1|m_clk1 ;
;  min1[2]  ; diver:U1|m_clk1 ; 7.863  ; 7.930  ; Fall       ; diver:U1|m_clk1 ;
;  min1[3]  ; diver:U1|m_clk1 ; 8.449  ; 8.552  ; Fall       ; diver:U1|m_clk1 ;
; sec0[*]   ; diver:U1|m_clk1 ; 8.219  ; 8.280  ; Fall       ; diver:U1|m_clk1 ;
;  sec0[0]  ; diver:U1|m_clk1 ; 8.036  ; 8.063  ; Fall       ; diver:U1|m_clk1 ;
;  sec0[1]  ; diver:U1|m_clk1 ; 8.219  ; 8.280  ; Fall       ; diver:U1|m_clk1 ;
;  sec0[2]  ; diver:U1|m_clk1 ; 8.090  ; 8.121  ; Fall       ; diver:U1|m_clk1 ;
;  sec0[3]  ; diver:U1|m_clk1 ; 8.155  ; 8.200  ; Fall       ; diver:U1|m_clk1 ;
; sec1[*]   ; diver:U1|m_clk1 ; 8.146  ; 8.178  ; Fall       ; diver:U1|m_clk1 ;
;  sec1[0]  ; diver:U1|m_clk1 ; 8.083  ; 8.136  ; Fall       ; diver:U1|m_clk1 ;
;  sec1[1]  ; diver:U1|m_clk1 ; 8.146  ; 8.178  ; Fall       ; diver:U1|m_clk1 ;
;  sec1[2]  ; diver:U1|m_clk1 ; 7.537  ; 7.608  ; Fall       ; diver:U1|m_clk1 ;
;  sec1[3]  ; diver:U1|m_clk1 ; 8.133  ; 8.170  ; Fall       ; diver:U1|m_clk1 ;
; speak     ; diver:U1|m_clk1 ; 10.384 ; 10.602 ; Fall       ; diver:U1|m_clk1 ;
+-----------+-----------------+--------+--------+------------+-----------------+


+----------------------------------------------------------------------------+
; Minimum Clock to Output Times                                              ;
+-----------+-----------------+-------+-------+------------+-----------------+
; Data Port ; Clock Port      ; Rise  ; Fall  ; Clock Edge ; Clock Reference ;
+-----------+-----------------+-------+-------+------------+-----------------+
; hour0[*]  ; clk             ; 6.496 ; 6.481 ; Rise       ; clk             ;
;  hour0[0] ; clk             ; 6.496 ; 6.481 ; Rise       ; clk             ;
;  hour0[1] ; clk             ; 6.950 ; 6.967 ; Rise       ; clk             ;
;  hour0[2] ; clk             ; 6.759 ; 6.741 ; Rise       ; clk             ;
;  hour0[3] ; clk             ; 6.696 ; 6.753 ; Rise       ; clk             ;
; hour1[*]  ; clk             ; 6.512 ; 6.515 ; Rise       ; clk             ;
;  hour1[0] ; clk             ; 6.982 ; 7.015 ; Rise       ; clk             ;
;  hour1[1] ; clk             ; 8.051 ; 8.167 ; Rise       ; clk             ;
;  hour1[2] ; clk             ; 7.105 ; 7.190 ; Rise       ; clk             ;
;  hour1[3] ; clk             ; 6.512 ; 6.515 ; Rise       ; clk             ;
; min0[*]   ; clk             ; 6.010 ; 5.975 ; Rise       ; clk             ;
;  min0[0]  ; clk             ; 6.087 ; 6.063 ; Rise       ; clk             ;
;  min0[1]  ; clk             ; 6.304 ; 6.285 ; Rise       ; clk             ;
;  min0[2]  ; clk             ; 6.201 ; 6.211 ; Rise       ; clk             ;
;  min0[3]  ; clk             ; 6.010 ; 5.975 ; Rise       ; clk             ;
; min1[*]   ; clk             ; 6.835 ; 6.859 ; Rise       ; clk             ;
;  min1[0]  ; clk             ; 6.999 ; 7.014 ; Rise       ; clk             ;
;  min1[1]  ; clk             ; 6.835 ; 6.859 ; Rise       ; clk             ;
;  min1[2]  ; clk             ; 7.249 ; 7.288 ; Rise       ; clk             ;
;  min1[3]  ; clk             ; 7.326 ; 7.346 ; Rise       ; clk             ;
; sec0[*]   ; clk             ; 5.966 ; 5.972 ; Rise       ; clk             ;
;  sec0[0]  ; clk             ; 5.967 ; 6.014 ; Rise       ; clk             ;
;  sec0[1]  ; clk             ; 6.119 ; 6.199 ; Rise       ; clk             ;
;  sec0[2]  ; clk             ; 5.994 ; 6.049 ; Rise       ; clk             ;
;  sec0[3]  ; clk             ; 5.966 ; 5.972 ; Rise       ; clk             ;
; sec1[*]   ; clk             ; 5.966 ; 5.941 ; Rise       ; clk             ;
;  sec1[0]  ; clk             ; 5.966 ; 5.945 ; Rise       ; clk             ;
;  sec1[1]  ; clk             ; 6.179 ; 6.180 ; Rise       ; clk             ;
;  sec1[2]  ; clk             ; 6.077 ; 6.041 ; Rise       ; clk             ;
;  sec1[3]  ; clk             ; 5.973 ; 5.941 ; Rise       ; clk             ;
; speak     ; clk             ; 7.369 ; 7.411 ; Rise       ; clk             ;
; sec0[*]   ; diver:U1|m_clk0 ; 4.863 ; 4.920 ; Fall       ; diver:U1|m_clk0 ;
;  sec0[0]  ; diver:U1|m_clk0 ; 5.046 ; 5.078 ; Fall       ; diver:U1|m_clk0 ;
;  sec0[1]  ; diver:U1|m_clk0 ; 5.006 ; 5.091 ; Fall       ; diver:U1|m_clk0 ;
;  sec0[2]  ; diver:U1|m_clk0 ; 4.863 ; 4.920 ; Fall       ; diver:U1|m_clk0 ;
;  sec0[3]  ; diver:U1|m_clk0 ; 4.931 ; 4.955 ; Fall       ; diver:U1|m_clk0 ;
; sec1[*]   ; diver:U1|m_clk0 ; 4.788 ; 4.853 ; Fall       ; diver:U1|m_clk0 ;
;  sec1[0]  ; diver:U1|m_clk0 ; 4.788 ; 4.853 ; Fall       ; diver:U1|m_clk0 ;
;  sec1[1]  ; diver:U1|m_clk0 ; 5.373 ; 5.374 ; Fall       ; diver:U1|m_clk0 ;
;  sec1[2]  ; diver:U1|m_clk0 ; 5.158 ; 5.164 ; Fall       ; diver:U1|m_clk0 ;
;  sec1[3]  ; diver:U1|m_clk0 ; 5.163 ; 5.202 ; Fall       ; diver:U1|m_clk0 ;
; speak     ; diver:U1|m_clk0 ; 6.334 ; 6.376 ; Fall       ; diver:U1|m_clk0 ;
; hour0[*]  ; diver:U1|m_clk1 ; 6.246 ; 6.299 ; Fall       ; diver:U1|m_clk1 ;
;  hour0[0] ; diver:U1|m_clk1 ; 6.528 ; 6.557 ; Fall       ; diver:U1|m_clk1 ;
;  hour0[1] ; diver:U1|m_clk1 ; 6.578 ; 6.642 ; Fall       ; diver:U1|m_clk1 ;
;  hour0[2] ; diver:U1|m_clk1 ; 6.246 ; 6.299 ; Fall       ; diver:U1|m_clk1 ;
;  hour0[3] ; diver:U1|m_clk1 ; 6.361 ; 6.424 ; Fall       ; diver:U1|m_clk1 ;
; hour1[*]  ; diver:U1|m_clk1 ; 6.495 ; 6.580 ; Fall       ; diver:U1|m_clk1 ;
;  hour1[0] ; diver:U1|m_clk1 ; 6.495 ; 6.580 ; Fall       ; diver:U1|m_clk1 ;
;  hour1[1] ; diver:U1|m_clk1 ; 7.759 ; 7.889 ; Fall       ; diver:U1|m_clk1 ;
;  hour1[2] ; diver:U1|m_clk1 ; 6.731 ; 6.807 ; Fall       ; diver:U1|m_clk1 ;
;  hour1[3] ; diver:U1|m_clk1 ; 6.552 ; 6.612 ; Fall       ; diver:U1|m_clk1 ;
; min0[*]   ; diver:U1|m_clk1 ; 4.812 ; 4.864 ; Fall       ; diver:U1|m_clk1 ;
;  min0[0]  ; diver:U1|m_clk1 ; 4.812 ; 4.864 ; Fall       ; diver:U1|m_clk1 ;
;  min0[1]  ; diver:U1|m_clk1 ; 5.607 ; 5.682 ; Fall       ; diver:U1|m_clk1 ;
;  min0[2]  ; diver:U1|m_clk1 ; 5.748 ; 5.821 ; Fall       ; diver:U1|m_clk1 ;
;  min0[3]  ; diver:U1|m_clk1 ; 5.353 ; 5.402 ; Fall       ; diver:U1|m_clk1 ;
; min1[*]   ; diver:U1|m_clk1 ; 5.123 ; 5.169 ; Fall       ; diver:U1|m_clk1 ;
;  min1[0]  ; diver:U1|m_clk1 ; 5.386 ; 5.466 ; Fall       ; diver:U1|m_clk1 ;
;  min1[1]  ; diver:U1|m_clk1 ; 5.123 ; 5.169 ; Fall       ; diver:U1|m_clk1 ;
;  min1[2]  ; diver:U1|m_clk1 ; 5.696 ; 5.743 ; Fall       ; diver:U1|m_clk1 ;
;  min1[3]  ; diver:U1|m_clk1 ; 6.228 ; 6.338 ; Fall       ; diver:U1|m_clk1 ;
; sec0[*]   ; diver:U1|m_clk1 ; 7.787 ; 7.810 ; Fall       ; diver:U1|m_clk1 ;
;  sec0[0]  ; diver:U1|m_clk1 ; 7.787 ; 7.810 ; Fall       ; diver:U1|m_clk1 ;
;  sec0[1]  ; diver:U1|m_clk1 ; 7.957 ; 8.016 ; Fall       ; diver:U1|m_clk1 ;
;  sec0[2]  ; diver:U1|m_clk1 ; 7.839 ; 7.867 ; Fall       ; diver:U1|m_clk1 ;
;  sec0[3]  ; diver:U1|m_clk1 ; 7.899 ; 7.942 ; Fall       ; diver:U1|m_clk1 ;
; sec1[*]   ; diver:U1|m_clk1 ; 7.305 ; 7.372 ; Fall       ; diver:U1|m_clk1 ;
;  sec1[0]  ; diver:U1|m_clk1 ; 7.814 ; 7.855 ; Fall       ; diver:U1|m_clk1 ;
;  sec1[1]  ; diver:U1|m_clk1 ; 7.888 ; 7.920 ; Fall       ; diver:U1|m_clk1 ;
;  sec1[2]  ; diver:U1|m_clk1 ; 7.305 ; 7.372 ; Fall       ; diver:U1|m_clk1 ;
;  sec1[3]  ; diver:U1|m_clk1 ; 7.879 ; 7.914 ; Fall       ; diver:U1|m_clk1 ;
; speak     ; diver:U1|m_clk1 ; 6.218 ; 6.342 ; Fall       ; diver:U1|m_clk1 ;
+-----------+-----------------+-------+-------+------------+-----------------+


----------------------------------------------
; Slow 1200mV 85C Model Metastability Report ;
----------------------------------------------
No synchronizer chains to report.


+----------------------------------------------------------------------------------------------------------------+
; Slow 1200mV 0C Model Fmax Summary                                                                              ;
+------------+-----------------+-----------------+---------------------------------------------------------------+
; Fmax       ; Restricted Fmax ; Clock Name      ; Note                                                          ;
+------------+-----------------+-----------------+---------------------------------------------------------------+
; 522.19 MHz ; 500.0 MHz       ; diver:U1|m_clk1 ; limit due to minimum period restriction (tmin)                ;
; 593.82 MHz ; 500.0 MHz       ; diver:U1|m_clk0 ; limit due to minimum period restriction (tmin)                ;
; 912.41 MHz ; 250.0 MHz       ; clk             ; limit due to minimum period restriction (max I/O toggle rate) ;
+------------+-----------------+-----------------+---------------------------------------------------------------+
This panel reports FMAX for every clock in the design, regardless of the user-specified clock periods.  FMAX is only computed for paths where the source and destination registers or ports are driven by the same clock.  Paths of different clocks, including generated clocks, are ignored.  For paths between a clock and its inversion, FMAX is computed as if the rising and falling edges are scaled along with FMAX, such that the duty cycle (in terms of a percentage) is maintained. Altera recommends that you always use clock constraints and other slack reports for sign-off analysis.


+------------------------------------------+
; Slow 1200mV 0C Model Setup Summary       ;
+-----------------+--------+---------------+
; Clock           ; Slack  ; End Point TNS ;
+-----------------+--------+---------------+
; diver:U1|m_clk1 ; -0.915 ; -15.177       ;
; diver:U1|m_clk0 ; -0.684 ; -2.978        ;
; clk             ; -0.096 ; -0.113        ;
+-----------------+--------+---------------+


+-----------------------------------------+
; Slow 1200mV 0C Model Hold Summary       ;
+-----------------+-------+---------------+
; Clock           ; Slack ; End Point TNS ;
+-----------------+-------+---------------+
; clk             ; 0.006 ; 0.000         ;
; diver:U1|m_clk1 ; 0.311 ; 0.000         ;
; diver:U1|m_clk0 ; 0.333 ; 0.000         ;
+-----------------+-------+---------------+


+------------------------------------------+
; Slow 1200mV 0C Model Recovery Summary    ;
+-----------------+--------+---------------+
; Clock           ; Slack  ; End Point TNS ;
+-----------------+--------+---------------+
; diver:U1|m_clk0 ; -2.251 ; -17.953       ;
+-----------------+--------+---------------+


+-----------------------------------------+
; Slow 1200mV 0C Model Removal Summary    ;
+-----------------+-------+---------------+
; Clock           ; Slack ; End Point TNS ;
+-----------------+-------+---------------+
; diver:U1|m_clk0 ; 2.841 ; 0.000         ;
+-----------------+-------+---------------+


+--------------------------------------------------+
; Slow 1200mV 0C Model Minimum Pulse Width Summary ;
+-----------------+--------+-----------------------+
; Clock           ; Slack  ; End Point TNS         ;
+-----------------+--------+-----------------------+
; clk             ; -3.000 ; -8.000                ;
; diver:U1|m_clk1 ; -1.000 ; -40.000               ;
; diver:U1|m_clk0 ; -1.000 ; -8.000                ;
+-----------------+--------+-----------------------+


+---------------------------------------------------------------------------------------------------------------------------------------+
; Slow 1200mV 0C Model Setup: 'diver:U1|m_clk1'                                                                                         ;
+--------+------------------------+------------------------+-----------------+-----------------+--------------+------------+------------+
; Slack  ; From Node              ; To Node                ; Launch Clock    ; Latch Clock     ; Relationship ; Clock Skew ; Data Delay ;
+--------+------------------------+------------------------+-----------------+-----------------+--------------+------------+------------+
; -0.915 ; count_hour:U19|num0[3] ; count_hour:U19|num1[0] ; diver:U1|m_clk1 ; diver:U1|m_clk1 ; 1.000        ; -0.055     ; 1.855      ;
; -0.915 ; count_hour:U19|num0[3] ; count_hour:U19|num1[1] ; diver:U1|m_clk1 ; diver:U1|m_clk1 ; 1.000        ; -0.055     ; 1.855      ;
; -0.870 ; count_hour:U19|num0[3] ; count_hour:U19|num1[2] ; diver:U1|m_clk1 ; diver:U1|m_clk1 ; 1.000        ; -0.055     ; 1.810      ;
; -0.868 ; count_hour:U19|num0[3] ; count_hour:U19|num1[3] ; diver:U1|m_clk1 ; diver:U1|m_clk1 ; 1.000        ; -0.055     ; 1.808      ;
; -0.827 ; count_min:U18|num0[1]  ; count_min:U18|num1[2]  ; diver:U1|m_clk1 ; diver:U1|m_clk1 ; 1.000        ; -0.055     ; 1.767      ;
; -0.827 ; count_min:U18|num0[1]  ; count_min:U18|num1[1]  ; diver:U1|m_clk1 ; diver:U1|m_clk1 ; 1.000        ; -0.055     ; 1.767      ;
; -0.827 ; count_min:U18|num0[1]  ; count_min:U18|num1[0]  ; diver:U1|m_clk1 ; diver:U1|m_clk1 ; 1.000        ; -0.055     ; 1.767      ;
; -0.822 ; count_hour:U19|num0[2] ; count_hour:U19|num1[0] ; diver:U1|m_clk1 ; diver:U1|m_clk1 ; 1.000        ; -0.055     ; 1.762      ;
; -0.822 ; count_hour:U19|num0[2] ; count_hour:U19|num1[1] ; diver:U1|m_clk1 ; diver:U1|m_clk1 ; 1.000        ; -0.055     ; 1.762      ;
; -0.781 ; count_min:U18|num0[2]  ; count_min:U18|num1[2]  ; diver:U1|m_clk1 ; diver:U1|m_clk1 ; 1.000        ; -0.055     ; 1.721      ;
; -0.781 ; count_min:U18|num0[2]  ; count_min:U18|num1[1]  ; diver:U1|m_clk1 ; diver:U1|m_clk1 ; 1.000        ; -0.055     ; 1.721      ;
; -0.781 ; count_min:U18|num0[2]  ; count_min:U18|num1[0]  ; diver:U1|m_clk1 ; diver:U1|m_clk1 ; 1.000        ; -0.055     ; 1.721      ;
; -0.777 ; count_hour:U19|num0[2] ; count_hour:U19|num1[2] ; diver:U1|m_clk1 ; diver:U1|m_clk1 ; 1.000        ; -0.055     ; 1.717      ;
; -0.775 ; count_hour:U19|num0[2] ; count_hour:U19|num1[3] ; diver:U1|m_clk1 ; diver:U1|m_clk1 ; 1.000        ; -0.055     ; 1.715      ;
; -0.676 ; count_min:U18|num0[3]  ; count_min:U18|num1[2]  ; diver:U1|m_clk1 ; diver:U1|m_clk1 ; 1.000        ; -0.055     ; 1.616      ;
; -0.676 ; count_min:U18|num0[3]  ; count_min:U18|num1[1]  ; diver:U1|m_clk1 ; diver:U1|m_clk1 ; 1.000        ; -0.055     ; 1.616      ;
; -0.676 ; count_min:U18|num0[3]  ; count_min:U18|num1[0]  ; diver:U1|m_clk1 ; diver:U1|m_clk1 ; 1.000        ; -0.055     ; 1.616      ;
; -0.674 ; count_min:U3|num0[1]   ; count_min:U3|num1[0]   ; diver:U1|m_clk1 ; diver:U1|m_clk1 ; 1.000        ; -0.077     ; 1.592      ;
; -0.674 ; count_min:U3|num0[1]   ; count_min:U3|num1[1]   ; diver:U1|m_clk1 ; diver:U1|m_clk1 ; 1.000        ; -0.077     ; 1.592      ;
; -0.674 ; count_min:U3|num0[1]   ; count_min:U3|num1[2]   ; diver:U1|m_clk1 ; diver:U1|m_clk1 ; 1.000        ; -0.077     ; 1.592      ;
; -0.660 ; count_sec:U17|num0[3]  ; count_sec:U17|num1[2]  ; diver:U1|m_clk1 ; diver:U1|m_clk1 ; 1.000        ; -0.056     ; 1.599      ;
; -0.660 ; count_sec:U17|num0[3]  ; count_sec:U17|num1[1]  ; diver:U1|m_clk1 ; diver:U1|m_clk1 ; 1.000        ; -0.056     ; 1.599      ;
; -0.660 ; count_sec:U17|num0[3]  ; count_sec:U17|num1[0]  ; diver:U1|m_clk1 ; diver:U1|m_clk1 ; 1.000        ; -0.056     ; 1.599      ;
; -0.656 ; count_min:U3|num0[0]   ; count_min:U3|num1[0]   ; diver:U1|m_clk1 ; diver:U1|m_clk1 ; 1.000        ; -0.077     ; 1.574      ;
; -0.656 ; count_min:U3|num0[0]   ; count_min:U3|num1[1]   ; diver:U1|m_clk1 ; diver:U1|m_clk1 ; 1.000        ; -0.077     ; 1.574      ;
; -0.656 ; count_min:U3|num0[0]   ; count_min:U3|num1[2]   ; diver:U1|m_clk1 ; diver:U1|m_clk1 ; 1.000        ; -0.077     ; 1.574      ;
; -0.651 ; count_hour:U19|num0[0] ; count_hour:U19|num1[0] ; diver:U1|m_clk1 ; diver:U1|m_clk1 ; 1.000        ; -0.055     ; 1.591      ;
; -0.651 ; count_hour:U19|num0[0] ; count_hour:U19|num1[1] ; diver:U1|m_clk1 ; diver:U1|m_clk1 ; 1.000        ; -0.055     ; 1.591      ;
; -0.633 ; count_hour:U4|num0[2]  ; count_hour:U4|num1[0]  ; diver:U1|m_clk1 ; diver:U1|m_clk1 ; 1.000        ; -0.055     ; 1.573      ;
; -0.633 ; count_hour:U4|num0[2]  ; count_hour:U4|num1[1]  ; diver:U1|m_clk1 ; diver:U1|m_clk1 ; 1.000        ; -0.055     ; 1.573      ;
; -0.630 ; count_min:U18|num0[0]  ; count_min:U18|num1[2]  ; diver:U1|m_clk1 ; diver:U1|m_clk1 ; 1.000        ; -0.055     ; 1.570      ;
; -0.630 ; count_min:U18|num0[0]  ; count_min:U18|num1[1]  ; diver:U1|m_clk1 ; diver:U1|m_clk1 ; 1.000        ; -0.055     ; 1.570      ;
; -0.630 ; count_min:U18|num0[0]  ; count_min:U18|num1[0]  ; diver:U1|m_clk1 ; diver:U1|m_clk1 ; 1.000        ; -0.055     ; 1.570      ;
; -0.627 ; count_hour:U4|num0[0]  ; count_hour:U4|num1[0]  ; diver:U1|m_clk1 ; diver:U1|m_clk1 ; 1.000        ; -0.055     ; 1.567      ;
; -0.627 ; count_hour:U4|num0[0]  ; count_hour:U4|num1[1]  ; diver:U1|m_clk1 ; diver:U1|m_clk1 ; 1.000        ; -0.055     ; 1.567      ;
; -0.624 ; count_sec:U17|num0[2]  ; count_sec:U17|num1[2]  ; diver:U1|m_clk1 ; diver:U1|m_clk1 ; 1.000        ; -0.055     ; 1.564      ;
; -0.624 ; count_sec:U17|num0[2]  ; count_sec:U17|num1[1]  ; diver:U1|m_clk1 ; diver:U1|m_clk1 ; 1.000        ; -0.055     ; 1.564      ;
; -0.624 ; count_sec:U17|num0[2]  ; count_sec:U17|num1[0]  ; diver:U1|m_clk1 ; diver:U1|m_clk1 ; 1.000        ; -0.055     ; 1.564      ;
; -0.598 ; count_hour:U19|num0[0] ; count_hour:U19|num1[3] ; diver:U1|m_clk1 ; diver:U1|m_clk1 ; 1.000        ; -0.055     ; 1.538      ;
; -0.597 ; count_hour:U19|num0[1] ; count_hour:U19|num1[0] ; diver:U1|m_clk1 ; diver:U1|m_clk1 ; 1.000        ; -0.056     ; 1.536      ;
; -0.597 ; count_hour:U19|num0[1] ; count_hour:U19|num1[1] ; diver:U1|m_clk1 ; diver:U1|m_clk1 ; 1.000        ; -0.056     ; 1.536      ;
; -0.595 ; count_hour:U19|num0[0] ; count_hour:U19|num1[2] ; diver:U1|m_clk1 ; diver:U1|m_clk1 ; 1.000        ; -0.055     ; 1.535      ;
; -0.590 ; count_sec:U17|num0[1]  ; count_sec:U17|num1[2]  ; diver:U1|m_clk1 ; diver:U1|m_clk1 ; 1.000        ; -0.056     ; 1.529      ;
; -0.590 ; count_sec:U17|num0[1]  ; count_sec:U17|num1[1]  ; diver:U1|m_clk1 ; diver:U1|m_clk1 ; 1.000        ; -0.056     ; 1.529      ;
; -0.590 ; count_sec:U17|num0[1]  ; count_sec:U17|num1[0]  ; diver:U1|m_clk1 ; diver:U1|m_clk1 ; 1.000        ; -0.056     ; 1.529      ;
; -0.576 ; count_sec:U17|num0[0]  ; count_sec:U17|num1[2]  ; diver:U1|m_clk1 ; diver:U1|m_clk1 ; 1.000        ; -0.056     ; 1.515      ;
; -0.576 ; count_sec:U17|num0[0]  ; count_sec:U17|num1[1]  ; diver:U1|m_clk1 ; diver:U1|m_clk1 ; 1.000        ; -0.056     ; 1.515      ;
; -0.576 ; count_sec:U17|num0[0]  ; count_sec:U17|num1[0]  ; diver:U1|m_clk1 ; diver:U1|m_clk1 ; 1.000        ; -0.056     ; 1.515      ;
; -0.544 ; count_hour:U19|num0[1] ; count_hour:U19|num1[3] ; diver:U1|m_clk1 ; diver:U1|m_clk1 ; 1.000        ; -0.056     ; 1.483      ;
; -0.542 ; count_sec:U17|num1[0]  ; count_sec:U17|num1[3]  ; diver:U1|m_clk1 ; diver:U1|m_clk1 ; 1.000        ; -0.057     ; 1.480      ;
; -0.541 ; count_hour:U19|num0[1] ; count_hour:U19|num1[2] ; diver:U1|m_clk1 ; diver:U1|m_clk1 ; 1.000        ; -0.056     ; 1.480      ;
; -0.537 ; count_min:U3|num0[3]   ; count_min:U3|num1[0]   ; diver:U1|m_clk1 ; diver:U1|m_clk1 ; 1.000        ; -0.077     ; 1.455      ;
; -0.537 ; count_min:U3|num0[3]   ; count_min:U3|num1[1]   ; diver:U1|m_clk1 ; diver:U1|m_clk1 ; 1.000        ; -0.077     ; 1.455      ;
; -0.537 ; count_min:U3|num0[3]   ; count_min:U3|num1[2]   ; diver:U1|m_clk1 ; diver:U1|m_clk1 ; 1.000        ; -0.077     ; 1.455      ;
; -0.514 ; count_hour:U4|num0[1]  ; count_hour:U4|num1[0]  ; diver:U1|m_clk1 ; diver:U1|m_clk1 ; 1.000        ; -0.055     ; 1.454      ;
; -0.514 ; count_hour:U4|num0[1]  ; count_hour:U4|num1[1]  ; diver:U1|m_clk1 ; diver:U1|m_clk1 ; 1.000        ; -0.055     ; 1.454      ;
; -0.465 ; count_hour:U19|num1[0] ; count_hour:U19|num1[3] ; diver:U1|m_clk1 ; diver:U1|m_clk1 ; 1.000        ; -0.056     ; 1.404      ;
; -0.433 ; count_sec:U17|num1[2]  ; count_sec:U17|num1[3]  ; diver:U1|m_clk1 ; diver:U1|m_clk1 ; 1.000        ; -0.057     ; 1.371      ;
; -0.428 ; count_min:U18|num0[2]  ; count_min:U18|num1[3]  ; diver:U1|m_clk1 ; diver:U1|m_clk1 ; 1.000        ; -0.055     ; 1.368      ;
; -0.416 ; count_min:U3|num0[2]   ; count_min:U3|num1[0]   ; diver:U1|m_clk1 ; diver:U1|m_clk1 ; 1.000        ; -0.077     ; 1.334      ;
; -0.416 ; count_min:U3|num0[2]   ; count_min:U3|num1[1]   ; diver:U1|m_clk1 ; diver:U1|m_clk1 ; 1.000        ; -0.077     ; 1.334      ;
; -0.416 ; count_min:U3|num0[2]   ; count_min:U3|num1[2]   ; diver:U1|m_clk1 ; diver:U1|m_clk1 ; 1.000        ; -0.077     ; 1.334      ;
; -0.401 ; count_min:U3|num1[1]   ; count_min:U3|num1[3]   ; diver:U1|m_clk1 ; diver:U1|m_clk1 ; 1.000        ; -0.005     ; 1.391      ;
; -0.399 ; count_min:U18|num0[1]  ; count_min:U18|num1[3]  ; diver:U1|m_clk1 ; diver:U1|m_clk1 ; 1.000        ; -0.055     ; 1.339      ;
; -0.393 ; count_hour:U4|num0[3]  ; count_hour:U4|num1[0]  ; diver:U1|m_clk1 ; diver:U1|m_clk1 ; 1.000        ; -0.055     ; 1.333      ;
; -0.393 ; count_hour:U4|num0[3]  ; count_hour:U4|num1[1]  ; diver:U1|m_clk1 ; diver:U1|m_clk1 ; 1.000        ; -0.055     ; 1.333      ;
; -0.387 ; count_min:U3|num1[0]   ; count_min:U3|num1[3]   ; diver:U1|m_clk1 ; diver:U1|m_clk1 ; 1.000        ; -0.005     ; 1.377      ;
; -0.382 ; count_min:U3|num0[1]   ; count_min:U3|num1[3]   ; diver:U1|m_clk1 ; diver:U1|m_clk1 ; 1.000        ; -0.039     ; 1.338      ;
; -0.357 ; count_sec:U17|num0[3]  ; count_sec:U17|num1[3]  ; diver:U1|m_clk1 ; diver:U1|m_clk1 ; 1.000        ; -0.057     ; 1.295      ;
; -0.353 ; count_hour:U4|num1[0]  ; count_hour:U4|num1[3]  ; diver:U1|m_clk1 ; diver:U1|m_clk1 ; 1.000        ; -0.055     ; 1.293      ;
; -0.348 ; trigger:U21|temp       ; count_hour:U19|num1[0] ; clk             ; diver:U1|m_clk1 ; 0.500        ; 1.341      ; 2.174      ;
; -0.348 ; trigger:U21|temp       ; count_hour:U19|num1[1] ; clk             ; diver:U1|m_clk1 ; 0.500        ; 1.341      ; 2.174      ;
; -0.347 ; count_min:U3|num0[0]   ; count_min:U3|num1[3]   ; diver:U1|m_clk1 ; diver:U1|m_clk1 ; 1.000        ; -0.039     ; 1.303      ;
; -0.345 ; count_min:U18|num0[0]  ; count_min:U18|num1[3]  ; diver:U1|m_clk1 ; diver:U1|m_clk1 ; 1.000        ; -0.055     ; 1.285      ;
; -0.337 ; count_hour:U19|num1[1] ; count_hour:U19|num1[3] ; diver:U1|m_clk1 ; diver:U1|m_clk1 ; 1.000        ; -0.056     ; 1.276      ;
; -0.334 ; count_min:U18|num1[2]  ; count_min:U18|num1[3]  ; diver:U1|m_clk1 ; diver:U1|m_clk1 ; 1.000        ; -0.056     ; 1.273      ;
; -0.334 ; count_sec:U17|num0[2]  ; count_sec:U17|num1[3]  ; diver:U1|m_clk1 ; diver:U1|m_clk1 ; 1.000        ; -0.056     ; 1.273      ;
; -0.313 ; count_sec:U17|num1[1]  ; count_sec:U17|num1[3]  ; diver:U1|m_clk1 ; diver:U1|m_clk1 ; 1.000        ; -0.057     ; 1.251      ;
; -0.295 ; count_hour:U19|num0[2] ; count_hour:U19|num0[3] ; diver:U1|m_clk1 ; diver:U1|m_clk1 ; 1.000        ; -0.055     ; 1.235      ;
; -0.295 ; trigger:U21|temp       ; count_hour:U19|num1[3] ; clk             ; diver:U1|m_clk1 ; 0.500        ; 1.341      ; 2.121      ;
; -0.292 ; trigger:U21|temp       ; count_hour:U19|num1[2] ; clk             ; diver:U1|m_clk1 ; 0.500        ; 1.341      ; 2.118      ;
; -0.265 ; count_hour:U19|num0[1] ; count_hour:U19|num0[3] ; diver:U1|m_clk1 ; diver:U1|m_clk1 ; 1.000        ; -0.056     ; 1.204      ;
; -0.254 ; count_sec:U17|num0[0]  ; count_sec:U17|num1[3]  ; diver:U1|m_clk1 ; diver:U1|m_clk1 ; 1.000        ; -0.057     ; 1.192      ;
; -0.251 ; count_min:U18|num1[1]  ; count_min:U18|num1[3]  ; diver:U1|m_clk1 ; diver:U1|m_clk1 ; 1.000        ; -0.056     ; 1.190      ;
; -0.240 ; count_hour:U4|num0[2]  ; count_hour:U4|num0[3]  ; diver:U1|m_clk1 ; diver:U1|m_clk1 ; 1.000        ; -0.055     ; 1.180      ;
; -0.239 ; count_hour:U4|num0[0]  ; count_hour:U4|num1[2]  ; diver:U1|m_clk1 ; diver:U1|m_clk1 ; 1.000        ; -0.055     ; 1.179      ;
; -0.239 ; count_hour:U4|num0[0]  ; count_hour:U4|num1[3]  ; diver:U1|m_clk1 ; diver:U1|m_clk1 ; 1.000        ; -0.055     ; 1.179      ;
; -0.238 ; count_sec:U17|num0[0]  ; count_sec:U17|num0[2]  ; diver:U1|m_clk1 ; diver:U1|m_clk1 ; 1.000        ; -0.057     ; 1.176      ;
; -0.237 ; count_min:U3|num1[1]   ; count_min:U3|num1[2]   ; diver:U1|m_clk1 ; diver:U1|m_clk1 ; 1.000        ; -0.037     ; 1.195      ;
; -0.235 ; count_hour:U4|num0[2]  ; count_hour:U4|num1[3]  ; diver:U1|m_clk1 ; diver:U1|m_clk1 ; 1.000        ; -0.055     ; 1.175      ;
; -0.235 ; count_hour:U4|num0[2]  ; count_hour:U4|num1[2]  ; diver:U1|m_clk1 ; diver:U1|m_clk1 ; 1.000        ; -0.055     ; 1.175      ;
; -0.228 ; count_min:U3|num0[3]   ; count_min:U3|num1[3]   ; diver:U1|m_clk1 ; diver:U1|m_clk1 ; 1.000        ; -0.039     ; 1.184      ;
; -0.213 ; count_hour:U4|num1[1]  ; count_hour:U4|num1[3]  ; diver:U1|m_clk1 ; diver:U1|m_clk1 ; 1.000        ; -0.055     ; 1.153      ;
; -0.211 ; trigger:U21|temp       ; count_sec:U17|num1[0]  ; clk             ; diver:U1|m_clk1 ; 0.500        ; 1.345      ; 2.041      ;
; -0.211 ; trigger:U21|temp       ; count_sec:U17|num1[1]  ; clk             ; diver:U1|m_clk1 ; 0.500        ; 1.345      ; 2.041      ;
; -0.211 ; trigger:U21|temp       ; count_sec:U17|num1[2]  ; clk             ; diver:U1|m_clk1 ; 0.500        ; 1.345      ; 2.041      ;
; -0.205 ; count_min:U18|num0[3]  ; count_min:U18|num1[3]  ; diver:U1|m_clk1 ; diver:U1|m_clk1 ; 1.000        ; -0.055     ; 1.145      ;
; -0.179 ; trigger:U21|temp       ; count_min:U18|num1[0]  ; clk             ; diver:U1|m_clk1 ; 0.500        ; 1.346      ; 2.010      ;
; -0.179 ; trigger:U21|temp       ; count_min:U18|num1[1]  ; clk             ; diver:U1|m_clk1 ; 0.500        ; 1.346      ; 2.010      ;
; -0.179 ; trigger:U21|temp       ; count_min:U18|num1[2]  ; clk             ; diver:U1|m_clk1 ; 0.500        ; 1.346      ; 2.010      ;
+--------+------------------------+------------------------+-----------------+-----------------+--------------+------------+------------+


+-----------------------------------------------------------------------------------------------------------------------------------+
; Slow 1200mV 0C Model Setup: 'diver:U1|m_clk0'                                                                                     ;
+--------+----------------------+----------------------+-----------------+-----------------+--------------+------------+------------+
; Slack  ; From Node            ; To Node              ; Launch Clock    ; Latch Clock     ; Relationship ; Clock Skew ; Data Delay ;
+--------+----------------------+----------------------+-----------------+-----------------+--------------+------------+------------+
; -0.684 ; count_sec:U2|num0[0] ; count_sec:U2|num1[0] ; diver:U1|m_clk0 ; diver:U1|m_clk0 ; 1.000        ; -0.074     ; 1.625      ;
; -0.684 ; count_sec:U2|num0[0] ; count_sec:U2|num1[1] ; diver:U1|m_clk0 ; diver:U1|m_clk0 ; 1.000        ; -0.074     ; 1.625      ;
; -0.684 ; count_sec:U2|num0[0] ; count_sec:U2|num1[2] ; diver:U1|m_clk0 ; diver:U1|m_clk0 ; 1.000        ; -0.074     ; 1.625      ;
; -0.653 ; count_sec:U2|num0[3] ; count_sec:U2|num1[0] ; diver:U1|m_clk0 ; diver:U1|m_clk0 ; 1.000        ; -0.074     ; 1.594      ;
; -0.653 ; count_sec:U2|num0[3] ; count_sec:U2|num1[1] ; diver:U1|m_clk0 ; diver:U1|m_clk0 ; 1.000        ; -0.074     ; 1.594      ;
; -0.653 ; count_sec:U2|num0[3] ; count_sec:U2|num1[2] ; diver:U1|m_clk0 ; diver:U1|m_clk0 ; 1.000        ; -0.074     ; 1.594      ;
; -0.480 ; count_sec:U2|num0[1] ; count_sec:U2|num1[0] ; diver:U1|m_clk0 ; diver:U1|m_clk0 ; 1.000        ; -0.074     ; 1.421      ;
; -0.480 ; count_sec:U2|num0[1] ; count_sec:U2|num1[1] ; diver:U1|m_clk0 ; diver:U1|m_clk0 ; 1.000        ; -0.074     ; 1.421      ;
; -0.480 ; count_sec:U2|num0[1] ; count_sec:U2|num1[2] ; diver:U1|m_clk0 ; diver:U1|m_clk0 ; 1.000        ; -0.074     ; 1.421      ;
; -0.474 ; count_sec:U2|num0[0] ; count_sec:U2|num1[3] ; diver:U1|m_clk0 ; diver:U1|m_clk0 ; 1.000        ; -0.040     ; 1.449      ;
; -0.443 ; count_sec:U2|num0[3] ; count_sec:U2|num1[3] ; diver:U1|m_clk0 ; diver:U1|m_clk0 ; 1.000        ; -0.040     ; 1.418      ;
; -0.387 ; count_sec:U2|num0[2] ; count_sec:U2|num1[0] ; diver:U1|m_clk0 ; diver:U1|m_clk0 ; 1.000        ; -0.074     ; 1.328      ;
; -0.387 ; count_sec:U2|num0[2] ; count_sec:U2|num1[1] ; diver:U1|m_clk0 ; diver:U1|m_clk0 ; 1.000        ; -0.074     ; 1.328      ;
; -0.387 ; count_sec:U2|num0[2] ; count_sec:U2|num1[2] ; diver:U1|m_clk0 ; diver:U1|m_clk0 ; 1.000        ; -0.074     ; 1.328      ;
; -0.298 ; count_sec:U2|num1[2] ; count_sec:U2|num1[3] ; diver:U1|m_clk0 ; diver:U1|m_clk0 ; 1.000        ; -0.051     ; 1.262      ;
; -0.296 ; count_sec:U2|num1[0] ; count_sec:U2|num1[3] ; diver:U1|m_clk0 ; diver:U1|m_clk0 ; 1.000        ; -0.051     ; 1.260      ;
; -0.258 ; count_sec:U2|num0[1] ; count_sec:U2|num1[3] ; diver:U1|m_clk0 ; diver:U1|m_clk0 ; 1.000        ; -0.040     ; 1.233      ;
; -0.242 ; count_sec:U2|num0[2] ; count_sec:U2|num0[3] ; diver:U1|m_clk0 ; diver:U1|m_clk0 ; 1.000        ; -0.040     ; 1.217      ;
; -0.210 ; count_sec:U2|num0[2] ; count_sec:U2|num0[1] ; diver:U1|m_clk0 ; diver:U1|m_clk0 ; 1.000        ; -0.040     ; 1.185      ;
; -0.201 ; count_sec:U2|num1[3] ; count_sec:U2|num1[1] ; diver:U1|m_clk0 ; diver:U1|m_clk0 ; 1.000        ; -0.074     ; 1.142      ;
; -0.179 ; count_sec:U2|num1[3] ; count_sec:U2|num1[2] ; diver:U1|m_clk0 ; diver:U1|m_clk0 ; 1.000        ; -0.074     ; 1.120      ;
; -0.165 ; count_sec:U2|num0[2] ; count_sec:U2|num1[3] ; diver:U1|m_clk0 ; diver:U1|m_clk0 ; 1.000        ; -0.040     ; 1.140      ;
; -0.082 ; count_sec:U2|num1[1] ; count_sec:U2|num1[3] ; diver:U1|m_clk0 ; diver:U1|m_clk0 ; 1.000        ; -0.051     ; 1.046      ;
; 0.040  ; count_sec:U2|num0[0] ; count_sec:U2|num0[1] ; diver:U1|m_clk0 ; diver:U1|m_clk0 ; 1.000        ; -0.040     ; 0.935      ;
; 0.062  ; count_sec:U2|num1[0] ; count_sec:U2|num1[1] ; diver:U1|m_clk0 ; diver:U1|m_clk0 ; 1.000        ; -0.039     ; 0.914      ;
; 0.079  ; count_sec:U2|num0[0] ; count_sec:U2|num0[3] ; diver:U1|m_clk0 ; diver:U1|m_clk0 ; 1.000        ; -0.040     ; 0.896      ;
; 0.088  ; count_sec:U2|num0[0] ; count_sec:U2|num0[2] ; diver:U1|m_clk0 ; diver:U1|m_clk0 ; 1.000        ; -0.040     ; 0.887      ;
; 0.103  ; count_sec:U2|num1[1] ; count_sec:U2|num1[2] ; diver:U1|m_clk0 ; diver:U1|m_clk0 ; 1.000        ; -0.039     ; 0.873      ;
; 0.204  ; count_sec:U2|num0[1] ; count_sec:U2|num0[3] ; diver:U1|m_clk0 ; diver:U1|m_clk0 ; 1.000        ; -0.040     ; 0.771      ;
; 0.206  ; count_sec:U2|num0[1] ; count_sec:U2|num0[2] ; diver:U1|m_clk0 ; diver:U1|m_clk0 ; 1.000        ; -0.040     ; 0.769      ;
; 0.311  ; count_sec:U2|num1[2] ; count_sec:U2|num1[1] ; diver:U1|m_clk0 ; diver:U1|m_clk0 ; 1.000        ; -0.039     ; 0.665      ;
; 0.314  ; count_sec:U2|num1[0] ; count_sec:U2|num1[2] ; diver:U1|m_clk0 ; diver:U1|m_clk0 ; 1.000        ; -0.039     ; 0.662      ;
; 0.324  ; count_sec:U2|num0[3] ; count_sec:U2|num0[1] ; diver:U1|m_clk0 ; diver:U1|m_clk0 ; 1.000        ; -0.040     ; 0.651      ;
; 0.398  ; count_sec:U2|num0[0] ; count_sec:U2|num0[0] ; diver:U1|m_clk0 ; diver:U1|m_clk0 ; 1.000        ; -0.034     ; 0.583      ;
; 0.398  ; count_sec:U2|num0[2] ; count_sec:U2|num0[2] ; diver:U1|m_clk0 ; diver:U1|m_clk0 ; 1.000        ; -0.034     ; 0.583      ;
; 0.398  ; count_sec:U2|num0[3] ; count_sec:U2|num0[3] ; diver:U1|m_clk0 ; diver:U1|m_clk0 ; 1.000        ; -0.034     ; 0.583      ;
; 0.398  ; count_sec:U2|num0[1] ; count_sec:U2|num0[1] ; diver:U1|m_clk0 ; diver:U1|m_clk0 ; 1.000        ; -0.034     ; 0.583      ;
; 0.398  ; count_sec:U2|num1[0] ; count_sec:U2|num1[0] ; diver:U1|m_clk0 ; diver:U1|m_clk0 ; 1.000        ; -0.034     ; 0.583      ;
; 0.398  ; count_sec:U2|num1[3] ; count_sec:U2|num1[3] ; diver:U1|m_clk0 ; diver:U1|m_clk0 ; 1.000        ; -0.034     ; 0.583      ;
; 0.398  ; count_sec:U2|num1[2] ; count_sec:U2|num1[2] ; diver:U1|m_clk0 ; diver:U1|m_clk0 ; 1.000        ; -0.034     ; 0.583      ;
; 0.398  ; count_sec:U2|num1[1] ; count_sec:U2|num1[1] ; diver:U1|m_clk0 ; diver:U1|m_clk0 ; 1.000        ; -0.034     ; 0.583      ;
+--------+----------------------+----------------------+-----------------+-----------------+--------------+------------+------------+


+-------------------------------------------------------------------------------------------------------------------------+
; Slow 1200mV 0C Model Setup: 'clk'                                                                                       ;
+--------+-------------------+-------------------+-----------------+-------------+--------------+------------+------------+
; Slack  ; From Node         ; To Node           ; Launch Clock    ; Latch Clock ; Relationship ; Clock Skew ; Data Delay ;
+--------+-------------------+-------------------+-----------------+-------------+--------------+------------+------------+
; -0.096 ; diver:U1|cnt_0[0] ; diver:U1|m_clk0   ; clk             ; clk         ; 1.000        ; -0.057     ; 1.034      ;
; -0.017 ; diver:U1|m_clk1   ; diver:U1|m_clk1   ; diver:U1|m_clk1 ; clk         ; 0.500        ; 1.909      ; 2.591      ;
; 0.021  ; diver:U1|cnt_0[1] ; diver:U1|m_clk0   ; clk             ; clk         ; 1.000        ; -0.057     ; 0.917      ;
; 0.050  ; diver:U1|m_clk0   ; diver:U1|m_clk0   ; diver:U1|m_clk0 ; clk         ; 0.500        ; 1.908      ; 2.533      ;
; 0.190  ; diver:U1|cnt_0[1] ; diver:U1|cnt_0[0] ; clk             ; clk         ; 1.000        ; -0.057     ; 0.748      ;
; 0.199  ; diver:U1|cnt_0[0] ; diver:U1|cnt_0[1] ; clk             ; clk         ; 1.000        ; -0.057     ; 0.739      ;
; 0.355  ; diver:U1|cnt_0[1] ; diver:U1|cnt_0[1] ; clk             ; clk         ; 1.000        ; -0.057     ; 0.583      ;
; 0.355  ; diver:U1|cnt_0[0] ; diver:U1|cnt_0[0] ; clk             ; clk         ; 1.000        ; -0.057     ; 0.583      ;
; 0.378  ; trigger:U21|temp  ; trigger:U21|temp  ; clk             ; clk         ; 1.000        ; -0.034     ; 0.583      ;
; 0.536  ; diver:U1|m_clk1   ; diver:U1|m_clk1   ; diver:U1|m_clk1 ; clk         ; 1.000        ; 1.909      ; 2.538      ;
; 0.596  ; diver:U1|m_clk0   ; diver:U1|m_clk0   ; diver:U1|m_clk0 ; clk         ; 1.000        ; 1.908      ; 2.487      ;
+--------+-------------------+-------------------+-----------------+-------------+--------------+------------+------------+


+------------------------------------------------------------------------------------------------------------------------+
; Slow 1200mV 0C Model Hold: 'clk'                                                                                       ;
+-------+-------------------+-------------------+-----------------+-------------+--------------+------------+------------+
; Slack ; From Node         ; To Node           ; Launch Clock    ; Latch Clock ; Relationship ; Clock Skew ; Data Delay ;
+-------+-------------------+-------------------+-----------------+-------------+--------------+------------+------------+
; 0.006 ; diver:U1|m_clk0   ; diver:U1|m_clk0   ; diver:U1|m_clk0 ; clk         ; 0.000        ; 1.975      ; 2.325      ;
; 0.035 ; diver:U1|m_clk1   ; diver:U1|m_clk1   ; diver:U1|m_clk1 ; clk         ; 0.000        ; 1.976      ; 2.365      ;
; 0.318 ; diver:U1|cnt_0[1] ; diver:U1|cnt_0[1] ; clk             ; clk         ; 0.000        ; 0.057      ; 0.519      ;
; 0.318 ; diver:U1|cnt_0[0] ; diver:U1|cnt_0[0] ; clk             ; clk         ; 0.000        ; 0.057      ; 0.519      ;
; 0.333 ; trigger:U21|temp  ; trigger:U21|temp  ; clk             ; clk         ; 0.000        ; 0.034      ; 0.511      ;
; 0.470 ; diver:U1|cnt_0[1] ; diver:U1|cnt_0[0] ; clk             ; clk         ; 0.000        ; 0.057      ; 0.671      ;
; 0.489 ; diver:U1|cnt_0[0] ; diver:U1|cnt_0[1] ; clk             ; clk         ; 0.000        ; 0.057      ; 0.690      ;
; 0.528 ; diver:U1|m_clk0   ; diver:U1|m_clk0   ; diver:U1|m_clk0 ; clk         ; -0.500       ; 1.975      ; 2.347      ;
; 0.584 ; diver:U1|m_clk1   ; diver:U1|m_clk1   ; diver:U1|m_clk1 ; clk         ; -0.500       ; 1.976      ; 2.414      ;
; 0.613 ; diver:U1|cnt_0[1] ; diver:U1|m_clk0   ; clk             ; clk         ; 0.000        ; 0.057      ; 0.814      ;
; 0.705 ; diver:U1|cnt_0[0] ; diver:U1|m_clk0   ; clk             ; clk         ; 0.000        ; 0.057      ; 0.906      ;
+-------+-------------------+-------------------+-----------------+-------------+--------------+------------+------------+


+--------------------------------------------------------------------------------------------------------------------------------------+
; Slow 1200mV 0C Model Hold: 'diver:U1|m_clk1'                                                                                         ;
+-------+------------------------+------------------------+-----------------+-----------------+--------------+------------+------------+
; Slack ; From Node              ; To Node                ; Launch Clock    ; Latch Clock     ; Relationship ; Clock Skew ; Data Delay ;
+-------+------------------------+------------------------+-----------------+-----------------+--------------+------------+------------+
; 0.311 ; count_hour:U19|num1[3] ; count_hour:U19|num1[3] ; diver:U1|m_clk1 ; diver:U1|m_clk1 ; 0.000        ; 0.056      ; 0.511      ;
; 0.311 ; count_hour:U19|num1[1] ; count_hour:U19|num1[1] ; diver:U1|m_clk1 ; diver:U1|m_clk1 ; 0.000        ; 0.056      ; 0.511      ;
; 0.311 ; count_hour:U19|num1[2] ; count_hour:U19|num1[2] ; diver:U1|m_clk1 ; diver:U1|m_clk1 ; 0.000        ; 0.056      ; 0.511      ;
; 0.311 ; count_hour:U19|num0[1] ; count_hour:U19|num0[1] ; diver:U1|m_clk1 ; diver:U1|m_clk1 ; 0.000        ; 0.056      ; 0.511      ;
; 0.311 ; count_min:U18|num1[2]  ; count_min:U18|num1[2]  ; diver:U1|m_clk1 ; diver:U1|m_clk1 ; 0.000        ; 0.056      ; 0.511      ;
; 0.311 ; count_min:U18|num1[1]  ; count_min:U18|num1[1]  ; diver:U1|m_clk1 ; diver:U1|m_clk1 ; 0.000        ; 0.056      ; 0.511      ;
; 0.311 ; count_sec:U17|num1[2]  ; count_sec:U17|num1[2]  ; diver:U1|m_clk1 ; diver:U1|m_clk1 ; 0.000        ; 0.056      ; 0.511      ;
; 0.311 ; count_sec:U17|num1[3]  ; count_sec:U17|num1[3]  ; diver:U1|m_clk1 ; diver:U1|m_clk1 ; 0.000        ; 0.056      ; 0.511      ;
; 0.311 ; count_sec:U17|num1[1]  ; count_sec:U17|num1[1]  ; diver:U1|m_clk1 ; diver:U1|m_clk1 ; 0.000        ; 0.056      ; 0.511      ;
; 0.311 ; count_sec:U17|num0[1]  ; count_sec:U17|num0[1]  ; diver:U1|m_clk1 ; diver:U1|m_clk1 ; 0.000        ; 0.056      ; 0.511      ;
; 0.311 ; count_sec:U17|num0[2]  ; count_sec:U17|num0[2]  ; diver:U1|m_clk1 ; diver:U1|m_clk1 ; 0.000        ; 0.056      ; 0.511      ;
; 0.311 ; count_sec:U17|num0[3]  ; count_sec:U17|num0[3]  ; diver:U1|m_clk1 ; diver:U1|m_clk1 ; 0.000        ; 0.056      ; 0.511      ;
; 0.312 ; count_hour:U4|num1[1]  ; count_hour:U4|num1[1]  ; diver:U1|m_clk1 ; diver:U1|m_clk1 ; 0.000        ; 0.055      ; 0.511      ;
; 0.312 ; count_hour:U4|num1[2]  ; count_hour:U4|num1[2]  ; diver:U1|m_clk1 ; diver:U1|m_clk1 ; 0.000        ; 0.055      ; 0.511      ;
; 0.312 ; count_hour:U4|num1[3]  ; count_hour:U4|num1[3]  ; diver:U1|m_clk1 ; diver:U1|m_clk1 ; 0.000        ; 0.055      ; 0.511      ;
; 0.312 ; count_hour:U4|num0[2]  ; count_hour:U4|num0[2]  ; diver:U1|m_clk1 ; diver:U1|m_clk1 ; 0.000        ; 0.055      ; 0.511      ;
; 0.312 ; count_hour:U4|num0[3]  ; count_hour:U4|num0[3]  ; diver:U1|m_clk1 ; diver:U1|m_clk1 ; 0.000        ; 0.055      ; 0.511      ;
; 0.312 ; count_hour:U4|num0[1]  ; count_hour:U4|num0[1]  ; diver:U1|m_clk1 ; diver:U1|m_clk1 ; 0.000        ; 0.055      ; 0.511      ;
; 0.312 ; count_hour:U19|num0[3] ; count_hour:U19|num0[3] ; diver:U1|m_clk1 ; diver:U1|m_clk1 ; 0.000        ; 0.055      ; 0.511      ;
; 0.312 ; count_hour:U19|num0[2] ; count_hour:U19|num0[2] ; diver:U1|m_clk1 ; diver:U1|m_clk1 ; 0.000        ; 0.055      ; 0.511      ;
; 0.312 ; count_min:U18|num1[3]  ; count_min:U18|num1[3]  ; diver:U1|m_clk1 ; diver:U1|m_clk1 ; 0.000        ; 0.055      ; 0.511      ;
; 0.312 ; count_min:U18|num0[1]  ; count_min:U18|num0[1]  ; diver:U1|m_clk1 ; diver:U1|m_clk1 ; 0.000        ; 0.055      ; 0.511      ;
; 0.312 ; count_min:U18|num0[3]  ; count_min:U18|num0[3]  ; diver:U1|m_clk1 ; diver:U1|m_clk1 ; 0.000        ; 0.055      ; 0.511      ;
; 0.312 ; count_min:U18|num0[2]  ; count_min:U18|num0[2]  ; diver:U1|m_clk1 ; diver:U1|m_clk1 ; 0.000        ; 0.055      ; 0.511      ;
; 0.313 ; trigger:U21|temp       ; count_min:U18|num0[2]  ; clk             ; diver:U1|m_clk1 ; -0.500       ; 1.593      ; 1.580      ;
; 0.315 ; trigger:U21|temp       ; count_min:U18|num1[3]  ; clk             ; diver:U1|m_clk1 ; -0.500       ; 1.593      ; 1.582      ;
; 0.319 ; count_hour:U19|num1[0] ; count_hour:U19|num1[0] ; diver:U1|m_clk1 ; diver:U1|m_clk1 ; 0.000        ; 0.056      ; 0.519      ;
; 0.319 ; count_min:U18|num1[0]  ; count_min:U18|num1[0]  ; diver:U1|m_clk1 ; diver:U1|m_clk1 ; 0.000        ; 0.056      ; 0.519      ;
; 0.319 ; count_sec:U17|num1[0]  ; count_sec:U17|num1[0]  ; diver:U1|m_clk1 ; diver:U1|m_clk1 ; 0.000        ; 0.056      ; 0.519      ;
; 0.319 ; count_sec:U17|num0[0]  ; count_sec:U17|num0[0]  ; diver:U1|m_clk1 ; diver:U1|m_clk1 ; 0.000        ; 0.056      ; 0.519      ;
; 0.320 ; count_hour:U4|num1[0]  ; count_hour:U4|num1[0]  ; diver:U1|m_clk1 ; diver:U1|m_clk1 ; 0.000        ; 0.055      ; 0.519      ;
; 0.320 ; count_hour:U4|num0[0]  ; count_hour:U4|num0[0]  ; diver:U1|m_clk1 ; diver:U1|m_clk1 ; 0.000        ; 0.055      ; 0.519      ;
; 0.320 ; count_hour:U19|num0[0] ; count_hour:U19|num0[0] ; diver:U1|m_clk1 ; diver:U1|m_clk1 ; 0.000        ; 0.055      ; 0.519      ;
; 0.320 ; count_min:U18|num0[0]  ; count_min:U18|num0[0]  ; diver:U1|m_clk1 ; diver:U1|m_clk1 ; 0.000        ; 0.055      ; 0.519      ;
; 0.333 ; count_min:U3|num0[2]   ; count_min:U3|num0[2]   ; diver:U1|m_clk1 ; diver:U1|m_clk1 ; 0.000        ; 0.034      ; 0.511      ;
; 0.333 ; count_min:U3|num0[3]   ; count_min:U3|num0[3]   ; diver:U1|m_clk1 ; diver:U1|m_clk1 ; 0.000        ; 0.034      ; 0.511      ;
; 0.333 ; count_min:U3|num0[1]   ; count_min:U3|num0[1]   ; diver:U1|m_clk1 ; diver:U1|m_clk1 ; 0.000        ; 0.034      ; 0.511      ;
; 0.333 ; count_min:U3|num1[2]   ; count_min:U3|num1[2]   ; diver:U1|m_clk1 ; diver:U1|m_clk1 ; 0.000        ; 0.034      ; 0.511      ;
; 0.333 ; count_min:U3|num1[3]   ; count_min:U3|num1[3]   ; diver:U1|m_clk1 ; diver:U1|m_clk1 ; 0.000        ; 0.034      ; 0.511      ;
; 0.333 ; count_min:U3|num1[1]   ; count_min:U3|num1[1]   ; diver:U1|m_clk1 ; diver:U1|m_clk1 ; 0.000        ; 0.034      ; 0.511      ;
; 0.341 ; count_min:U3|num0[0]   ; count_min:U3|num0[0]   ; diver:U1|m_clk1 ; diver:U1|m_clk1 ; 0.000        ; 0.034      ; 0.519      ;
; 0.341 ; count_min:U3|num1[0]   ; count_min:U3|num1[0]   ; diver:U1|m_clk1 ; diver:U1|m_clk1 ; 0.000        ; 0.034      ; 0.519      ;
; 0.352 ; count_min:U18|num1[0]  ; count_min:U18|num1[1]  ; diver:U1|m_clk1 ; diver:U1|m_clk1 ; 0.000        ; 0.056      ; 0.552      ;
; 0.352 ; count_min:U18|num0[3]  ; count_min:U18|num0[1]  ; diver:U1|m_clk1 ; diver:U1|m_clk1 ; 0.000        ; 0.055      ; 0.551      ;
; 0.353 ; count_sec:U17|num1[1]  ; count_sec:U17|num1[2]  ; diver:U1|m_clk1 ; diver:U1|m_clk1 ; 0.000        ; 0.056      ; 0.553      ;
; 0.355 ; count_hour:U19|num1[2] ; count_hour:U19|num1[3] ; diver:U1|m_clk1 ; diver:U1|m_clk1 ; 0.000        ; 0.056      ; 0.555      ;
; 0.357 ; count_min:U18|num1[0]  ; count_min:U18|num1[2]  ; diver:U1|m_clk1 ; diver:U1|m_clk1 ; 0.000        ; 0.056      ; 0.557      ;
; 0.359 ; count_hour:U4|num1[1]  ; count_hour:U4|num1[0]  ; diver:U1|m_clk1 ; diver:U1|m_clk1 ; 0.000        ; 0.055      ; 0.558      ;
; 0.361 ; count_sec:U17|num1[0]  ; count_sec:U17|num1[1]  ; diver:U1|m_clk1 ; diver:U1|m_clk1 ; 0.000        ; 0.056      ; 0.561      ;
; 0.363 ; count_hour:U4|num1[3]  ; count_hour:U4|num1[1]  ; diver:U1|m_clk1 ; diver:U1|m_clk1 ; 0.000        ; 0.055      ; 0.562      ;
; 0.363 ; count_hour:U19|num1[2] ; count_hour:U19|num1[0] ; diver:U1|m_clk1 ; diver:U1|m_clk1 ; 0.000        ; 0.056      ; 0.563      ;
; 0.364 ; count_hour:U19|num1[2] ; count_hour:U19|num1[1] ; diver:U1|m_clk1 ; diver:U1|m_clk1 ; 0.000        ; 0.056      ; 0.564      ;
; 0.366 ; count_hour:U19|num0[0] ; count_hour:U19|num0[2] ; diver:U1|m_clk1 ; diver:U1|m_clk1 ; 0.000        ; 0.055      ; 0.565      ;
; 0.368 ; count_min:U18|num0[1]  ; count_min:U18|num0[2]  ; diver:U1|m_clk1 ; diver:U1|m_clk1 ; 0.000        ; 0.055      ; 0.567      ;
; 0.376 ; count_min:U3|num0[0]   ; count_min:U3|num0[1]   ; diver:U1|m_clk1 ; diver:U1|m_clk1 ; 0.000        ; 0.039      ; 0.559      ;
; 0.378 ; count_min:U3|num0[0]   ; count_min:U3|num0[2]   ; diver:U1|m_clk1 ; diver:U1|m_clk1 ; 0.000        ; 0.039      ; 0.561      ;
; 0.400 ; trigger:U21|temp       ; count_hour:U19|num0[3] ; clk             ; diver:U1|m_clk1 ; -0.500       ; 1.588      ; 1.662      ;
; 0.418 ; trigger:U21|temp       ; count_sec:U17|num1[3]  ; clk             ; diver:U1|m_clk1 ; -0.500       ; 1.592      ; 1.684      ;
; 0.419 ; trigger:U21|temp       ; count_sec:U17|num0[2]  ; clk             ; diver:U1|m_clk1 ; -0.500       ; 1.592      ; 1.685      ;
; 0.420 ; count_min:U3|num1[3]   ; count_min:U3|num1[2]   ; diver:U1|m_clk1 ; diver:U1|m_clk1 ; 0.000        ; 0.005      ; 0.569      ;
; 0.421 ; count_min:U3|num1[3]   ; count_min:U3|num1[1]   ; diver:U1|m_clk1 ; diver:U1|m_clk1 ; 0.000        ; 0.005      ; 0.570      ;
; 0.481 ; count_hour:U19|num1[0] ; count_hour:U19|num1[2] ; diver:U1|m_clk1 ; diver:U1|m_clk1 ; 0.000        ; 0.056      ; 0.681      ;
; 0.484 ; count_sec:U17|num0[1]  ; count_sec:U17|num0[3]  ; diver:U1|m_clk1 ; diver:U1|m_clk1 ; 0.000        ; 0.056      ; 0.684      ;
; 0.496 ; count_hour:U4|num0[1]  ; count_hour:U4|num0[3]  ; diver:U1|m_clk1 ; diver:U1|m_clk1 ; 0.000        ; 0.055      ; 0.695      ;
; 0.517 ; count_sec:U17|num0[1]  ; count_sec:U17|num0[2]  ; diver:U1|m_clk1 ; diver:U1|m_clk1 ; 0.000        ; 0.055      ; 0.716      ;
; 0.518 ; count_min:U18|num1[1]  ; count_min:U18|num1[2]  ; diver:U1|m_clk1 ; diver:U1|m_clk1 ; 0.000        ; 0.056      ; 0.718      ;
; 0.520 ; count_hour:U19|num1[1] ; count_hour:U19|num1[2] ; diver:U1|m_clk1 ; diver:U1|m_clk1 ; 0.000        ; 0.056      ; 0.720      ;
; 0.525 ; count_sec:U17|num1[2]  ; count_sec:U17|num1[1]  ; diver:U1|m_clk1 ; diver:U1|m_clk1 ; 0.000        ; 0.056      ; 0.725      ;
; 0.527 ; count_hour:U4|num1[2]  ; count_hour:U4|num1[3]  ; diver:U1|m_clk1 ; diver:U1|m_clk1 ; 0.000        ; 0.055      ; 0.726      ;
; 0.527 ; count_sec:U17|num0[0]  ; count_sec:U17|num0[1]  ; diver:U1|m_clk1 ; diver:U1|m_clk1 ; 0.000        ; 0.056      ; 0.727      ;
; 0.527 ; count_sec:U17|num0[0]  ; count_sec:U17|num0[3]  ; diver:U1|m_clk1 ; diver:U1|m_clk1 ; 0.000        ; 0.056      ; 0.727      ;
; 0.527 ; trigger:U21|temp       ; count_hour:U19|num0[1] ; clk             ; diver:U1|m_clk1 ; -0.500       ; 1.589      ; 1.790      ;
; 0.528 ; count_sec:U17|num1[0]  ; count_sec:U17|num1[2]  ; diver:U1|m_clk1 ; diver:U1|m_clk1 ; 0.000        ; 0.056      ; 0.728      ;
; 0.530 ; count_hour:U4|num1[1]  ; count_hour:U4|num1[2]  ; diver:U1|m_clk1 ; diver:U1|m_clk1 ; 0.000        ; 0.055      ; 0.729      ;
; 0.534 ; count_hour:U4|num1[3]  ; count_hour:U4|num1[0]  ; diver:U1|m_clk1 ; diver:U1|m_clk1 ; 0.000        ; 0.055      ; 0.733      ;
; 0.534 ; count_min:U18|num1[2]  ; count_min:U18|num1[1]  ; diver:U1|m_clk1 ; diver:U1|m_clk1 ; 0.000        ; 0.056      ; 0.734      ;
; 0.534 ; count_min:U18|num0[0]  ; count_min:U18|num0[1]  ; diver:U1|m_clk1 ; diver:U1|m_clk1 ; 0.000        ; 0.055      ; 0.733      ;
; 0.534 ; count_min:U18|num0[1]  ; count_min:U18|num0[3]  ; diver:U1|m_clk1 ; diver:U1|m_clk1 ; 0.000        ; 0.055      ; 0.733      ;
; 0.536 ; count_hour:U4|num1[0]  ; count_hour:U4|num1[2]  ; diver:U1|m_clk1 ; diver:U1|m_clk1 ; 0.000        ; 0.055      ; 0.735      ;
; 0.539 ; count_min:U3|num0[1]   ; count_min:U3|num0[2]   ; diver:U1|m_clk1 ; diver:U1|m_clk1 ; 0.000        ; 0.039      ; 0.722      ;
; 0.542 ; count_hour:U4|num1[2]  ; count_hour:U4|num1[0]  ; diver:U1|m_clk1 ; diver:U1|m_clk1 ; 0.000        ; 0.055      ; 0.741      ;
; 0.546 ; count_min:U18|num0[2]  ; count_min:U18|num0[1]  ; diver:U1|m_clk1 ; diver:U1|m_clk1 ; 0.000        ; 0.055      ; 0.745      ;
; 0.552 ; count_min:U3|num1[0]   ; count_min:U3|num1[1]   ; diver:U1|m_clk1 ; diver:U1|m_clk1 ; 0.000        ; 0.037      ; 0.733      ;
; 0.552 ; count_min:U3|num1[0]   ; count_min:U3|num1[2]   ; diver:U1|m_clk1 ; diver:U1|m_clk1 ; 0.000        ; 0.037      ; 0.733      ;
; 0.558 ; count_hour:U19|num1[3] ; count_hour:U19|num1[0] ; diver:U1|m_clk1 ; diver:U1|m_clk1 ; 0.000        ; 0.056      ; 0.758      ;
; 0.563 ; count_hour:U19|num1[3] ; count_hour:U19|num1[1] ; diver:U1|m_clk1 ; diver:U1|m_clk1 ; 0.000        ; 0.056      ; 0.763      ;
; 0.576 ; count_hour:U4|num1[2]  ; count_hour:U4|num1[1]  ; diver:U1|m_clk1 ; diver:U1|m_clk1 ; 0.000        ; 0.055      ; 0.775      ;
; 0.589 ; count_hour:U19|num1[1] ; count_hour:U19|num1[0] ; diver:U1|m_clk1 ; diver:U1|m_clk1 ; 0.000        ; 0.056      ; 0.789      ;
; 0.618 ; trigger:U21|temp       ; count_min:U18|num0[0]  ; clk             ; diver:U1|m_clk1 ; -0.500       ; 1.593      ; 1.885      ;
; 0.618 ; trigger:U21|temp       ; count_min:U18|num0[1]  ; clk             ; diver:U1|m_clk1 ; -0.500       ; 1.593      ; 1.885      ;
; 0.618 ; trigger:U21|temp       ; count_min:U18|num0[3]  ; clk             ; diver:U1|m_clk1 ; -0.500       ; 1.593      ; 1.885      ;
; 0.624 ; count_min:U3|num1[2]   ; count_min:U3|num1[1]   ; diver:U1|m_clk1 ; diver:U1|m_clk1 ; 0.000        ; 0.037      ; 0.805      ;
; 0.633 ; count_sec:U17|num1[3]  ; count_sec:U17|num1[1]  ; diver:U1|m_clk1 ; diver:U1|m_clk1 ; 0.000        ; 0.057      ; 0.834      ;
; 0.635 ; count_hour:U19|num0[0] ; count_hour:U19|num0[3] ; diver:U1|m_clk1 ; diver:U1|m_clk1 ; 0.000        ; 0.055      ; 0.834      ;
; 0.639 ; count_hour:U4|num0[3]  ; count_hour:U4|num1[2]  ; diver:U1|m_clk1 ; diver:U1|m_clk1 ; 0.000        ; 0.055      ; 0.838      ;
; 0.639 ; count_hour:U4|num0[3]  ; count_hour:U4|num1[3]  ; diver:U1|m_clk1 ; diver:U1|m_clk1 ; 0.000        ; 0.055      ; 0.838      ;
; 0.650 ; count_hour:U19|num1[0] ; count_hour:U19|num1[1] ; diver:U1|m_clk1 ; diver:U1|m_clk1 ; 0.000        ; 0.056      ; 0.850      ;
; 0.659 ; count_hour:U4|num1[0]  ; count_hour:U4|num1[1]  ; diver:U1|m_clk1 ; diver:U1|m_clk1 ; 0.000        ; 0.055      ; 0.858      ;
; 0.660 ; count_hour:U4|num0[1]  ; count_hour:U4|num0[2]  ; diver:U1|m_clk1 ; diver:U1|m_clk1 ; 0.000        ; 0.055      ; 0.859      ;
; 0.661 ; count_hour:U19|num0[3] ; count_hour:U19|num0[2] ; diver:U1|m_clk1 ; diver:U1|m_clk1 ; 0.000        ; 0.055      ; 0.860      ;
+-------+------------------------+------------------------+-----------------+-----------------+--------------+------------+------------+


+----------------------------------------------------------------------------------------------------------------------------------+
; Slow 1200mV 0C Model Hold: 'diver:U1|m_clk0'                                                                                     ;
+-------+----------------------+----------------------+-----------------+-----------------+--------------+------------+------------+
; Slack ; From Node            ; To Node              ; Launch Clock    ; Latch Clock     ; Relationship ; Clock Skew ; Data Delay ;
+-------+----------------------+----------------------+-----------------+-----------------+--------------+------------+------------+
; 0.333 ; count_sec:U2|num0[2] ; count_sec:U2|num0[2] ; diver:U1|m_clk0 ; diver:U1|m_clk0 ; 0.000        ; 0.034      ; 0.511      ;
; 0.333 ; count_sec:U2|num0[3] ; count_sec:U2|num0[3] ; diver:U1|m_clk0 ; diver:U1|m_clk0 ; 0.000        ; 0.034      ; 0.511      ;
; 0.333 ; count_sec:U2|num1[3] ; count_sec:U2|num1[3] ; diver:U1|m_clk0 ; diver:U1|m_clk0 ; 0.000        ; 0.034      ; 0.511      ;
; 0.333 ; count_sec:U2|num0[1] ; count_sec:U2|num0[1] ; diver:U1|m_clk0 ; diver:U1|m_clk0 ; 0.000        ; 0.034      ; 0.511      ;
; 0.333 ; count_sec:U2|num1[2] ; count_sec:U2|num1[2] ; diver:U1|m_clk0 ; diver:U1|m_clk0 ; 0.000        ; 0.034      ; 0.511      ;
; 0.333 ; count_sec:U2|num1[1] ; count_sec:U2|num1[1] ; diver:U1|m_clk0 ; diver:U1|m_clk0 ; 0.000        ; 0.034      ; 0.511      ;
; 0.341 ; count_sec:U2|num0[0] ; count_sec:U2|num0[0] ; diver:U1|m_clk0 ; diver:U1|m_clk0 ; 0.000        ; 0.034      ; 0.519      ;
; 0.341 ; count_sec:U2|num1[0] ; count_sec:U2|num1[0] ; diver:U1|m_clk0 ; diver:U1|m_clk0 ; 0.000        ; 0.034      ; 0.519      ;
; 0.370 ; count_sec:U2|num0[3] ; count_sec:U2|num0[1] ; diver:U1|m_clk0 ; diver:U1|m_clk0 ; 0.000        ; 0.040      ; 0.554      ;
; 0.370 ; count_sec:U2|num1[0] ; count_sec:U2|num1[2] ; diver:U1|m_clk0 ; diver:U1|m_clk0 ; 0.000        ; 0.039      ; 0.553      ;
; 0.379 ; count_sec:U2|num1[2] ; count_sec:U2|num1[1] ; diver:U1|m_clk0 ; diver:U1|m_clk0 ; 0.000        ; 0.039      ; 0.562      ;
; 0.511 ; count_sec:U2|num0[1] ; count_sec:U2|num0[2] ; diver:U1|m_clk0 ; diver:U1|m_clk0 ; 0.000        ; 0.040      ; 0.695      ;
; 0.513 ; count_sec:U2|num0[1] ; count_sec:U2|num0[3] ; diver:U1|m_clk0 ; diver:U1|m_clk0 ; 0.000        ; 0.040      ; 0.697      ;
; 0.538 ; count_sec:U2|num1[0] ; count_sec:U2|num1[1] ; diver:U1|m_clk0 ; diver:U1|m_clk0 ; 0.000        ; 0.039      ; 0.721      ;
; 0.547 ; count_sec:U2|num1[1] ; count_sec:U2|num1[2] ; diver:U1|m_clk0 ; diver:U1|m_clk0 ; 0.000        ; 0.039      ; 0.730      ;
; 0.550 ; count_sec:U2|num0[0] ; count_sec:U2|num0[3] ; diver:U1|m_clk0 ; diver:U1|m_clk0 ; 0.000        ; 0.040      ; 0.734      ;
; 0.550 ; count_sec:U2|num0[0] ; count_sec:U2|num0[2] ; diver:U1|m_clk0 ; diver:U1|m_clk0 ; 0.000        ; 0.040      ; 0.734      ;
; 0.551 ; count_sec:U2|num0[0] ; count_sec:U2|num0[1] ; diver:U1|m_clk0 ; diver:U1|m_clk0 ; 0.000        ; 0.040      ; 0.735      ;
; 0.742 ; count_sec:U2|num1[1] ; count_sec:U2|num1[3] ; diver:U1|m_clk0 ; diver:U1|m_clk0 ; 0.000        ; 0.074      ; 0.960      ;
; 0.827 ; count_sec:U2|num0[2] ; count_sec:U2|num1[3] ; diver:U1|m_clk0 ; diver:U1|m_clk0 ; 0.000        ; 0.040      ; 1.011      ;
; 0.838 ; count_sec:U2|num1[3] ; count_sec:U2|num1[1] ; diver:U1|m_clk0 ; diver:U1|m_clk0 ; 0.000        ; 0.051      ; 1.033      ;
; 0.854 ; count_sec:U2|num1[3] ; count_sec:U2|num1[2] ; diver:U1|m_clk0 ; diver:U1|m_clk0 ; 0.000        ; 0.051      ; 1.049      ;
; 0.895 ; count_sec:U2|num1[0] ; count_sec:U2|num1[3] ; diver:U1|m_clk0 ; diver:U1|m_clk0 ; 0.000        ; 0.074      ; 1.113      ;
; 0.898 ; count_sec:U2|num0[2] ; count_sec:U2|num0[1] ; diver:U1|m_clk0 ; diver:U1|m_clk0 ; 0.000        ; 0.040      ; 1.082      ;
; 0.898 ; count_sec:U2|num1[2] ; count_sec:U2|num1[3] ; diver:U1|m_clk0 ; diver:U1|m_clk0 ; 0.000        ; 0.074      ; 1.116      ;
; 0.900 ; count_sec:U2|num0[2] ; count_sec:U2|num0[3] ; diver:U1|m_clk0 ; diver:U1|m_clk0 ; 0.000        ; 0.040      ; 1.084      ;
; 0.917 ; count_sec:U2|num0[1] ; count_sec:U2|num1[3] ; diver:U1|m_clk0 ; diver:U1|m_clk0 ; 0.000        ; 0.040      ; 1.101      ;
; 1.019 ; count_sec:U2|num0[3] ; count_sec:U2|num1[3] ; diver:U1|m_clk0 ; diver:U1|m_clk0 ; 0.000        ; 0.040      ; 1.203      ;
; 1.031 ; count_sec:U2|num0[0] ; count_sec:U2|num1[3] ; diver:U1|m_clk0 ; diver:U1|m_clk0 ; 0.000        ; 0.040      ; 1.215      ;
; 1.131 ; count_sec:U2|num0[2] ; count_sec:U2|num1[0] ; diver:U1|m_clk0 ; diver:U1|m_clk0 ; 0.000        ; 0.051      ; 1.326      ;
; 1.131 ; count_sec:U2|num0[2] ; count_sec:U2|num1[1] ; diver:U1|m_clk0 ; diver:U1|m_clk0 ; 0.000        ; 0.051      ; 1.326      ;
; 1.131 ; count_sec:U2|num0[2] ; count_sec:U2|num1[2] ; diver:U1|m_clk0 ; diver:U1|m_clk0 ; 0.000        ; 0.051      ; 1.326      ;
; 1.221 ; count_sec:U2|num0[1] ; count_sec:U2|num1[0] ; diver:U1|m_clk0 ; diver:U1|m_clk0 ; 0.000        ; 0.051      ; 1.416      ;
; 1.221 ; count_sec:U2|num0[1] ; count_sec:U2|num1[1] ; diver:U1|m_clk0 ; diver:U1|m_clk0 ; 0.000        ; 0.051      ; 1.416      ;
; 1.221 ; count_sec:U2|num0[1] ; count_sec:U2|num1[2] ; diver:U1|m_clk0 ; diver:U1|m_clk0 ; 0.000        ; 0.051      ; 1.416      ;
; 1.339 ; count_sec:U2|num0[3] ; count_sec:U2|num1[0] ; diver:U1|m_clk0 ; diver:U1|m_clk0 ; 0.000        ; 0.051      ; 1.534      ;
; 1.339 ; count_sec:U2|num0[3] ; count_sec:U2|num1[1] ; diver:U1|m_clk0 ; diver:U1|m_clk0 ; 0.000        ; 0.051      ; 1.534      ;
; 1.339 ; count_sec:U2|num0[3] ; count_sec:U2|num1[2] ; diver:U1|m_clk0 ; diver:U1|m_clk0 ; 0.000        ; 0.051      ; 1.534      ;
; 1.351 ; count_sec:U2|num0[0] ; count_sec:U2|num1[0] ; diver:U1|m_clk0 ; diver:U1|m_clk0 ; 0.000        ; 0.051      ; 1.546      ;
; 1.351 ; count_sec:U2|num0[0] ; count_sec:U2|num1[1] ; diver:U1|m_clk0 ; diver:U1|m_clk0 ; 0.000        ; 0.051      ; 1.546      ;
; 1.351 ; count_sec:U2|num0[0] ; count_sec:U2|num1[2] ; diver:U1|m_clk0 ; diver:U1|m_clk0 ; 0.000        ; 0.051      ; 1.546      ;
+-------+----------------------+----------------------+-----------------+-----------------+--------------+------------+------------+


+----------------------------------------------------------------------------------------------------------------------------+
; Slow 1200mV 0C Model Recovery: 'diver:U1|m_clk0'                                                                           ;
+--------+------------------+----------------------+--------------+-----------------+--------------+------------+------------+
; Slack  ; From Node        ; To Node              ; Launch Clock ; Latch Clock     ; Relationship ; Clock Skew ; Data Delay ;
+--------+------------------+----------------------+--------------+-----------------+--------------+------------+------------+
; -2.251 ; trigger:U21|temp ; count_sec:U2|num1[0] ; clk          ; diver:U1|m_clk0 ; 0.500        ; -1.205     ; 1.541      ;
; -2.251 ; trigger:U21|temp ; count_sec:U2|num1[2] ; clk          ; diver:U1|m_clk0 ; 0.500        ; -1.205     ; 1.541      ;
; -2.251 ; trigger:U21|temp ; count_sec:U2|num1[1] ; clk          ; diver:U1|m_clk0 ; 0.500        ; -1.205     ; 1.541      ;
; -2.240 ; trigger:U21|temp ; count_sec:U2|num0[0] ; clk          ; diver:U1|m_clk0 ; 0.500        ; -1.194     ; 1.541      ;
; -2.240 ; trigger:U21|temp ; count_sec:U2|num0[2] ; clk          ; diver:U1|m_clk0 ; 0.500        ; -1.194     ; 1.541      ;
; -2.240 ; trigger:U21|temp ; count_sec:U2|num0[3] ; clk          ; diver:U1|m_clk0 ; 0.500        ; -1.194     ; 1.541      ;
; -2.240 ; trigger:U21|temp ; count_sec:U2|num0[1] ; clk          ; diver:U1|m_clk0 ; 0.500        ; -1.194     ; 1.541      ;
; -2.240 ; trigger:U21|temp ; count_sec:U2|num1[3] ; clk          ; diver:U1|m_clk0 ; 0.500        ; -1.194     ; 1.541      ;
+--------+------------------+----------------------+--------------+-----------------+--------------+------------+------------+


+---------------------------------------------------------------------------------------------------------------------------+
; Slow 1200mV 0C Model Removal: 'diver:U1|m_clk0'                                                                           ;
+-------+------------------+----------------------+--------------+-----------------+--------------+------------+------------+
; Slack ; From Node        ; To Node              ; Launch Clock ; Latch Clock     ; Relationship ; Clock Skew ; Data Delay ;
+-------+------------------+----------------------+--------------+-----------------+--------------+------------+------------+
; 2.841 ; trigger:U21|temp ; count_sec:U2|num0[0] ; clk          ; diver:U1|m_clk0 ; -0.500       ; -1.051     ; 1.454      ;
; 2.841 ; trigger:U21|temp ; count_sec:U2|num0[2] ; clk          ; diver:U1|m_clk0 ; -0.500       ; -1.051     ; 1.454      ;
; 2.841 ; trigger:U21|temp ; count_sec:U2|num0[3] ; clk          ; diver:U1|m_clk0 ; -0.500       ; -1.051     ; 1.454      ;
; 2.841 ; trigger:U21|temp ; count_sec:U2|num0[1] ; clk          ; diver:U1|m_clk0 ; -0.500       ; -1.051     ; 1.454      ;
; 2.841 ; trigger:U21|temp ; count_sec:U2|num1[3] ; clk          ; diver:U1|m_clk0 ; -0.500       ; -1.051     ; 1.454      ;
; 2.853 ; trigger:U21|temp ; count_sec:U2|num1[0] ; clk          ; diver:U1|m_clk0 ; -0.500       ; -1.063     ; 1.454      ;
; 2.853 ; trigger:U21|temp ; count_sec:U2|num1[2] ; clk          ; diver:U1|m_clk0 ; -0.500       ; -1.063     ; 1.454      ;
; 2.853 ; trigger:U21|temp ; count_sec:U2|num1[1] ; clk          ; diver:U1|m_clk0 ; -0.500       ; -1.063     ; 1.454      ;
+-------+------------------+----------------------+--------------+-----------------+--------------+------------+------------+


+------------------------------------------------------------------------------------------------------------+
; Slow 1200mV 0C Model Minimum Pulse Width: 'clk'                                                            ;
+--------+--------------+----------------+------------------+-------+------------+---------------------------+
; Slack  ; Actual Width ; Required Width ; Type             ; Clock ; Clock Edge ; Target                    ;
+--------+--------------+----------------+------------------+-------+------------+---------------------------+
; -3.000 ; 1.000        ; 4.000          ; Port Rate        ; clk   ; Rise       ; clk                       ;
; -1.000 ; 1.000        ; 2.000          ; Min Period       ; clk   ; Rise       ; diver:U1|cnt_0[0]         ;
; -1.000 ; 1.000        ; 2.000          ; Min Period       ; clk   ; Rise       ; diver:U1|cnt_0[1]         ;
; -1.000 ; 1.000        ; 2.000          ; Min Period       ; clk   ; Rise       ; diver:U1|m_clk0           ;
; -1.000 ; 1.000        ; 2.000          ; Min Period       ; clk   ; Rise       ; diver:U1|m_clk1           ;
; -1.000 ; 1.000        ; 2.000          ; Min Period       ; clk   ; Rise       ; trigger:U21|temp          ;
; 0.166  ; 0.350        ; 0.184          ; Low Pulse Width  ; clk   ; Rise       ; trigger:U21|temp          ;
; 0.173  ; 0.357        ; 0.184          ; Low Pulse Width  ; clk   ; Rise       ; diver:U1|cnt_0[0]         ;
; 0.173  ; 0.357        ; 0.184          ; Low Pulse Width  ; clk   ; Rise       ; diver:U1|cnt_0[1]         ;
; 0.173  ; 0.357        ; 0.184          ; Low Pulse Width  ; clk   ; Rise       ; diver:U1|m_clk0           ;
; 0.173  ; 0.357        ; 0.184          ; Low Pulse Width  ; clk   ; Rise       ; diver:U1|m_clk1           ;
; 0.326  ; 0.326        ; 0.000          ; Low Pulse Width  ; clk   ; Rise       ; U21|temp|clk              ;
; 0.333  ; 0.333        ; 0.000          ; Low Pulse Width  ; clk   ; Rise       ; U1|cnt_0[0]|clk           ;
; 0.333  ; 0.333        ; 0.000          ; Low Pulse Width  ; clk   ; Rise       ; U1|cnt_0[1]|clk           ;
; 0.333  ; 0.333        ; 0.000          ; Low Pulse Width  ; clk   ; Rise       ; U1|m_clk0|clk             ;
; 0.333  ; 0.333        ; 0.000          ; Low Pulse Width  ; clk   ; Rise       ; U1|m_clk1|clk             ;
; 0.338  ; 0.338        ; 0.000          ; Low Pulse Width  ; clk   ; Rise       ; clk~input|o               ;
; 0.350  ; 0.350        ; 0.000          ; Low Pulse Width  ; clk   ; Rise       ; clk~inputclkctrl|inclk[0] ;
; 0.350  ; 0.350        ; 0.000          ; Low Pulse Width  ; clk   ; Rise       ; clk~inputclkctrl|outclk   ;
; 0.427  ; 0.643        ; 0.216          ; High Pulse Width ; clk   ; Rise       ; diver:U1|cnt_0[0]         ;
; 0.427  ; 0.643        ; 0.216          ; High Pulse Width ; clk   ; Rise       ; diver:U1|cnt_0[1]         ;
; 0.427  ; 0.643        ; 0.216          ; High Pulse Width ; clk   ; Rise       ; diver:U1|m_clk0           ;
; 0.427  ; 0.643        ; 0.216          ; High Pulse Width ; clk   ; Rise       ; diver:U1|m_clk1           ;
; 0.434  ; 0.650        ; 0.216          ; High Pulse Width ; clk   ; Rise       ; trigger:U21|temp          ;
; 0.500  ; 0.500        ; 0.000          ; High Pulse Width ; clk   ; Rise       ; clk~input|i               ;
; 0.500  ; 0.500        ; 0.000          ; Low Pulse Width  ; clk   ; Rise       ; clk~input|i               ;
; 0.650  ; 0.650        ; 0.000          ; High Pulse Width ; clk   ; Rise       ; clk~inputclkctrl|inclk[0] ;
; 0.650  ; 0.650        ; 0.000          ; High Pulse Width ; clk   ; Rise       ; clk~inputclkctrl|outclk   ;
; 0.662  ; 0.662        ; 0.000          ; High Pulse Width ; clk   ; Rise       ; clk~input|o               ;
; 0.667  ; 0.667        ; 0.000          ; High Pulse Width ; clk   ; Rise       ; U1|cnt_0[0]|clk           ;
; 0.667  ; 0.667        ; 0.000          ; High Pulse Width ; clk   ; Rise       ; U1|cnt_0[1]|clk           ;
; 0.667  ; 0.667        ; 0.000          ; High Pulse Width ; clk   ; Rise       ; U1|m_clk0|clk             ;
; 0.667  ; 0.667        ; 0.000          ; High Pulse Width ; clk   ; Rise       ; U1|m_clk1|clk             ;
; 0.674  ; 0.674        ; 0.000          ; High Pulse Width ; clk   ; Rise       ; U21|temp|clk              ;
+--------+--------------+----------------+------------------+-------+------------+---------------------------+


+-------------------------------------------------------------------------------------------------------------------+
; Slow 1200mV 0C Model Minimum Pulse Width: 'diver:U1|m_clk1'                                                       ;
+--------+--------------+----------------+------------------+-----------------+------------+------------------------+
; Slack  ; Actual Width ; Required Width ; Type             ; Clock           ; Clock Edge ; Target                 ;
+--------+--------------+----------------+------------------+-----------------+------------+------------------------+
; -1.000 ; 1.000        ; 2.000          ; Min Period       ; diver:U1|m_clk1 ; Fall       ; count_hour:U19|num0[0] ;
; -1.000 ; 1.000        ; 2.000          ; Min Period       ; diver:U1|m_clk1 ; Fall       ; count_hour:U19|num0[1] ;
; -1.000 ; 1.000        ; 2.000          ; Min Period       ; diver:U1|m_clk1 ; Fall       ; count_hour:U19|num0[2] ;
; -1.000 ; 1.000        ; 2.000          ; Min Period       ; diver:U1|m_clk1 ; Fall       ; count_hour:U19|num0[3] ;
; -1.000 ; 1.000        ; 2.000          ; Min Period       ; diver:U1|m_clk1 ; Fall       ; count_hour:U19|num1[0] ;
; -1.000 ; 1.000        ; 2.000          ; Min Period       ; diver:U1|m_clk1 ; Fall       ; count_hour:U19|num1[1] ;
; -1.000 ; 1.000        ; 2.000          ; Min Period       ; diver:U1|m_clk1 ; Fall       ; count_hour:U19|num1[2] ;
; -1.000 ; 1.000        ; 2.000          ; Min Period       ; diver:U1|m_clk1 ; Fall       ; count_hour:U19|num1[3] ;
; -1.000 ; 1.000        ; 2.000          ; Min Period       ; diver:U1|m_clk1 ; Fall       ; count_hour:U4|num0[0]  ;
; -1.000 ; 1.000        ; 2.000          ; Min Period       ; diver:U1|m_clk1 ; Fall       ; count_hour:U4|num0[1]  ;
; -1.000 ; 1.000        ; 2.000          ; Min Period       ; diver:U1|m_clk1 ; Fall       ; count_hour:U4|num0[2]  ;
; -1.000 ; 1.000        ; 2.000          ; Min Period       ; diver:U1|m_clk1 ; Fall       ; count_hour:U4|num0[3]  ;
; -1.000 ; 1.000        ; 2.000          ; Min Period       ; diver:U1|m_clk1 ; Fall       ; count_hour:U4|num1[0]  ;
; -1.000 ; 1.000        ; 2.000          ; Min Period       ; diver:U1|m_clk1 ; Fall       ; count_hour:U4|num1[1]  ;
; -1.000 ; 1.000        ; 2.000          ; Min Period       ; diver:U1|m_clk1 ; Fall       ; count_hour:U4|num1[2]  ;
; -1.000 ; 1.000        ; 2.000          ; Min Period       ; diver:U1|m_clk1 ; Fall       ; count_hour:U4|num1[3]  ;
; -1.000 ; 1.000        ; 2.000          ; Min Period       ; diver:U1|m_clk1 ; Fall       ; count_min:U18|num0[0]  ;
; -1.000 ; 1.000        ; 2.000          ; Min Period       ; diver:U1|m_clk1 ; Fall       ; count_min:U18|num0[1]  ;
; -1.000 ; 1.000        ; 2.000          ; Min Period       ; diver:U1|m_clk1 ; Fall       ; count_min:U18|num0[2]  ;
; -1.000 ; 1.000        ; 2.000          ; Min Period       ; diver:U1|m_clk1 ; Fall       ; count_min:U18|num0[3]  ;
; -1.000 ; 1.000        ; 2.000          ; Min Period       ; diver:U1|m_clk1 ; Fall       ; count_min:U18|num1[0]  ;
; -1.000 ; 1.000        ; 2.000          ; Min Period       ; diver:U1|m_clk1 ; Fall       ; count_min:U18|num1[1]  ;
; -1.000 ; 1.000        ; 2.000          ; Min Period       ; diver:U1|m_clk1 ; Fall       ; count_min:U18|num1[2]  ;
; -1.000 ; 1.000        ; 2.000          ; Min Period       ; diver:U1|m_clk1 ; Fall       ; count_min:U18|num1[3]  ;
; -1.000 ; 1.000        ; 2.000          ; Min Period       ; diver:U1|m_clk1 ; Fall       ; count_min:U3|num0[0]   ;
; -1.000 ; 1.000        ; 2.000          ; Min Period       ; diver:U1|m_clk1 ; Fall       ; count_min:U3|num0[1]   ;
; -1.000 ; 1.000        ; 2.000          ; Min Period       ; diver:U1|m_clk1 ; Fall       ; count_min:U3|num0[2]   ;
; -1.000 ; 1.000        ; 2.000          ; Min Period       ; diver:U1|m_clk1 ; Fall       ; count_min:U3|num0[3]   ;
; -1.000 ; 1.000        ; 2.000          ; Min Period       ; diver:U1|m_clk1 ; Fall       ; count_min:U3|num1[0]   ;
; -1.000 ; 1.000        ; 2.000          ; Min Period       ; diver:U1|m_clk1 ; Fall       ; count_min:U3|num1[1]   ;
; -1.000 ; 1.000        ; 2.000          ; Min Period       ; diver:U1|m_clk1 ; Fall       ; count_min:U3|num1[2]   ;
; -1.000 ; 1.000        ; 2.000          ; Min Period       ; diver:U1|m_clk1 ; Fall       ; count_min:U3|num1[3]   ;
; -1.000 ; 1.000        ; 2.000          ; Min Period       ; diver:U1|m_clk1 ; Fall       ; count_sec:U17|num0[0]  ;
; -1.000 ; 1.000        ; 2.000          ; Min Period       ; diver:U1|m_clk1 ; Fall       ; count_sec:U17|num0[1]  ;
; -1.000 ; 1.000        ; 2.000          ; Min Period       ; diver:U1|m_clk1 ; Fall       ; count_sec:U17|num0[2]  ;
; -1.000 ; 1.000        ; 2.000          ; Min Period       ; diver:U1|m_clk1 ; Fall       ; count_sec:U17|num0[3]  ;
; -1.000 ; 1.000        ; 2.000          ; Min Period       ; diver:U1|m_clk1 ; Fall       ; count_sec:U17|num1[0]  ;
; -1.000 ; 1.000        ; 2.000          ; Min Period       ; diver:U1|m_clk1 ; Fall       ; count_sec:U17|num1[1]  ;
; -1.000 ; 1.000        ; 2.000          ; Min Period       ; diver:U1|m_clk1 ; Fall       ; count_sec:U17|num1[2]  ;
; -1.000 ; 1.000        ; 2.000          ; Min Period       ; diver:U1|m_clk1 ; Fall       ; count_sec:U17|num1[3]  ;
; 0.218  ; 0.434        ; 0.216          ; High Pulse Width ; diver:U1|m_clk1 ; Fall       ; count_hour:U4|num0[0]  ;
; 0.218  ; 0.434        ; 0.216          ; High Pulse Width ; diver:U1|m_clk1 ; Fall       ; count_hour:U4|num0[1]  ;
; 0.218  ; 0.434        ; 0.216          ; High Pulse Width ; diver:U1|m_clk1 ; Fall       ; count_hour:U4|num0[2]  ;
; 0.218  ; 0.434        ; 0.216          ; High Pulse Width ; diver:U1|m_clk1 ; Fall       ; count_hour:U4|num0[3]  ;
; 0.218  ; 0.434        ; 0.216          ; High Pulse Width ; diver:U1|m_clk1 ; Fall       ; count_hour:U4|num1[0]  ;
; 0.218  ; 0.434        ; 0.216          ; High Pulse Width ; diver:U1|m_clk1 ; Fall       ; count_hour:U4|num1[1]  ;
; 0.218  ; 0.434        ; 0.216          ; High Pulse Width ; diver:U1|m_clk1 ; Fall       ; count_hour:U4|num1[2]  ;
; 0.218  ; 0.434        ; 0.216          ; High Pulse Width ; diver:U1|m_clk1 ; Fall       ; count_hour:U4|num1[3]  ;
; 0.240  ; 0.456        ; 0.216          ; High Pulse Width ; diver:U1|m_clk1 ; Fall       ; count_min:U3|num0[0]   ;
; 0.240  ; 0.456        ; 0.216          ; High Pulse Width ; diver:U1|m_clk1 ; Fall       ; count_min:U3|num0[1]   ;
; 0.240  ; 0.456        ; 0.216          ; High Pulse Width ; diver:U1|m_clk1 ; Fall       ; count_min:U3|num0[2]   ;
; 0.240  ; 0.456        ; 0.216          ; High Pulse Width ; diver:U1|m_clk1 ; Fall       ; count_min:U3|num0[3]   ;
; 0.240  ; 0.456        ; 0.216          ; High Pulse Width ; diver:U1|m_clk1 ; Fall       ; count_min:U3|num1[3]   ;
; 0.249  ; 0.465        ; 0.216          ; High Pulse Width ; diver:U1|m_clk1 ; Fall       ; count_min:U3|num1[0]   ;
; 0.249  ; 0.465        ; 0.216          ; High Pulse Width ; diver:U1|m_clk1 ; Fall       ; count_min:U3|num1[1]   ;
; 0.249  ; 0.465        ; 0.216          ; High Pulse Width ; diver:U1|m_clk1 ; Fall       ; count_min:U3|num1[2]   ;
; 0.267  ; 0.483        ; 0.216          ; High Pulse Width ; diver:U1|m_clk1 ; Fall       ; count_hour:U19|num0[0] ;
; 0.267  ; 0.483        ; 0.216          ; High Pulse Width ; diver:U1|m_clk1 ; Fall       ; count_hour:U19|num0[2] ;
; 0.267  ; 0.483        ; 0.216          ; High Pulse Width ; diver:U1|m_clk1 ; Fall       ; count_hour:U19|num0[3] ;
; 0.267  ; 0.483        ; 0.216          ; High Pulse Width ; diver:U1|m_clk1 ; Fall       ; count_min:U18|num0[0]  ;
; 0.267  ; 0.483        ; 0.216          ; High Pulse Width ; diver:U1|m_clk1 ; Fall       ; count_min:U18|num0[1]  ;
; 0.267  ; 0.483        ; 0.216          ; High Pulse Width ; diver:U1|m_clk1 ; Fall       ; count_min:U18|num0[2]  ;
; 0.267  ; 0.483        ; 0.216          ; High Pulse Width ; diver:U1|m_clk1 ; Fall       ; count_min:U18|num0[3]  ;
; 0.267  ; 0.483        ; 0.216          ; High Pulse Width ; diver:U1|m_clk1 ; Fall       ; count_min:U18|num1[3]  ;
; 0.268  ; 0.484        ; 0.216          ; High Pulse Width ; diver:U1|m_clk1 ; Fall       ; count_hour:U19|num0[1] ;
; 0.268  ; 0.484        ; 0.216          ; High Pulse Width ; diver:U1|m_clk1 ; Fall       ; count_hour:U19|num1[0] ;
; 0.268  ; 0.484        ; 0.216          ; High Pulse Width ; diver:U1|m_clk1 ; Fall       ; count_hour:U19|num1[1] ;
; 0.268  ; 0.484        ; 0.216          ; High Pulse Width ; diver:U1|m_clk1 ; Fall       ; count_hour:U19|num1[2] ;
; 0.268  ; 0.484        ; 0.216          ; High Pulse Width ; diver:U1|m_clk1 ; Fall       ; count_hour:U19|num1[3] ;
; 0.268  ; 0.484        ; 0.216          ; High Pulse Width ; diver:U1|m_clk1 ; Fall       ; count_min:U18|num1[0]  ;
; 0.268  ; 0.484        ; 0.216          ; High Pulse Width ; diver:U1|m_clk1 ; Fall       ; count_min:U18|num1[1]  ;
; 0.268  ; 0.484        ; 0.216          ; High Pulse Width ; diver:U1|m_clk1 ; Fall       ; count_min:U18|num1[2]  ;
; 0.268  ; 0.484        ; 0.216          ; High Pulse Width ; diver:U1|m_clk1 ; Fall       ; count_sec:U17|num0[0]  ;
; 0.268  ; 0.484        ; 0.216          ; High Pulse Width ; diver:U1|m_clk1 ; Fall       ; count_sec:U17|num0[1]  ;
; 0.268  ; 0.484        ; 0.216          ; High Pulse Width ; diver:U1|m_clk1 ; Fall       ; count_sec:U17|num0[2]  ;
; 0.268  ; 0.484        ; 0.216          ; High Pulse Width ; diver:U1|m_clk1 ; Fall       ; count_sec:U17|num0[3]  ;
; 0.268  ; 0.484        ; 0.216          ; High Pulse Width ; diver:U1|m_clk1 ; Fall       ; count_sec:U17|num1[0]  ;
; 0.268  ; 0.484        ; 0.216          ; High Pulse Width ; diver:U1|m_clk1 ; Fall       ; count_sec:U17|num1[1]  ;
; 0.268  ; 0.484        ; 0.216          ; High Pulse Width ; diver:U1|m_clk1 ; Fall       ; count_sec:U17|num1[2]  ;
; 0.268  ; 0.484        ; 0.216          ; High Pulse Width ; diver:U1|m_clk1 ; Fall       ; count_sec:U17|num1[3]  ;
; 0.332  ; 0.516        ; 0.184          ; Low Pulse Width  ; diver:U1|m_clk1 ; Fall       ; count_hour:U19|num0[0] ;
; 0.332  ; 0.516        ; 0.184          ; Low Pulse Width  ; diver:U1|m_clk1 ; Fall       ; count_hour:U19|num0[1] ;
; 0.332  ; 0.516        ; 0.184          ; Low Pulse Width  ; diver:U1|m_clk1 ; Fall       ; count_hour:U19|num0[2] ;
; 0.332  ; 0.516        ; 0.184          ; Low Pulse Width  ; diver:U1|m_clk1 ; Fall       ; count_hour:U19|num0[3] ;
; 0.332  ; 0.516        ; 0.184          ; Low Pulse Width  ; diver:U1|m_clk1 ; Fall       ; count_hour:U19|num1[0] ;
; 0.332  ; 0.516        ; 0.184          ; Low Pulse Width  ; diver:U1|m_clk1 ; Fall       ; count_hour:U19|num1[1] ;
; 0.332  ; 0.516        ; 0.184          ; Low Pulse Width  ; diver:U1|m_clk1 ; Fall       ; count_hour:U19|num1[2] ;
; 0.332  ; 0.516        ; 0.184          ; Low Pulse Width  ; diver:U1|m_clk1 ; Fall       ; count_hour:U19|num1[3] ;
; 0.332  ; 0.516        ; 0.184          ; Low Pulse Width  ; diver:U1|m_clk1 ; Fall       ; count_min:U18|num0[0]  ;
; 0.332  ; 0.516        ; 0.184          ; Low Pulse Width  ; diver:U1|m_clk1 ; Fall       ; count_min:U18|num0[1]  ;
; 0.332  ; 0.516        ; 0.184          ; Low Pulse Width  ; diver:U1|m_clk1 ; Fall       ; count_min:U18|num0[2]  ;
; 0.332  ; 0.516        ; 0.184          ; Low Pulse Width  ; diver:U1|m_clk1 ; Fall       ; count_min:U18|num0[3]  ;
; 0.332  ; 0.516        ; 0.184          ; Low Pulse Width  ; diver:U1|m_clk1 ; Fall       ; count_min:U18|num1[0]  ;
; 0.332  ; 0.516        ; 0.184          ; Low Pulse Width  ; diver:U1|m_clk1 ; Fall       ; count_min:U18|num1[1]  ;
; 0.332  ; 0.516        ; 0.184          ; Low Pulse Width  ; diver:U1|m_clk1 ; Fall       ; count_min:U18|num1[2]  ;
; 0.332  ; 0.516        ; 0.184          ; Low Pulse Width  ; diver:U1|m_clk1 ; Fall       ; count_min:U18|num1[3]  ;
; 0.332  ; 0.516        ; 0.184          ; Low Pulse Width  ; diver:U1|m_clk1 ; Fall       ; count_sec:U17|num0[0]  ;
; 0.332  ; 0.516        ; 0.184          ; Low Pulse Width  ; diver:U1|m_clk1 ; Fall       ; count_sec:U17|num0[1]  ;
; 0.332  ; 0.516        ; 0.184          ; Low Pulse Width  ; diver:U1|m_clk1 ; Fall       ; count_sec:U17|num0[2]  ;
; 0.332  ; 0.516        ; 0.184          ; Low Pulse Width  ; diver:U1|m_clk1 ; Fall       ; count_sec:U17|num0[3]  ;
+--------+--------------+----------------+------------------+-----------------+------------+------------------------+


+-----------------------------------------------------------------------------------------------------------------+
; Slow 1200mV 0C Model Minimum Pulse Width: 'diver:U1|m_clk0'                                                     ;
+--------+--------------+----------------+------------------+-----------------+------------+----------------------+
; Slack  ; Actual Width ; Required Width ; Type             ; Clock           ; Clock Edge ; Target               ;
+--------+--------------+----------------+------------------+-----------------+------------+----------------------+
; -1.000 ; 1.000        ; 2.000          ; Min Period       ; diver:U1|m_clk0 ; Fall       ; count_sec:U2|num0[0] ;
; -1.000 ; 1.000        ; 2.000          ; Min Period       ; diver:U1|m_clk0 ; Fall       ; count_sec:U2|num0[1] ;
; -1.000 ; 1.000        ; 2.000          ; Min Period       ; diver:U1|m_clk0 ; Fall       ; count_sec:U2|num0[2] ;
; -1.000 ; 1.000        ; 2.000          ; Min Period       ; diver:U1|m_clk0 ; Fall       ; count_sec:U2|num0[3] ;
; -1.000 ; 1.000        ; 2.000          ; Min Period       ; diver:U1|m_clk0 ; Fall       ; count_sec:U2|num1[0] ;
; -1.000 ; 1.000        ; 2.000          ; Min Period       ; diver:U1|m_clk0 ; Fall       ; count_sec:U2|num1[1] ;
; -1.000 ; 1.000        ; 2.000          ; Min Period       ; diver:U1|m_clk0 ; Fall       ; count_sec:U2|num1[2] ;
; -1.000 ; 1.000        ; 2.000          ; Min Period       ; diver:U1|m_clk0 ; Fall       ; count_sec:U2|num1[3] ;
; 0.246  ; 0.462        ; 0.216          ; High Pulse Width ; diver:U1|m_clk0 ; Fall       ; count_sec:U2|num0[0] ;
; 0.246  ; 0.462        ; 0.216          ; High Pulse Width ; diver:U1|m_clk0 ; Fall       ; count_sec:U2|num0[1] ;
; 0.246  ; 0.462        ; 0.216          ; High Pulse Width ; diver:U1|m_clk0 ; Fall       ; count_sec:U2|num0[2] ;
; 0.246  ; 0.462        ; 0.216          ; High Pulse Width ; diver:U1|m_clk0 ; Fall       ; count_sec:U2|num0[3] ;
; 0.246  ; 0.462        ; 0.216          ; High Pulse Width ; diver:U1|m_clk0 ; Fall       ; count_sec:U2|num1[3] ;
; 0.260  ; 0.476        ; 0.216          ; High Pulse Width ; diver:U1|m_clk0 ; Fall       ; count_sec:U2|num1[0] ;
; 0.260  ; 0.476        ; 0.216          ; High Pulse Width ; diver:U1|m_clk0 ; Fall       ; count_sec:U2|num1[1] ;
; 0.260  ; 0.476        ; 0.216          ; High Pulse Width ; diver:U1|m_clk0 ; Fall       ; count_sec:U2|num1[2] ;
; 0.339  ; 0.523        ; 0.184          ; Low Pulse Width  ; diver:U1|m_clk0 ; Fall       ; count_sec:U2|num1[0] ;
; 0.339  ; 0.523        ; 0.184          ; Low Pulse Width  ; diver:U1|m_clk0 ; Fall       ; count_sec:U2|num1[1] ;
; 0.339  ; 0.523        ; 0.184          ; Low Pulse Width  ; diver:U1|m_clk0 ; Fall       ; count_sec:U2|num1[2] ;
; 0.352  ; 0.536        ; 0.184          ; Low Pulse Width  ; diver:U1|m_clk0 ; Fall       ; count_sec:U2|num0[0] ;
; 0.352  ; 0.536        ; 0.184          ; Low Pulse Width  ; diver:U1|m_clk0 ; Fall       ; count_sec:U2|num0[1] ;
; 0.352  ; 0.536        ; 0.184          ; Low Pulse Width  ; diver:U1|m_clk0 ; Fall       ; count_sec:U2|num0[2] ;
; 0.352  ; 0.536        ; 0.184          ; Low Pulse Width  ; diver:U1|m_clk0 ; Fall       ; count_sec:U2|num0[3] ;
; 0.352  ; 0.536        ; 0.184          ; Low Pulse Width  ; diver:U1|m_clk0 ; Fall       ; count_sec:U2|num1[3] ;
; 0.447  ; 0.447        ; 0.000          ; Low Pulse Width  ; diver:U1|m_clk0 ; Rise       ; U2|num0[0]|clk       ;
; 0.447  ; 0.447        ; 0.000          ; Low Pulse Width  ; diver:U1|m_clk0 ; Rise       ; U2|num0[1]|clk       ;
; 0.447  ; 0.447        ; 0.000          ; Low Pulse Width  ; diver:U1|m_clk0 ; Rise       ; U2|num0[2]|clk       ;
; 0.447  ; 0.447        ; 0.000          ; Low Pulse Width  ; diver:U1|m_clk0 ; Rise       ; U2|num0[3]|clk       ;
; 0.447  ; 0.447        ; 0.000          ; Low Pulse Width  ; diver:U1|m_clk0 ; Rise       ; U2|num1[3]|clk       ;
; 0.461  ; 0.461        ; 0.000          ; Low Pulse Width  ; diver:U1|m_clk0 ; Rise       ; U2|num1[0]|clk       ;
; 0.461  ; 0.461        ; 0.000          ; Low Pulse Width  ; diver:U1|m_clk0 ; Rise       ; U2|num1[1]|clk       ;
; 0.461  ; 0.461        ; 0.000          ; Low Pulse Width  ; diver:U1|m_clk0 ; Rise       ; U2|num1[2]|clk       ;
; 0.500  ; 0.500        ; 0.000          ; High Pulse Width ; diver:U1|m_clk0 ; Rise       ; U1|m_clk0|q          ;
; 0.500  ; 0.500        ; 0.000          ; Low Pulse Width  ; diver:U1|m_clk0 ; Rise       ; U1|m_clk0|q          ;
; 0.537  ; 0.537        ; 0.000          ; High Pulse Width ; diver:U1|m_clk0 ; Rise       ; U2|num1[0]|clk       ;
; 0.537  ; 0.537        ; 0.000          ; High Pulse Width ; diver:U1|m_clk0 ; Rise       ; U2|num1[1]|clk       ;
; 0.537  ; 0.537        ; 0.000          ; High Pulse Width ; diver:U1|m_clk0 ; Rise       ; U2|num1[2]|clk       ;
; 0.550  ; 0.550        ; 0.000          ; High Pulse Width ; diver:U1|m_clk0 ; Rise       ; U2|num0[0]|clk       ;
; 0.550  ; 0.550        ; 0.000          ; High Pulse Width ; diver:U1|m_clk0 ; Rise       ; U2|num0[1]|clk       ;
; 0.550  ; 0.550        ; 0.000          ; High Pulse Width ; diver:U1|m_clk0 ; Rise       ; U2|num0[2]|clk       ;
; 0.550  ; 0.550        ; 0.000          ; High Pulse Width ; diver:U1|m_clk0 ; Rise       ; U2|num0[3]|clk       ;
; 0.550  ; 0.550        ; 0.000          ; High Pulse Width ; diver:U1|m_clk0 ; Rise       ; U2|num1[3]|clk       ;
+--------+--------------+----------------+------------------+-----------------+------------+----------------------+


+----------------------------------------------------------------------------+
; Setup Times                                                                ;
+-----------+-----------------+-------+-------+------------+-----------------+
; Data Port ; Clock Port      ; Rise  ; Fall  ; Clock Edge ; Clock Reference ;
+-----------+-----------------+-------+-------+------------+-----------------+
; key_shift ; clk             ; 1.203 ; 1.518 ; Rise       ; clk             ;
; key_hour  ; diver:U1|m_clk1 ; 1.164 ; 1.499 ; Fall       ; diver:U1|m_clk1 ;
; key_min   ; diver:U1|m_clk1 ; 1.367 ; 1.695 ; Fall       ; diver:U1|m_clk1 ;
; key_sec   ; diver:U1|m_clk1 ; 0.664 ; 0.996 ; Fall       ; diver:U1|m_clk1 ;
+-----------+-----------------+-------+-------+------------+-----------------+


+------------------------------------------------------------------------------+
; Hold Times                                                                   ;
+-----------+-----------------+--------+--------+------------+-----------------+
; Data Port ; Clock Port      ; Rise   ; Fall   ; Clock Edge ; Clock Reference ;
+-----------+-----------------+--------+--------+------------+-----------------+
; key_shift ; clk             ; -0.860 ; -1.161 ; Rise       ; clk             ;
; key_hour  ; diver:U1|m_clk1 ; 0.242  ; -0.090 ; Fall       ; diver:U1|m_clk1 ;
; key_min   ; diver:U1|m_clk1 ; -0.351 ; -0.716 ; Fall       ; diver:U1|m_clk1 ;
; key_sec   ; diver:U1|m_clk1 ; 0.282  ; -0.039 ; Fall       ; diver:U1|m_clk1 ;
+-----------+-----------------+--------+--------+------------+-----------------+


+----------------------------------------------------------------------------+
; Clock to Output Times                                                      ;
+-----------+-----------------+-------+-------+------------+-----------------+
; Data Port ; Clock Port      ; Rise  ; Fall  ; Clock Edge ; Clock Reference ;
+-----------+-----------------+-------+-------+------------+-----------------+
; hour0[*]  ; clk             ; 6.765 ; 6.747 ; Rise       ; clk             ;
;  hour0[0] ; clk             ; 6.340 ; 6.326 ; Rise       ; clk             ;
;  hour0[1] ; clk             ; 6.765 ; 6.747 ; Rise       ; clk             ;
;  hour0[2] ; clk             ; 6.561 ; 6.544 ; Rise       ; clk             ;
;  hour0[3] ; clk             ; 6.602 ; 6.544 ; Rise       ; clk             ;
; hour1[*]  ; clk             ; 7.949 ; 7.965 ; Rise       ; clk             ;
;  hour1[0] ; clk             ; 6.813 ; 6.830 ; Rise       ; clk             ;
;  hour1[1] ; clk             ; 7.949 ; 7.965 ; Rise       ; clk             ;
;  hour1[2] ; clk             ; 6.996 ; 6.933 ; Rise       ; clk             ;
;  hour1[3] ; clk             ; 6.350 ; 6.337 ; Rise       ; clk             ;
; min0[*]   ; clk             ; 6.158 ; 6.136 ; Rise       ; clk             ;
;  min0[0]  ; clk             ; 5.908 ; 5.879 ; Rise       ; clk             ;
;  min0[1]  ; clk             ; 6.158 ; 6.136 ; Rise       ; clk             ;
;  min0[2]  ; clk             ; 6.060 ; 6.053 ; Rise       ; clk             ;
;  min0[3]  ; clk             ; 5.878 ; 5.844 ; Rise       ; clk             ;
; min1[*]   ; clk             ; 7.111 ; 7.087 ; Rise       ; clk             ;
;  min1[0]  ; clk             ; 6.801 ; 6.766 ; Rise       ; clk             ;
;  min1[1]  ; clk             ; 6.699 ; 6.677 ; Rise       ; clk             ;
;  min1[2]  ; clk             ; 7.096 ; 7.087 ; Rise       ; clk             ;
;  min1[3]  ; clk             ; 7.111 ; 7.059 ; Rise       ; clk             ;
; sec0[*]   ; clk             ; 6.073 ; 6.003 ; Rise       ; clk             ;
;  sec0[0]  ; clk             ; 5.924 ; 5.836 ; Rise       ; clk             ;
;  sec0[1]  ; clk             ; 6.073 ; 6.003 ; Rise       ; clk             ;
;  sec0[2]  ; clk             ; 5.954 ; 5.871 ; Rise       ; clk             ;
;  sec0[3]  ; clk             ; 5.929 ; 5.847 ; Rise       ; clk             ;
; sec1[*]   ; clk             ; 6.090 ; 6.018 ; Rise       ; clk             ;
;  sec1[0]  ; clk             ; 5.837 ; 5.778 ; Rise       ; clk             ;
;  sec1[1]  ; clk             ; 6.090 ; 6.018 ; Rise       ; clk             ;
;  sec1[2]  ; clk             ; 5.930 ; 5.904 ; Rise       ; clk             ;
;  sec1[3]  ; clk             ; 5.845 ; 5.782 ; Rise       ; clk             ;
; speak     ; clk             ; 8.237 ; 8.259 ; Rise       ; clk             ;
; sec0[*]   ; diver:U1|m_clk0 ; 4.885 ; 4.873 ; Fall       ; diver:U1|m_clk0 ;
;  sec0[0]  ; diver:U1|m_clk0 ; 4.885 ; 4.862 ; Fall       ; diver:U1|m_clk0 ;
;  sec0[1]  ; diver:U1|m_clk0 ; 4.853 ; 4.873 ; Fall       ; diver:U1|m_clk0 ;
;  sec0[2]  ; diver:U1|m_clk0 ; 4.718 ; 4.721 ; Fall       ; diver:U1|m_clk0 ;
;  sec0[3]  ; diver:U1|m_clk0 ; 4.827 ; 4.827 ; Fall       ; diver:U1|m_clk0 ;
; sec1[*]   ; diver:U1|m_clk0 ; 5.265 ; 5.211 ; Fall       ; diver:U1|m_clk0 ;
;  sec1[0]  ; diver:U1|m_clk0 ; 4.674 ; 4.724 ; Fall       ; diver:U1|m_clk0 ;
;  sec1[1]  ; diver:U1|m_clk0 ; 5.265 ; 5.211 ; Fall       ; diver:U1|m_clk0 ;
;  sec1[2]  ; diver:U1|m_clk0 ; 5.018 ; 4.966 ; Fall       ; diver:U1|m_clk0 ;
;  sec1[3]  ; diver:U1|m_clk0 ; 5.026 ; 5.026 ; Fall       ; diver:U1|m_clk0 ;
; speak     ; diver:U1|m_clk0 ; 6.941 ; 6.979 ; Fall       ; diver:U1|m_clk0 ;
; hour0[*]  ; diver:U1|m_clk1 ; 7.923 ; 7.924 ; Fall       ; diver:U1|m_clk1 ;
;  hour0[0] ; diver:U1|m_clk1 ; 7.112 ; 7.125 ; Fall       ; diver:U1|m_clk1 ;
;  hour0[1] ; diver:U1|m_clk1 ; 7.923 ; 7.924 ; Fall       ; diver:U1|m_clk1 ;
;  hour0[2] ; diver:U1|m_clk1 ; 7.663 ; 7.621 ; Fall       ; diver:U1|m_clk1 ;
;  hour0[3] ; diver:U1|m_clk1 ; 7.358 ; 7.344 ; Fall       ; diver:U1|m_clk1 ;
; hour1[*]  ; diver:U1|m_clk1 ; 8.607 ; 8.744 ; Fall       ; diver:U1|m_clk1 ;
;  hour1[0] ; diver:U1|m_clk1 ; 7.518 ; 7.603 ; Fall       ; diver:U1|m_clk1 ;
;  hour1[1] ; diver:U1|m_clk1 ; 8.607 ; 8.744 ; Fall       ; diver:U1|m_clk1 ;
;  hour1[2] ; diver:U1|m_clk1 ; 7.569 ; 7.584 ; Fall       ; diver:U1|m_clk1 ;
;  hour1[3] ; diver:U1|m_clk1 ; 7.071 ; 7.089 ; Fall       ; diver:U1|m_clk1 ;
; min0[*]   ; diver:U1|m_clk1 ; 8.099 ; 8.020 ; Fall       ; diver:U1|m_clk1 ;
;  min0[0]  ; diver:U1|m_clk1 ; 7.347 ; 7.342 ; Fall       ; diver:U1|m_clk1 ;
;  min0[1]  ; diver:U1|m_clk1 ; 8.099 ; 8.020 ; Fall       ; diver:U1|m_clk1 ;
;  min0[2]  ; diver:U1|m_clk1 ; 7.472 ; 7.541 ; Fall       ; diver:U1|m_clk1 ;
;  min0[3]  ; diver:U1|m_clk1 ; 7.061 ; 7.058 ; Fall       ; diver:U1|m_clk1 ;
; min1[*]   ; diver:U1|m_clk1 ; 7.769 ; 7.788 ; Fall       ; diver:U1|m_clk1 ;
;  min1[0]  ; diver:U1|m_clk1 ; 7.392 ; 7.451 ; Fall       ; diver:U1|m_clk1 ;
;  min1[1]  ; diver:U1|m_clk1 ; 6.942 ; 7.002 ; Fall       ; diver:U1|m_clk1 ;
;  min1[2]  ; diver:U1|m_clk1 ; 7.240 ; 7.281 ; Fall       ; diver:U1|m_clk1 ;
;  min1[3]  ; diver:U1|m_clk1 ; 7.769 ; 7.788 ; Fall       ; diver:U1|m_clk1 ;
; sec0[*]   ; diver:U1|m_clk1 ; 7.570 ; 7.556 ; Fall       ; diver:U1|m_clk1 ;
;  sec0[0]  ; diver:U1|m_clk1 ; 7.407 ; 7.371 ; Fall       ; diver:U1|m_clk1 ;
;  sec0[1]  ; diver:U1|m_clk1 ; 7.570 ; 7.556 ; Fall       ; diver:U1|m_clk1 ;
;  sec0[2]  ; diver:U1|m_clk1 ; 7.459 ; 7.427 ; Fall       ; diver:U1|m_clk1 ;
;  sec0[3]  ; diver:U1|m_clk1 ; 7.523 ; 7.516 ; Fall       ; diver:U1|m_clk1 ;
; sec1[*]   ; diver:U1|m_clk1 ; 7.504 ; 7.484 ; Fall       ; diver:U1|m_clk1 ;
;  sec1[0]  ; diver:U1|m_clk1 ; 7.447 ; 7.444 ; Fall       ; diver:U1|m_clk1 ;
;  sec1[1]  ; diver:U1|m_clk1 ; 7.504 ; 7.483 ; Fall       ; diver:U1|m_clk1 ;
;  sec1[2]  ; diver:U1|m_clk1 ; 6.940 ; 6.980 ; Fall       ; diver:U1|m_clk1 ;
;  sec1[3]  ; diver:U1|m_clk1 ; 7.504 ; 7.484 ; Fall       ; diver:U1|m_clk1 ;
; speak     ; diver:U1|m_clk1 ; 9.556 ; 9.630 ; Fall       ; diver:U1|m_clk1 ;
+-----------+-----------------+-------+-------+------------+-----------------+


+----------------------------------------------------------------------------+
; Minimum Clock to Output Times                                              ;
+-----------+-----------------+-------+-------+------------+-----------------+
; Data Port ; Clock Port      ; Rise  ; Fall  ; Clock Edge ; Clock Reference ;
+-----------+-----------------+-------+-------+------------+-----------------+
; hour0[*]  ; clk             ; 6.162 ; 6.120 ; Rise       ; clk             ;
;  hour0[0] ; clk             ; 6.162 ; 6.120 ; Rise       ; clk             ;
;  hour0[1] ; clk             ; 6.576 ; 6.528 ; Rise       ; clk             ;
;  hour0[2] ; clk             ; 6.396 ; 6.351 ; Rise       ; clk             ;
;  hour0[3] ; clk             ; 6.336 ; 6.336 ; Rise       ; clk             ;
; hour1[*]  ; clk             ; 6.168 ; 6.126 ; Rise       ; clk             ;
;  hour1[0] ; clk             ; 6.594 ; 6.586 ; Rise       ; clk             ;
;  hour1[1] ; clk             ; 7.678 ; 7.749 ; Rise       ; clk             ;
;  hour1[2] ; clk             ; 6.714 ; 6.719 ; Rise       ; clk             ;
;  hour1[3] ; clk             ; 6.168 ; 6.126 ; Rise       ; clk             ;
; min0[*]   ; clk             ; 5.698 ; 5.636 ; Rise       ; clk             ;
;  min0[0]  ; clk             ; 5.754 ; 5.727 ; Rise       ; clk             ;
;  min0[1]  ; clk             ; 5.970 ; 5.919 ; Rise       ; clk             ;
;  min0[2]  ; clk             ; 5.867 ; 5.831 ; Rise       ; clk             ;
;  min0[3]  ; clk             ; 5.698 ; 5.636 ; Rise       ; clk             ;
; min1[*]   ; clk             ; 6.463 ; 6.435 ; Rise       ; clk             ;
;  min1[0]  ; clk             ; 6.621 ; 6.594 ; Rise       ; clk             ;
;  min1[1]  ; clk             ; 6.463 ; 6.435 ; Rise       ; clk             ;
;  min1[2]  ; clk             ; 6.851 ; 6.827 ; Rise       ; clk             ;
;  min1[3]  ; clk             ; 6.916 ; 6.872 ; Rise       ; clk             ;
; sec0[*]   ; clk             ; 5.647 ; 5.637 ; Rise       ; clk             ;
;  sec0[0]  ; clk             ; 5.647 ; 5.663 ; Rise       ; clk             ;
;  sec0[1]  ; clk             ; 5.785 ; 5.818 ; Rise       ; clk             ;
;  sec0[2]  ; clk             ; 5.675 ; 5.696 ; Rise       ; clk             ;
;  sec0[3]  ; clk             ; 5.654 ; 5.637 ; Rise       ; clk             ;
; sec1[*]   ; clk             ; 5.664 ; 5.615 ; Rise       ; clk             ;
;  sec1[0]  ; clk             ; 5.664 ; 5.615 ; Rise       ; clk             ;
;  sec1[1]  ; clk             ; 5.857 ; 5.828 ; Rise       ; clk             ;
;  sec1[2]  ; clk             ; 5.764 ; 5.713 ; Rise       ; clk             ;
;  sec1[3]  ; clk             ; 5.674 ; 5.620 ; Rise       ; clk             ;
; speak     ; clk             ; 6.938 ; 6.910 ; Rise       ; clk             ;
; sec0[*]   ; diver:U1|m_clk0 ; 4.600 ; 4.605 ; Fall       ; diver:U1|m_clk0 ;
;  sec0[0]  ; diver:U1|m_clk0 ; 4.761 ; 4.739 ; Fall       ; diver:U1|m_clk0 ;
;  sec0[1]  ; diver:U1|m_clk0 ; 4.726 ; 4.745 ; Fall       ; diver:U1|m_clk0 ;
;  sec0[2]  ; diver:U1|m_clk0 ; 4.600 ; 4.605 ; Fall       ; diver:U1|m_clk0 ;
;  sec0[3]  ; diver:U1|m_clk0 ; 4.663 ; 4.647 ; Fall       ; diver:U1|m_clk0 ;
; sec1[*]   ; diver:U1|m_clk0 ; 4.537 ; 4.567 ; Fall       ; diver:U1|m_clk0 ;
;  sec1[0]  ; diver:U1|m_clk0 ; 4.537 ; 4.567 ; Fall       ; diver:U1|m_clk0 ;
;  sec1[1]  ; diver:U1|m_clk0 ; 5.083 ; 5.016 ; Fall       ; diver:U1|m_clk0 ;
;  sec1[2]  ; diver:U1|m_clk0 ; 4.890 ; 4.840 ; Fall       ; diver:U1|m_clk0 ;
;  sec1[3]  ; diver:U1|m_clk0 ; 4.872 ; 4.856 ; Fall       ; diver:U1|m_clk0 ;
; speak     ; diver:U1|m_clk0 ; 5.947 ; 5.919 ; Fall       ; diver:U1|m_clk0 ;
; hour0[*]  ; diver:U1|m_clk1 ; 5.817 ; 5.809 ; Fall       ; diver:U1|m_clk1 ;
;  hour0[0] ; diver:U1|m_clk1 ; 6.083 ; 6.046 ; Fall       ; diver:U1|m_clk1 ;
;  hour0[1] ; diver:U1|m_clk1 ; 6.122 ; 6.098 ; Fall       ; diver:U1|m_clk1 ;
;  hour0[2] ; diver:U1|m_clk1 ; 5.817 ; 5.809 ; Fall       ; diver:U1|m_clk1 ;
;  hour0[3] ; diver:U1|m_clk1 ; 5.927 ; 5.924 ; Fall       ; diver:U1|m_clk1 ;
; hour1[*]  ; diver:U1|m_clk1 ; 6.049 ; 6.069 ; Fall       ; diver:U1|m_clk1 ;
;  hour1[0] ; diver:U1|m_clk1 ; 6.049 ; 6.069 ; Fall       ; diver:U1|m_clk1 ;
;  hour1[1] ; diver:U1|m_clk1 ; 7.307 ; 7.369 ; Fall       ; diver:U1|m_clk1 ;
;  hour1[2] ; diver:U1|m_clk1 ; 6.266 ; 6.262 ; Fall       ; diver:U1|m_clk1 ;
;  hour1[3] ; diver:U1|m_clk1 ; 6.096 ; 6.074 ; Fall       ; diver:U1|m_clk1 ;
; min0[*]   ; diver:U1|m_clk1 ; 4.541 ; 4.543 ; Fall       ; diver:U1|m_clk1 ;
;  min0[0]  ; diver:U1|m_clk1 ; 4.541 ; 4.543 ; Fall       ; diver:U1|m_clk1 ;
;  min0[1]  ; diver:U1|m_clk1 ; 5.286 ; 5.301 ; Fall       ; diver:U1|m_clk1 ;
;  min0[2]  ; diver:U1|m_clk1 ; 5.413 ; 5.400 ; Fall       ; diver:U1|m_clk1 ;
;  min0[3]  ; diver:U1|m_clk1 ; 5.044 ; 5.042 ; Fall       ; diver:U1|m_clk1 ;
; min1[*]   ; diver:U1|m_clk1 ; 4.822 ; 4.833 ; Fall       ; diver:U1|m_clk1 ;
;  min1[0]  ; diver:U1|m_clk1 ; 5.077 ; 5.104 ; Fall       ; diver:U1|m_clk1 ;
;  min1[1]  ; diver:U1|m_clk1 ; 4.822 ; 4.833 ; Fall       ; diver:U1|m_clk1 ;
;  min1[2]  ; diver:U1|m_clk1 ; 5.369 ; 5.345 ; Fall       ; diver:U1|m_clk1 ;
;  min1[3]  ; diver:U1|m_clk1 ; 5.846 ; 5.836 ; Fall       ; diver:U1|m_clk1 ;
; sec0[*]   ; diver:U1|m_clk1 ; 7.185 ; 7.151 ; Fall       ; diver:U1|m_clk1 ;
;  sec0[0]  ; diver:U1|m_clk1 ; 7.185 ; 7.151 ; Fall       ; diver:U1|m_clk1 ;
;  sec0[1]  ; diver:U1|m_clk1 ; 7.337 ; 7.324 ; Fall       ; diver:U1|m_clk1 ;
;  sec0[2]  ; diver:U1|m_clk1 ; 7.235 ; 7.205 ; Fall       ; diver:U1|m_clk1 ;
;  sec0[3]  ; diver:U1|m_clk1 ; 7.294 ; 7.287 ; Fall       ; diver:U1|m_clk1 ;
; sec1[*]   ; diver:U1|m_clk1 ; 6.734 ; 6.772 ; Fall       ; diver:U1|m_clk1 ;
;  sec1[0]  ; diver:U1|m_clk1 ; 7.206 ; 7.196 ; Fall       ; diver:U1|m_clk1 ;
;  sec1[1]  ; diver:U1|m_clk1 ; 7.275 ; 7.255 ; Fall       ; diver:U1|m_clk1 ;
;  sec1[2]  ; diver:U1|m_clk1 ; 6.734 ; 6.772 ; Fall       ; diver:U1|m_clk1 ;
;  sec1[3]  ; diver:U1|m_clk1 ; 7.278 ; 7.257 ; Fall       ; diver:U1|m_clk1 ;
; speak     ; diver:U1|m_clk1 ; 5.825 ; 5.881 ; Fall       ; diver:U1|m_clk1 ;
+-----------+-----------------+-------+-------+------------+-----------------+


---------------------------------------------
; Slow 1200mV 0C Model Metastability Report ;
---------------------------------------------
No synchronizer chains to report.


+------------------------------------------+
; Fast 1200mV 0C Model Setup Summary       ;
+-----------------+--------+---------------+
; Clock           ; Slack  ; End Point TNS ;
+-----------------+--------+---------------+
; diver:U1|m_clk1 ; -0.138 ; -1.015        ;
; diver:U1|m_clk0 ; -0.041 ; -0.123        ;
; clk             ; 0.101  ; 0.000         ;
+-----------------+--------+---------------+


+------------------------------------------+
; Fast 1200mV 0C Model Hold Summary        ;
+-----------------+--------+---------------+
; Clock           ; Slack  ; End Point TNS ;
+-----------------+--------+---------------+
; clk             ; -0.038 ; -0.038        ;
; diver:U1|m_clk1 ; 0.074  ; 0.000         ;
; diver:U1|m_clk0 ; 0.199  ; 0.000         ;
+-----------------+--------+---------------+


+------------------------------------------+
; Fast 1200mV 0C Model Recovery Summary    ;
+-----------------+--------+---------------+
; Clock           ; Slack  ; End Point TNS ;
+-----------------+--------+---------------+
; diver:U1|m_clk0 ; -1.222 ; -9.706        ;
+-----------------+--------+---------------+


+-----------------------------------------+
; Fast 1200mV 0C Model Removal Summary    ;
+-----------------+-------+---------------+
; Clock           ; Slack ; End Point TNS ;
+-----------------+-------+---------------+
; diver:U1|m_clk0 ; 1.906 ; 0.000         ;
+-----------------+-------+---------------+


+--------------------------------------------------+
; Fast 1200mV 0C Model Minimum Pulse Width Summary ;
+-----------------+--------+-----------------------+
; Clock           ; Slack  ; End Point TNS         ;
+-----------------+--------+-----------------------+
; clk             ; -3.000 ; -8.248                ;
; diver:U1|m_clk1 ; -1.000 ; -40.000               ;
; diver:U1|m_clk0 ; -1.000 ; -8.000                ;
+-----------------+--------+-----------------------+


+---------------------------------------------------------------------------------------------------------------------------------------+
; Fast 1200mV 0C Model Setup: 'diver:U1|m_clk1'                                                                                         ;
+--------+------------------------+------------------------+-----------------+-----------------+--------------+------------+------------+
; Slack  ; From Node              ; To Node                ; Launch Clock    ; Latch Clock     ; Relationship ; Clock Skew ; Data Delay ;
+--------+------------------------+------------------------+-----------------+-----------------+--------------+------------+------------+
; -0.138 ; count_hour:U19|num0[3] ; count_hour:U19|num1[0] ; diver:U1|m_clk1 ; diver:U1|m_clk1 ; 1.000        ; -0.039     ; 1.086      ;
; -0.138 ; count_hour:U19|num0[3] ; count_hour:U19|num1[1] ; diver:U1|m_clk1 ; diver:U1|m_clk1 ; 1.000        ; -0.039     ; 1.086      ;
; -0.128 ; count_hour:U19|num0[3] ; count_hour:U19|num1[3] ; diver:U1|m_clk1 ; diver:U1|m_clk1 ; 1.000        ; -0.039     ; 1.076      ;
; -0.126 ; count_hour:U19|num0[3] ; count_hour:U19|num1[2] ; diver:U1|m_clk1 ; diver:U1|m_clk1 ; 1.000        ; -0.039     ; 1.074      ;
; -0.092 ; count_min:U18|num0[1]  ; count_min:U18|num1[2]  ; diver:U1|m_clk1 ; diver:U1|m_clk1 ; 1.000        ; -0.039     ; 1.040      ;
; -0.092 ; count_min:U18|num0[1]  ; count_min:U18|num1[1]  ; diver:U1|m_clk1 ; diver:U1|m_clk1 ; 1.000        ; -0.039     ; 1.040      ;
; -0.092 ; count_min:U18|num0[1]  ; count_min:U18|num1[0]  ; diver:U1|m_clk1 ; diver:U1|m_clk1 ; 1.000        ; -0.039     ; 1.040      ;
; -0.088 ; count_min:U18|num0[2]  ; count_min:U18|num1[2]  ; diver:U1|m_clk1 ; diver:U1|m_clk1 ; 1.000        ; -0.039     ; 1.036      ;
; -0.088 ; count_min:U18|num0[2]  ; count_min:U18|num1[1]  ; diver:U1|m_clk1 ; diver:U1|m_clk1 ; 1.000        ; -0.039     ; 1.036      ;
; -0.088 ; count_min:U18|num0[2]  ; count_min:U18|num1[0]  ; diver:U1|m_clk1 ; diver:U1|m_clk1 ; 1.000        ; -0.039     ; 1.036      ;
; -0.086 ; count_hour:U19|num0[2] ; count_hour:U19|num1[0] ; diver:U1|m_clk1 ; diver:U1|m_clk1 ; 1.000        ; -0.039     ; 1.034      ;
; -0.086 ; count_hour:U19|num0[2] ; count_hour:U19|num1[1] ; diver:U1|m_clk1 ; diver:U1|m_clk1 ; 1.000        ; -0.039     ; 1.034      ;
; -0.071 ; count_hour:U19|num0[2] ; count_hour:U19|num1[3] ; diver:U1|m_clk1 ; diver:U1|m_clk1 ; 1.000        ; -0.039     ; 1.019      ;
; -0.069 ; count_hour:U19|num0[2] ; count_hour:U19|num1[2] ; diver:U1|m_clk1 ; diver:U1|m_clk1 ; 1.000        ; -0.039     ; 1.017      ;
; -0.047 ; count_min:U18|num0[3]  ; count_min:U18|num1[2]  ; diver:U1|m_clk1 ; diver:U1|m_clk1 ; 1.000        ; -0.039     ; 0.995      ;
; -0.047 ; count_min:U18|num0[3]  ; count_min:U18|num1[1]  ; diver:U1|m_clk1 ; diver:U1|m_clk1 ; 1.000        ; -0.039     ; 0.995      ;
; -0.047 ; count_min:U18|num0[3]  ; count_min:U18|num1[0]  ; diver:U1|m_clk1 ; diver:U1|m_clk1 ; 1.000        ; -0.039     ; 0.995      ;
; -0.040 ; count_min:U3|num0[1]   ; count_min:U3|num1[0]   ; diver:U1|m_clk1 ; diver:U1|m_clk1 ; 1.000        ; -0.054     ; 0.973      ;
; -0.040 ; count_min:U3|num0[1]   ; count_min:U3|num1[1]   ; diver:U1|m_clk1 ; diver:U1|m_clk1 ; 1.000        ; -0.054     ; 0.973      ;
; -0.040 ; count_min:U3|num0[1]   ; count_min:U3|num1[2]   ; diver:U1|m_clk1 ; diver:U1|m_clk1 ; 1.000        ; -0.054     ; 0.973      ;
; -0.033 ; count_min:U3|num0[0]   ; count_min:U3|num1[0]   ; diver:U1|m_clk1 ; diver:U1|m_clk1 ; 1.000        ; -0.054     ; 0.966      ;
; -0.033 ; count_min:U3|num0[0]   ; count_min:U3|num1[1]   ; diver:U1|m_clk1 ; diver:U1|m_clk1 ; 1.000        ; -0.054     ; 0.966      ;
; -0.033 ; count_min:U3|num0[0]   ; count_min:U3|num1[2]   ; diver:U1|m_clk1 ; diver:U1|m_clk1 ; 1.000        ; -0.054     ; 0.966      ;
; -0.025 ; count_sec:U17|num0[3]  ; count_sec:U17|num1[2]  ; diver:U1|m_clk1 ; diver:U1|m_clk1 ; 1.000        ; -0.039     ; 0.973      ;
; -0.025 ; count_sec:U17|num0[3]  ; count_sec:U17|num1[1]  ; diver:U1|m_clk1 ; diver:U1|m_clk1 ; 1.000        ; -0.039     ; 0.973      ;
; -0.025 ; count_sec:U17|num0[3]  ; count_sec:U17|num1[0]  ; diver:U1|m_clk1 ; diver:U1|m_clk1 ; 1.000        ; -0.039     ; 0.973      ;
; -0.024 ; count_hour:U19|num0[0] ; count_hour:U19|num1[0] ; diver:U1|m_clk1 ; diver:U1|m_clk1 ; 1.000        ; -0.039     ; 0.972      ;
; -0.024 ; count_hour:U19|num0[0] ; count_hour:U19|num1[1] ; diver:U1|m_clk1 ; diver:U1|m_clk1 ; 1.000        ; -0.039     ; 0.972      ;
; -0.014 ; count_hour:U19|num0[0] ; count_hour:U19|num1[3] ; diver:U1|m_clk1 ; diver:U1|m_clk1 ; 1.000        ; -0.039     ; 0.962      ;
; -0.012 ; count_hour:U19|num0[0] ; count_hour:U19|num1[2] ; diver:U1|m_clk1 ; diver:U1|m_clk1 ; 1.000        ; -0.039     ; 0.960      ;
; -0.010 ; count_min:U18|num0[0]  ; count_min:U18|num1[2]  ; diver:U1|m_clk1 ; diver:U1|m_clk1 ; 1.000        ; -0.039     ; 0.958      ;
; -0.010 ; count_min:U18|num0[0]  ; count_min:U18|num1[1]  ; diver:U1|m_clk1 ; diver:U1|m_clk1 ; 1.000        ; -0.039     ; 0.958      ;
; -0.010 ; count_min:U18|num0[0]  ; count_min:U18|num1[0]  ; diver:U1|m_clk1 ; diver:U1|m_clk1 ; 1.000        ; -0.039     ; 0.958      ;
; -0.007 ; count_hour:U4|num0[0]  ; count_hour:U4|num1[0]  ; diver:U1|m_clk1 ; diver:U1|m_clk1 ; 1.000        ; -0.038     ; 0.956      ;
; -0.007 ; count_hour:U4|num0[0]  ; count_hour:U4|num1[1]  ; diver:U1|m_clk1 ; diver:U1|m_clk1 ; 1.000        ; -0.038     ; 0.956      ;
; -0.006 ; count_hour:U4|num0[2]  ; count_hour:U4|num1[0]  ; diver:U1|m_clk1 ; diver:U1|m_clk1 ; 1.000        ; -0.038     ; 0.955      ;
; -0.006 ; count_hour:U4|num0[2]  ; count_hour:U4|num1[1]  ; diver:U1|m_clk1 ; diver:U1|m_clk1 ; 1.000        ; -0.038     ; 0.955      ;
; 0.005  ; count_sec:U17|num0[2]  ; count_sec:U17|num1[2]  ; diver:U1|m_clk1 ; diver:U1|m_clk1 ; 1.000        ; -0.038     ; 0.944      ;
; 0.005  ; count_sec:U17|num0[2]  ; count_sec:U17|num1[1]  ; diver:U1|m_clk1 ; diver:U1|m_clk1 ; 1.000        ; -0.038     ; 0.944      ;
; 0.005  ; count_sec:U17|num0[2]  ; count_sec:U17|num1[0]  ; diver:U1|m_clk1 ; diver:U1|m_clk1 ; 1.000        ; -0.038     ; 0.944      ;
; 0.007  ; count_hour:U19|num0[1] ; count_hour:U19|num1[0] ; diver:U1|m_clk1 ; diver:U1|m_clk1 ; 1.000        ; -0.039     ; 0.941      ;
; 0.007  ; count_hour:U19|num0[1] ; count_hour:U19|num1[1] ; diver:U1|m_clk1 ; diver:U1|m_clk1 ; 1.000        ; -0.039     ; 0.941      ;
; 0.017  ; count_hour:U19|num0[1] ; count_hour:U19|num1[3] ; diver:U1|m_clk1 ; diver:U1|m_clk1 ; 1.000        ; -0.039     ; 0.931      ;
; 0.019  ; count_hour:U19|num0[1] ; count_hour:U19|num1[2] ; diver:U1|m_clk1 ; diver:U1|m_clk1 ; 1.000        ; -0.039     ; 0.929      ;
; 0.020  ; count_sec:U17|num1[0]  ; count_sec:U17|num1[3]  ; diver:U1|m_clk1 ; diver:U1|m_clk1 ; 1.000        ; -0.040     ; 0.927      ;
; 0.020  ; count_sec:U17|num0[1]  ; count_sec:U17|num1[2]  ; diver:U1|m_clk1 ; diver:U1|m_clk1 ; 1.000        ; -0.039     ; 0.928      ;
; 0.020  ; count_sec:U17|num0[1]  ; count_sec:U17|num1[1]  ; diver:U1|m_clk1 ; diver:U1|m_clk1 ; 1.000        ; -0.039     ; 0.928      ;
; 0.020  ; count_sec:U17|num0[1]  ; count_sec:U17|num1[0]  ; diver:U1|m_clk1 ; diver:U1|m_clk1 ; 1.000        ; -0.039     ; 0.928      ;
; 0.028  ; count_sec:U17|num0[0]  ; count_sec:U17|num1[2]  ; diver:U1|m_clk1 ; diver:U1|m_clk1 ; 1.000        ; -0.039     ; 0.920      ;
; 0.028  ; count_sec:U17|num0[0]  ; count_sec:U17|num1[1]  ; diver:U1|m_clk1 ; diver:U1|m_clk1 ; 1.000        ; -0.039     ; 0.920      ;
; 0.028  ; count_sec:U17|num0[0]  ; count_sec:U17|num1[0]  ; diver:U1|m_clk1 ; diver:U1|m_clk1 ; 1.000        ; -0.039     ; 0.920      ;
; 0.053  ; count_min:U3|num0[3]   ; count_min:U3|num1[0]   ; diver:U1|m_clk1 ; diver:U1|m_clk1 ; 1.000        ; -0.054     ; 0.880      ;
; 0.053  ; count_min:U3|num0[3]   ; count_min:U3|num1[1]   ; diver:U1|m_clk1 ; diver:U1|m_clk1 ; 1.000        ; -0.054     ; 0.880      ;
; 0.053  ; count_min:U3|num0[3]   ; count_min:U3|num1[2]   ; diver:U1|m_clk1 ; diver:U1|m_clk1 ; 1.000        ; -0.054     ; 0.880      ;
; 0.069  ; count_hour:U4|num0[1]  ; count_hour:U4|num1[0]  ; diver:U1|m_clk1 ; diver:U1|m_clk1 ; 1.000        ; -0.038     ; 0.880      ;
; 0.069  ; count_hour:U4|num0[1]  ; count_hour:U4|num1[1]  ; diver:U1|m_clk1 ; diver:U1|m_clk1 ; 1.000        ; -0.038     ; 0.880      ;
; 0.078  ; count_hour:U19|num1[0] ; count_hour:U19|num1[3] ; diver:U1|m_clk1 ; diver:U1|m_clk1 ; 1.000        ; -0.039     ; 0.870      ;
; 0.098  ; count_sec:U17|num1[2]  ; count_sec:U17|num1[3]  ; diver:U1|m_clk1 ; diver:U1|m_clk1 ; 1.000        ; -0.040     ; 0.849      ;
; 0.107  ; count_min:U18|num0[2]  ; count_min:U18|num1[3]  ; diver:U1|m_clk1 ; diver:U1|m_clk1 ; 1.000        ; -0.039     ; 0.841      ;
; 0.124  ; count_min:U3|num1[1]   ; count_min:U3|num1[3]   ; diver:U1|m_clk1 ; diver:U1|m_clk1 ; 1.000        ; -0.004     ; 0.859      ;
; 0.130  ; count_min:U3|num1[0]   ; count_min:U3|num1[3]   ; diver:U1|m_clk1 ; diver:U1|m_clk1 ; 1.000        ; -0.004     ; 0.853      ;
; 0.131  ; count_min:U18|num0[1]  ; count_min:U18|num1[3]  ; diver:U1|m_clk1 ; diver:U1|m_clk1 ; 1.000        ; -0.039     ; 0.817      ;
; 0.134  ; count_min:U3|num0[2]   ; count_min:U3|num1[0]   ; diver:U1|m_clk1 ; diver:U1|m_clk1 ; 1.000        ; -0.054     ; 0.799      ;
; 0.134  ; count_min:U3|num0[2]   ; count_min:U3|num1[1]   ; diver:U1|m_clk1 ; diver:U1|m_clk1 ; 1.000        ; -0.054     ; 0.799      ;
; 0.134  ; count_min:U3|num0[2]   ; count_min:U3|num1[2]   ; diver:U1|m_clk1 ; diver:U1|m_clk1 ; 1.000        ; -0.054     ; 0.799      ;
; 0.142  ; count_sec:U17|num0[3]  ; count_sec:U17|num1[3]  ; diver:U1|m_clk1 ; diver:U1|m_clk1 ; 1.000        ; -0.040     ; 0.805      ;
; 0.145  ; trigger:U21|temp       ; count_hour:U19|num1[0] ; clk             ; diver:U1|m_clk1 ; 0.500        ; 1.054      ; 1.386      ;
; 0.145  ; trigger:U21|temp       ; count_hour:U19|num1[1] ; clk             ; diver:U1|m_clk1 ; 0.500        ; 1.054      ; 1.386      ;
; 0.148  ; count_min:U3|num0[0]   ; count_min:U3|num1[3]   ; diver:U1|m_clk1 ; diver:U1|m_clk1 ; 1.000        ; -0.027     ; 0.812      ;
; 0.149  ; count_min:U3|num0[1]   ; count_min:U3|num1[3]   ; diver:U1|m_clk1 ; diver:U1|m_clk1 ; 1.000        ; -0.027     ; 0.811      ;
; 0.152  ; count_min:U18|num1[2]  ; count_min:U18|num1[3]  ; diver:U1|m_clk1 ; diver:U1|m_clk1 ; 1.000        ; -0.039     ; 0.796      ;
; 0.152  ; count_hour:U4|num0[3]  ; count_hour:U4|num1[0]  ; diver:U1|m_clk1 ; diver:U1|m_clk1 ; 1.000        ; -0.038     ; 0.797      ;
; 0.152  ; count_hour:U4|num0[3]  ; count_hour:U4|num1[1]  ; diver:U1|m_clk1 ; diver:U1|m_clk1 ; 1.000        ; -0.038     ; 0.797      ;
; 0.155  ; count_hour:U4|num1[0]  ; count_hour:U4|num1[3]  ; diver:U1|m_clk1 ; diver:U1|m_clk1 ; 1.000        ; -0.038     ; 0.794      ;
; 0.155  ; trigger:U21|temp       ; count_hour:U19|num1[3] ; clk             ; diver:U1|m_clk1 ; 0.500        ; 1.054      ; 1.376      ;
; 0.157  ; trigger:U21|temp       ; count_hour:U19|num1[2] ; clk             ; diver:U1|m_clk1 ; 0.500        ; 1.054      ; 1.374      ;
; 0.159  ; count_sec:U17|num0[2]  ; count_sec:U17|num1[3]  ; diver:U1|m_clk1 ; diver:U1|m_clk1 ; 1.000        ; -0.039     ; 0.789      ;
; 0.161  ; count_min:U18|num0[0]  ; count_min:U18|num1[3]  ; diver:U1|m_clk1 ; diver:U1|m_clk1 ; 1.000        ; -0.039     ; 0.787      ;
; 0.165  ; count_hour:U19|num1[1] ; count_hour:U19|num1[3] ; diver:U1|m_clk1 ; diver:U1|m_clk1 ; 1.000        ; -0.039     ; 0.783      ;
; 0.168  ; count_sec:U17|num1[1]  ; count_sec:U17|num1[3]  ; diver:U1|m_clk1 ; diver:U1|m_clk1 ; 1.000        ; -0.040     ; 0.779      ;
; 0.174  ; count_hour:U19|num0[2] ; count_hour:U19|num0[3] ; diver:U1|m_clk1 ; diver:U1|m_clk1 ; 1.000        ; -0.039     ; 0.774      ;
; 0.203  ; count_hour:U19|num0[1] ; count_hour:U19|num0[3] ; diver:U1|m_clk1 ; diver:U1|m_clk1 ; 1.000        ; -0.039     ; 0.745      ;
; 0.205  ; count_min:U3|num1[1]   ; count_min:U3|num1[2]   ; diver:U1|m_clk1 ; diver:U1|m_clk1 ; 1.000        ; -0.027     ; 0.755      ;
; 0.205  ; count_hour:U4|num0[2]  ; count_hour:U4|num0[3]  ; diver:U1|m_clk1 ; diver:U1|m_clk1 ; 1.000        ; -0.038     ; 0.744      ;
; 0.206  ; count_sec:U17|num0[0]  ; count_sec:U17|num0[2]  ; diver:U1|m_clk1 ; diver:U1|m_clk1 ; 1.000        ; -0.040     ; 0.741      ;
; 0.211  ; count_sec:U17|num0[0]  ; count_sec:U17|num1[3]  ; diver:U1|m_clk1 ; diver:U1|m_clk1 ; 1.000        ; -0.040     ; 0.736      ;
; 0.218  ; count_min:U18|num1[1]  ; count_min:U18|num1[3]  ; diver:U1|m_clk1 ; diver:U1|m_clk1 ; 1.000        ; -0.039     ; 0.730      ;
; 0.226  ; count_hour:U4|num0[2]  ; count_hour:U4|num1[2]  ; diver:U1|m_clk1 ; diver:U1|m_clk1 ; 1.000        ; -0.038     ; 0.723      ;
; 0.226  ; count_hour:U4|num0[2]  ; count_hour:U4|num1[3]  ; diver:U1|m_clk1 ; diver:U1|m_clk1 ; 1.000        ; -0.038     ; 0.723      ;
; 0.226  ; count_hour:U4|num0[0]  ; count_hour:U4|num1[3]  ; diver:U1|m_clk1 ; diver:U1|m_clk1 ; 1.000        ; -0.038     ; 0.723      ;
; 0.226  ; count_hour:U4|num0[0]  ; count_hour:U4|num1[2]  ; diver:U1|m_clk1 ; diver:U1|m_clk1 ; 1.000        ; -0.038     ; 0.723      ;
; 0.234  ; count_min:U3|num0[3]   ; count_min:U3|num1[3]   ; diver:U1|m_clk1 ; diver:U1|m_clk1 ; 1.000        ; -0.027     ; 0.726      ;
; 0.236  ; count_hour:U4|num1[1]  ; count_hour:U4|num1[3]  ; diver:U1|m_clk1 ; diver:U1|m_clk1 ; 1.000        ; -0.038     ; 0.713      ;
; 0.242  ; count_min:U18|num0[3]  ; count_min:U18|num1[3]  ; diver:U1|m_clk1 ; diver:U1|m_clk1 ; 1.000        ; -0.039     ; 0.706      ;
; 0.255  ; trigger:U21|temp       ; count_hour:U19|num0[1] ; clk             ; diver:U1|m_clk1 ; 0.500        ; 1.054      ; 1.276      ;
; 0.267  ; trigger:U21|temp       ; count_sec:U17|num1[0]  ; clk             ; diver:U1|m_clk1 ; 0.500        ; 1.057      ; 1.267      ;
; 0.267  ; trigger:U21|temp       ; count_sec:U17|num1[1]  ; clk             ; diver:U1|m_clk1 ; 0.500        ; 1.057      ; 1.267      ;
; 0.267  ; trigger:U21|temp       ; count_sec:U17|num1[2]  ; clk             ; diver:U1|m_clk1 ; 0.500        ; 1.057      ; 1.267      ;
; 0.276  ; count_min:U3|num1[2]   ; count_min:U3|num1[3]   ; diver:U1|m_clk1 ; diver:U1|m_clk1 ; 1.000        ; -0.004     ; 0.707      ;
; 0.286  ; count_min:U18|num1[0]  ; count_min:U18|num1[3]  ; diver:U1|m_clk1 ; diver:U1|m_clk1 ; 1.000        ; -0.039     ; 0.662      ;
+--------+------------------------+------------------------+-----------------+-----------------+--------------+------------+------------+


+-----------------------------------------------------------------------------------------------------------------------------------+
; Fast 1200mV 0C Model Setup: 'diver:U1|m_clk0'                                                                                     ;
+--------+----------------------+----------------------+-----------------+-----------------+--------------+------------+------------+
; Slack  ; From Node            ; To Node              ; Launch Clock    ; Latch Clock     ; Relationship ; Clock Skew ; Data Delay ;
+--------+----------------------+----------------------+-----------------+-----------------+--------------+------------+------------+
; -0.041 ; count_sec:U2|num0[0] ; count_sec:U2|num1[0] ; diver:U1|m_clk0 ; diver:U1|m_clk0 ; 1.000        ; -0.057     ; 0.991      ;
; -0.041 ; count_sec:U2|num0[0] ; count_sec:U2|num1[1] ; diver:U1|m_clk0 ; diver:U1|m_clk0 ; 1.000        ; -0.057     ; 0.991      ;
; -0.041 ; count_sec:U2|num0[0] ; count_sec:U2|num1[2] ; diver:U1|m_clk0 ; diver:U1|m_clk0 ; 1.000        ; -0.057     ; 0.991      ;
; -0.026 ; count_sec:U2|num0[3] ; count_sec:U2|num1[0] ; diver:U1|m_clk0 ; diver:U1|m_clk0 ; 1.000        ; -0.057     ; 0.976      ;
; -0.026 ; count_sec:U2|num0[3] ; count_sec:U2|num1[1] ; diver:U1|m_clk0 ; diver:U1|m_clk0 ; 1.000        ; -0.057     ; 0.976      ;
; -0.026 ; count_sec:U2|num0[3] ; count_sec:U2|num1[2] ; diver:U1|m_clk0 ; diver:U1|m_clk0 ; 1.000        ; -0.057     ; 0.976      ;
; 0.082  ; count_sec:U2|num0[0] ; count_sec:U2|num1[3] ; diver:U1|m_clk0 ; diver:U1|m_clk0 ; 1.000        ; -0.027     ; 0.898      ;
; 0.097  ; count_sec:U2|num0[3] ; count_sec:U2|num1[3] ; diver:U1|m_clk0 ; diver:U1|m_clk0 ; 1.000        ; -0.027     ; 0.883      ;
; 0.103  ; count_sec:U2|num0[1] ; count_sec:U2|num1[0] ; diver:U1|m_clk0 ; diver:U1|m_clk0 ; 1.000        ; -0.057     ; 0.847      ;
; 0.103  ; count_sec:U2|num0[1] ; count_sec:U2|num1[1] ; diver:U1|m_clk0 ; diver:U1|m_clk0 ; 1.000        ; -0.057     ; 0.847      ;
; 0.103  ; count_sec:U2|num0[1] ; count_sec:U2|num1[2] ; diver:U1|m_clk0 ; diver:U1|m_clk0 ; 1.000        ; -0.057     ; 0.847      ;
; 0.157  ; count_sec:U2|num0[2] ; count_sec:U2|num1[0] ; diver:U1|m_clk0 ; diver:U1|m_clk0 ; 1.000        ; -0.057     ; 0.793      ;
; 0.157  ; count_sec:U2|num0[2] ; count_sec:U2|num1[1] ; diver:U1|m_clk0 ; diver:U1|m_clk0 ; 1.000        ; -0.057     ; 0.793      ;
; 0.157  ; count_sec:U2|num0[2] ; count_sec:U2|num1[2] ; diver:U1|m_clk0 ; diver:U1|m_clk0 ; 1.000        ; -0.057     ; 0.793      ;
; 0.190  ; count_sec:U2|num1[0] ; count_sec:U2|num1[3] ; diver:U1|m_clk0 ; diver:U1|m_clk0 ; 1.000        ; -0.029     ; 0.788      ;
; 0.195  ; count_sec:U2|num1[2] ; count_sec:U2|num1[3] ; diver:U1|m_clk0 ; diver:U1|m_clk0 ; 1.000        ; -0.029     ; 0.783      ;
; 0.210  ; count_sec:U2|num0[2] ; count_sec:U2|num0[3] ; diver:U1|m_clk0 ; diver:U1|m_clk0 ; 1.000        ; -0.027     ; 0.770      ;
; 0.230  ; count_sec:U2|num0[2] ; count_sec:U2|num0[1] ; diver:U1|m_clk0 ; diver:U1|m_clk0 ; 1.000        ; -0.027     ; 0.750      ;
; 0.231  ; count_sec:U2|num1[3] ; count_sec:U2|num1[1] ; diver:U1|m_clk0 ; diver:U1|m_clk0 ; 1.000        ; -0.057     ; 0.719      ;
; 0.237  ; count_sec:U2|num0[1] ; count_sec:U2|num1[3] ; diver:U1|m_clk0 ; diver:U1|m_clk0 ; 1.000        ; -0.027     ; 0.743      ;
; 0.243  ; count_sec:U2|num1[3] ; count_sec:U2|num1[2] ; diver:U1|m_clk0 ; diver:U1|m_clk0 ; 1.000        ; -0.057     ; 0.707      ;
; 0.291  ; count_sec:U2|num0[2] ; count_sec:U2|num1[3] ; diver:U1|m_clk0 ; diver:U1|m_clk0 ; 1.000        ; -0.027     ; 0.689      ;
; 0.331  ; count_sec:U2|num1[1] ; count_sec:U2|num1[3] ; diver:U1|m_clk0 ; diver:U1|m_clk0 ; 1.000        ; -0.029     ; 0.647      ;
; 0.401  ; count_sec:U2|num0[0] ; count_sec:U2|num0[1] ; diver:U1|m_clk0 ; diver:U1|m_clk0 ; 1.000        ; -0.027     ; 0.579      ;
; 0.413  ; count_sec:U2|num1[0] ; count_sec:U2|num1[1] ; diver:U1|m_clk0 ; diver:U1|m_clk0 ; 1.000        ; -0.028     ; 0.566      ;
; 0.429  ; count_sec:U2|num0[0] ; count_sec:U2|num0[3] ; diver:U1|m_clk0 ; diver:U1|m_clk0 ; 1.000        ; -0.027     ; 0.551      ;
; 0.437  ; count_sec:U2|num0[0] ; count_sec:U2|num0[2] ; diver:U1|m_clk0 ; diver:U1|m_clk0 ; 1.000        ; -0.027     ; 0.543      ;
; 0.442  ; count_sec:U2|num1[1] ; count_sec:U2|num1[2] ; diver:U1|m_clk0 ; diver:U1|m_clk0 ; 1.000        ; -0.028     ; 0.537      ;
; 0.504  ; count_sec:U2|num0[1] ; count_sec:U2|num0[3] ; diver:U1|m_clk0 ; diver:U1|m_clk0 ; 1.000        ; -0.027     ; 0.476      ;
; 0.507  ; count_sec:U2|num0[1] ; count_sec:U2|num0[2] ; diver:U1|m_clk0 ; diver:U1|m_clk0 ; 1.000        ; -0.027     ; 0.473      ;
; 0.575  ; count_sec:U2|num1[0] ; count_sec:U2|num1[2] ; diver:U1|m_clk0 ; diver:U1|m_clk0 ; 1.000        ; -0.028     ; 0.404      ;
; 0.583  ; count_sec:U2|num1[2] ; count_sec:U2|num1[1] ; diver:U1|m_clk0 ; diver:U1|m_clk0 ; 1.000        ; -0.028     ; 0.396      ;
; 0.589  ; count_sec:U2|num0[3] ; count_sec:U2|num0[1] ; diver:U1|m_clk0 ; diver:U1|m_clk0 ; 1.000        ; -0.027     ; 0.391      ;
; 0.624  ; count_sec:U2|num0[0] ; count_sec:U2|num0[0] ; diver:U1|m_clk0 ; diver:U1|m_clk0 ; 1.000        ; -0.024     ; 0.359      ;
; 0.624  ; count_sec:U2|num0[2] ; count_sec:U2|num0[2] ; diver:U1|m_clk0 ; diver:U1|m_clk0 ; 1.000        ; -0.024     ; 0.359      ;
; 0.624  ; count_sec:U2|num0[3] ; count_sec:U2|num0[3] ; diver:U1|m_clk0 ; diver:U1|m_clk0 ; 1.000        ; -0.024     ; 0.359      ;
; 0.624  ; count_sec:U2|num1[2] ; count_sec:U2|num1[2] ; diver:U1|m_clk0 ; diver:U1|m_clk0 ; 1.000        ; -0.024     ; 0.359      ;
; 0.624  ; count_sec:U2|num1[0] ; count_sec:U2|num1[0] ; diver:U1|m_clk0 ; diver:U1|m_clk0 ; 1.000        ; -0.024     ; 0.359      ;
; 0.624  ; count_sec:U2|num1[3] ; count_sec:U2|num1[3] ; diver:U1|m_clk0 ; diver:U1|m_clk0 ; 1.000        ; -0.024     ; 0.359      ;
; 0.624  ; count_sec:U2|num0[1] ; count_sec:U2|num0[1] ; diver:U1|m_clk0 ; diver:U1|m_clk0 ; 1.000        ; -0.024     ; 0.359      ;
; 0.624  ; count_sec:U2|num1[1] ; count_sec:U2|num1[1] ; diver:U1|m_clk0 ; diver:U1|m_clk0 ; 1.000        ; -0.024     ; 0.359      ;
+--------+----------------------+----------------------+-----------------+-----------------+--------------+------------+------------+


+------------------------------------------------------------------------------------------------------------------------+
; Fast 1200mV 0C Model Setup: 'clk'                                                                                      ;
+-------+-------------------+-------------------+-----------------+-------------+--------------+------------+------------+
; Slack ; From Node         ; To Node           ; Launch Clock    ; Latch Clock ; Relationship ; Clock Skew ; Data Delay ;
+-------+-------------------+-------------------+-----------------+-------------+--------------+------------+------------+
; 0.101 ; diver:U1|m_clk0   ; diver:U1|m_clk0   ; diver:U1|m_clk0 ; clk         ; 0.500        ; 1.185      ; 1.676      ;
; 0.198 ; diver:U1|m_clk1   ; diver:U1|m_clk1   ; diver:U1|m_clk1 ; clk         ; 0.500        ; 1.186      ; 1.570      ;
; 0.322 ; diver:U1|cnt_0[0] ; diver:U1|m_clk0   ; clk             ; clk         ; 1.000        ; -0.036     ; 0.629      ;
; 0.396 ; diver:U1|cnt_0[1] ; diver:U1|m_clk0   ; clk             ; clk         ; 1.000        ; -0.036     ; 0.555      ;
; 0.492 ; diver:U1|cnt_0[0] ; diver:U1|cnt_0[1] ; clk             ; clk         ; 1.000        ; -0.036     ; 0.459      ;
; 0.497 ; diver:U1|cnt_0[1] ; diver:U1|cnt_0[0] ; clk             ; clk         ; 1.000        ; -0.036     ; 0.454      ;
; 0.592 ; diver:U1|cnt_0[1] ; diver:U1|cnt_0[1] ; clk             ; clk         ; 1.000        ; -0.036     ; 0.359      ;
; 0.592 ; diver:U1|cnt_0[0] ; diver:U1|cnt_0[0] ; clk             ; clk         ; 1.000        ; -0.036     ; 0.359      ;
; 0.606 ; trigger:U21|temp  ; trigger:U21|temp  ; clk             ; clk         ; 1.000        ; -0.022     ; 0.359      ;
; 0.690 ; diver:U1|m_clk1   ; diver:U1|m_clk1   ; diver:U1|m_clk1 ; clk         ; 1.000        ; 1.186      ; 1.578      ;
; 0.777 ; diver:U1|m_clk0   ; diver:U1|m_clk0   ; diver:U1|m_clk0 ; clk         ; 1.000        ; 1.185      ; 1.500      ;
+-------+-------------------+-------------------+-----------------+-------------+--------------+------------+------------+


+-------------------------------------------------------------------------------------------------------------------------+
; Fast 1200mV 0C Model Hold: 'clk'                                                                                        ;
+--------+-------------------+-------------------+-----------------+-------------+--------------+------------+------------+
; Slack  ; From Node         ; To Node           ; Launch Clock    ; Latch Clock ; Relationship ; Clock Skew ; Data Delay ;
+--------+-------------------+-------------------+-----------------+-------------+--------------+------------+------------+
; -0.038 ; diver:U1|m_clk0   ; diver:U1|m_clk0   ; diver:U1|m_clk0 ; clk         ; 0.000        ; 1.229      ; 1.400      ;
; 0.019  ; diver:U1|m_clk1   ; diver:U1|m_clk1   ; diver:U1|m_clk1 ; clk         ; 0.000        ; 1.230      ; 1.468      ;
; 0.194  ; diver:U1|cnt_0[1] ; diver:U1|cnt_0[1] ; clk             ; clk         ; 0.000        ; 0.036      ; 0.314      ;
; 0.194  ; diver:U1|cnt_0[0] ; diver:U1|cnt_0[0] ; clk             ; clk         ; 0.000        ; 0.036      ; 0.314      ;
; 0.201  ; trigger:U21|temp  ; trigger:U21|temp  ; clk             ; clk         ; 0.000        ; 0.022      ; 0.307      ;
; 0.270  ; diver:U1|cnt_0[0] ; diver:U1|cnt_0[1] ; clk             ; clk         ; 0.000        ; 0.036      ; 0.390      ;
; 0.274  ; diver:U1|cnt_0[1] ; diver:U1|cnt_0[0] ; clk             ; clk         ; 0.000        ; 0.036      ; 0.394      ;
; 0.357  ; diver:U1|cnt_0[1] ; diver:U1|m_clk0   ; clk             ; clk         ; 0.000        ; 0.036      ; 0.477      ;
; 0.417  ; diver:U1|cnt_0[0] ; diver:U1|m_clk0   ; clk             ; clk         ; 0.000        ; 0.036      ; 0.537      ;
; 0.509  ; diver:U1|m_clk1   ; diver:U1|m_clk1   ; diver:U1|m_clk1 ; clk         ; -0.500       ; 1.230      ; 1.458      ;
; 0.613  ; diver:U1|m_clk0   ; diver:U1|m_clk0   ; diver:U1|m_clk0 ; clk         ; -0.500       ; 1.229      ; 1.551      ;
+--------+-------------------+-------------------+-----------------+-------------+--------------+------------+------------+


+--------------------------------------------------------------------------------------------------------------------------------------+
; Fast 1200mV 0C Model Hold: 'diver:U1|m_clk1'                                                                                         ;
+-------+------------------------+------------------------+-----------------+-----------------+--------------+------------+------------+
; Slack ; From Node              ; To Node                ; Launch Clock    ; Latch Clock     ; Relationship ; Clock Skew ; Data Delay ;
+-------+------------------------+------------------------+-----------------+-----------------+--------------+------------+------------+
; 0.074 ; trigger:U21|temp       ; count_min:U18|num0[2]  ; clk             ; diver:U1|m_clk1 ; -0.500       ; 1.230      ; 0.918      ;
; 0.076 ; trigger:U21|temp       ; count_min:U18|num1[3]  ; clk             ; diver:U1|m_clk1 ; -0.500       ; 1.230      ; 0.920      ;
; 0.137 ; trigger:U21|temp       ; count_hour:U19|num0[3] ; clk             ; diver:U1|m_clk1 ; -0.500       ; 1.226      ; 0.977      ;
; 0.143 ; trigger:U21|temp       ; count_sec:U17|num1[3]  ; clk             ; diver:U1|m_clk1 ; -0.500       ; 1.228      ; 0.985      ;
; 0.144 ; trigger:U21|temp       ; count_sec:U17|num0[2]  ; clk             ; diver:U1|m_clk1 ; -0.500       ; 1.228      ; 0.986      ;
; 0.184 ; count_hour:U19|num1[3] ; count_hour:U19|num1[3] ; diver:U1|m_clk1 ; diver:U1|m_clk1 ; 0.000        ; 0.039      ; 0.307      ;
; 0.184 ; count_hour:U19|num1[1] ; count_hour:U19|num1[1] ; diver:U1|m_clk1 ; diver:U1|m_clk1 ; 0.000        ; 0.039      ; 0.307      ;
; 0.184 ; count_hour:U19|num1[2] ; count_hour:U19|num1[2] ; diver:U1|m_clk1 ; diver:U1|m_clk1 ; 0.000        ; 0.039      ; 0.307      ;
; 0.184 ; count_hour:U19|num0[3] ; count_hour:U19|num0[3] ; diver:U1|m_clk1 ; diver:U1|m_clk1 ; 0.000        ; 0.039      ; 0.307      ;
; 0.184 ; count_hour:U19|num0[2] ; count_hour:U19|num0[2] ; diver:U1|m_clk1 ; diver:U1|m_clk1 ; 0.000        ; 0.039      ; 0.307      ;
; 0.184 ; count_hour:U19|num0[1] ; count_hour:U19|num0[1] ; diver:U1|m_clk1 ; diver:U1|m_clk1 ; 0.000        ; 0.039      ; 0.307      ;
; 0.184 ; count_min:U18|num1[3]  ; count_min:U18|num1[3]  ; diver:U1|m_clk1 ; diver:U1|m_clk1 ; 0.000        ; 0.039      ; 0.307      ;
; 0.184 ; count_min:U18|num1[2]  ; count_min:U18|num1[2]  ; diver:U1|m_clk1 ; diver:U1|m_clk1 ; 0.000        ; 0.039      ; 0.307      ;
; 0.184 ; count_min:U18|num1[1]  ; count_min:U18|num1[1]  ; diver:U1|m_clk1 ; diver:U1|m_clk1 ; 0.000        ; 0.039      ; 0.307      ;
; 0.184 ; count_min:U18|num0[1]  ; count_min:U18|num0[1]  ; diver:U1|m_clk1 ; diver:U1|m_clk1 ; 0.000        ; 0.039      ; 0.307      ;
; 0.184 ; count_min:U18|num0[3]  ; count_min:U18|num0[3]  ; diver:U1|m_clk1 ; diver:U1|m_clk1 ; 0.000        ; 0.039      ; 0.307      ;
; 0.184 ; count_min:U18|num0[2]  ; count_min:U18|num0[2]  ; diver:U1|m_clk1 ; diver:U1|m_clk1 ; 0.000        ; 0.039      ; 0.307      ;
; 0.184 ; count_sec:U17|num1[2]  ; count_sec:U17|num1[2]  ; diver:U1|m_clk1 ; diver:U1|m_clk1 ; 0.000        ; 0.039      ; 0.307      ;
; 0.184 ; count_sec:U17|num1[3]  ; count_sec:U17|num1[3]  ; diver:U1|m_clk1 ; diver:U1|m_clk1 ; 0.000        ; 0.039      ; 0.307      ;
; 0.184 ; count_sec:U17|num1[1]  ; count_sec:U17|num1[1]  ; diver:U1|m_clk1 ; diver:U1|m_clk1 ; 0.000        ; 0.039      ; 0.307      ;
; 0.184 ; count_sec:U17|num0[1]  ; count_sec:U17|num0[1]  ; diver:U1|m_clk1 ; diver:U1|m_clk1 ; 0.000        ; 0.039      ; 0.307      ;
; 0.184 ; count_sec:U17|num0[2]  ; count_sec:U17|num0[2]  ; diver:U1|m_clk1 ; diver:U1|m_clk1 ; 0.000        ; 0.039      ; 0.307      ;
; 0.184 ; count_sec:U17|num0[3]  ; count_sec:U17|num0[3]  ; diver:U1|m_clk1 ; diver:U1|m_clk1 ; 0.000        ; 0.039      ; 0.307      ;
; 0.185 ; count_hour:U4|num1[1]  ; count_hour:U4|num1[1]  ; diver:U1|m_clk1 ; diver:U1|m_clk1 ; 0.000        ; 0.038      ; 0.307      ;
; 0.185 ; count_hour:U4|num1[2]  ; count_hour:U4|num1[2]  ; diver:U1|m_clk1 ; diver:U1|m_clk1 ; 0.000        ; 0.038      ; 0.307      ;
; 0.185 ; count_hour:U4|num1[3]  ; count_hour:U4|num1[3]  ; diver:U1|m_clk1 ; diver:U1|m_clk1 ; 0.000        ; 0.038      ; 0.307      ;
; 0.185 ; count_hour:U4|num0[2]  ; count_hour:U4|num0[2]  ; diver:U1|m_clk1 ; diver:U1|m_clk1 ; 0.000        ; 0.038      ; 0.307      ;
; 0.185 ; count_hour:U4|num0[3]  ; count_hour:U4|num0[3]  ; diver:U1|m_clk1 ; diver:U1|m_clk1 ; 0.000        ; 0.038      ; 0.307      ;
; 0.185 ; count_hour:U4|num0[1]  ; count_hour:U4|num0[1]  ; diver:U1|m_clk1 ; diver:U1|m_clk1 ; 0.000        ; 0.038      ; 0.307      ;
; 0.191 ; count_hour:U19|num1[0] ; count_hour:U19|num1[0] ; diver:U1|m_clk1 ; diver:U1|m_clk1 ; 0.000        ; 0.039      ; 0.314      ;
; 0.191 ; count_hour:U19|num0[0] ; count_hour:U19|num0[0] ; diver:U1|m_clk1 ; diver:U1|m_clk1 ; 0.000        ; 0.039      ; 0.314      ;
; 0.191 ; count_min:U18|num1[0]  ; count_min:U18|num1[0]  ; diver:U1|m_clk1 ; diver:U1|m_clk1 ; 0.000        ; 0.039      ; 0.314      ;
; 0.191 ; count_min:U18|num0[0]  ; count_min:U18|num0[0]  ; diver:U1|m_clk1 ; diver:U1|m_clk1 ; 0.000        ; 0.039      ; 0.314      ;
; 0.191 ; count_sec:U17|num1[0]  ; count_sec:U17|num1[0]  ; diver:U1|m_clk1 ; diver:U1|m_clk1 ; 0.000        ; 0.039      ; 0.314      ;
; 0.191 ; count_sec:U17|num0[0]  ; count_sec:U17|num0[0]  ; diver:U1|m_clk1 ; diver:U1|m_clk1 ; 0.000        ; 0.039      ; 0.314      ;
; 0.192 ; count_hour:U4|num1[0]  ; count_hour:U4|num1[0]  ; diver:U1|m_clk1 ; diver:U1|m_clk1 ; 0.000        ; 0.038      ; 0.314      ;
; 0.192 ; count_hour:U4|num0[0]  ; count_hour:U4|num0[0]  ; diver:U1|m_clk1 ; diver:U1|m_clk1 ; 0.000        ; 0.038      ; 0.314      ;
; 0.199 ; count_min:U3|num0[2]   ; count_min:U3|num0[2]   ; diver:U1|m_clk1 ; diver:U1|m_clk1 ; 0.000        ; 0.024      ; 0.307      ;
; 0.199 ; count_min:U3|num0[1]   ; count_min:U3|num0[1]   ; diver:U1|m_clk1 ; diver:U1|m_clk1 ; 0.000        ; 0.024      ; 0.307      ;
; 0.199 ; count_min:U3|num0[3]   ; count_min:U3|num0[3]   ; diver:U1|m_clk1 ; diver:U1|m_clk1 ; 0.000        ; 0.024      ; 0.307      ;
; 0.199 ; count_min:U3|num1[2]   ; count_min:U3|num1[2]   ; diver:U1|m_clk1 ; diver:U1|m_clk1 ; 0.000        ; 0.024      ; 0.307      ;
; 0.199 ; count_min:U3|num1[1]   ; count_min:U3|num1[1]   ; diver:U1|m_clk1 ; diver:U1|m_clk1 ; 0.000        ; 0.024      ; 0.307      ;
; 0.199 ; count_min:U3|num1[3]   ; count_min:U3|num1[3]   ; diver:U1|m_clk1 ; diver:U1|m_clk1 ; 0.000        ; 0.024      ; 0.307      ;
; 0.206 ; count_min:U3|num0[0]   ; count_min:U3|num0[0]   ; diver:U1|m_clk1 ; diver:U1|m_clk1 ; 0.000        ; 0.024      ; 0.314      ;
; 0.206 ; count_min:U3|num1[0]   ; count_min:U3|num1[0]   ; diver:U1|m_clk1 ; diver:U1|m_clk1 ; 0.000        ; 0.024      ; 0.314      ;
; 0.206 ; count_hour:U19|num1[2] ; count_hour:U19|num1[3] ; diver:U1|m_clk1 ; diver:U1|m_clk1 ; 0.000        ; 0.039      ; 0.329      ;
; 0.206 ; count_min:U18|num1[0]  ; count_min:U18|num1[1]  ; diver:U1|m_clk1 ; diver:U1|m_clk1 ; 0.000        ; 0.039      ; 0.329      ;
; 0.206 ; count_sec:U17|num1[1]  ; count_sec:U17|num1[2]  ; diver:U1|m_clk1 ; diver:U1|m_clk1 ; 0.000        ; 0.039      ; 0.329      ;
; 0.207 ; count_hour:U19|num1[2] ; count_hour:U19|num1[1] ; diver:U1|m_clk1 ; diver:U1|m_clk1 ; 0.000        ; 0.039      ; 0.330      ;
; 0.209 ; count_hour:U19|num1[2] ; count_hour:U19|num1[0] ; diver:U1|m_clk1 ; diver:U1|m_clk1 ; 0.000        ; 0.039      ; 0.332      ;
; 0.209 ; count_hour:U4|num1[3]  ; count_hour:U4|num1[1]  ; diver:U1|m_clk1 ; diver:U1|m_clk1 ; 0.000        ; 0.038      ; 0.331      ;
; 0.210 ; count_min:U18|num0[3]  ; count_min:U18|num0[1]  ; diver:U1|m_clk1 ; diver:U1|m_clk1 ; 0.000        ; 0.039      ; 0.333      ;
; 0.211 ; count_min:U18|num1[0]  ; count_min:U18|num1[2]  ; diver:U1|m_clk1 ; diver:U1|m_clk1 ; 0.000        ; 0.039      ; 0.334      ;
; 0.212 ; count_sec:U17|num1[0]  ; count_sec:U17|num1[1]  ; diver:U1|m_clk1 ; diver:U1|m_clk1 ; 0.000        ; 0.039      ; 0.335      ;
; 0.213 ; count_hour:U19|num0[0] ; count_hour:U19|num0[2] ; diver:U1|m_clk1 ; diver:U1|m_clk1 ; 0.000        ; 0.039      ; 0.336      ;
; 0.216 ; count_hour:U4|num1[1]  ; count_hour:U4|num1[0]  ; diver:U1|m_clk1 ; diver:U1|m_clk1 ; 0.000        ; 0.038      ; 0.338      ;
; 0.219 ; count_min:U18|num0[1]  ; count_min:U18|num0[2]  ; diver:U1|m_clk1 ; diver:U1|m_clk1 ; 0.000        ; 0.039      ; 0.342      ;
; 0.222 ; count_min:U3|num0[0]   ; count_min:U3|num0[1]   ; diver:U1|m_clk1 ; diver:U1|m_clk1 ; 0.000        ; 0.027      ; 0.333      ;
; 0.223 ; count_min:U3|num0[0]   ; count_min:U3|num0[2]   ; diver:U1|m_clk1 ; diver:U1|m_clk1 ; 0.000        ; 0.027      ; 0.334      ;
; 0.228 ; trigger:U21|temp       ; count_hour:U19|num0[1] ; clk             ; diver:U1|m_clk1 ; -0.500       ; 1.226      ; 1.068      ;
; 0.245 ; count_min:U3|num1[3]   ; count_min:U3|num1[2]   ; diver:U1|m_clk1 ; diver:U1|m_clk1 ; 0.000        ; 0.004      ; 0.333      ;
; 0.246 ; count_min:U3|num1[3]   ; count_min:U3|num1[1]   ; diver:U1|m_clk1 ; diver:U1|m_clk1 ; 0.000        ; 0.004      ; 0.334      ;
; 0.260 ; trigger:U21|temp       ; count_min:U18|num0[0]  ; clk             ; diver:U1|m_clk1 ; -0.500       ; 1.230      ; 1.104      ;
; 0.260 ; trigger:U21|temp       ; count_min:U18|num0[1]  ; clk             ; diver:U1|m_clk1 ; -0.500       ; 1.230      ; 1.104      ;
; 0.260 ; trigger:U21|temp       ; count_min:U18|num0[3]  ; clk             ; diver:U1|m_clk1 ; -0.500       ; 1.230      ; 1.104      ;
; 0.275 ; count_hour:U19|num1[0] ; count_hour:U19|num1[2] ; diver:U1|m_clk1 ; diver:U1|m_clk1 ; 0.000        ; 0.039      ; 0.398      ;
; 0.276 ; count_sec:U17|num0[1]  ; count_sec:U17|num0[3]  ; diver:U1|m_clk1 ; diver:U1|m_clk1 ; 0.000        ; 0.039      ; 0.399      ;
; 0.281 ; count_hour:U4|num0[1]  ; count_hour:U4|num0[3]  ; diver:U1|m_clk1 ; diver:U1|m_clk1 ; 0.000        ; 0.038      ; 0.403      ;
; 0.292 ; count_sec:U17|num0[1]  ; count_sec:U17|num0[2]  ; diver:U1|m_clk1 ; diver:U1|m_clk1 ; 0.000        ; 0.038      ; 0.414      ;
; 0.306 ; trigger:U21|temp       ; count_hour:U19|num1[3] ; clk             ; diver:U1|m_clk1 ; -0.500       ; 1.226      ; 1.146      ;
; 0.306 ; trigger:U21|temp       ; count_hour:U19|num1[2] ; clk             ; diver:U1|m_clk1 ; -0.500       ; 1.226      ; 1.146      ;
; 0.307 ; trigger:U21|temp       ; count_sec:U17|num0[0]  ; clk             ; diver:U1|m_clk1 ; -0.500       ; 1.229      ; 1.150      ;
; 0.307 ; trigger:U21|temp       ; count_sec:U17|num0[1]  ; clk             ; diver:U1|m_clk1 ; -0.500       ; 1.229      ; 1.150      ;
; 0.307 ; trigger:U21|temp       ; count_sec:U17|num0[3]  ; clk             ; diver:U1|m_clk1 ; -0.500       ; 1.229      ; 1.150      ;
; 0.310 ; count_min:U18|num1[1]  ; count_min:U18|num1[2]  ; diver:U1|m_clk1 ; diver:U1|m_clk1 ; 0.000        ; 0.039      ; 0.433      ;
; 0.311 ; count_hour:U19|num1[1] ; count_hour:U19|num1[2] ; diver:U1|m_clk1 ; diver:U1|m_clk1 ; 0.000        ; 0.039      ; 0.434      ;
; 0.312 ; count_sec:U17|num1[0]  ; count_sec:U17|num1[2]  ; diver:U1|m_clk1 ; diver:U1|m_clk1 ; 0.000        ; 0.039      ; 0.435      ;
; 0.312 ; count_sec:U17|num1[2]  ; count_sec:U17|num1[1]  ; diver:U1|m_clk1 ; diver:U1|m_clk1 ; 0.000        ; 0.039      ; 0.435      ;
; 0.313 ; count_sec:U17|num0[0]  ; count_sec:U17|num0[3]  ; diver:U1|m_clk1 ; diver:U1|m_clk1 ; 0.000        ; 0.039      ; 0.436      ;
; 0.313 ; count_hour:U4|num1[2]  ; count_hour:U4|num1[3]  ; diver:U1|m_clk1 ; diver:U1|m_clk1 ; 0.000        ; 0.038      ; 0.435      ;
; 0.314 ; count_hour:U4|num1[1]  ; count_hour:U4|num1[2]  ; diver:U1|m_clk1 ; diver:U1|m_clk1 ; 0.000        ; 0.038      ; 0.436      ;
; 0.315 ; count_sec:U17|num0[0]  ; count_sec:U17|num0[1]  ; diver:U1|m_clk1 ; diver:U1|m_clk1 ; 0.000        ; 0.039      ; 0.438      ;
; 0.315 ; count_hour:U4|num1[3]  ; count_hour:U4|num1[0]  ; diver:U1|m_clk1 ; diver:U1|m_clk1 ; 0.000        ; 0.038      ; 0.437      ;
; 0.316 ; count_min:U18|num0[1]  ; count_min:U18|num0[3]  ; diver:U1|m_clk1 ; diver:U1|m_clk1 ; 0.000        ; 0.039      ; 0.439      ;
; 0.318 ; count_min:U18|num0[0]  ; count_min:U18|num0[1]  ; diver:U1|m_clk1 ; diver:U1|m_clk1 ; 0.000        ; 0.039      ; 0.441      ;
; 0.319 ; count_hour:U4|num1[0]  ; count_hour:U4|num1[2]  ; diver:U1|m_clk1 ; diver:U1|m_clk1 ; 0.000        ; 0.038      ; 0.441      ;
; 0.320 ; count_min:U3|num0[1]   ; count_min:U3|num0[2]   ; diver:U1|m_clk1 ; diver:U1|m_clk1 ; 0.000        ; 0.027      ; 0.431      ;
; 0.320 ; trigger:U21|temp       ; count_hour:U19|num0[0] ; clk             ; diver:U1|m_clk1 ; -0.500       ; 1.226      ; 1.160      ;
; 0.320 ; trigger:U21|temp       ; count_hour:U19|num0[2] ; clk             ; diver:U1|m_clk1 ; -0.500       ; 1.226      ; 1.160      ;
; 0.321 ; count_min:U18|num1[2]  ; count_min:U18|num1[1]  ; diver:U1|m_clk1 ; diver:U1|m_clk1 ; 0.000        ; 0.039      ; 0.444      ;
; 0.321 ; count_hour:U4|num1[2]  ; count_hour:U4|num1[0]  ; diver:U1|m_clk1 ; diver:U1|m_clk1 ; 0.000        ; 0.038      ; 0.443      ;
; 0.326 ; trigger:U21|temp       ; count_min:U18|num1[0]  ; clk             ; diver:U1|m_clk1 ; -0.500       ; 1.230      ; 1.170      ;
; 0.326 ; trigger:U21|temp       ; count_min:U18|num1[1]  ; clk             ; diver:U1|m_clk1 ; -0.500       ; 1.230      ; 1.170      ;
; 0.326 ; trigger:U21|temp       ; count_min:U18|num1[2]  ; clk             ; diver:U1|m_clk1 ; -0.500       ; 1.230      ; 1.170      ;
; 0.328 ; count_min:U18|num0[2]  ; count_min:U18|num0[1]  ; diver:U1|m_clk1 ; diver:U1|m_clk1 ; 0.000        ; 0.039      ; 0.451      ;
; 0.330 ; count_min:U3|num1[0]   ; count_min:U3|num1[1]   ; diver:U1|m_clk1 ; diver:U1|m_clk1 ; 0.000        ; 0.027      ; 0.441      ;
; 0.331 ; count_min:U3|num1[0]   ; count_min:U3|num1[2]   ; diver:U1|m_clk1 ; diver:U1|m_clk1 ; 0.000        ; 0.027      ; 0.442      ;
; 0.335 ; count_hour:U19|num1[3] ; count_hour:U19|num1[1] ; diver:U1|m_clk1 ; diver:U1|m_clk1 ; 0.000        ; 0.039      ; 0.458      ;
; 0.337 ; count_hour:U19|num1[3] ; count_hour:U19|num1[0] ; diver:U1|m_clk1 ; diver:U1|m_clk1 ; 0.000        ; 0.039      ; 0.460      ;
; 0.344 ; count_hour:U4|num1[2]  ; count_hour:U4|num1[1]  ; diver:U1|m_clk1 ; diver:U1|m_clk1 ; 0.000        ; 0.038      ; 0.466      ;
+-------+------------------------+------------------------+-----------------+-----------------+--------------+------------+------------+


+----------------------------------------------------------------------------------------------------------------------------------+
; Fast 1200mV 0C Model Hold: 'diver:U1|m_clk0'                                                                                     ;
+-------+----------------------+----------------------+-----------------+-----------------+--------------+------------+------------+
; Slack ; From Node            ; To Node              ; Launch Clock    ; Latch Clock     ; Relationship ; Clock Skew ; Data Delay ;
+-------+----------------------+----------------------+-----------------+-----------------+--------------+------------+------------+
; 0.199 ; count_sec:U2|num0[2] ; count_sec:U2|num0[2] ; diver:U1|m_clk0 ; diver:U1|m_clk0 ; 0.000        ; 0.024      ; 0.307      ;
; 0.199 ; count_sec:U2|num0[3] ; count_sec:U2|num0[3] ; diver:U1|m_clk0 ; diver:U1|m_clk0 ; 0.000        ; 0.024      ; 0.307      ;
; 0.199 ; count_sec:U2|num0[1] ; count_sec:U2|num0[1] ; diver:U1|m_clk0 ; diver:U1|m_clk0 ; 0.000        ; 0.024      ; 0.307      ;
; 0.199 ; count_sec:U2|num1[3] ; count_sec:U2|num1[3] ; diver:U1|m_clk0 ; diver:U1|m_clk0 ; 0.000        ; 0.024      ; 0.307      ;
; 0.199 ; count_sec:U2|num1[2] ; count_sec:U2|num1[2] ; diver:U1|m_clk0 ; diver:U1|m_clk0 ; 0.000        ; 0.024      ; 0.307      ;
; 0.199 ; count_sec:U2|num1[1] ; count_sec:U2|num1[1] ; diver:U1|m_clk0 ; diver:U1|m_clk0 ; 0.000        ; 0.024      ; 0.307      ;
; 0.206 ; count_sec:U2|num0[0] ; count_sec:U2|num0[0] ; diver:U1|m_clk0 ; diver:U1|m_clk0 ; 0.000        ; 0.024      ; 0.314      ;
; 0.206 ; count_sec:U2|num1[0] ; count_sec:U2|num1[0] ; diver:U1|m_clk0 ; diver:U1|m_clk0 ; 0.000        ; 0.024      ; 0.314      ;
; 0.220 ; count_sec:U2|num1[0] ; count_sec:U2|num1[2] ; diver:U1|m_clk0 ; diver:U1|m_clk0 ; 0.000        ; 0.028      ; 0.332      ;
; 0.226 ; count_sec:U2|num0[3] ; count_sec:U2|num0[1] ; diver:U1|m_clk0 ; diver:U1|m_clk0 ; 0.000        ; 0.027      ; 0.337      ;
; 0.227 ; count_sec:U2|num1[2] ; count_sec:U2|num1[1] ; diver:U1|m_clk0 ; diver:U1|m_clk0 ; 0.000        ; 0.028      ; 0.339      ;
; 0.289 ; count_sec:U2|num0[1] ; count_sec:U2|num0[2] ; diver:U1|m_clk0 ; diver:U1|m_clk0 ; 0.000        ; 0.027      ; 0.400      ;
; 0.291 ; count_sec:U2|num0[1] ; count_sec:U2|num0[3] ; diver:U1|m_clk0 ; diver:U1|m_clk0 ; 0.000        ; 0.027      ; 0.402      ;
; 0.321 ; count_sec:U2|num1[0] ; count_sec:U2|num1[1] ; diver:U1|m_clk0 ; diver:U1|m_clk0 ; 0.000        ; 0.028      ; 0.433      ;
; 0.323 ; count_sec:U2|num1[1] ; count_sec:U2|num1[2] ; diver:U1|m_clk0 ; diver:U1|m_clk0 ; 0.000        ; 0.028      ; 0.435      ;
; 0.329 ; count_sec:U2|num0[0] ; count_sec:U2|num0[1] ; diver:U1|m_clk0 ; diver:U1|m_clk0 ; 0.000        ; 0.027      ; 0.440      ;
; 0.329 ; count_sec:U2|num0[0] ; count_sec:U2|num0[2] ; diver:U1|m_clk0 ; diver:U1|m_clk0 ; 0.000        ; 0.027      ; 0.440      ;
; 0.330 ; count_sec:U2|num0[0] ; count_sec:U2|num0[3] ; diver:U1|m_clk0 ; diver:U1|m_clk0 ; 0.000        ; 0.027      ; 0.441      ;
; 0.412 ; count_sec:U2|num1[1] ; count_sec:U2|num1[3] ; diver:U1|m_clk0 ; diver:U1|m_clk0 ; 0.000        ; 0.057      ; 0.553      ;
; 0.491 ; count_sec:U2|num1[3] ; count_sec:U2|num1[1] ; diver:U1|m_clk0 ; diver:U1|m_clk0 ; 0.000        ; 0.029      ; 0.604      ;
; 0.501 ; count_sec:U2|num1[3] ; count_sec:U2|num1[2] ; diver:U1|m_clk0 ; diver:U1|m_clk0 ; 0.000        ; 0.029      ; 0.614      ;
; 0.510 ; count_sec:U2|num0[2] ; count_sec:U2|num1[3] ; diver:U1|m_clk0 ; diver:U1|m_clk0 ; 0.000        ; 0.027      ; 0.621      ;
; 0.512 ; count_sec:U2|num1[2] ; count_sec:U2|num1[3] ; diver:U1|m_clk0 ; diver:U1|m_clk0 ; 0.000        ; 0.057      ; 0.653      ;
; 0.513 ; count_sec:U2|num0[2] ; count_sec:U2|num0[1] ; diver:U1|m_clk0 ; diver:U1|m_clk0 ; 0.000        ; 0.027      ; 0.624      ;
; 0.515 ; count_sec:U2|num0[2] ; count_sec:U2|num0[3] ; diver:U1|m_clk0 ; diver:U1|m_clk0 ; 0.000        ; 0.027      ; 0.626      ;
; 0.515 ; count_sec:U2|num1[0] ; count_sec:U2|num1[3] ; diver:U1|m_clk0 ; diver:U1|m_clk0 ; 0.000        ; 0.057      ; 0.656      ;
; 0.565 ; count_sec:U2|num0[1] ; count_sec:U2|num1[3] ; diver:U1|m_clk0 ; diver:U1|m_clk0 ; 0.000        ; 0.027      ; 0.676      ;
; 0.614 ; count_sec:U2|num0[3] ; count_sec:U2|num1[3] ; diver:U1|m_clk0 ; diver:U1|m_clk0 ; 0.000        ; 0.027      ; 0.725      ;
; 0.623 ; count_sec:U2|num0[0] ; count_sec:U2|num1[3] ; diver:U1|m_clk0 ; diver:U1|m_clk0 ; 0.000        ; 0.027      ; 0.734      ;
; 0.686 ; count_sec:U2|num0[2] ; count_sec:U2|num1[0] ; diver:U1|m_clk0 ; diver:U1|m_clk0 ; 0.000        ; 0.029      ; 0.799      ;
; 0.686 ; count_sec:U2|num0[2] ; count_sec:U2|num1[1] ; diver:U1|m_clk0 ; diver:U1|m_clk0 ; 0.000        ; 0.029      ; 0.799      ;
; 0.686 ; count_sec:U2|num0[2] ; count_sec:U2|num1[2] ; diver:U1|m_clk0 ; diver:U1|m_clk0 ; 0.000        ; 0.029      ; 0.799      ;
; 0.741 ; count_sec:U2|num0[1] ; count_sec:U2|num1[0] ; diver:U1|m_clk0 ; diver:U1|m_clk0 ; 0.000        ; 0.029      ; 0.854      ;
; 0.741 ; count_sec:U2|num0[1] ; count_sec:U2|num1[1] ; diver:U1|m_clk0 ; diver:U1|m_clk0 ; 0.000        ; 0.029      ; 0.854      ;
; 0.741 ; count_sec:U2|num0[1] ; count_sec:U2|num1[2] ; diver:U1|m_clk0 ; diver:U1|m_clk0 ; 0.000        ; 0.029      ; 0.854      ;
; 0.808 ; count_sec:U2|num0[3] ; count_sec:U2|num1[0] ; diver:U1|m_clk0 ; diver:U1|m_clk0 ; 0.000        ; 0.029      ; 0.921      ;
; 0.808 ; count_sec:U2|num0[3] ; count_sec:U2|num1[1] ; diver:U1|m_clk0 ; diver:U1|m_clk0 ; 0.000        ; 0.029      ; 0.921      ;
; 0.808 ; count_sec:U2|num0[3] ; count_sec:U2|num1[2] ; diver:U1|m_clk0 ; diver:U1|m_clk0 ; 0.000        ; 0.029      ; 0.921      ;
; 0.817 ; count_sec:U2|num0[0] ; count_sec:U2|num1[0] ; diver:U1|m_clk0 ; diver:U1|m_clk0 ; 0.000        ; 0.029      ; 0.930      ;
; 0.817 ; count_sec:U2|num0[0] ; count_sec:U2|num1[1] ; diver:U1|m_clk0 ; diver:U1|m_clk0 ; 0.000        ; 0.029      ; 0.930      ;
; 0.817 ; count_sec:U2|num0[0] ; count_sec:U2|num1[2] ; diver:U1|m_clk0 ; diver:U1|m_clk0 ; 0.000        ; 0.029      ; 0.930      ;
+-------+----------------------+----------------------+-----------------+-----------------+--------------+------------+------------+


+----------------------------------------------------------------------------------------------------------------------------+
; Fast 1200mV 0C Model Recovery: 'diver:U1|m_clk0'                                                                           ;
+--------+------------------+----------------------+--------------+-----------------+--------------+------------+------------+
; Slack  ; From Node        ; To Node              ; Launch Clock ; Latch Clock     ; Relationship ; Clock Skew ; Data Delay ;
+--------+------------------+----------------------+--------------+-----------------+--------------+------------+------------+
; -1.222 ; trigger:U21|temp ; count_sec:U2|num1[0] ; clk          ; diver:U1|m_clk0 ; 0.500        ; -0.741     ; 0.968      ;
; -1.222 ; trigger:U21|temp ; count_sec:U2|num1[2] ; clk          ; diver:U1|m_clk0 ; 0.500        ; -0.741     ; 0.968      ;
; -1.222 ; trigger:U21|temp ; count_sec:U2|num1[1] ; clk          ; diver:U1|m_clk0 ; 0.500        ; -0.741     ; 0.968      ;
; -1.208 ; trigger:U21|temp ; count_sec:U2|num0[0] ; clk          ; diver:U1|m_clk0 ; 0.500        ; -0.727     ; 0.968      ;
; -1.208 ; trigger:U21|temp ; count_sec:U2|num0[2] ; clk          ; diver:U1|m_clk0 ; 0.500        ; -0.727     ; 0.968      ;
; -1.208 ; trigger:U21|temp ; count_sec:U2|num0[3] ; clk          ; diver:U1|m_clk0 ; 0.500        ; -0.727     ; 0.968      ;
; -1.208 ; trigger:U21|temp ; count_sec:U2|num0[1] ; clk          ; diver:U1|m_clk0 ; 0.500        ; -0.727     ; 0.968      ;
; -1.208 ; trigger:U21|temp ; count_sec:U2|num1[3] ; clk          ; diver:U1|m_clk0 ; 0.500        ; -0.727     ; 0.968      ;
+--------+------------------+----------------------+--------------+-----------------+--------------+------------+------------+


+---------------------------------------------------------------------------------------------------------------------------+
; Fast 1200mV 0C Model Removal: 'diver:U1|m_clk0'                                                                           ;
+-------+------------------+----------------------+--------------+-----------------+--------------+------------+------------+
; Slack ; From Node        ; To Node              ; Launch Clock ; Latch Clock     ; Relationship ; Clock Skew ; Data Delay ;
+-------+------------------+----------------------+--------------+-----------------+--------------+------------+------------+
; 1.906 ; trigger:U21|temp ; count_sec:U2|num0[0] ; clk          ; diver:U1|m_clk0 ; -0.500       ; -0.630     ; 0.880      ;
; 1.906 ; trigger:U21|temp ; count_sec:U2|num0[2] ; clk          ; diver:U1|m_clk0 ; -0.500       ; -0.630     ; 0.880      ;
; 1.906 ; trigger:U21|temp ; count_sec:U2|num0[3] ; clk          ; diver:U1|m_clk0 ; -0.500       ; -0.630     ; 0.880      ;
; 1.906 ; trigger:U21|temp ; count_sec:U2|num0[1] ; clk          ; diver:U1|m_clk0 ; -0.500       ; -0.630     ; 0.880      ;
; 1.906 ; trigger:U21|temp ; count_sec:U2|num1[3] ; clk          ; diver:U1|m_clk0 ; -0.500       ; -0.630     ; 0.880      ;
; 1.920 ; trigger:U21|temp ; count_sec:U2|num1[0] ; clk          ; diver:U1|m_clk0 ; -0.500       ; -0.644     ; 0.880      ;
; 1.920 ; trigger:U21|temp ; count_sec:U2|num1[2] ; clk          ; diver:U1|m_clk0 ; -0.500       ; -0.644     ; 0.880      ;
; 1.920 ; trigger:U21|temp ; count_sec:U2|num1[1] ; clk          ; diver:U1|m_clk0 ; -0.500       ; -0.644     ; 0.880      ;
+-------+------------------+----------------------+--------------+-----------------+--------------+------------+------------+


+------------------------------------------------------------------------------------------------------------+
; Fast 1200mV 0C Model Minimum Pulse Width: 'clk'                                                            ;
+--------+--------------+----------------+------------------+-------+------------+---------------------------+
; Slack  ; Actual Width ; Required Width ; Type             ; Clock ; Clock Edge ; Target                    ;
+--------+--------------+----------------+------------------+-------+------------+---------------------------+
; -3.000 ; 1.000        ; 4.000          ; Port Rate        ; clk   ; Rise       ; clk                       ;
; -1.000 ; 1.000        ; 2.000          ; Min Period       ; clk   ; Rise       ; diver:U1|cnt_0[0]         ;
; -1.000 ; 1.000        ; 2.000          ; Min Period       ; clk   ; Rise       ; diver:U1|cnt_0[1]         ;
; -1.000 ; 1.000        ; 2.000          ; Min Period       ; clk   ; Rise       ; diver:U1|m_clk0           ;
; -1.000 ; 1.000        ; 2.000          ; Min Period       ; clk   ; Rise       ; diver:U1|m_clk1           ;
; -1.000 ; 1.000        ; 2.000          ; Min Period       ; clk   ; Rise       ; trigger:U21|temp          ;
; -0.062 ; 0.122        ; 0.184          ; Low Pulse Width  ; clk   ; Rise       ; diver:U1|cnt_0[0]         ;
; -0.062 ; 0.122        ; 0.184          ; Low Pulse Width  ; clk   ; Rise       ; diver:U1|cnt_0[1]         ;
; -0.062 ; 0.122        ; 0.184          ; Low Pulse Width  ; clk   ; Rise       ; diver:U1|m_clk0           ;
; -0.062 ; 0.122        ; 0.184          ; Low Pulse Width  ; clk   ; Rise       ; diver:U1|m_clk1           ;
; 0.035  ; 0.219        ; 0.184          ; Low Pulse Width  ; clk   ; Rise       ; trigger:U21|temp          ;
; 0.118  ; 0.118        ; 0.000          ; Low Pulse Width  ; clk   ; Rise       ; U1|cnt_0[0]|clk           ;
; 0.118  ; 0.118        ; 0.000          ; Low Pulse Width  ; clk   ; Rise       ; U1|cnt_0[1]|clk           ;
; 0.118  ; 0.118        ; 0.000          ; Low Pulse Width  ; clk   ; Rise       ; U1|m_clk0|clk             ;
; 0.118  ; 0.118        ; 0.000          ; Low Pulse Width  ; clk   ; Rise       ; U1|m_clk1|clk             ;
; 0.123  ; 0.123        ; 0.000          ; Low Pulse Width  ; clk   ; Rise       ; clk~input|o               ;
; 0.142  ; 0.142        ; 0.000          ; Low Pulse Width  ; clk   ; Rise       ; clk~inputclkctrl|inclk[0] ;
; 0.142  ; 0.142        ; 0.000          ; Low Pulse Width  ; clk   ; Rise       ; clk~inputclkctrl|outclk   ;
; 0.213  ; 0.213        ; 0.000          ; Low Pulse Width  ; clk   ; Rise       ; U21|temp|clk              ;
; 0.500  ; 0.500        ; 0.000          ; High Pulse Width ; clk   ; Rise       ; clk~input|i               ;
; 0.500  ; 0.500        ; 0.000          ; Low Pulse Width  ; clk   ; Rise       ; clk~input|i               ;
; 0.563  ; 0.779        ; 0.216          ; High Pulse Width ; clk   ; Rise       ; trigger:U21|temp          ;
; 0.659  ; 0.875        ; 0.216          ; High Pulse Width ; clk   ; Rise       ; diver:U1|cnt_0[0]         ;
; 0.659  ; 0.875        ; 0.216          ; High Pulse Width ; clk   ; Rise       ; diver:U1|cnt_0[1]         ;
; 0.659  ; 0.875        ; 0.216          ; High Pulse Width ; clk   ; Rise       ; diver:U1|m_clk0           ;
; 0.659  ; 0.875        ; 0.216          ; High Pulse Width ; clk   ; Rise       ; diver:U1|m_clk1           ;
; 0.783  ; 0.783        ; 0.000          ; High Pulse Width ; clk   ; Rise       ; U21|temp|clk              ;
; 0.858  ; 0.858        ; 0.000          ; High Pulse Width ; clk   ; Rise       ; clk~inputclkctrl|inclk[0] ;
; 0.858  ; 0.858        ; 0.000          ; High Pulse Width ; clk   ; Rise       ; clk~inputclkctrl|outclk   ;
; 0.877  ; 0.877        ; 0.000          ; High Pulse Width ; clk   ; Rise       ; clk~input|o               ;
; 0.881  ; 0.881        ; 0.000          ; High Pulse Width ; clk   ; Rise       ; U1|cnt_0[0]|clk           ;
; 0.881  ; 0.881        ; 0.000          ; High Pulse Width ; clk   ; Rise       ; U1|cnt_0[1]|clk           ;
; 0.881  ; 0.881        ; 0.000          ; High Pulse Width ; clk   ; Rise       ; U1|m_clk0|clk             ;
; 0.881  ; 0.881        ; 0.000          ; High Pulse Width ; clk   ; Rise       ; U1|m_clk1|clk             ;
+--------+--------------+----------------+------------------+-------+------------+---------------------------+


+-------------------------------------------------------------------------------------------------------------------+
; Fast 1200mV 0C Model Minimum Pulse Width: 'diver:U1|m_clk1'                                                       ;
+--------+--------------+----------------+------------------+-----------------+------------+------------------------+
; Slack  ; Actual Width ; Required Width ; Type             ; Clock           ; Clock Edge ; Target                 ;
+--------+--------------+----------------+------------------+-----------------+------------+------------------------+
; -1.000 ; 1.000        ; 2.000          ; Min Period       ; diver:U1|m_clk1 ; Fall       ; count_hour:U19|num0[0] ;
; -1.000 ; 1.000        ; 2.000          ; Min Period       ; diver:U1|m_clk1 ; Fall       ; count_hour:U19|num0[1] ;
; -1.000 ; 1.000        ; 2.000          ; Min Period       ; diver:U1|m_clk1 ; Fall       ; count_hour:U19|num0[2] ;
; -1.000 ; 1.000        ; 2.000          ; Min Period       ; diver:U1|m_clk1 ; Fall       ; count_hour:U19|num0[3] ;
; -1.000 ; 1.000        ; 2.000          ; Min Period       ; diver:U1|m_clk1 ; Fall       ; count_hour:U19|num1[0] ;
; -1.000 ; 1.000        ; 2.000          ; Min Period       ; diver:U1|m_clk1 ; Fall       ; count_hour:U19|num1[1] ;
; -1.000 ; 1.000        ; 2.000          ; Min Period       ; diver:U1|m_clk1 ; Fall       ; count_hour:U19|num1[2] ;
; -1.000 ; 1.000        ; 2.000          ; Min Period       ; diver:U1|m_clk1 ; Fall       ; count_hour:U19|num1[3] ;
; -1.000 ; 1.000        ; 2.000          ; Min Period       ; diver:U1|m_clk1 ; Fall       ; count_hour:U4|num0[0]  ;
; -1.000 ; 1.000        ; 2.000          ; Min Period       ; diver:U1|m_clk1 ; Fall       ; count_hour:U4|num0[1]  ;
; -1.000 ; 1.000        ; 2.000          ; Min Period       ; diver:U1|m_clk1 ; Fall       ; count_hour:U4|num0[2]  ;
; -1.000 ; 1.000        ; 2.000          ; Min Period       ; diver:U1|m_clk1 ; Fall       ; count_hour:U4|num0[3]  ;
; -1.000 ; 1.000        ; 2.000          ; Min Period       ; diver:U1|m_clk1 ; Fall       ; count_hour:U4|num1[0]  ;
; -1.000 ; 1.000        ; 2.000          ; Min Period       ; diver:U1|m_clk1 ; Fall       ; count_hour:U4|num1[1]  ;
; -1.000 ; 1.000        ; 2.000          ; Min Period       ; diver:U1|m_clk1 ; Fall       ; count_hour:U4|num1[2]  ;
; -1.000 ; 1.000        ; 2.000          ; Min Period       ; diver:U1|m_clk1 ; Fall       ; count_hour:U4|num1[3]  ;
; -1.000 ; 1.000        ; 2.000          ; Min Period       ; diver:U1|m_clk1 ; Fall       ; count_min:U18|num0[0]  ;
; -1.000 ; 1.000        ; 2.000          ; Min Period       ; diver:U1|m_clk1 ; Fall       ; count_min:U18|num0[1]  ;
; -1.000 ; 1.000        ; 2.000          ; Min Period       ; diver:U1|m_clk1 ; Fall       ; count_min:U18|num0[2]  ;
; -1.000 ; 1.000        ; 2.000          ; Min Period       ; diver:U1|m_clk1 ; Fall       ; count_min:U18|num0[3]  ;
; -1.000 ; 1.000        ; 2.000          ; Min Period       ; diver:U1|m_clk1 ; Fall       ; count_min:U18|num1[0]  ;
; -1.000 ; 1.000        ; 2.000          ; Min Period       ; diver:U1|m_clk1 ; Fall       ; count_min:U18|num1[1]  ;
; -1.000 ; 1.000        ; 2.000          ; Min Period       ; diver:U1|m_clk1 ; Fall       ; count_min:U18|num1[2]  ;
; -1.000 ; 1.000        ; 2.000          ; Min Period       ; diver:U1|m_clk1 ; Fall       ; count_min:U18|num1[3]  ;
; -1.000 ; 1.000        ; 2.000          ; Min Period       ; diver:U1|m_clk1 ; Fall       ; count_min:U3|num0[0]   ;
; -1.000 ; 1.000        ; 2.000          ; Min Period       ; diver:U1|m_clk1 ; Fall       ; count_min:U3|num0[1]   ;
; -1.000 ; 1.000        ; 2.000          ; Min Period       ; diver:U1|m_clk1 ; Fall       ; count_min:U3|num0[2]   ;
; -1.000 ; 1.000        ; 2.000          ; Min Period       ; diver:U1|m_clk1 ; Fall       ; count_min:U3|num0[3]   ;
; -1.000 ; 1.000        ; 2.000          ; Min Period       ; diver:U1|m_clk1 ; Fall       ; count_min:U3|num1[0]   ;
; -1.000 ; 1.000        ; 2.000          ; Min Period       ; diver:U1|m_clk1 ; Fall       ; count_min:U3|num1[1]   ;
; -1.000 ; 1.000        ; 2.000          ; Min Period       ; diver:U1|m_clk1 ; Fall       ; count_min:U3|num1[2]   ;
; -1.000 ; 1.000        ; 2.000          ; Min Period       ; diver:U1|m_clk1 ; Fall       ; count_min:U3|num1[3]   ;
; -1.000 ; 1.000        ; 2.000          ; Min Period       ; diver:U1|m_clk1 ; Fall       ; count_sec:U17|num0[0]  ;
; -1.000 ; 1.000        ; 2.000          ; Min Period       ; diver:U1|m_clk1 ; Fall       ; count_sec:U17|num0[1]  ;
; -1.000 ; 1.000        ; 2.000          ; Min Period       ; diver:U1|m_clk1 ; Fall       ; count_sec:U17|num0[2]  ;
; -1.000 ; 1.000        ; 2.000          ; Min Period       ; diver:U1|m_clk1 ; Fall       ; count_sec:U17|num0[3]  ;
; -1.000 ; 1.000        ; 2.000          ; Min Period       ; diver:U1|m_clk1 ; Fall       ; count_sec:U17|num1[0]  ;
; -1.000 ; 1.000        ; 2.000          ; Min Period       ; diver:U1|m_clk1 ; Fall       ; count_sec:U17|num1[1]  ;
; -1.000 ; 1.000        ; 2.000          ; Min Period       ; diver:U1|m_clk1 ; Fall       ; count_sec:U17|num1[2]  ;
; -1.000 ; 1.000        ; 2.000          ; Min Period       ; diver:U1|m_clk1 ; Fall       ; count_sec:U17|num1[3]  ;
; 0.087  ; 0.303        ; 0.216          ; High Pulse Width ; diver:U1|m_clk1 ; Fall       ; count_hour:U19|num0[0] ;
; 0.087  ; 0.303        ; 0.216          ; High Pulse Width ; diver:U1|m_clk1 ; Fall       ; count_hour:U19|num0[1] ;
; 0.087  ; 0.303        ; 0.216          ; High Pulse Width ; diver:U1|m_clk1 ; Fall       ; count_hour:U19|num0[2] ;
; 0.087  ; 0.303        ; 0.216          ; High Pulse Width ; diver:U1|m_clk1 ; Fall       ; count_hour:U19|num0[3] ;
; 0.087  ; 0.303        ; 0.216          ; High Pulse Width ; diver:U1|m_clk1 ; Fall       ; count_hour:U19|num1[0] ;
; 0.087  ; 0.303        ; 0.216          ; High Pulse Width ; diver:U1|m_clk1 ; Fall       ; count_hour:U19|num1[1] ;
; 0.087  ; 0.303        ; 0.216          ; High Pulse Width ; diver:U1|m_clk1 ; Fall       ; count_hour:U19|num1[2] ;
; 0.087  ; 0.303        ; 0.216          ; High Pulse Width ; diver:U1|m_clk1 ; Fall       ; count_hour:U19|num1[3] ;
; 0.087  ; 0.303        ; 0.216          ; High Pulse Width ; diver:U1|m_clk1 ; Fall       ; count_min:U18|num0[0]  ;
; 0.087  ; 0.303        ; 0.216          ; High Pulse Width ; diver:U1|m_clk1 ; Fall       ; count_min:U18|num0[1]  ;
; 0.087  ; 0.303        ; 0.216          ; High Pulse Width ; diver:U1|m_clk1 ; Fall       ; count_min:U18|num0[2]  ;
; 0.087  ; 0.303        ; 0.216          ; High Pulse Width ; diver:U1|m_clk1 ; Fall       ; count_min:U18|num0[3]  ;
; 0.087  ; 0.303        ; 0.216          ; High Pulse Width ; diver:U1|m_clk1 ; Fall       ; count_min:U18|num1[3]  ;
; 0.088  ; 0.304        ; 0.216          ; High Pulse Width ; diver:U1|m_clk1 ; Fall       ; count_min:U18|num1[0]  ;
; 0.088  ; 0.304        ; 0.216          ; High Pulse Width ; diver:U1|m_clk1 ; Fall       ; count_min:U18|num1[1]  ;
; 0.088  ; 0.304        ; 0.216          ; High Pulse Width ; diver:U1|m_clk1 ; Fall       ; count_min:U18|num1[2]  ;
; 0.088  ; 0.304        ; 0.216          ; High Pulse Width ; diver:U1|m_clk1 ; Fall       ; count_sec:U17|num0[0]  ;
; 0.088  ; 0.304        ; 0.216          ; High Pulse Width ; diver:U1|m_clk1 ; Fall       ; count_sec:U17|num0[1]  ;
; 0.088  ; 0.304        ; 0.216          ; High Pulse Width ; diver:U1|m_clk1 ; Fall       ; count_sec:U17|num0[2]  ;
; 0.088  ; 0.304        ; 0.216          ; High Pulse Width ; diver:U1|m_clk1 ; Fall       ; count_sec:U17|num0[3]  ;
; 0.088  ; 0.304        ; 0.216          ; High Pulse Width ; diver:U1|m_clk1 ; Fall       ; count_sec:U17|num1[0]  ;
; 0.088  ; 0.304        ; 0.216          ; High Pulse Width ; diver:U1|m_clk1 ; Fall       ; count_sec:U17|num1[1]  ;
; 0.088  ; 0.304        ; 0.216          ; High Pulse Width ; diver:U1|m_clk1 ; Fall       ; count_sec:U17|num1[2]  ;
; 0.088  ; 0.304        ; 0.216          ; High Pulse Width ; diver:U1|m_clk1 ; Fall       ; count_sec:U17|num1[3]  ;
; 0.190  ; 0.406        ; 0.216          ; High Pulse Width ; diver:U1|m_clk1 ; Fall       ; count_hour:U4|num0[0]  ;
; 0.190  ; 0.406        ; 0.216          ; High Pulse Width ; diver:U1|m_clk1 ; Fall       ; count_hour:U4|num0[1]  ;
; 0.190  ; 0.406        ; 0.216          ; High Pulse Width ; diver:U1|m_clk1 ; Fall       ; count_hour:U4|num0[2]  ;
; 0.190  ; 0.406        ; 0.216          ; High Pulse Width ; diver:U1|m_clk1 ; Fall       ; count_hour:U4|num0[3]  ;
; 0.190  ; 0.406        ; 0.216          ; High Pulse Width ; diver:U1|m_clk1 ; Fall       ; count_hour:U4|num1[0]  ;
; 0.190  ; 0.406        ; 0.216          ; High Pulse Width ; diver:U1|m_clk1 ; Fall       ; count_hour:U4|num1[1]  ;
; 0.190  ; 0.406        ; 0.216          ; High Pulse Width ; diver:U1|m_clk1 ; Fall       ; count_hour:U4|num1[2]  ;
; 0.190  ; 0.406        ; 0.216          ; High Pulse Width ; diver:U1|m_clk1 ; Fall       ; count_hour:U4|num1[3]  ;
; 0.197  ; 0.413        ; 0.216          ; High Pulse Width ; diver:U1|m_clk1 ; Fall       ; count_min:U3|num0[0]   ;
; 0.197  ; 0.413        ; 0.216          ; High Pulse Width ; diver:U1|m_clk1 ; Fall       ; count_min:U3|num0[1]   ;
; 0.197  ; 0.413        ; 0.216          ; High Pulse Width ; diver:U1|m_clk1 ; Fall       ; count_min:U3|num0[2]   ;
; 0.197  ; 0.413        ; 0.216          ; High Pulse Width ; diver:U1|m_clk1 ; Fall       ; count_min:U3|num0[3]   ;
; 0.197  ; 0.413        ; 0.216          ; High Pulse Width ; diver:U1|m_clk1 ; Fall       ; count_min:U3|num1[3]   ;
; 0.207  ; 0.423        ; 0.216          ; High Pulse Width ; diver:U1|m_clk1 ; Fall       ; count_min:U3|num1[0]   ;
; 0.207  ; 0.423        ; 0.216          ; High Pulse Width ; diver:U1|m_clk1 ; Fall       ; count_min:U3|num1[1]   ;
; 0.207  ; 0.423        ; 0.216          ; High Pulse Width ; diver:U1|m_clk1 ; Fall       ; count_min:U3|num1[2]   ;
; 0.308  ; 0.308        ; 0.000          ; Low Pulse Width  ; diver:U1|m_clk1 ; Rise       ; U18|num0[0]|clk        ;
; 0.308  ; 0.308        ; 0.000          ; Low Pulse Width  ; diver:U1|m_clk1 ; Rise       ; U18|num0[1]|clk        ;
; 0.308  ; 0.308        ; 0.000          ; Low Pulse Width  ; diver:U1|m_clk1 ; Rise       ; U18|num0[2]|clk        ;
; 0.308  ; 0.308        ; 0.000          ; Low Pulse Width  ; diver:U1|m_clk1 ; Rise       ; U18|num0[3]|clk        ;
; 0.308  ; 0.308        ; 0.000          ; Low Pulse Width  ; diver:U1|m_clk1 ; Rise       ; U18|num1[3]|clk        ;
; 0.308  ; 0.308        ; 0.000          ; Low Pulse Width  ; diver:U1|m_clk1 ; Rise       ; U19|num0[0]|clk        ;
; 0.308  ; 0.308        ; 0.000          ; Low Pulse Width  ; diver:U1|m_clk1 ; Rise       ; U19|num0[1]|clk        ;
; 0.308  ; 0.308        ; 0.000          ; Low Pulse Width  ; diver:U1|m_clk1 ; Rise       ; U19|num0[2]|clk        ;
; 0.308  ; 0.308        ; 0.000          ; Low Pulse Width  ; diver:U1|m_clk1 ; Rise       ; U19|num0[3]|clk        ;
; 0.308  ; 0.308        ; 0.000          ; Low Pulse Width  ; diver:U1|m_clk1 ; Rise       ; U19|num1[0]|clk        ;
; 0.308  ; 0.308        ; 0.000          ; Low Pulse Width  ; diver:U1|m_clk1 ; Rise       ; U19|num1[1]|clk        ;
; 0.308  ; 0.308        ; 0.000          ; Low Pulse Width  ; diver:U1|m_clk1 ; Rise       ; U19|num1[2]|clk        ;
; 0.308  ; 0.308        ; 0.000          ; Low Pulse Width  ; diver:U1|m_clk1 ; Rise       ; U19|num1[3]|clk        ;
; 0.309  ; 0.309        ; 0.000          ; Low Pulse Width  ; diver:U1|m_clk1 ; Rise       ; U17|num0[0]|clk        ;
; 0.309  ; 0.309        ; 0.000          ; Low Pulse Width  ; diver:U1|m_clk1 ; Rise       ; U17|num0[1]|clk        ;
; 0.309  ; 0.309        ; 0.000          ; Low Pulse Width  ; diver:U1|m_clk1 ; Rise       ; U17|num0[2]|clk        ;
; 0.309  ; 0.309        ; 0.000          ; Low Pulse Width  ; diver:U1|m_clk1 ; Rise       ; U17|num0[3]|clk        ;
; 0.309  ; 0.309        ; 0.000          ; Low Pulse Width  ; diver:U1|m_clk1 ; Rise       ; U17|num1[0]|clk        ;
; 0.309  ; 0.309        ; 0.000          ; Low Pulse Width  ; diver:U1|m_clk1 ; Rise       ; U17|num1[1]|clk        ;
; 0.309  ; 0.309        ; 0.000          ; Low Pulse Width  ; diver:U1|m_clk1 ; Rise       ; U17|num1[2]|clk        ;
+--------+--------------+----------------+------------------+-----------------+------------+------------------------+


+-----------------------------------------------------------------------------------------------------------------+
; Fast 1200mV 0C Model Minimum Pulse Width: 'diver:U1|m_clk0'                                                     ;
+--------+--------------+----------------+------------------+-----------------+------------+----------------------+
; Slack  ; Actual Width ; Required Width ; Type             ; Clock           ; Clock Edge ; Target               ;
+--------+--------------+----------------+------------------+-----------------+------------+----------------------+
; -1.000 ; 1.000        ; 2.000          ; Min Period       ; diver:U1|m_clk0 ; Fall       ; count_sec:U2|num0[0] ;
; -1.000 ; 1.000        ; 2.000          ; Min Period       ; diver:U1|m_clk0 ; Fall       ; count_sec:U2|num0[1] ;
; -1.000 ; 1.000        ; 2.000          ; Min Period       ; diver:U1|m_clk0 ; Fall       ; count_sec:U2|num0[2] ;
; -1.000 ; 1.000        ; 2.000          ; Min Period       ; diver:U1|m_clk0 ; Fall       ; count_sec:U2|num0[3] ;
; -1.000 ; 1.000        ; 2.000          ; Min Period       ; diver:U1|m_clk0 ; Fall       ; count_sec:U2|num1[0] ;
; -1.000 ; 1.000        ; 2.000          ; Min Period       ; diver:U1|m_clk0 ; Fall       ; count_sec:U2|num1[1] ;
; -1.000 ; 1.000        ; 2.000          ; Min Period       ; diver:U1|m_clk0 ; Fall       ; count_sec:U2|num1[2] ;
; -1.000 ; 1.000        ; 2.000          ; Min Period       ; diver:U1|m_clk0 ; Fall       ; count_sec:U2|num1[3] ;
; 0.206  ; 0.422        ; 0.216          ; High Pulse Width ; diver:U1|m_clk0 ; Fall       ; count_sec:U2|num0[0] ;
; 0.206  ; 0.422        ; 0.216          ; High Pulse Width ; diver:U1|m_clk0 ; Fall       ; count_sec:U2|num0[1] ;
; 0.206  ; 0.422        ; 0.216          ; High Pulse Width ; diver:U1|m_clk0 ; Fall       ; count_sec:U2|num0[2] ;
; 0.206  ; 0.422        ; 0.216          ; High Pulse Width ; diver:U1|m_clk0 ; Fall       ; count_sec:U2|num0[3] ;
; 0.206  ; 0.422        ; 0.216          ; High Pulse Width ; diver:U1|m_clk0 ; Fall       ; count_sec:U2|num1[3] ;
; 0.215  ; 0.431        ; 0.216          ; High Pulse Width ; diver:U1|m_clk0 ; Fall       ; count_sec:U2|num1[0] ;
; 0.215  ; 0.431        ; 0.216          ; High Pulse Width ; diver:U1|m_clk0 ; Fall       ; count_sec:U2|num1[1] ;
; 0.215  ; 0.431        ; 0.216          ; High Pulse Width ; diver:U1|m_clk0 ; Fall       ; count_sec:U2|num1[2] ;
; 0.383  ; 0.567        ; 0.184          ; Low Pulse Width  ; diver:U1|m_clk0 ; Fall       ; count_sec:U2|num1[0] ;
; 0.383  ; 0.567        ; 0.184          ; Low Pulse Width  ; diver:U1|m_clk0 ; Fall       ; count_sec:U2|num1[1] ;
; 0.383  ; 0.567        ; 0.184          ; Low Pulse Width  ; diver:U1|m_clk0 ; Fall       ; count_sec:U2|num1[2] ;
; 0.392  ; 0.576        ; 0.184          ; Low Pulse Width  ; diver:U1|m_clk0 ; Fall       ; count_sec:U2|num0[0] ;
; 0.392  ; 0.576        ; 0.184          ; Low Pulse Width  ; diver:U1|m_clk0 ; Fall       ; count_sec:U2|num0[1] ;
; 0.392  ; 0.576        ; 0.184          ; Low Pulse Width  ; diver:U1|m_clk0 ; Fall       ; count_sec:U2|num0[2] ;
; 0.392  ; 0.576        ; 0.184          ; Low Pulse Width  ; diver:U1|m_clk0 ; Fall       ; count_sec:U2|num0[3] ;
; 0.392  ; 0.576        ; 0.184          ; Low Pulse Width  ; diver:U1|m_clk0 ; Fall       ; count_sec:U2|num1[3] ;
; 0.427  ; 0.427        ; 0.000          ; Low Pulse Width  ; diver:U1|m_clk0 ; Rise       ; U2|num0[0]|clk       ;
; 0.427  ; 0.427        ; 0.000          ; Low Pulse Width  ; diver:U1|m_clk0 ; Rise       ; U2|num0[1]|clk       ;
; 0.427  ; 0.427        ; 0.000          ; Low Pulse Width  ; diver:U1|m_clk0 ; Rise       ; U2|num0[2]|clk       ;
; 0.427  ; 0.427        ; 0.000          ; Low Pulse Width  ; diver:U1|m_clk0 ; Rise       ; U2|num0[3]|clk       ;
; 0.427  ; 0.427        ; 0.000          ; Low Pulse Width  ; diver:U1|m_clk0 ; Rise       ; U2|num1[3]|clk       ;
; 0.436  ; 0.436        ; 0.000          ; Low Pulse Width  ; diver:U1|m_clk0 ; Rise       ; U2|num1[0]|clk       ;
; 0.436  ; 0.436        ; 0.000          ; Low Pulse Width  ; diver:U1|m_clk0 ; Rise       ; U2|num1[1]|clk       ;
; 0.436  ; 0.436        ; 0.000          ; Low Pulse Width  ; diver:U1|m_clk0 ; Rise       ; U2|num1[2]|clk       ;
; 0.500  ; 0.500        ; 0.000          ; High Pulse Width ; diver:U1|m_clk0 ; Rise       ; U1|m_clk0|q          ;
; 0.500  ; 0.500        ; 0.000          ; Low Pulse Width  ; diver:U1|m_clk0 ; Rise       ; U1|m_clk0|q          ;
; 0.561  ; 0.561        ; 0.000          ; High Pulse Width ; diver:U1|m_clk0 ; Rise       ; U2|num1[0]|clk       ;
; 0.561  ; 0.561        ; 0.000          ; High Pulse Width ; diver:U1|m_clk0 ; Rise       ; U2|num1[1]|clk       ;
; 0.561  ; 0.561        ; 0.000          ; High Pulse Width ; diver:U1|m_clk0 ; Rise       ; U2|num1[2]|clk       ;
; 0.570  ; 0.570        ; 0.000          ; High Pulse Width ; diver:U1|m_clk0 ; Rise       ; U2|num0[0]|clk       ;
; 0.570  ; 0.570        ; 0.000          ; High Pulse Width ; diver:U1|m_clk0 ; Rise       ; U2|num0[1]|clk       ;
; 0.570  ; 0.570        ; 0.000          ; High Pulse Width ; diver:U1|m_clk0 ; Rise       ; U2|num0[2]|clk       ;
; 0.570  ; 0.570        ; 0.000          ; High Pulse Width ; diver:U1|m_clk0 ; Rise       ; U2|num0[3]|clk       ;
; 0.570  ; 0.570        ; 0.000          ; High Pulse Width ; diver:U1|m_clk0 ; Rise       ; U2|num1[3]|clk       ;
+--------+--------------+----------------+------------------+-----------------+------------+----------------------+


+----------------------------------------------------------------------------+
; Setup Times                                                                ;
+-----------+-----------------+-------+-------+------------+-----------------+
; Data Port ; Clock Port      ; Rise  ; Fall  ; Clock Edge ; Clock Reference ;
+-----------+-----------------+-------+-------+------------+-----------------+
; key_shift ; clk             ; 0.768 ; 1.329 ; Rise       ; clk             ;
; key_hour  ; diver:U1|m_clk1 ; 0.468 ; 1.104 ; Fall       ; diver:U1|m_clk1 ;
; key_min   ; diver:U1|m_clk1 ; 0.612 ; 1.247 ; Fall       ; diver:U1|m_clk1 ;
; key_sec   ; diver:U1|m_clk1 ; 0.167 ; 0.757 ; Fall       ; diver:U1|m_clk1 ;
+-----------+-----------------+-------+-------+------------+-----------------+


+------------------------------------------------------------------------------+
; Hold Times                                                                   ;
+-----------+-----------------+--------+--------+------------+-----------------+
; Data Port ; Clock Port      ; Rise   ; Fall   ; Clock Edge ; Clock Reference ;
+-----------+-----------------+--------+--------+------------+-----------------+
; key_shift ; clk             ; -0.543 ; -1.102 ; Rise       ; clk             ;
; key_hour  ; diver:U1|m_clk1 ; 0.387  ; -0.225 ; Fall       ; diver:U1|m_clk1 ;
; key_min   ; diver:U1|m_clk1 ; 0.010  ; -0.634 ; Fall       ; diver:U1|m_clk1 ;
; key_sec   ; diver:U1|m_clk1 ; 0.432  ; -0.166 ; Fall       ; diver:U1|m_clk1 ;
+-----------+-----------------+--------+--------+------------+-----------------+


+----------------------------------------------------------------------------+
; Clock to Output Times                                                      ;
+-----------+-----------------+-------+-------+------------+-----------------+
; Data Port ; Clock Port      ; Rise  ; Fall  ; Clock Edge ; Clock Reference ;
+-----------+-----------------+-------+-------+------------+-----------------+
; hour0[*]  ; clk             ; 4.290 ; 4.393 ; Rise       ; clk             ;
;  hour0[0] ; clk             ; 4.002 ; 4.079 ; Rise       ; clk             ;
;  hour0[1] ; clk             ; 4.290 ; 4.393 ; Rise       ; clk             ;
;  hour0[2] ; clk             ; 4.153 ; 4.227 ; Rise       ; clk             ;
;  hour0[3] ; clk             ; 4.181 ; 4.215 ; Rise       ; clk             ;
; hour1[*]  ; clk             ; 5.156 ; 5.237 ; Rise       ; clk             ;
;  hour1[0] ; clk             ; 4.330 ; 4.428 ; Rise       ; clk             ;
;  hour1[1] ; clk             ; 5.156 ; 5.237 ; Rise       ; clk             ;
;  hour1[2] ; clk             ; 4.438 ; 4.517 ; Rise       ; clk             ;
;  hour1[3] ; clk             ; 4.014 ; 4.086 ; Rise       ; clk             ;
; min0[*]   ; clk             ; 3.869 ; 3.968 ; Rise       ; clk             ;
;  min0[0]  ; clk             ; 3.704 ; 3.750 ; Rise       ; clk             ;
;  min0[1]  ; clk             ; 3.869 ; 3.968 ; Rise       ; clk             ;
;  min0[2]  ; clk             ; 3.801 ; 3.882 ; Rise       ; clk             ;
;  min0[3]  ; clk             ; 3.669 ; 3.749 ; Rise       ; clk             ;
; min1[*]   ; clk             ; 4.539 ; 4.617 ; Rise       ; clk             ;
;  min1[0]  ; clk             ; 4.342 ; 4.416 ; Rise       ; clk             ;
;  min1[1]  ; clk             ; 4.288 ; 4.293 ; Rise       ; clk             ;
;  min1[2]  ; clk             ; 4.526 ; 4.567 ; Rise       ; clk             ;
;  min1[3]  ; clk             ; 4.539 ; 4.617 ; Rise       ; clk             ;
; sec0[*]   ; clk             ; 3.825 ; 3.856 ; Rise       ; clk             ;
;  sec0[0]  ; clk             ; 3.723 ; 3.755 ; Rise       ; clk             ;
;  sec0[1]  ; clk             ; 3.825 ; 3.856 ; Rise       ; clk             ;
;  sec0[2]  ; clk             ; 3.738 ; 3.780 ; Rise       ; clk             ;
;  sec0[3]  ; clk             ; 3.723 ; 3.751 ; Rise       ; clk             ;
; sec1[*]   ; clk             ; 3.822 ; 3.881 ; Rise       ; clk             ;
;  sec1[0]  ; clk             ; 3.650 ; 3.720 ; Rise       ; clk             ;
;  sec1[1]  ; clk             ; 3.822 ; 3.881 ; Rise       ; clk             ;
;  sec1[2]  ; clk             ; 3.736 ; 3.797 ; Rise       ; clk             ;
;  sec1[3]  ; clk             ; 3.664 ; 3.725 ; Rise       ; clk             ;
; speak     ; clk             ; 5.204 ; 5.341 ; Rise       ; clk             ;
; sec0[*]   ; diver:U1|m_clk0 ; 3.047 ; 3.165 ; Fall       ; diver:U1|m_clk0 ;
;  sec0[0]  ; diver:U1|m_clk0 ; 3.047 ; 3.165 ; Fall       ; diver:U1|m_clk0 ;
;  sec0[1]  ; diver:U1|m_clk0 ; 3.042 ; 3.163 ; Fall       ; diver:U1|m_clk0 ;
;  sec0[2]  ; diver:U1|m_clk0 ; 2.948 ; 3.073 ; Fall       ; diver:U1|m_clk0 ;
;  sec0[3]  ; diver:U1|m_clk0 ; 3.015 ; 3.137 ; Fall       ; diver:U1|m_clk0 ;
; sec1[*]   ; diver:U1|m_clk0 ; 3.238 ; 3.407 ; Fall       ; diver:U1|m_clk0 ;
;  sec1[0]  ; diver:U1|m_clk0 ; 2.927 ; 3.070 ; Fall       ; diver:U1|m_clk0 ;
;  sec1[1]  ; diver:U1|m_clk0 ; 3.238 ; 3.407 ; Fall       ; diver:U1|m_clk0 ;
;  sec1[2]  ; diver:U1|m_clk0 ; 3.103 ; 3.259 ; Fall       ; diver:U1|m_clk0 ;
;  sec1[3]  ; diver:U1|m_clk0 ; 3.134 ; 3.276 ; Fall       ; diver:U1|m_clk0 ;
; speak     ; diver:U1|m_clk0 ; 4.455 ; 4.417 ; Fall       ; diver:U1|m_clk0 ;
; hour0[*]  ; diver:U1|m_clk1 ; 5.182 ; 5.337 ; Fall       ; diver:U1|m_clk1 ;
;  hour0[0] ; diver:U1|m_clk1 ; 4.668 ; 4.770 ; Fall       ; diver:U1|m_clk1 ;
;  hour0[1] ; diver:U1|m_clk1 ; 5.182 ; 5.337 ; Fall       ; diver:U1|m_clk1 ;
;  hour0[2] ; diver:U1|m_clk1 ; 4.984 ; 5.113 ; Fall       ; diver:U1|m_clk1 ;
;  hour0[3] ; diver:U1|m_clk1 ; 4.804 ; 4.915 ; Fall       ; diver:U1|m_clk1 ;
; hour1[*]  ; diver:U1|m_clk1 ; 5.737 ; 5.912 ; Fall       ; diver:U1|m_clk1 ;
;  hour1[0] ; diver:U1|m_clk1 ; 4.942 ; 5.087 ; Fall       ; diver:U1|m_clk1 ;
;  hour1[1] ; diver:U1|m_clk1 ; 5.737 ; 5.912 ; Fall       ; diver:U1|m_clk1 ;
;  hour1[2] ; diver:U1|m_clk1 ; 4.963 ; 5.113 ; Fall       ; diver:U1|m_clk1 ;
;  hour1[3] ; diver:U1|m_clk1 ; 4.653 ; 4.750 ; Fall       ; diver:U1|m_clk1 ;
; min0[*]   ; diver:U1|m_clk1 ; 5.244 ; 5.403 ; Fall       ; diver:U1|m_clk1 ;
;  min0[0]  ; diver:U1|m_clk1 ; 4.786 ; 4.901 ; Fall       ; diver:U1|m_clk1 ;
;  min0[1]  ; diver:U1|m_clk1 ; 5.244 ; 5.403 ; Fall       ; diver:U1|m_clk1 ;
;  min0[2]  ; diver:U1|m_clk1 ; 4.904 ; 5.040 ; Fall       ; diver:U1|m_clk1 ;
;  min0[3]  ; diver:U1|m_clk1 ; 4.626 ; 4.732 ; Fall       ; diver:U1|m_clk1 ;
; min1[*]   ; diver:U1|m_clk1 ; 5.085 ; 5.237 ; Fall       ; diver:U1|m_clk1 ;
;  min1[0]  ; diver:U1|m_clk1 ; 4.862 ; 5.009 ; Fall       ; diver:U1|m_clk1 ;
;  min1[1]  ; diver:U1|m_clk1 ; 4.583 ; 4.671 ; Fall       ; diver:U1|m_clk1 ;
;  min1[2]  ; diver:U1|m_clk1 ; 4.760 ; 4.893 ; Fall       ; diver:U1|m_clk1 ;
;  min1[3]  ; diver:U1|m_clk1 ; 5.085 ; 5.237 ; Fall       ; diver:U1|m_clk1 ;
; sec0[*]   ; diver:U1|m_clk1 ; 4.945 ; 5.061 ; Fall       ; diver:U1|m_clk1 ;
;  sec0[0]  ; diver:U1|m_clk1 ; 4.836 ; 4.950 ; Fall       ; diver:U1|m_clk1 ;
;  sec0[1]  ; diver:U1|m_clk1 ; 4.945 ; 5.061 ; Fall       ; diver:U1|m_clk1 ;
;  sec0[2]  ; diver:U1|m_clk1 ; 4.858 ; 4.990 ; Fall       ; diver:U1|m_clk1 ;
;  sec0[3]  ; diver:U1|m_clk1 ; 4.901 ; 5.029 ; Fall       ; diver:U1|m_clk1 ;
; sec1[*]   ; diver:U1|m_clk1 ; 4.884 ; 5.019 ; Fall       ; diver:U1|m_clk1 ;
;  sec1[0]  ; diver:U1|m_clk1 ; 4.844 ; 4.984 ; Fall       ; diver:U1|m_clk1 ;
;  sec1[1]  ; diver:U1|m_clk1 ; 4.876 ; 5.019 ; Fall       ; diver:U1|m_clk1 ;
;  sec1[2]  ; diver:U1|m_clk1 ; 4.560 ; 4.666 ; Fall       ; diver:U1|m_clk1 ;
;  sec1[3]  ; diver:U1|m_clk1 ; 4.884 ; 5.013 ; Fall       ; diver:U1|m_clk1 ;
; speak     ; diver:U1|m_clk1 ; 6.131 ; 6.438 ; Fall       ; diver:U1|m_clk1 ;
+-----------+-----------------+-------+-------+------------+-----------------+


+----------------------------------------------------------------------------+
; Minimum Clock to Output Times                                              ;
+-----------+-----------------+-------+-------+------------+-----------------+
; Data Port ; Clock Port      ; Rise  ; Fall  ; Clock Edge ; Clock Reference ;
+-----------+-----------------+-------+-------+------------+-----------------+
; hour0[*]  ; clk             ; 3.824 ; 3.879 ; Rise       ; clk             ;
;  hour0[0] ; clk             ; 3.824 ; 3.879 ; Rise       ; clk             ;
;  hour0[1] ; clk             ; 4.102 ; 4.182 ; Rise       ; clk             ;
;  hour0[2] ; clk             ; 3.959 ; 4.012 ; Rise       ; clk             ;
;  hour0[3] ; clk             ; 3.931 ; 4.025 ; Rise       ; clk             ;
; hour1[*]  ; clk             ; 3.831 ; 3.882 ; Rise       ; clk             ;
;  hour1[0] ; clk             ; 4.109 ; 4.188 ; Rise       ; clk             ;
;  hour1[1] ; clk             ; 4.896 ; 5.026 ; Rise       ; clk             ;
;  hour1[2] ; clk             ; 4.173 ; 4.310 ; Rise       ; clk             ;
;  hour1[3] ; clk             ; 3.831 ; 3.882 ; Rise       ; clk             ;
; min0[*]   ; clk             ; 3.535 ; 3.589 ; Rise       ; clk             ;
;  min0[0]  ; clk             ; 3.564 ; 3.589 ; Rise       ; clk             ;
;  min0[1]  ; clk             ; 3.726 ; 3.805 ; Rise       ; clk             ;
;  min0[2]  ; clk             ; 3.659 ; 3.718 ; Rise       ; clk             ;
;  min0[3]  ; clk             ; 3.535 ; 3.594 ; Rise       ; clk             ;
; min1[*]   ; clk             ; 4.005 ; 4.050 ; Rise       ; clk             ;
;  min1[0]  ; clk             ; 4.106 ; 4.185 ; Rise       ; clk             ;
;  min1[1]  ; clk             ; 4.005 ; 4.050 ; Rise       ; clk             ;
;  min1[2]  ; clk             ; 4.237 ; 4.363 ; Rise       ; clk             ;
;  min1[3]  ; clk             ; 4.294 ; 4.377 ; Rise       ; clk             ;
; sec0[*]   ; clk             ; 3.532 ; 3.609 ; Rise       ; clk             ;
;  sec0[0]  ; clk             ; 3.532 ; 3.625 ; Rise       ; clk             ;
;  sec0[1]  ; clk             ; 3.628 ; 3.718 ; Rise       ; clk             ;
;  sec0[2]  ; clk             ; 3.548 ; 3.650 ; Rise       ; clk             ;
;  sec0[3]  ; clk             ; 3.532 ; 3.609 ; Rise       ; clk             ;
; sec1[*]   ; clk             ; 3.503 ; 3.580 ; Rise       ; clk             ;
;  sec1[0]  ; clk             ; 3.503 ; 3.580 ; Rise       ; clk             ;
;  sec1[1]  ; clk             ; 3.622 ; 3.721 ; Rise       ; clk             ;
;  sec1[2]  ; clk             ; 3.570 ; 3.615 ; Rise       ; clk             ;
;  sec1[3]  ; clk             ; 3.518 ; 3.585 ; Rise       ; clk             ;
; speak     ; clk             ; 4.301 ; 4.421 ; Rise       ; clk             ;
; sec0[*]   ; diver:U1|m_clk0 ; 2.874 ; 2.996 ; Fall       ; diver:U1|m_clk0 ;
;  sec0[0]  ; diver:U1|m_clk0 ; 2.969 ; 3.085 ; Fall       ; diver:U1|m_clk0 ;
;  sec0[1]  ; diver:U1|m_clk0 ; 2.963 ; 3.079 ; Fall       ; diver:U1|m_clk0 ;
;  sec0[2]  ; diver:U1|m_clk0 ; 2.874 ; 2.996 ; Fall       ; diver:U1|m_clk0 ;
;  sec0[3]  ; diver:U1|m_clk0 ; 2.911 ; 3.023 ; Fall       ; diver:U1|m_clk0 ;
; sec1[*]   ; diver:U1|m_clk0 ; 2.840 ; 2.964 ; Fall       ; diver:U1|m_clk0 ;
;  sec1[0]  ; diver:U1|m_clk0 ; 2.840 ; 2.964 ; Fall       ; diver:U1|m_clk0 ;
;  sec1[1]  ; diver:U1|m_clk0 ; 3.123 ; 3.281 ; Fall       ; diver:U1|m_clk0 ;
;  sec1[2]  ; diver:U1|m_clk0 ; 3.021 ; 3.174 ; Fall       ; diver:U1|m_clk0 ;
;  sec1[3]  ; diver:U1|m_clk0 ; 3.040 ; 3.166 ; Fall       ; diver:U1|m_clk0 ;
; speak     ; diver:U1|m_clk0 ; 3.680 ; 3.800 ; Fall       ; diver:U1|m_clk0 ;
; hour0[*]  ; diver:U1|m_clk1 ; 3.652 ; 3.783 ; Fall       ; diver:U1|m_clk1 ;
;  hour0[0] ; diver:U1|m_clk1 ; 3.811 ; 3.948 ; Fall       ; diver:U1|m_clk1 ;
;  hour0[1] ; diver:U1|m_clk1 ; 3.876 ; 4.027 ; Fall       ; diver:U1|m_clk1 ;
;  hour0[2] ; diver:U1|m_clk1 ; 3.652 ; 3.783 ; Fall       ; diver:U1|m_clk1 ;
;  hour0[3] ; diver:U1|m_clk1 ; 3.725 ; 3.867 ; Fall       ; diver:U1|m_clk1 ;
; hour1[*]  ; diver:U1|m_clk1 ; 3.822 ; 3.970 ; Fall       ; diver:U1|m_clk1 ;
;  hour1[0] ; diver:U1|m_clk1 ; 3.822 ; 3.983 ; Fall       ; diver:U1|m_clk1 ;
;  hour1[1] ; diver:U1|m_clk1 ; 4.722 ; 4.908 ; Fall       ; diver:U1|m_clk1 ;
;  hour1[2] ; diver:U1|m_clk1 ; 3.949 ; 4.123 ; Fall       ; diver:U1|m_clk1 ;
;  hour1[3] ; diver:U1|m_clk1 ; 3.829 ; 3.970 ; Fall       ; diver:U1|m_clk1 ;
; min0[*]   ; diver:U1|m_clk1 ; 2.819 ; 2.915 ; Fall       ; diver:U1|m_clk1 ;
;  min0[0]  ; diver:U1|m_clk1 ; 2.819 ; 2.915 ; Fall       ; diver:U1|m_clk1 ;
;  min0[1]  ; diver:U1|m_clk1 ; 3.298 ; 3.461 ; Fall       ; diver:U1|m_clk1 ;
;  min0[2]  ; diver:U1|m_clk1 ; 3.351 ; 3.499 ; Fall       ; diver:U1|m_clk1 ;
;  min0[3]  ; diver:U1|m_clk1 ; 3.128 ; 3.268 ; Fall       ; diver:U1|m_clk1 ;
; min1[*]   ; diver:U1|m_clk1 ; 3.012 ; 3.106 ; Fall       ; diver:U1|m_clk1 ;
;  min1[0]  ; diver:U1|m_clk1 ; 3.170 ; 3.314 ; Fall       ; diver:U1|m_clk1 ;
;  min1[1]  ; diver:U1|m_clk1 ; 3.012 ; 3.106 ; Fall       ; diver:U1|m_clk1 ;
;  min1[2]  ; diver:U1|m_clk1 ; 3.319 ; 3.483 ; Fall       ; diver:U1|m_clk1 ;
;  min1[3]  ; diver:U1|m_clk1 ; 3.636 ; 3.812 ; Fall       ; diver:U1|m_clk1 ;
; sec0[*]   ; diver:U1|m_clk1 ; 4.686 ; 4.797 ; Fall       ; diver:U1|m_clk1 ;
;  sec0[0]  ; diver:U1|m_clk1 ; 4.686 ; 4.797 ; Fall       ; diver:U1|m_clk1 ;
;  sec0[1]  ; diver:U1|m_clk1 ; 4.788 ; 4.900 ; Fall       ; diver:U1|m_clk1 ;
;  sec0[2]  ; diver:U1|m_clk1 ; 4.708 ; 4.836 ; Fall       ; diver:U1|m_clk1 ;
;  sec0[3]  ; diver:U1|m_clk1 ; 4.749 ; 4.873 ; Fall       ; diver:U1|m_clk1 ;
; sec1[*]   ; diver:U1|m_clk1 ; 4.421 ; 4.524 ; Fall       ; diver:U1|m_clk1 ;
;  sec1[0]  ; diver:U1|m_clk1 ; 4.686 ; 4.815 ; Fall       ; diver:U1|m_clk1 ;
;  sec1[1]  ; diver:U1|m_clk1 ; 4.725 ; 4.863 ; Fall       ; diver:U1|m_clk1 ;
;  sec1[2]  ; diver:U1|m_clk1 ; 4.421 ; 4.524 ; Fall       ; diver:U1|m_clk1 ;
;  sec1[3]  ; diver:U1|m_clk1 ; 4.732 ; 4.857 ; Fall       ; diver:U1|m_clk1 ;
; speak     ; diver:U1|m_clk1 ; 3.624 ; 3.766 ; Fall       ; diver:U1|m_clk1 ;
+-----------+-----------------+-------+-------+------------+-----------------+


---------------------------------------------
; Fast 1200mV 0C Model Metastability Report ;
---------------------------------------------
No synchronizer chains to report.


+--------------------------------------------------------------------------------+
; Multicorner Timing Analysis Summary                                            ;
+------------------+---------+--------+----------+---------+---------------------+
; Clock            ; Setup   ; Hold   ; Recovery ; Removal ; Minimum Pulse Width ;
+------------------+---------+--------+----------+---------+---------------------+
; Worst-case Slack ; -1.106  ; -0.038 ; -2.511   ; 1.906   ; -3.000              ;
;  clk             ; -0.227  ; -0.038 ; N/A      ; N/A     ; -3.000              ;
;  diver:U1|m_clk0 ; -0.898  ; 0.199  ; -2.511   ; 1.906   ; -1.000              ;
;  diver:U1|m_clk1 ; -1.106  ; 0.074  ; N/A      ; N/A     ; -1.000              ;
; Design-wide TNS  ; -24.849 ; -0.038 ; -19.903  ; 0.0     ; -56.248             ;
;  clk             ; -0.336  ; -0.038 ; N/A      ; N/A     ; -8.248              ;
;  diver:U1|m_clk0 ; -4.149  ; 0.000  ; -19.903  ; 0.000   ; -8.000              ;
;  diver:U1|m_clk1 ; -20.364 ; 0.000  ; N/A      ; N/A     ; -40.000             ;
+------------------+---------+--------+----------+---------+---------------------+


+----------------------------------------------------------------------------+
; Setup Times                                                                ;
+-----------+-----------------+-------+-------+------------+-----------------+
; Data Port ; Clock Port      ; Rise  ; Fall  ; Clock Edge ; Clock Reference ;
+-----------+-----------------+-------+-------+------------+-----------------+
; key_shift ; clk             ; 1.451 ; 1.832 ; Rise       ; clk             ;
; key_hour  ; diver:U1|m_clk1 ; 1.255 ; 1.682 ; Fall       ; diver:U1|m_clk1 ;
; key_min   ; diver:U1|m_clk1 ; 1.457 ; 1.864 ; Fall       ; diver:U1|m_clk1 ;
; key_sec   ; diver:U1|m_clk1 ; 0.698 ; 1.114 ; Fall       ; diver:U1|m_clk1 ;
+-----------+-----------------+-------+-------+------------+-----------------+


+------------------------------------------------------------------------------+
; Hold Times                                                                   ;
+-----------+-----------------+--------+--------+------------+-----------------+
; Data Port ; Clock Port      ; Rise   ; Fall   ; Clock Edge ; Clock Reference ;
+-----------+-----------------+--------+--------+------------+-----------------+
; key_shift ; clk             ; -0.543 ; -1.102 ; Rise       ; clk             ;
; key_hour  ; diver:U1|m_clk1 ; 0.387  ; -0.090 ; Fall       ; diver:U1|m_clk1 ;
; key_min   ; diver:U1|m_clk1 ; 0.010  ; -0.634 ; Fall       ; diver:U1|m_clk1 ;
; key_sec   ; diver:U1|m_clk1 ; 0.432  ; -0.039 ; Fall       ; diver:U1|m_clk1 ;
+-----------+-----------------+--------+--------+------------+-----------------+


+------------------------------------------------------------------------------+
; Clock to Output Times                                                        ;
+-----------+-----------------+--------+--------+------------+-----------------+
; Data Port ; Clock Port      ; Rise   ; Fall   ; Clock Edge ; Clock Reference ;
+-----------+-----------------+--------+--------+------------+-----------------+
; hour0[*]  ; clk             ; 7.186  ; 7.236  ; Rise       ; clk             ;
;  hour0[0] ; clk             ; 6.717  ; 6.735  ; Rise       ; clk             ;
;  hour0[1] ; clk             ; 7.186  ; 7.236  ; Rise       ; clk             ;
;  hour0[2] ; clk             ; 6.968  ; 6.983  ; Rise       ; clk             ;
;  hour0[3] ; clk             ; 7.023  ; 6.972  ; Rise       ; clk             ;
; hour1[*]  ; clk             ; 8.381  ; 8.416  ; Rise       ; clk             ;
;  hour1[0] ; clk             ; 7.248  ; 7.311  ; Rise       ; clk             ;
;  hour1[1] ; clk             ; 8.381  ; 8.416  ; Rise       ; clk             ;
;  hour1[2] ; clk             ; 7.445  ; 7.424  ; Rise       ; clk             ;
;  hour1[3] ; clk             ; 6.732  ; 6.767  ; Rise       ; clk             ;
; min0[*]   ; clk             ; 6.520  ; 6.534  ; Rise       ; clk             ;
;  min0[0]  ; clk             ; 6.258  ; 6.266  ; Rise       ; clk             ;
;  min0[1]  ; clk             ; 6.520  ; 6.534  ; Rise       ; clk             ;
;  min0[2]  ; clk             ; 6.418  ; 6.461  ; Rise       ; clk             ;
;  min0[3]  ; clk             ; 6.214  ; 6.210  ; Rise       ; clk             ;
; min1[*]   ; clk             ; 7.585  ; 7.598  ; Rise       ; clk             ;
;  min1[0]  ; clk             ; 7.243  ; 7.250  ; Rise       ; clk             ;
;  min1[1]  ; clk             ; 7.150  ; 7.106  ; Rise       ; clk             ;
;  min1[2]  ; clk             ; 7.570  ; 7.527  ; Rise       ; clk             ;
;  min1[3]  ; clk             ; 7.585  ; 7.598  ; Rise       ; clk             ;
; sec0[*]   ; clk             ; 6.440  ; 6.412  ; Rise       ; clk             ;
;  sec0[0]  ; clk             ; 6.275  ; 6.215  ; Rise       ; clk             ;
;  sec0[1]  ; clk             ; 6.440  ; 6.412  ; Rise       ; clk             ;
;  sec0[2]  ; clk             ; 6.304  ; 6.252  ; Rise       ; clk             ;
;  sec0[3]  ; clk             ; 6.278  ; 6.202  ; Rise       ; clk             ;
; sec1[*]   ; clk             ; 6.473  ; 6.406  ; Rise       ; clk             ;
;  sec1[0]  ; clk             ; 6.179  ; 6.148  ; Rise       ; clk             ;
;  sec1[1]  ; clk             ; 6.473  ; 6.406  ; Rise       ; clk             ;
;  sec1[2]  ; clk             ; 6.295  ; 6.287  ; Rise       ; clk             ;
;  sec1[3]  ; clk             ; 6.186  ; 6.145  ; Rise       ; clk             ;
; speak     ; clk             ; 8.796  ; 8.915  ; Rise       ; clk             ;
; sec0[*]   ; diver:U1|m_clk0 ; 5.183  ; 5.233  ; Fall       ; diver:U1|m_clk0 ;
;  sec0[0]  ; diver:U1|m_clk0 ; 5.183  ; 5.217  ; Fall       ; diver:U1|m_clk0 ;
;  sec0[1]  ; diver:U1|m_clk0 ; 5.147  ; 5.233  ; Fall       ; diver:U1|m_clk0 ;
;  sec0[2]  ; diver:U1|m_clk0 ; 4.992  ; 5.052  ; Fall       ; diver:U1|m_clk0 ;
;  sec0[3]  ; diver:U1|m_clk0 ; 5.113  ; 5.156  ; Fall       ; diver:U1|m_clk0 ;
; sec1[*]   ; diver:U1|m_clk0 ; 5.574  ; 5.593  ; Fall       ; diver:U1|m_clk0 ;
;  sec1[0]  ; diver:U1|m_clk0 ; 4.937  ; 5.032  ; Fall       ; diver:U1|m_clk0 ;
;  sec1[1]  ; diver:U1|m_clk0 ; 5.574  ; 5.593  ; Fall       ; diver:U1|m_clk0 ;
;  sec1[2]  ; diver:U1|m_clk0 ; 5.297  ; 5.306  ; Fall       ; diver:U1|m_clk0 ;
;  sec1[3]  ; diver:U1|m_clk0 ; 5.330  ; 5.393  ; Fall       ; diver:U1|m_clk0 ;
; speak     ; diver:U1|m_clk0 ; 7.484  ; 7.496  ; Fall       ; diver:U1|m_clk0 ;
; hour0[*]  ; diver:U1|m_clk1 ; 8.605  ; 8.709  ; Fall       ; diver:U1|m_clk1 ;
;  hour0[0] ; diver:U1|m_clk1 ; 7.716  ; 7.773  ; Fall       ; diver:U1|m_clk1 ;
;  hour0[1] ; diver:U1|m_clk1 ; 8.605  ; 8.709  ; Fall       ; diver:U1|m_clk1 ;
;  hour0[2] ; diver:U1|m_clk1 ; 8.321  ; 8.340  ; Fall       ; diver:U1|m_clk1 ;
;  hour0[3] ; diver:U1|m_clk1 ; 7.981  ; 8.028  ; Fall       ; diver:U1|m_clk1 ;
; hour1[*]  ; diver:U1|m_clk1 ; 9.250  ; 9.434  ; Fall       ; diver:U1|m_clk1 ;
;  hour1[0] ; diver:U1|m_clk1 ; 8.167  ; 8.309  ; Fall       ; diver:U1|m_clk1 ;
;  hour1[1] ; diver:U1|m_clk1 ; 9.250  ; 9.434  ; Fall       ; diver:U1|m_clk1 ;
;  hour1[2] ; diver:U1|m_clk1 ; 8.215  ; 8.305  ; Fall       ; diver:U1|m_clk1 ;
;  hour1[3] ; diver:U1|m_clk1 ; 7.676  ; 7.751  ; Fall       ; diver:U1|m_clk1 ;
; min0[*]   ; diver:U1|m_clk1 ; 8.774  ; 8.781  ; Fall       ; diver:U1|m_clk1 ;
;  min0[0]  ; diver:U1|m_clk1 ; 7.976  ; 8.034  ; Fall       ; diver:U1|m_clk1 ;
;  min0[1]  ; diver:U1|m_clk1 ; 8.774  ; 8.781  ; Fall       ; diver:U1|m_clk1 ;
;  min0[2]  ; diver:U1|m_clk1 ; 8.127  ; 8.257  ; Fall       ; diver:U1|m_clk1 ;
;  min0[3]  ; diver:U1|m_clk1 ; 7.663  ; 7.698  ; Fall       ; diver:U1|m_clk1 ;
; min1[*]   ; diver:U1|m_clk1 ; 8.449  ; 8.552  ; Fall       ; diver:U1|m_clk1 ;
;  min1[0]  ; diver:U1|m_clk1 ; 8.030  ; 8.153  ; Fall       ; diver:U1|m_clk1 ;
;  min1[1]  ; diver:U1|m_clk1 ; 7.552  ; 7.646  ; Fall       ; diver:U1|m_clk1 ;
;  min1[2]  ; diver:U1|m_clk1 ; 7.863  ; 7.930  ; Fall       ; diver:U1|m_clk1 ;
;  min1[3]  ; diver:U1|m_clk1 ; 8.449  ; 8.552  ; Fall       ; diver:U1|m_clk1 ;
; sec0[*]   ; diver:U1|m_clk1 ; 8.219  ; 8.280  ; Fall       ; diver:U1|m_clk1 ;
;  sec0[0]  ; diver:U1|m_clk1 ; 8.036  ; 8.063  ; Fall       ; diver:U1|m_clk1 ;
;  sec0[1]  ; diver:U1|m_clk1 ; 8.219  ; 8.280  ; Fall       ; diver:U1|m_clk1 ;
;  sec0[2]  ; diver:U1|m_clk1 ; 8.090  ; 8.121  ; Fall       ; diver:U1|m_clk1 ;
;  sec0[3]  ; diver:U1|m_clk1 ; 8.155  ; 8.200  ; Fall       ; diver:U1|m_clk1 ;
; sec1[*]   ; diver:U1|m_clk1 ; 8.146  ; 8.178  ; Fall       ; diver:U1|m_clk1 ;
;  sec1[0]  ; diver:U1|m_clk1 ; 8.083  ; 8.136  ; Fall       ; diver:U1|m_clk1 ;
;  sec1[1]  ; diver:U1|m_clk1 ; 8.146  ; 8.178  ; Fall       ; diver:U1|m_clk1 ;
;  sec1[2]  ; diver:U1|m_clk1 ; 7.537  ; 7.608  ; Fall       ; diver:U1|m_clk1 ;
;  sec1[3]  ; diver:U1|m_clk1 ; 8.133  ; 8.170  ; Fall       ; diver:U1|m_clk1 ;
; speak     ; diver:U1|m_clk1 ; 10.384 ; 10.602 ; Fall       ; diver:U1|m_clk1 ;
+-----------+-----------------+--------+--------+------------+-----------------+


+----------------------------------------------------------------------------+
; Minimum Clock to Output Times                                              ;
+-----------+-----------------+-------+-------+------------+-----------------+
; Data Port ; Clock Port      ; Rise  ; Fall  ; Clock Edge ; Clock Reference ;
+-----------+-----------------+-------+-------+------------+-----------------+
; hour0[*]  ; clk             ; 3.824 ; 3.879 ; Rise       ; clk             ;
;  hour0[0] ; clk             ; 3.824 ; 3.879 ; Rise       ; clk             ;
;  hour0[1] ; clk             ; 4.102 ; 4.182 ; Rise       ; clk             ;
;  hour0[2] ; clk             ; 3.959 ; 4.012 ; Rise       ; clk             ;
;  hour0[3] ; clk             ; 3.931 ; 4.025 ; Rise       ; clk             ;
; hour1[*]  ; clk             ; 3.831 ; 3.882 ; Rise       ; clk             ;
;  hour1[0] ; clk             ; 4.109 ; 4.188 ; Rise       ; clk             ;
;  hour1[1] ; clk             ; 4.896 ; 5.026 ; Rise       ; clk             ;
;  hour1[2] ; clk             ; 4.173 ; 4.310 ; Rise       ; clk             ;
;  hour1[3] ; clk             ; 3.831 ; 3.882 ; Rise       ; clk             ;
; min0[*]   ; clk             ; 3.535 ; 3.589 ; Rise       ; clk             ;
;  min0[0]  ; clk             ; 3.564 ; 3.589 ; Rise       ; clk             ;
;  min0[1]  ; clk             ; 3.726 ; 3.805 ; Rise       ; clk             ;
;  min0[2]  ; clk             ; 3.659 ; 3.718 ; Rise       ; clk             ;
;  min0[3]  ; clk             ; 3.535 ; 3.594 ; Rise       ; clk             ;
; min1[*]   ; clk             ; 4.005 ; 4.050 ; Rise       ; clk             ;
;  min1[0]  ; clk             ; 4.106 ; 4.185 ; Rise       ; clk             ;
;  min1[1]  ; clk             ; 4.005 ; 4.050 ; Rise       ; clk             ;
;  min1[2]  ; clk             ; 4.237 ; 4.363 ; Rise       ; clk             ;
;  min1[3]  ; clk             ; 4.294 ; 4.377 ; Rise       ; clk             ;
; sec0[*]   ; clk             ; 3.532 ; 3.609 ; Rise       ; clk             ;
;  sec0[0]  ; clk             ; 3.532 ; 3.625 ; Rise       ; clk             ;
;  sec0[1]  ; clk             ; 3.628 ; 3.718 ; Rise       ; clk             ;
;  sec0[2]  ; clk             ; 3.548 ; 3.650 ; Rise       ; clk             ;
;  sec0[3]  ; clk             ; 3.532 ; 3.609 ; Rise       ; clk             ;
; sec1[*]   ; clk             ; 3.503 ; 3.580 ; Rise       ; clk             ;
;  sec1[0]  ; clk             ; 3.503 ; 3.580 ; Rise       ; clk             ;
;  sec1[1]  ; clk             ; 3.622 ; 3.721 ; Rise       ; clk             ;
;  sec1[2]  ; clk             ; 3.570 ; 3.615 ; Rise       ; clk             ;
;  sec1[3]  ; clk             ; 3.518 ; 3.585 ; Rise       ; clk             ;
; speak     ; clk             ; 4.301 ; 4.421 ; Rise       ; clk             ;
; sec0[*]   ; diver:U1|m_clk0 ; 2.874 ; 2.996 ; Fall       ; diver:U1|m_clk0 ;
;  sec0[0]  ; diver:U1|m_clk0 ; 2.969 ; 3.085 ; Fall       ; diver:U1|m_clk0 ;
;  sec0[1]  ; diver:U1|m_clk0 ; 2.963 ; 3.079 ; Fall       ; diver:U1|m_clk0 ;
;  sec0[2]  ; diver:U1|m_clk0 ; 2.874 ; 2.996 ; Fall       ; diver:U1|m_clk0 ;
;  sec0[3]  ; diver:U1|m_clk0 ; 2.911 ; 3.023 ; Fall       ; diver:U1|m_clk0 ;
; sec1[*]   ; diver:U1|m_clk0 ; 2.840 ; 2.964 ; Fall       ; diver:U1|m_clk0 ;
;  sec1[0]  ; diver:U1|m_clk0 ; 2.840 ; 2.964 ; Fall       ; diver:U1|m_clk0 ;
;  sec1[1]  ; diver:U1|m_clk0 ; 3.123 ; 3.281 ; Fall       ; diver:U1|m_clk0 ;
;  sec1[2]  ; diver:U1|m_clk0 ; 3.021 ; 3.174 ; Fall       ; diver:U1|m_clk0 ;
;  sec1[3]  ; diver:U1|m_clk0 ; 3.040 ; 3.166 ; Fall       ; diver:U1|m_clk0 ;
; speak     ; diver:U1|m_clk0 ; 3.680 ; 3.800 ; Fall       ; diver:U1|m_clk0 ;
; hour0[*]  ; diver:U1|m_clk1 ; 3.652 ; 3.783 ; Fall       ; diver:U1|m_clk1 ;
;  hour0[0] ; diver:U1|m_clk1 ; 3.811 ; 3.948 ; Fall       ; diver:U1|m_clk1 ;
;  hour0[1] ; diver:U1|m_clk1 ; 3.876 ; 4.027 ; Fall       ; diver:U1|m_clk1 ;
;  hour0[2] ; diver:U1|m_clk1 ; 3.652 ; 3.783 ; Fall       ; diver:U1|m_clk1 ;
;  hour0[3] ; diver:U1|m_clk1 ; 3.725 ; 3.867 ; Fall       ; diver:U1|m_clk1 ;
; hour1[*]  ; diver:U1|m_clk1 ; 3.822 ; 3.970 ; Fall       ; diver:U1|m_clk1 ;
;  hour1[0] ; diver:U1|m_clk1 ; 3.822 ; 3.983 ; Fall       ; diver:U1|m_clk1 ;
;  hour1[1] ; diver:U1|m_clk1 ; 4.722 ; 4.908 ; Fall       ; diver:U1|m_clk1 ;
;  hour1[2] ; diver:U1|m_clk1 ; 3.949 ; 4.123 ; Fall       ; diver:U1|m_clk1 ;
;  hour1[3] ; diver:U1|m_clk1 ; 3.829 ; 3.970 ; Fall       ; diver:U1|m_clk1 ;
; min0[*]   ; diver:U1|m_clk1 ; 2.819 ; 2.915 ; Fall       ; diver:U1|m_clk1 ;
;  min0[0]  ; diver:U1|m_clk1 ; 2.819 ; 2.915 ; Fall       ; diver:U1|m_clk1 ;
;  min0[1]  ; diver:U1|m_clk1 ; 3.298 ; 3.461 ; Fall       ; diver:U1|m_clk1 ;
;  min0[2]  ; diver:U1|m_clk1 ; 3.351 ; 3.499 ; Fall       ; diver:U1|m_clk1 ;
;  min0[3]  ; diver:U1|m_clk1 ; 3.128 ; 3.268 ; Fall       ; diver:U1|m_clk1 ;
; min1[*]   ; diver:U1|m_clk1 ; 3.012 ; 3.106 ; Fall       ; diver:U1|m_clk1 ;
;  min1[0]  ; diver:U1|m_clk1 ; 3.170 ; 3.314 ; Fall       ; diver:U1|m_clk1 ;
;  min1[1]  ; diver:U1|m_clk1 ; 3.012 ; 3.106 ; Fall       ; diver:U1|m_clk1 ;
;  min1[2]  ; diver:U1|m_clk1 ; 3.319 ; 3.483 ; Fall       ; diver:U1|m_clk1 ;
;  min1[3]  ; diver:U1|m_clk1 ; 3.636 ; 3.812 ; Fall       ; diver:U1|m_clk1 ;
; sec0[*]   ; diver:U1|m_clk1 ; 4.686 ; 4.797 ; Fall       ; diver:U1|m_clk1 ;
;  sec0[0]  ; diver:U1|m_clk1 ; 4.686 ; 4.797 ; Fall       ; diver:U1|m_clk1 ;
;  sec0[1]  ; diver:U1|m_clk1 ; 4.788 ; 4.900 ; Fall       ; diver:U1|m_clk1 ;
;  sec0[2]  ; diver:U1|m_clk1 ; 4.708 ; 4.836 ; Fall       ; diver:U1|m_clk1 ;
;  sec0[3]  ; diver:U1|m_clk1 ; 4.749 ; 4.873 ; Fall       ; diver:U1|m_clk1 ;
; sec1[*]   ; diver:U1|m_clk1 ; 4.421 ; 4.524 ; Fall       ; diver:U1|m_clk1 ;
;  sec1[0]  ; diver:U1|m_clk1 ; 4.686 ; 4.815 ; Fall       ; diver:U1|m_clk1 ;
;  sec1[1]  ; diver:U1|m_clk1 ; 4.725 ; 4.863 ; Fall       ; diver:U1|m_clk1 ;
;  sec1[2]  ; diver:U1|m_clk1 ; 4.421 ; 4.524 ; Fall       ; diver:U1|m_clk1 ;
;  sec1[3]  ; diver:U1|m_clk1 ; 4.732 ; 4.857 ; Fall       ; diver:U1|m_clk1 ;
; speak     ; diver:U1|m_clk1 ; 3.624 ; 3.766 ; Fall       ; diver:U1|m_clk1 ;
+-----------+-----------------+-------+-------+------------+-----------------+


+------------------------------------------------------------------------------------------------------------------------------------------------------------------------------------------------------------------------------------------------------------------------------------------------------------------------------------------------------------------------------------------------------------------+
; Board Trace Model Assignments                                                                                                                                                                                                                                                                                                                                                                                    ;
+---------------+--------------+-------------------+-------------------------+-------------------------+---------------+---------------------+----------------+------------------+--------+------------------+------------------------+------------------------+--------------+---------------+-----------------+-------+---------------------+--------------------+---------------+-----------------+-------------+
; Pin           ; I/O Standard ; Near Tline Length ; Near Tline L per Length ; Near Tline C per Length ; Near Series R ; Near Differential R ; Near Pull-up R ; Near Pull-down R ; Near C ; Far Tline Length ; Far Tline L per Length ; Far Tline C per Length ; Far Series R ; Far Pull-up R ; Far Pull-down R ; Far C ; Termination Voltage ; Far Differential R ; EBD File Name ; EBD Signal Name ; EBD Far-end ;
+---------------+--------------+-------------------+-------------------------+-------------------------+---------------+---------------------+----------------+------------------+--------+------------------+------------------------+------------------------+--------------+---------------+-----------------+-------+---------------------+--------------------+---------------+-----------------+-------------+
; sec0[0]       ; 2.5 V        ; 0 in              ; 0 H/in                  ; 0 F/in                  ; short         ; -                   ; open           ; open             ; open   ; 0 in             ; 0 H/in                 ; 0 F/in                 ; short        ; open          ; open            ; open  ; 0 V                 ; -                  ; n/a           ; n/a             ; n/a         ;
; sec0[1]       ; 2.5 V        ; 0 in              ; 0 H/in                  ; 0 F/in                  ; short         ; -                   ; open           ; open             ; open   ; 0 in             ; 0 H/in                 ; 0 F/in                 ; short        ; open          ; open            ; open  ; 0 V                 ; -                  ; n/a           ; n/a             ; n/a         ;
; sec0[2]       ; 2.5 V        ; 0 in              ; 0 H/in                  ; 0 F/in                  ; short         ; -                   ; open           ; open             ; open   ; 0 in             ; 0 H/in                 ; 0 F/in                 ; short        ; open          ; open            ; open  ; 0 V                 ; -                  ; n/a           ; n/a             ; n/a         ;
; sec0[3]       ; 2.5 V        ; 0 in              ; 0 H/in                  ; 0 F/in                  ; short         ; -                   ; open           ; open             ; open   ; 0 in             ; 0 H/in                 ; 0 F/in                 ; short        ; open          ; open            ; open  ; 0 V                 ; -                  ; n/a           ; n/a             ; n/a         ;
; sec1[0]       ; 2.5 V        ; 0 in              ; 0 H/in                  ; 0 F/in                  ; short         ; -                   ; open           ; open             ; open   ; 0 in             ; 0 H/in                 ; 0 F/in                 ; short        ; open          ; open            ; open  ; 0 V                 ; -                  ; n/a           ; n/a             ; n/a         ;
; sec1[1]       ; 2.5 V        ; 0 in              ; 0 H/in                  ; 0 F/in                  ; short         ; -                   ; open           ; open             ; open   ; 0 in             ; 0 H/in                 ; 0 F/in                 ; short        ; open          ; open            ; open  ; 0 V                 ; -                  ; n/a           ; n/a             ; n/a         ;
; sec1[2]       ; 2.5 V        ; 0 in              ; 0 H/in                  ; 0 F/in                  ; short         ; -                   ; open           ; open             ; open   ; 0 in             ; 0 H/in                 ; 0 F/in                 ; short        ; open          ; open            ; open  ; 0 V                 ; -                  ; n/a           ; n/a             ; n/a         ;
; sec1[3]       ; 2.5 V        ; 0 in              ; 0 H/in                  ; 0 F/in                  ; short         ; -                   ; open           ; open             ; open   ; 0 in             ; 0 H/in                 ; 0 F/in                 ; short        ; open          ; open            ; open  ; 0 V                 ; -                  ; n/a           ; n/a             ; n/a         ;
; min0[0]       ; 2.5 V        ; 0 in              ; 0 H/in                  ; 0 F/in                  ; short         ; -                   ; open           ; open             ; open   ; 0 in             ; 0 H/in                 ; 0 F/in                 ; short        ; open          ; open            ; open  ; 0 V                 ; -                  ; n/a           ; n/a             ; n/a         ;
; min0[1]       ; 2.5 V        ; 0 in              ; 0 H/in                  ; 0 F/in                  ; short         ; -                   ; open           ; open             ; open   ; 0 in             ; 0 H/in                 ; 0 F/in                 ; short        ; open          ; open            ; open  ; 0 V                 ; -                  ; n/a           ; n/a             ; n/a         ;
; min0[2]       ; 2.5 V        ; 0 in              ; 0 H/in                  ; 0 F/in                  ; short         ; -                   ; open           ; open             ; open   ; 0 in             ; 0 H/in                 ; 0 F/in                 ; short        ; open          ; open            ; open  ; 0 V                 ; -                  ; n/a           ; n/a             ; n/a         ;
; min0[3]       ; 2.5 V        ; 0 in              ; 0 H/in                  ; 0 F/in                  ; short         ; -                   ; open           ; open             ; open   ; 0 in             ; 0 H/in                 ; 0 F/in                 ; short        ; open          ; open            ; open  ; 0 V                 ; -                  ; n/a           ; n/a             ; n/a         ;
; min1[0]       ; 2.5 V        ; 0 in              ; 0 H/in                  ; 0 F/in                  ; short         ; -                   ; open           ; open             ; open   ; 0 in             ; 0 H/in                 ; 0 F/in                 ; short        ; open          ; open            ; open  ; 0 V                 ; -                  ; n/a           ; n/a             ; n/a         ;
; min1[1]       ; 2.5 V        ; 0 in              ; 0 H/in                  ; 0 F/in                  ; short         ; -                   ; open           ; open             ; open   ; 0 in             ; 0 H/in                 ; 0 F/in                 ; short        ; open          ; open            ; open  ; 0 V                 ; -                  ; n/a           ; n/a             ; n/a         ;
; min1[2]       ; 2.5 V        ; 0 in              ; 0 H/in                  ; 0 F/in                  ; short         ; -                   ; open           ; open             ; open   ; 0 in             ; 0 H/in                 ; 0 F/in                 ; short        ; open          ; open            ; open  ; 0 V                 ; -                  ; n/a           ; n/a             ; n/a         ;
; min1[3]       ; 2.5 V        ; 0 in              ; 0 H/in                  ; 0 F/in                  ; short         ; -                   ; open           ; open             ; open   ; 0 in             ; 0 H/in                 ; 0 F/in                 ; short        ; open          ; open            ; open  ; 0 V                 ; -                  ; n/a           ; n/a             ; n/a         ;
; hour0[0]      ; 2.5 V        ; 0 in              ; 0 H/in                  ; 0 F/in                  ; short         ; -                   ; open           ; open             ; open   ; 0 in             ; 0 H/in                 ; 0 F/in                 ; short        ; open          ; open            ; open  ; 0 V                 ; -                  ; n/a           ; n/a             ; n/a         ;
; hour0[1]      ; 2.5 V        ; 0 in              ; 0 H/in                  ; 0 F/in                  ; short         ; -                   ; open           ; open             ; open   ; 0 in             ; 0 H/in                 ; 0 F/in                 ; short        ; open          ; open            ; open  ; 0 V                 ; -                  ; n/a           ; n/a             ; n/a         ;
; hour0[2]      ; 2.5 V        ; 0 in              ; 0 H/in                  ; 0 F/in                  ; short         ; -                   ; open           ; open             ; open   ; 0 in             ; 0 H/in                 ; 0 F/in                 ; short        ; open          ; open            ; open  ; 0 V                 ; -                  ; n/a           ; n/a             ; n/a         ;
; hour0[3]      ; 2.5 V        ; 0 in              ; 0 H/in                  ; 0 F/in                  ; short         ; -                   ; open           ; open             ; open   ; 0 in             ; 0 H/in                 ; 0 F/in                 ; short        ; open          ; open            ; open  ; 0 V                 ; -                  ; n/a           ; n/a             ; n/a         ;
; hour1[0]      ; 2.5 V        ; 0 in              ; 0 H/in                  ; 0 F/in                  ; short         ; -                   ; open           ; open             ; open   ; 0 in             ; 0 H/in                 ; 0 F/in                 ; short        ; open          ; open            ; open  ; 0 V                 ; -                  ; n/a           ; n/a             ; n/a         ;
; hour1[1]      ; 2.5 V        ; 0 in              ; 0 H/in                  ; 0 F/in                  ; short         ; -                   ; open           ; open             ; open   ; 0 in             ; 0 H/in                 ; 0 F/in                 ; short        ; open          ; open            ; open  ; 0 V                 ; -                  ; n/a           ; n/a             ; n/a         ;
; hour1[2]      ; 2.5 V        ; 0 in              ; 0 H/in                  ; 0 F/in                  ; short         ; -                   ; open           ; open             ; open   ; 0 in             ; 0 H/in                 ; 0 F/in                 ; short        ; open          ; open            ; open  ; 0 V                 ; -                  ; n/a           ; n/a             ; n/a         ;
; hour1[3]      ; 2.5 V        ; 0 in              ; 0 H/in                  ; 0 F/in                  ; short         ; -                   ; open           ; open             ; open   ; 0 in             ; 0 H/in                 ; 0 F/in                 ; short        ; open          ; open            ; open  ; 0 V                 ; -                  ; n/a           ; n/a             ; n/a         ;
; speak         ; 2.5 V        ; 0 in              ; 0 H/in                  ; 0 F/in                  ; short         ; -                   ; open           ; open             ; open   ; 0 in             ; 0 H/in                 ; 0 F/in                 ; short        ; open          ; open            ; open  ; 0 V                 ; -                  ; n/a           ; n/a             ; n/a         ;
; ~ALTERA_DCLK~ ; 2.5 V        ; 0 in              ; 0 H/in                  ; 0 F/in                  ; short         ; -                   ; open           ; open             ; open   ; 0 in             ; 0 H/in                 ; 0 F/in                 ; short        ; open          ; open            ; open  ; 0 V                 ; -                  ; n/a           ; n/a             ; n/a         ;
; ~ALTERA_nCEO~ ; 2.5 V        ; 0 in              ; 0 H/in                  ; 0 F/in                  ; short         ; -                   ; open           ; open             ; open   ; 0 in             ; 0 H/in                 ; 0 F/in                 ; short        ; open          ; open            ; open  ; 0 V                 ; -                  ; n/a           ; n/a             ; n/a         ;
+---------------+--------------+-------------------+-------------------------+-------------------------+---------------+---------------------+----------------+------------------+--------+------------------+------------------------+------------------------+--------------+---------------+-----------------+-------+---------------------+--------------------+---------------+-----------------+-------------+


+----------------------------------------------------------------------------+
; Input Transition Times                                                     ;
+-------------------------+--------------+-----------------+-----------------+
; Pin                     ; I/O Standard ; 10-90 Rise Time ; 90-10 Fall Time ;
+-------------------------+--------------+-----------------+-----------------+
; key_sec                 ; 2.5 V        ; 2000 ps         ; 2000 ps         ;
; key_shift               ; 2.5 V        ; 2000 ps         ; 2000 ps         ;
; clk                     ; 2.5 V        ; 2000 ps         ; 2000 ps         ;
; key_min                 ; 2.5 V        ; 2000 ps         ; 2000 ps         ;
; key_hour                ; 2.5 V        ; 2000 ps         ; 2000 ps         ;
; ~ALTERA_ASDO_DATA1~     ; 2.5 V        ; 2000 ps         ; 2000 ps         ;
; ~ALTERA_FLASH_nCE_nCSO~ ; 2.5 V        ; 2000 ps         ; 2000 ps         ;
; ~ALTERA_DATA0~          ; 2.5 V        ; 2000 ps         ; 2000 ps         ;
+-------------------------+--------------+-----------------+-----------------+


+--------------------------------------------------------------------------------------------------------------------------------------------------------------------------------------------------------------------------------------------------------------------------------------------------------------------------------------------------------------------------------------------------------------------------------------------------------------------------------------------------------------------------------------------------------------------------------------------------------------------------------------------------------------------------------------------+
; Slow Corner Signal Integrity Metrics                                                                                                                                                                                                                                                                                                                                                                                                                                                                                                                                                                                                                                                       ;
+---------------+--------------+---------------------+---------------------+------------------------------+------------------------------+---------------------+---------------------+--------------------------------------+--------------------------------------+-----------------------------+-----------------------------+----------------------------+----------------------------+-----------------------------+-----------------------------+--------------------+--------------------+-------------------------------------+-------------------------------------+----------------------------+----------------------------+---------------------------+---------------------------+
; Pin           ; I/O Standard ; Board Delay on Rise ; Board Delay on Fall ; Steady State Voh at FPGA Pin ; Steady State Vol at FPGA Pin ; Voh Max at FPGA Pin ; Vol Min at FPGA Pin ; Ringback Voltage on Rise at FPGA Pin ; Ringback Voltage on Fall at FPGA Pin ; 10-90 Rise Time at FPGA Pin ; 90-10 Fall Time at FPGA Pin ; Monotonic Rise at FPGA Pin ; Monotonic Fall at FPGA Pin ; Steady State Voh at Far-end ; Steady State Vol at Far-end ; Voh Max at Far-end ; Vol Min at Far-end ; Ringback Voltage on Rise at Far-end ; Ringback Voltage on Fall at Far-end ; 10-90 Rise Time at Far-end ; 90-10 Fall Time at Far-end ; Monotonic Rise at Far-end ; Monotonic Fall at Far-end ;
+---------------+--------------+---------------------+---------------------+------------------------------+------------------------------+---------------------+---------------------+--------------------------------------+--------------------------------------+-----------------------------+-----------------------------+----------------------------+----------------------------+-----------------------------+-----------------------------+--------------------+--------------------+-------------------------------------+-------------------------------------+----------------------------+----------------------------+---------------------------+---------------------------+
; sec0[0]       ; 2.5 V        ; 0 s                 ; 0 s                 ; 2.32 V                       ; 7.11e-07 V                   ; 2.35 V              ; -0.00791 V          ; 0.102 V                              ; 0.023 V                              ; 6.39e-10 s                  ; 5.99e-10 s                  ; Yes                        ; Yes                        ; 2.32 V                      ; 7.11e-07 V                  ; 2.35 V             ; -0.00791 V         ; 0.102 V                             ; 0.023 V                             ; 6.39e-10 s                 ; 5.99e-10 s                 ; Yes                       ; Yes                       ;
; sec0[1]       ; 2.5 V        ; 0 s                 ; 0 s                 ; 2.32 V                       ; 7.11e-07 V                   ; 2.36 V              ; -0.00477 V          ; 0.097 V                              ; 0.012 V                              ; 4.4e-10 s                   ; 4.15e-10 s                  ; Yes                        ; Yes                        ; 2.32 V                      ; 7.11e-07 V                  ; 2.36 V             ; -0.00477 V         ; 0.097 V                             ; 0.012 V                             ; 4.4e-10 s                  ; 4.15e-10 s                 ; Yes                       ; Yes                       ;
; sec0[2]       ; 2.5 V        ; 0 s                 ; 0 s                 ; 2.32 V                       ; 7.11e-07 V                   ; 2.35 V              ; -0.00791 V          ; 0.102 V                              ; 0.023 V                              ; 6.39e-10 s                  ; 5.99e-10 s                  ; Yes                        ; Yes                        ; 2.32 V                      ; 7.11e-07 V                  ; 2.35 V             ; -0.00791 V         ; 0.102 V                             ; 0.023 V                             ; 6.39e-10 s                 ; 5.99e-10 s                 ; Yes                       ; Yes                       ;
; sec0[3]       ; 2.5 V        ; 0 s                 ; 0 s                 ; 2.32 V                       ; 7.11e-07 V                   ; 2.35 V              ; -0.00791 V          ; 0.102 V                              ; 0.023 V                              ; 6.39e-10 s                  ; 5.99e-10 s                  ; Yes                        ; Yes                        ; 2.32 V                      ; 7.11e-07 V                  ; 2.35 V             ; -0.00791 V         ; 0.102 V                             ; 0.023 V                             ; 6.39e-10 s                 ; 5.99e-10 s                 ; Yes                       ; Yes                       ;
; sec1[0]       ; 2.5 V        ; 0 s                 ; 0 s                 ; 2.32 V                       ; 7.11e-07 V                   ; 2.35 V              ; -0.00791 V          ; 0.102 V                              ; 0.023 V                              ; 6.39e-10 s                  ; 5.99e-10 s                  ; Yes                        ; Yes                        ; 2.32 V                      ; 7.11e-07 V                  ; 2.35 V             ; -0.00791 V         ; 0.102 V                             ; 0.023 V                             ; 6.39e-10 s                 ; 5.99e-10 s                 ; Yes                       ; Yes                       ;
; sec1[1]       ; 2.5 V        ; 0 s                 ; 0 s                 ; 2.32 V                       ; 7.11e-07 V                   ; 2.35 V              ; -0.00791 V          ; 0.102 V                              ; 0.023 V                              ; 6.39e-10 s                  ; 5.99e-10 s                  ; Yes                        ; Yes                        ; 2.32 V                      ; 7.11e-07 V                  ; 2.35 V             ; -0.00791 V         ; 0.102 V                             ; 0.023 V                             ; 6.39e-10 s                 ; 5.99e-10 s                 ; Yes                       ; Yes                       ;
; sec1[2]       ; 2.5 V        ; 0 s                 ; 0 s                 ; 2.32 V                       ; 7.11e-07 V                   ; 2.35 V              ; -0.00791 V          ; 0.102 V                              ; 0.023 V                              ; 6.39e-10 s                  ; 5.99e-10 s                  ; Yes                        ; Yes                        ; 2.32 V                      ; 7.11e-07 V                  ; 2.35 V             ; -0.00791 V         ; 0.102 V                             ; 0.023 V                             ; 6.39e-10 s                 ; 5.99e-10 s                 ; Yes                       ; Yes                       ;
; sec1[3]       ; 2.5 V        ; 0 s                 ; 0 s                 ; 2.32 V                       ; 7.11e-07 V                   ; 2.35 V              ; -0.00791 V          ; 0.102 V                              ; 0.023 V                              ; 6.39e-10 s                  ; 5.99e-10 s                  ; Yes                        ; Yes                        ; 2.32 V                      ; 7.11e-07 V                  ; 2.35 V             ; -0.00791 V         ; 0.102 V                             ; 0.023 V                             ; 6.39e-10 s                 ; 5.99e-10 s                 ; Yes                       ; Yes                       ;
; min0[0]       ; 2.5 V        ; 0 s                 ; 0 s                 ; 2.32 V                       ; 7.11e-07 V                   ; 2.36 V              ; -0.00477 V          ; 0.097 V                              ; 0.012 V                              ; 4.4e-10 s                   ; 4.15e-10 s                  ; Yes                        ; Yes                        ; 2.32 V                      ; 7.11e-07 V                  ; 2.36 V             ; -0.00477 V         ; 0.097 V                             ; 0.012 V                             ; 4.4e-10 s                  ; 4.15e-10 s                 ; Yes                       ; Yes                       ;
; min0[1]       ; 2.5 V        ; 0 s                 ; 0 s                 ; 2.32 V                       ; 7.11e-07 V                   ; 2.35 V              ; -0.00791 V          ; 0.102 V                              ; 0.023 V                              ; 6.39e-10 s                  ; 5.99e-10 s                  ; Yes                        ; Yes                        ; 2.32 V                      ; 7.11e-07 V                  ; 2.35 V             ; -0.00791 V         ; 0.102 V                             ; 0.023 V                             ; 6.39e-10 s                 ; 5.99e-10 s                 ; Yes                       ; Yes                       ;
; min0[2]       ; 2.5 V        ; 0 s                 ; 0 s                 ; 2.32 V                       ; 7.11e-07 V                   ; 2.36 V              ; -0.00477 V          ; 0.097 V                              ; 0.012 V                              ; 4.4e-10 s                   ; 4.15e-10 s                  ; Yes                        ; Yes                        ; 2.32 V                      ; 7.11e-07 V                  ; 2.36 V             ; -0.00477 V         ; 0.097 V                             ; 0.012 V                             ; 4.4e-10 s                  ; 4.15e-10 s                 ; Yes                       ; Yes                       ;
; min0[3]       ; 2.5 V        ; 0 s                 ; 0 s                 ; 2.32 V                       ; 7.11e-07 V                   ; 2.35 V              ; -0.00791 V          ; 0.102 V                              ; 0.023 V                              ; 6.39e-10 s                  ; 5.99e-10 s                  ; Yes                        ; Yes                        ; 2.32 V                      ; 7.11e-07 V                  ; 2.35 V             ; -0.00791 V         ; 0.102 V                             ; 0.023 V                             ; 6.39e-10 s                 ; 5.99e-10 s                 ; Yes                       ; Yes                       ;
; min1[0]       ; 2.5 V        ; 0 s                 ; 0 s                 ; 2.32 V                       ; 7.11e-07 V                   ; 2.35 V              ; -0.00791 V          ; 0.102 V                              ; 0.023 V                              ; 6.39e-10 s                  ; 5.99e-10 s                  ; Yes                        ; Yes                        ; 2.32 V                      ; 7.11e-07 V                  ; 2.35 V             ; -0.00791 V         ; 0.102 V                             ; 0.023 V                             ; 6.39e-10 s                 ; 5.99e-10 s                 ; Yes                       ; Yes                       ;
; min1[1]       ; 2.5 V        ; 0 s                 ; 0 s                 ; 2.32 V                       ; 7.11e-07 V                   ; 2.36 V              ; -0.00477 V          ; 0.097 V                              ; 0.012 V                              ; 4.4e-10 s                   ; 4.15e-10 s                  ; Yes                        ; Yes                        ; 2.32 V                      ; 7.11e-07 V                  ; 2.36 V             ; -0.00477 V         ; 0.097 V                             ; 0.012 V                             ; 4.4e-10 s                  ; 4.15e-10 s                 ; Yes                       ; Yes                       ;
; min1[2]       ; 2.5 V        ; 0 s                 ; 0 s                 ; 2.32 V                       ; 7.11e-07 V                   ; 2.35 V              ; -0.00791 V          ; 0.102 V                              ; 0.023 V                              ; 6.39e-10 s                  ; 5.99e-10 s                  ; Yes                        ; Yes                        ; 2.32 V                      ; 7.11e-07 V                  ; 2.35 V             ; -0.00791 V         ; 0.102 V                             ; 0.023 V                             ; 6.39e-10 s                 ; 5.99e-10 s                 ; Yes                       ; Yes                       ;
; min1[3]       ; 2.5 V        ; 0 s                 ; 0 s                 ; 2.32 V                       ; 1.06e-06 V                   ; 2.36 V              ; -0.00548 V          ; 0.108 V                              ; 0.017 V                              ; 4.48e-10 s                  ; 4.25e-10 s                  ; Yes                        ; Yes                        ; 2.32 V                      ; 1.06e-06 V                  ; 2.36 V             ; -0.00548 V         ; 0.108 V                             ; 0.017 V                             ; 4.48e-10 s                 ; 4.25e-10 s                 ; Yes                       ; Yes                       ;
; hour0[0]      ; 2.5 V        ; 0 s                 ; 0 s                 ; 2.32 V                       ; 1.06e-06 V                   ; 2.36 V              ; -0.00548 V          ; 0.108 V                              ; 0.017 V                              ; 4.48e-10 s                  ; 4.25e-10 s                  ; Yes                        ; Yes                        ; 2.32 V                      ; 1.06e-06 V                  ; 2.36 V             ; -0.00548 V         ; 0.108 V                             ; 0.017 V                             ; 4.48e-10 s                 ; 4.25e-10 s                 ; Yes                       ; Yes                       ;
; hour0[1]      ; 2.5 V        ; 0 s                 ; 0 s                 ; 2.32 V                       ; 1.06e-06 V                   ; 2.36 V              ; -0.00548 V          ; 0.108 V                              ; 0.017 V                              ; 4.48e-10 s                  ; 4.25e-10 s                  ; Yes                        ; Yes                        ; 2.32 V                      ; 1.06e-06 V                  ; 2.36 V             ; -0.00548 V         ; 0.108 V                             ; 0.017 V                             ; 4.48e-10 s                 ; 4.25e-10 s                 ; Yes                       ; Yes                       ;
; hour0[2]      ; 2.5 V        ; 0 s                 ; 0 s                 ; 2.32 V                       ; 1.06e-06 V                   ; 2.36 V              ; -0.00548 V          ; 0.108 V                              ; 0.017 V                              ; 4.48e-10 s                  ; 4.25e-10 s                  ; Yes                        ; Yes                        ; 2.32 V                      ; 1.06e-06 V                  ; 2.36 V             ; -0.00548 V         ; 0.108 V                             ; 0.017 V                             ; 4.48e-10 s                 ; 4.25e-10 s                 ; Yes                       ; Yes                       ;
; hour0[3]      ; 2.5 V        ; 0 s                 ; 0 s                 ; 2.32 V                       ; 7.11e-07 V                   ; 2.36 V              ; -0.00477 V          ; 0.097 V                              ; 0.012 V                              ; 4.4e-10 s                   ; 4.15e-10 s                  ; Yes                        ; Yes                        ; 2.32 V                      ; 7.11e-07 V                  ; 2.36 V             ; -0.00477 V         ; 0.097 V                             ; 0.012 V                             ; 4.4e-10 s                  ; 4.15e-10 s                 ; Yes                       ; Yes                       ;
; hour1[0]      ; 2.5 V        ; 0 s                 ; 0 s                 ; 2.32 V                       ; 1.06e-06 V                   ; 2.36 V              ; -0.00548 V          ; 0.108 V                              ; 0.017 V                              ; 4.48e-10 s                  ; 4.25e-10 s                  ; Yes                        ; Yes                        ; 2.32 V                      ; 1.06e-06 V                  ; 2.36 V             ; -0.00548 V         ; 0.108 V                             ; 0.017 V                             ; 4.48e-10 s                 ; 4.25e-10 s                 ; Yes                       ; Yes                       ;
; hour1[1]      ; 2.5 V        ; 0 s                 ; 0 s                 ; 2.32 V                       ; 7.11e-07 V                   ; 2.33 V              ; -0.00353 V          ; 0.131 V                              ; 0.073 V                              ; 3.33e-09 s                  ; 3.13e-09 s                  ; Yes                        ; Yes                        ; 2.32 V                      ; 7.11e-07 V                  ; 2.33 V             ; -0.00353 V         ; 0.131 V                             ; 0.073 V                             ; 3.33e-09 s                 ; 3.13e-09 s                 ; Yes                       ; Yes                       ;
; hour1[2]      ; 2.5 V        ; 0 s                 ; 0 s                 ; 2.32 V                       ; 7.11e-07 V                   ; 2.35 V              ; -0.00791 V          ; 0.102 V                              ; 0.023 V                              ; 6.39e-10 s                  ; 5.99e-10 s                  ; Yes                        ; Yes                        ; 2.32 V                      ; 7.11e-07 V                  ; 2.35 V             ; -0.00791 V         ; 0.102 V                             ; 0.023 V                             ; 6.39e-10 s                 ; 5.99e-10 s                 ; Yes                       ; Yes                       ;
; hour1[3]      ; 2.5 V        ; 0 s                 ; 0 s                 ; 2.32 V                       ; 1.06e-06 V                   ; 2.36 V              ; -0.00548 V          ; 0.108 V                              ; 0.017 V                              ; 4.48e-10 s                  ; 4.25e-10 s                  ; Yes                        ; Yes                        ; 2.32 V                      ; 1.06e-06 V                  ; 2.36 V             ; -0.00548 V         ; 0.108 V                             ; 0.017 V                             ; 4.48e-10 s                 ; 4.25e-10 s                 ; Yes                       ; Yes                       ;
; speak         ; 2.5 V        ; 0 s                 ; 0 s                 ; 2.32 V                       ; 7.11e-07 V                   ; 2.35 V              ; -0.00791 V          ; 0.102 V                              ; 0.023 V                              ; 6.39e-10 s                  ; 5.99e-10 s                  ; Yes                        ; Yes                        ; 2.32 V                      ; 7.11e-07 V                  ; 2.35 V             ; -0.00791 V         ; 0.102 V                             ; 0.023 V                             ; 6.39e-10 s                 ; 5.99e-10 s                 ; Yes                       ; Yes                       ;
; ~ALTERA_DCLK~ ; 2.5 V        ; 0 s                 ; 0 s                 ; 2.32 V                       ; 5.68e-07 V                   ; 2.36 V              ; -0.0222 V           ; 0.073 V                              ; 0.035 V                              ; 3.97e-10 s                  ; 3.26e-10 s                  ; Yes                        ; Yes                        ; 2.32 V                      ; 5.68e-07 V                  ; 2.36 V             ; -0.0222 V          ; 0.073 V                             ; 0.035 V                             ; 3.97e-10 s                 ; 3.26e-10 s                 ; Yes                       ; Yes                       ;
; ~ALTERA_nCEO~ ; 2.5 V        ; 0 s                 ; 0 s                 ; 2.32 V                       ; 9.36e-07 V                   ; 2.35 V              ; -0.00597 V          ; 0.081 V                              ; 0.031 V                              ; 5.3e-10 s                   ; 7.56e-10 s                  ; Yes                        ; Yes                        ; 2.32 V                      ; 9.36e-07 V                  ; 2.35 V             ; -0.00597 V         ; 0.081 V                             ; 0.031 V                             ; 5.3e-10 s                  ; 7.56e-10 s                 ; Yes                       ; Yes                       ;
+---------------+--------------+---------------------+---------------------+------------------------------+------------------------------+---------------------+---------------------+--------------------------------------+--------------------------------------+-----------------------------+-----------------------------+----------------------------+----------------------------+-----------------------------+-----------------------------+--------------------+--------------------+-------------------------------------+-------------------------------------+----------------------------+----------------------------+---------------------------+---------------------------+


+--------------------------------------------------------------------------------------------------------------------------------------------------------------------------------------------------------------------------------------------------------------------------------------------------------------------------------------------------------------------------------------------------------------------------------------------------------------------------------------------------------------------------------------------------------------------------------------------------------------------------------------------------------------------------------------------+
; Fast Corner Signal Integrity Metrics                                                                                                                                                                                                                                                                                                                                                                                                                                                                                                                                                                                                                                                       ;
+---------------+--------------+---------------------+---------------------+------------------------------+------------------------------+---------------------+---------------------+--------------------------------------+--------------------------------------+-----------------------------+-----------------------------+----------------------------+----------------------------+-----------------------------+-----------------------------+--------------------+--------------------+-------------------------------------+-------------------------------------+----------------------------+----------------------------+---------------------------+---------------------------+
; Pin           ; I/O Standard ; Board Delay on Rise ; Board Delay on Fall ; Steady State Voh at FPGA Pin ; Steady State Vol at FPGA Pin ; Voh Max at FPGA Pin ; Vol Min at FPGA Pin ; Ringback Voltage on Rise at FPGA Pin ; Ringback Voltage on Fall at FPGA Pin ; 10-90 Rise Time at FPGA Pin ; 90-10 Fall Time at FPGA Pin ; Monotonic Rise at FPGA Pin ; Monotonic Fall at FPGA Pin ; Steady State Voh at Far-end ; Steady State Vol at Far-end ; Voh Max at Far-end ; Vol Min at Far-end ; Ringback Voltage on Rise at Far-end ; Ringback Voltage on Fall at Far-end ; 10-90 Rise Time at Far-end ; 90-10 Fall Time at Far-end ; Monotonic Rise at Far-end ; Monotonic Fall at Far-end ;
+---------------+--------------+---------------------+---------------------+------------------------------+------------------------------+---------------------+---------------------+--------------------------------------+--------------------------------------+-----------------------------+-----------------------------+----------------------------+----------------------------+-----------------------------+-----------------------------+--------------------+--------------------+-------------------------------------+-------------------------------------+----------------------------+----------------------------+---------------------------+---------------------------+
; sec0[0]       ; 2.5 V        ; 0 s                 ; 0 s                 ; 2.62 V                       ; 2.7e-08 V                    ; 2.71 V              ; -0.0354 V           ; 0.148 V                              ; 0.064 V                              ; 4.51e-10 s                  ; 4.14e-10 s                  ; No                         ; Yes                        ; 2.62 V                      ; 2.7e-08 V                   ; 2.71 V             ; -0.0354 V          ; 0.148 V                             ; 0.064 V                             ; 4.51e-10 s                 ; 4.14e-10 s                 ; No                        ; Yes                       ;
; sec0[1]       ; 2.5 V        ; 0 s                 ; 0 s                 ; 2.62 V                       ; 2.7e-08 V                    ; 2.72 V              ; -0.0401 V           ; 0.163 V                              ; 0.091 V                              ; 2.71e-10 s                  ; 2.61e-10 s                  ; Yes                        ; Yes                        ; 2.62 V                      ; 2.7e-08 V                   ; 2.72 V             ; -0.0401 V          ; 0.163 V                             ; 0.091 V                             ; 2.71e-10 s                 ; 2.61e-10 s                 ; Yes                       ; Yes                       ;
; sec0[2]       ; 2.5 V        ; 0 s                 ; 0 s                 ; 2.62 V                       ; 2.7e-08 V                    ; 2.71 V              ; -0.0354 V           ; 0.148 V                              ; 0.064 V                              ; 4.51e-10 s                  ; 4.14e-10 s                  ; No                         ; Yes                        ; 2.62 V                      ; 2.7e-08 V                   ; 2.71 V             ; -0.0354 V          ; 0.148 V                             ; 0.064 V                             ; 4.51e-10 s                 ; 4.14e-10 s                 ; No                        ; Yes                       ;
; sec0[3]       ; 2.5 V        ; 0 s                 ; 0 s                 ; 2.62 V                       ; 2.7e-08 V                    ; 2.71 V              ; -0.0354 V           ; 0.148 V                              ; 0.064 V                              ; 4.51e-10 s                  ; 4.14e-10 s                  ; No                         ; Yes                        ; 2.62 V                      ; 2.7e-08 V                   ; 2.71 V             ; -0.0354 V          ; 0.148 V                             ; 0.064 V                             ; 4.51e-10 s                 ; 4.14e-10 s                 ; No                        ; Yes                       ;
; sec1[0]       ; 2.5 V        ; 0 s                 ; 0 s                 ; 2.62 V                       ; 2.7e-08 V                    ; 2.71 V              ; -0.0354 V           ; 0.148 V                              ; 0.064 V                              ; 4.51e-10 s                  ; 4.14e-10 s                  ; No                         ; Yes                        ; 2.62 V                      ; 2.7e-08 V                   ; 2.71 V             ; -0.0354 V          ; 0.148 V                             ; 0.064 V                             ; 4.51e-10 s                 ; 4.14e-10 s                 ; No                        ; Yes                       ;
; sec1[1]       ; 2.5 V        ; 0 s                 ; 0 s                 ; 2.62 V                       ; 2.7e-08 V                    ; 2.71 V              ; -0.0354 V           ; 0.148 V                              ; 0.064 V                              ; 4.51e-10 s                  ; 4.14e-10 s                  ; No                         ; Yes                        ; 2.62 V                      ; 2.7e-08 V                   ; 2.71 V             ; -0.0354 V          ; 0.148 V                             ; 0.064 V                             ; 4.51e-10 s                 ; 4.14e-10 s                 ; No                        ; Yes                       ;
; sec1[2]       ; 2.5 V        ; 0 s                 ; 0 s                 ; 2.62 V                       ; 2.7e-08 V                    ; 2.71 V              ; -0.0354 V           ; 0.148 V                              ; 0.064 V                              ; 4.51e-10 s                  ; 4.14e-10 s                  ; No                         ; Yes                        ; 2.62 V                      ; 2.7e-08 V                   ; 2.71 V             ; -0.0354 V          ; 0.148 V                             ; 0.064 V                             ; 4.51e-10 s                 ; 4.14e-10 s                 ; No                        ; Yes                       ;
; sec1[3]       ; 2.5 V        ; 0 s                 ; 0 s                 ; 2.62 V                       ; 2.7e-08 V                    ; 2.71 V              ; -0.0354 V           ; 0.148 V                              ; 0.064 V                              ; 4.51e-10 s                  ; 4.14e-10 s                  ; No                         ; Yes                        ; 2.62 V                      ; 2.7e-08 V                   ; 2.71 V             ; -0.0354 V          ; 0.148 V                             ; 0.064 V                             ; 4.51e-10 s                 ; 4.14e-10 s                 ; No                        ; Yes                       ;
; min0[0]       ; 2.5 V        ; 0 s                 ; 0 s                 ; 2.62 V                       ; 2.7e-08 V                    ; 2.72 V              ; -0.0401 V           ; 0.163 V                              ; 0.091 V                              ; 2.71e-10 s                  ; 2.61e-10 s                  ; Yes                        ; Yes                        ; 2.62 V                      ; 2.7e-08 V                   ; 2.72 V             ; -0.0401 V          ; 0.163 V                             ; 0.091 V                             ; 2.71e-10 s                 ; 2.61e-10 s                 ; Yes                       ; Yes                       ;
; min0[1]       ; 2.5 V        ; 0 s                 ; 0 s                 ; 2.62 V                       ; 2.7e-08 V                    ; 2.71 V              ; -0.0354 V           ; 0.148 V                              ; 0.064 V                              ; 4.51e-10 s                  ; 4.14e-10 s                  ; No                         ; Yes                        ; 2.62 V                      ; 2.7e-08 V                   ; 2.71 V             ; -0.0354 V          ; 0.148 V                             ; 0.064 V                             ; 4.51e-10 s                 ; 4.14e-10 s                 ; No                        ; Yes                       ;
; min0[2]       ; 2.5 V        ; 0 s                 ; 0 s                 ; 2.62 V                       ; 2.7e-08 V                    ; 2.72 V              ; -0.0401 V           ; 0.163 V                              ; 0.091 V                              ; 2.71e-10 s                  ; 2.61e-10 s                  ; Yes                        ; Yes                        ; 2.62 V                      ; 2.7e-08 V                   ; 2.72 V             ; -0.0401 V          ; 0.163 V                             ; 0.091 V                             ; 2.71e-10 s                 ; 2.61e-10 s                 ; Yes                       ; Yes                       ;
; min0[3]       ; 2.5 V        ; 0 s                 ; 0 s                 ; 2.62 V                       ; 2.7e-08 V                    ; 2.71 V              ; -0.0354 V           ; 0.148 V                              ; 0.064 V                              ; 4.51e-10 s                  ; 4.14e-10 s                  ; No                         ; Yes                        ; 2.62 V                      ; 2.7e-08 V                   ; 2.71 V             ; -0.0354 V          ; 0.148 V                             ; 0.064 V                             ; 4.51e-10 s                 ; 4.14e-10 s                 ; No                        ; Yes                       ;
; min1[0]       ; 2.5 V        ; 0 s                 ; 0 s                 ; 2.62 V                       ; 2.7e-08 V                    ; 2.71 V              ; -0.0354 V           ; 0.148 V                              ; 0.064 V                              ; 4.51e-10 s                  ; 4.14e-10 s                  ; No                         ; Yes                        ; 2.62 V                      ; 2.7e-08 V                   ; 2.71 V             ; -0.0354 V          ; 0.148 V                             ; 0.064 V                             ; 4.51e-10 s                 ; 4.14e-10 s                 ; No                        ; Yes                       ;
; min1[1]       ; 2.5 V        ; 0 s                 ; 0 s                 ; 2.62 V                       ; 2.7e-08 V                    ; 2.72 V              ; -0.0401 V           ; 0.163 V                              ; 0.091 V                              ; 2.71e-10 s                  ; 2.61e-10 s                  ; Yes                        ; Yes                        ; 2.62 V                      ; 2.7e-08 V                   ; 2.72 V             ; -0.0401 V          ; 0.163 V                             ; 0.091 V                             ; 2.71e-10 s                 ; 2.61e-10 s                 ; Yes                       ; Yes                       ;
; min1[2]       ; 2.5 V        ; 0 s                 ; 0 s                 ; 2.62 V                       ; 2.7e-08 V                    ; 2.71 V              ; -0.0354 V           ; 0.148 V                              ; 0.064 V                              ; 4.51e-10 s                  ; 4.14e-10 s                  ; No                         ; Yes                        ; 2.62 V                      ; 2.7e-08 V                   ; 2.71 V             ; -0.0354 V          ; 0.148 V                             ; 0.064 V                             ; 4.51e-10 s                 ; 4.14e-10 s                 ; No                        ; Yes                       ;
; min1[3]       ; 2.5 V        ; 0 s                 ; 0 s                 ; 2.62 V                       ; 4.02e-08 V                   ; 2.71 V              ; -0.0354 V           ; 0.174 V                              ; 0.098 V                              ; 2.73e-10 s                  ; 2.69e-10 s                  ; Yes                        ; Yes                        ; 2.62 V                      ; 4.02e-08 V                  ; 2.71 V             ; -0.0354 V          ; 0.174 V                             ; 0.098 V                             ; 2.73e-10 s                 ; 2.69e-10 s                 ; Yes                       ; Yes                       ;
; hour0[0]      ; 2.5 V        ; 0 s                 ; 0 s                 ; 2.62 V                       ; 4.02e-08 V                   ; 2.71 V              ; -0.0354 V           ; 0.174 V                              ; 0.098 V                              ; 2.73e-10 s                  ; 2.69e-10 s                  ; Yes                        ; Yes                        ; 2.62 V                      ; 4.02e-08 V                  ; 2.71 V             ; -0.0354 V          ; 0.174 V                             ; 0.098 V                             ; 2.73e-10 s                 ; 2.69e-10 s                 ; Yes                       ; Yes                       ;
; hour0[1]      ; 2.5 V        ; 0 s                 ; 0 s                 ; 2.62 V                       ; 4.02e-08 V                   ; 2.71 V              ; -0.0354 V           ; 0.174 V                              ; 0.098 V                              ; 2.73e-10 s                  ; 2.69e-10 s                  ; Yes                        ; Yes                        ; 2.62 V                      ; 4.02e-08 V                  ; 2.71 V             ; -0.0354 V          ; 0.174 V                             ; 0.098 V                             ; 2.73e-10 s                 ; 2.69e-10 s                 ; Yes                       ; Yes                       ;
; hour0[2]      ; 2.5 V        ; 0 s                 ; 0 s                 ; 2.62 V                       ; 4.02e-08 V                   ; 2.71 V              ; -0.0354 V           ; 0.174 V                              ; 0.098 V                              ; 2.73e-10 s                  ; 2.69e-10 s                  ; Yes                        ; Yes                        ; 2.62 V                      ; 4.02e-08 V                  ; 2.71 V             ; -0.0354 V          ; 0.174 V                             ; 0.098 V                             ; 2.73e-10 s                 ; 2.69e-10 s                 ; Yes                       ; Yes                       ;
; hour0[3]      ; 2.5 V        ; 0 s                 ; 0 s                 ; 2.62 V                       ; 2.7e-08 V                    ; 2.72 V              ; -0.0401 V           ; 0.163 V                              ; 0.091 V                              ; 2.71e-10 s                  ; 2.61e-10 s                  ; Yes                        ; Yes                        ; 2.62 V                      ; 2.7e-08 V                   ; 2.72 V             ; -0.0401 V          ; 0.163 V                             ; 0.091 V                             ; 2.71e-10 s                 ; 2.61e-10 s                 ; Yes                       ; Yes                       ;
; hour1[0]      ; 2.5 V        ; 0 s                 ; 0 s                 ; 2.62 V                       ; 4.02e-08 V                   ; 2.71 V              ; -0.0354 V           ; 0.174 V                              ; 0.098 V                              ; 2.73e-10 s                  ; 2.69e-10 s                  ; Yes                        ; Yes                        ; 2.62 V                      ; 4.02e-08 V                  ; 2.71 V             ; -0.0354 V          ; 0.174 V                             ; 0.098 V                             ; 2.73e-10 s                 ; 2.69e-10 s                 ; Yes                       ; Yes                       ;
; hour1[1]      ; 2.5 V        ; 0 s                 ; 0 s                 ; 2.62 V                       ; 2.7e-08 V                    ; 2.64 V              ; -0.0118 V           ; 0.201 V                              ; 0.175 V                              ; 2.38e-09 s                  ; 2.21e-09 s                  ; No                         ; Yes                        ; 2.62 V                      ; 2.7e-08 V                   ; 2.64 V             ; -0.0118 V          ; 0.201 V                             ; 0.175 V                             ; 2.38e-09 s                 ; 2.21e-09 s                 ; No                        ; Yes                       ;
; hour1[2]      ; 2.5 V        ; 0 s                 ; 0 s                 ; 2.62 V                       ; 2.7e-08 V                    ; 2.71 V              ; -0.0354 V           ; 0.148 V                              ; 0.064 V                              ; 4.51e-10 s                  ; 4.14e-10 s                  ; No                         ; Yes                        ; 2.62 V                      ; 2.7e-08 V                   ; 2.71 V             ; -0.0354 V          ; 0.148 V                             ; 0.064 V                             ; 4.51e-10 s                 ; 4.14e-10 s                 ; No                        ; Yes                       ;
; hour1[3]      ; 2.5 V        ; 0 s                 ; 0 s                 ; 2.62 V                       ; 4.02e-08 V                   ; 2.71 V              ; -0.0354 V           ; 0.174 V                              ; 0.098 V                              ; 2.73e-10 s                  ; 2.69e-10 s                  ; Yes                        ; Yes                        ; 2.62 V                      ; 4.02e-08 V                  ; 2.71 V             ; -0.0354 V          ; 0.174 V                             ; 0.098 V                             ; 2.73e-10 s                 ; 2.69e-10 s                 ; Yes                       ; Yes                       ;
; speak         ; 2.5 V        ; 0 s                 ; 0 s                 ; 2.62 V                       ; 2.7e-08 V                    ; 2.71 V              ; -0.0354 V           ; 0.148 V                              ; 0.064 V                              ; 4.51e-10 s                  ; 4.14e-10 s                  ; No                         ; Yes                        ; 2.62 V                      ; 2.7e-08 V                   ; 2.71 V             ; -0.0354 V          ; 0.148 V                             ; 0.064 V                             ; 4.51e-10 s                 ; 4.14e-10 s                 ; No                        ; Yes                       ;
; ~ALTERA_DCLK~ ; 2.5 V        ; 0 s                 ; 0 s                 ; 2.62 V                       ; 2.2e-08 V                    ; 2.74 V              ; -0.061 V            ; 0.159 V                              ; 0.078 V                              ; 2.7e-10 s                   ; 2.2e-10 s                   ; No                         ; Yes                        ; 2.62 V                      ; 2.2e-08 V                   ; 2.74 V             ; -0.061 V           ; 0.159 V                             ; 0.078 V                             ; 2.7e-10 s                  ; 2.2e-10 s                  ; No                        ; Yes                       ;
; ~ALTERA_nCEO~ ; 2.5 V        ; 0 s                 ; 0 s                 ; 2.62 V                       ; 3.52e-08 V                   ; 2.7 V               ; -0.0121 V           ; 0.274 V                              ; 0.034 V                              ; 3.18e-10 s                  ; 4.96e-10 s                  ; No                         ; Yes                        ; 2.62 V                      ; 3.52e-08 V                  ; 2.7 V              ; -0.0121 V          ; 0.274 V                             ; 0.034 V                             ; 3.18e-10 s                 ; 4.96e-10 s                 ; No                        ; Yes                       ;
+---------------+--------------+---------------------+---------------------+------------------------------+------------------------------+---------------------+---------------------+--------------------------------------+--------------------------------------+-----------------------------+-----------------------------+----------------------------+----------------------------+-----------------------------+-----------------------------+--------------------+--------------------+-------------------------------------+-------------------------------------+----------------------------+----------------------------+---------------------------+---------------------------+


+-------------------------------------------------------------------------------+
; Setup Transfers                                                               ;
+-----------------+-----------------+----------+----------+----------+----------+
; From Clock      ; To Clock        ; RR Paths ; FR Paths ; RF Paths ; FF Paths ;
+-----------------+-----------------+----------+----------+----------+----------+
; clk             ; clk             ; 7        ; 0        ; 0        ; 0        ;
; diver:U1|m_clk0 ; clk             ; 1        ; 1        ; 0        ; 0        ;
; diver:U1|m_clk1 ; clk             ; 1        ; 1        ; 0        ; 0        ;
; diver:U1|m_clk0 ; diver:U1|m_clk0 ; 0        ; 0        ; 0        ; 41       ;
; clk             ; diver:U1|m_clk1 ; 0        ; 0        ; 24       ; 0        ;
; diver:U1|m_clk1 ; diver:U1|m_clk1 ; 0        ; 0        ; 0        ; 207      ;
+-----------------+-----------------+----------+----------+----------+----------+
Entries labeled "false path" only account for clock-to-clock false paths and not path-based false paths. As a result, actual path counts may be lower than reported.


+-------------------------------------------------------------------------------+
; Hold Transfers                                                                ;
+-----------------+-----------------+----------+----------+----------+----------+
; From Clock      ; To Clock        ; RR Paths ; FR Paths ; RF Paths ; FF Paths ;
+-----------------+-----------------+----------+----------+----------+----------+
; clk             ; clk             ; 7        ; 0        ; 0        ; 0        ;
; diver:U1|m_clk0 ; clk             ; 1        ; 1        ; 0        ; 0        ;
; diver:U1|m_clk1 ; clk             ; 1        ; 1        ; 0        ; 0        ;
; diver:U1|m_clk0 ; diver:U1|m_clk0 ; 0        ; 0        ; 0        ; 41       ;
; clk             ; diver:U1|m_clk1 ; 0        ; 0        ; 24       ; 0        ;
; diver:U1|m_clk1 ; diver:U1|m_clk1 ; 0        ; 0        ; 0        ; 207      ;
+-----------------+-----------------+----------+----------+----------+----------+
Entries labeled "false path" only account for clock-to-clock false paths and not path-based false paths. As a result, actual path counts may be lower than reported.


+--------------------------------------------------------------------------+
; Recovery Transfers                                                       ;
+------------+-----------------+----------+----------+----------+----------+
; From Clock ; To Clock        ; RR Paths ; FR Paths ; RF Paths ; FF Paths ;
+------------+-----------------+----------+----------+----------+----------+
; clk        ; diver:U1|m_clk0 ; 0        ; 0        ; 8        ; 0        ;
+------------+-----------------+----------+----------+----------+----------+
Entries labeled "false path" only account for clock-to-clock false paths and not path-based false paths. As a result, actual path counts may be lower than reported.


+--------------------------------------------------------------------------+
; Removal Transfers                                                        ;
+------------+-----------------+----------+----------+----------+----------+
; From Clock ; To Clock        ; RR Paths ; FR Paths ; RF Paths ; FF Paths ;
+------------+-----------------+----------+----------+----------+----------+
; clk        ; diver:U1|m_clk0 ; 0        ; 0        ; 8        ; 0        ;
+------------+-----------------+----------+----------+----------+----------+
Entries labeled "false path" only account for clock-to-clock false paths and not path-based false paths. As a result, actual path counts may be lower than reported.


---------------
; Report TCCS ;
---------------
No dedicated SERDES Transmitter circuitry present in device or used in design


---------------
; Report RSKM ;
---------------
No non-DPA dedicated SERDES Receiver circuitry present in device or used in design


+------------------------------------------------+
; Unconstrained Paths                            ;
+---------------------------------+-------+------+
; Property                        ; Setup ; Hold ;
+---------------------------------+-------+------+
; Illegal Clocks                  ; 0     ; 0    ;
; Unconstrained Clocks            ; 0     ; 0    ;
; Unconstrained Input Ports       ; 4     ; 4    ;
; Unconstrained Input Port Paths  ; 33    ; 33   ;
; Unconstrained Output Ports      ; 25    ; 25   ;
; Unconstrained Output Port Paths ; 121   ; 121  ;
+---------------------------------+-------+------+


+------------------------------------+
; TimeQuest Timing Analyzer Messages ;
+------------------------------------+
Info: *******************************************************************
Info: Running Quartus II 64-Bit TimeQuest Timing Analyzer
    Info: Version 13.1.0 Build 162 10/23/2013 SJ Full Version
    Info: Processing started: Mon Jun 15 21:08:44 2026
Info: Command: quartus_sta clock_top_1 -c clock_top_1
Info: qsta_default_script.tcl version: #1
Info (11104): Parallel Compilation has detected 16 hyper-threaded processors. However, the extra hyper-threaded processors will not be used by default. Parallel Compilation will use 10 of the 10 physical processors detected instead.
Info (21076): High junction temperature operating condition is not set. Assuming a default value of '85'.
Info (21076): Low junction temperature operating condition is not set. Assuming a default value of '0'.
Critical Warning (332012): Synopsys Design Constraints File file not found: 'clock_top_1.sdc'. A Synopsys Design Constraints File is required by the TimeQuest Timing Analyzer to get proper timing constraints. Without it, the Compiler will not properly optimize the design.
Info (332142): No user constrained base clocks found in the design. Calling "derive_clocks -period 1.0"
Info (332105): Deriving Clocks
    Info (332105): create_clock -period 1.000 -name diver:U1|m_clk1 diver:U1|m_clk1
    Info (332105): create_clock -period 1.000 -name clk clk
    Info (332105): create_clock -period 1.000 -name diver:U1|m_clk0 diver:U1|m_clk0
Info (332143): No user constrained clock uncertainty found in the design. Calling "derive_clock_uncertainty"
Info (332123): Deriving Clock Uncertainty. Please refer to report_sdc in TimeQuest to see clock uncertainties.
Info: Found TIMEQUEST_REPORT_SCRIPT_INCLUDE_DEFAULT_ANALYSIS = ON
Info: Analyzing Slow 1200mV 85C Model
Critical Warning (332148): Timing requirements not met
    Info (11105): For recommendations on closing timing, run Report Timing Closure Recommendations in the TimeQuest Timing Analyzer.
Info (332146): Worst-case setup slack is -1.106
    Info (332119):     Slack       End Point TNS Clock 
    Info (332119): ========= =================== =====================
    Info (332119):    -1.106             -20.364 diver:U1|m_clk1 
    Info (332119):    -0.898              -4.149 diver:U1|m_clk0 
    Info (332119):    -0.227              -0.336 clk 
Info (332146): Worst-case hold slack is 0.014
    Info (332119):     Slack       End Point TNS Clock 
    Info (332119): ========= =================== =====================
    Info (332119):     0.014               0.000 clk 
    Info (332119):     0.132               0.000 diver:U1|m_clk1 
    Info (332119):     0.381               0.000 diver:U1|m_clk0 
Info (332146): Worst-case recovery slack is -2.511
    Info (332119):     Slack       End Point TNS Clock 
    Info (332119): ========= =================== =====================
    Info (332119):    -2.511             -19.903 diver:U1|m_clk0 
Info (332146): Worst-case removal slack is 3.015
    Info (332119):     Slack       End Point TNS Clock 
    Info (332119): ========= =================== =====================
    Info (332119):     3.015               0.000 diver:U1|m_clk0 
Info (332146): Worst-case minimum pulse width slack is -3.000
    Info (332119):     Slack       End Point TNS Clock 
    Info (332119): ========= =================== =====================
    Info (332119):    -3.000              -8.000 clk 
    Info (332119):    -1.000             -40.000 diver:U1|m_clk1 
    Info (332119):    -1.000              -8.000 diver:U1|m_clk0 
Info: Analyzing Slow 1200mV 0C Model
Info (334003): Started post-fitting delay annotation
Info (334004): Delay annotation completed successfully
Info (332123): Deriving Clock Uncertainty. Please refer to report_sdc in TimeQuest to see clock uncertainties.
Critical Warning (332148): Timing requirements not met
    Info (11105): For recommendations on closing timing, run Report Timing Closure Recommendations in the TimeQuest Timing Analyzer.
Info (332146): Worst-case setup slack is -0.915
    Info (332119):     Slack       End Point TNS Clock 
    Info (332119): ========= =================== =====================
    Info (332119):    -0.915             -15.177 diver:U1|m_clk1 
    Info (332119):    -0.684              -2.978 diver:U1|m_clk0 
    Info (332119):    -0.096              -0.113 clk 
Info (332146): Worst-case hold slack is 0.006
    Info (332119):     Slack       End Point TNS Clock 
    Info (332119): ========= =================== =====================
    Info (332119):     0.006               0.000 clk 
    Info (332119):     0.311               0.000 diver:U1|m_clk1 
    Info (332119):     0.333               0.000 diver:U1|m_clk0 
Info (332146): Worst-case recovery slack is -2.251
    Info (332119):     Slack       End Point TNS Clock 
    Info (332119): ========= =================== =====================
    Info (332119):    -2.251             -17.953 diver:U1|m_clk0 
Info (332146): Worst-case removal slack is 2.841
    Info (332119):     Slack       End Point TNS Clock 
    Info (332119): ========= =================== =====================
    Info (332119):     2.841               0.000 diver:U1|m_clk0 
Info (332146): Worst-case minimum pulse width slack is -3.000
    Info (332119):     Slack       End Point TNS Clock 
    Info (332119): ========= =================== =====================
    Info (332119):    -3.000              -8.000 clk 
    Info (332119):    -1.000             -40.000 diver:U1|m_clk1 
    Info (332119):    -1.000              -8.000 diver:U1|m_clk0 
Info: Analyzing Fast 1200mV 0C Model
Info (332123): Deriving Clock Uncertainty. Please refer to report_sdc in TimeQuest to see clock uncertainties.
Critical Warning (332148): Timing requirements not met
    Info (11105): For recommendations on closing timing, run Report Timing Closure Recommendations in the TimeQuest Timing Analyzer.
Info (332146): Worst-case setup slack is -0.138
    Info (332119):     Slack       End Point TNS Clock 
    Info (332119): ========= =================== =====================
    Info (332119):    -0.138              -1.015 diver:U1|m_clk1 
    Info (332119):    -0.041              -0.123 diver:U1|m_clk0 
    Info (332119):     0.101               0.000 clk 
Info (332146): Worst-case hold slack is -0.038
    Info (332119):     Slack       End Point TNS Clock 
    Info (332119): ========= =================== =====================
    Info (332119):    -0.038              -0.038 clk 
    Info (332119):     0.074               0.000 diver:U1|m_clk1 
    Info (332119):     0.199               0.000 diver:U1|m_clk0 
Info (332146): Worst-case recovery slack is -1.222
    Info (332119):     Slack       End Point TNS Clock 
    Info (332119): ========= =================== =====================
    Info (332119):    -1.222              -9.706 diver:U1|m_clk0 
Info (332146): Worst-case removal slack is 1.906
    Info (332119):     Slack       End Point TNS Clock 
    Info (332119): ========= =================== =====================
    Info (332119):     1.906               0.000 diver:U1|m_clk0 
Info (332146): Worst-case minimum pulse width slack is -3.000
    Info (332119):     Slack       End Point TNS Clock 
    Info (332119): ========= =================== =====================
    Info (332119):    -3.000              -8.248 clk 
    Info (332119):    -1.000             -40.000 diver:U1|m_clk1 
    Info (332119):    -1.000              -8.000 diver:U1|m_clk0 
Info (332102): Design is not fully constrained for setup requirements
Info (332102): Design is not fully constrained for hold requirements
Info: Quartus II 64-Bit TimeQuest Timing Analyzer was successful. 0 errors, 4 warnings
    Info: Peak virtual memory: 4749 megabytes
    Info: Processing ended: Mon Jun 15 21:08:46 2026
    Info: Elapsed time: 00:00:02
    Info: Total CPU time (on all processors): 00:00:02


