This is XeTeX, Version 3.141592653-2.6-0.999998 (TeX Live 2026) (preloaded format=xelatex 2026.3.14)  16 JUN 2026 21:36
entering extended mode
 restricted \write18 enabled.
 %&-line parsing enabled.
**answers-booklet.tex
(./answers-booklet.tex
LaTeX2e <2025-11-01>
L3 programming layer <2026-01-19>
(d:/texlive/2026/texmf-dist/tex/latex/ctex/ctexbook.cls
(d:/texlive/2026/texmf-dist/tex/latex/ctex/config/ctexbackend.cfg
File: ctexbackend.cfg 2022/07/14 v2.5.10 Backend configuration file (CTEX)
)
(d:/texlive/2026/texmf-dist/tex/latex/l3kernel/expl3.sty
Package: expl3 2026-01-19 L3 programming layer (loader) 

(d:/texlive/2026/texmf-dist/tex/latex/l3backend/l3backend-xetex.def
File: l3backend-xetex.def 2025-10-09 L3 backend support: XeTeX
\g__graphics_track_int=\count271
\g__pdfannot_backend_int=\count272
\g__pdfannot_backend_link_int=\count273
))
Document Class: ctexbook 2022/07/14 v2.5.10 Chinese adapter for class book (CTE
X)
(d:/texlive/2026/texmf-dist/tex/latex/ctex/ctexhook.sty
Package: ctexhook 2022/07/14 v2.5.10 Document and package hooks (CTEX)
)
(d:/texlive/2026/texmf-dist/tex/latex/ctex/ctexpatch.sty
Package: ctexpatch 2022/07/14 v2.5.10 Patching commands (CTEX)
)
(d:/texlive/2026/texmf-dist/tex/latex/base/fix-cm.sty
Package: fix-cm 2020/11/24 v1.1t fixes to LaTeX

(d:/texlive/2026/texmf-dist/tex/latex/base/ts1enc.def
File: ts1enc.def 2001/06/05 v3.0e (jk/car/fm) Standard LaTeX file
LaTeX Font Info:    Redeclaring font encoding TS1 on input line 47.
LaTeX Encoding Info:    Redeclaring text command \capitalcedilla (encoding TS1)
 on input line 49.
LaTeX Encoding Info:    Redeclaring text command \capitalogonek (encoding TS1) 
on input line 52.
LaTeX Encoding Info:    Redeclaring text command \capitalgrave (encoding TS1) o
n input line 55.
LaTeX Encoding Info:    Redeclaring text command \capitalacute (encoding TS1) o
n input line 56.
LaTeX Encoding Info:    Redeclaring text command \capitalcircumflex (encoding T
S1) on input line 57.
LaTeX Encoding Info:    Redeclaring text command \capitaltilde (encoding TS1) o
n input line 58.
LaTeX Encoding Info:    Redeclaring text command \capitaldieresis (encoding TS1
) on input line 59.
LaTeX Encoding Info:    Redeclaring text command \capitalhungarumlaut (encoding
 TS1) on input line 60.
LaTeX Encoding Info:    Redeclaring text command \capitalring (encoding TS1) on
 input line 61.
LaTeX Encoding Info:    Redeclaring text command \capitalcaron (encoding TS1) o
n input line 62.
LaTeX Encoding Info:    Redeclaring text command \capitalbreve (encoding TS1) o
n input line 63.
LaTeX Encoding Info:    Redeclaring text command \capitalmacron (encoding TS1) 
on input line 64.
LaTeX Encoding Info:    Redeclaring text command \capitaldotaccent (encoding TS
1) on input line 65.
LaTeX Encoding Info:    Redeclaring text command \t (encoding TS1) on input lin
e 66.
LaTeX Encoding Info:    Redeclaring text command \capitaltie (encoding TS1) on 
input line 67.
LaTeX Encoding Info:    Redeclaring text command \newtie (encoding TS1) on inpu
t line 68.
LaTeX Encoding Info:    Redeclaring text command \capitalnewtie (encoding TS1) 
on input line 69.
LaTeX Encoding Info:    Redeclaring text symbol \textcapitalcompwordmark (encod
ing TS1) on input line 70.
LaTeX Encoding Info:    Redeclaring text symbol \textascendercompwordmark (enco
ding TS1) on input line 71.
LaTeX Encoding Info:    Redeclaring text symbol \textquotestraightbase (encodin
g TS1) on input line 72.
LaTeX Encoding Info:    Redeclaring text symbol \textquotestraightdblbase (enco
ding TS1) on input line 73.
LaTeX Encoding Info:    Redeclaring text symbol \texttwelveudash (encoding TS1)
 on input line 74.
LaTeX Encoding Info:    Redeclaring text symbol \textthreequartersemdash (encod
ing TS1) on input line 75.
LaTeX Encoding Info:    Redeclaring text symbol \textleftarrow (encoding TS1) o
n input line 76.
LaTeX Encoding Info:    Redeclaring text symbol \textrightarrow (encoding TS1) 
on input line 77.
LaTeX Encoding Info:    Redeclaring text symbol \textblank (encoding TS1) on in
put line 78.
LaTeX Encoding Info:    Redeclaring text symbol \textdollar (encoding TS1) on i
nput line 79.
LaTeX Encoding Info:    Redeclaring text symbol \textquotesingle (encoding TS1)
 on input line 80.
LaTeX Encoding Info:    Redeclaring text command \textasteriskcentered (encodin
g TS1) on input line 81.
LaTeX Encoding Info:    Redeclaring text symbol \textdblhyphen (encoding TS1) o
n input line 92.
LaTeX Encoding Info:    Redeclaring text symbol \textfractionsolidus (encoding 
TS1) on input line 93.
LaTeX Encoding Info:    Redeclaring text symbol \textzerooldstyle (encoding TS1
) on input line 94.
LaTeX Encoding Info:    Redeclaring text symbol \textoneoldstyle (encoding TS1)
 on input line 95.
LaTeX Encoding Info:    Redeclaring text symbol \texttwooldstyle (encoding TS1)
 on input line 96.
LaTeX Encoding Info:    Redeclaring text symbol \textthreeoldstyle (encoding TS
1) on input line 97.
LaTeX Encoding Info:    Redeclaring text symbol \textfouroldstyle (encoding TS1
) on input line 98.
LaTeX Encoding Info:    Redeclaring text symbol \textfiveoldstyle (encoding TS1
) on input line 99.
LaTeX Encoding Info:    Redeclaring text symbol \textsixoldstyle (encoding TS1)
 on input line 100.
LaTeX Encoding Info:    Redeclaring text symbol \textsevenoldstyle (encoding TS
1) on input line 101.
LaTeX Encoding Info:    Redeclaring text symbol \texteightoldstyle (encoding TS
1) on input line 102.
LaTeX Encoding Info:    Redeclaring text symbol \textnineoldstyle (encoding TS1
) on input line 103.
LaTeX Encoding Info:    Redeclaring text symbol \textlangle (encoding TS1) on i
nput line 104.
LaTeX Encoding Info:    Redeclaring text symbol \textminus (encoding TS1) on in
put line 105.
LaTeX Encoding Info:    Redeclaring text symbol \textrangle (encoding TS1) on i
nput line 106.
LaTeX Encoding Info:    Redeclaring text symbol \textmho (encoding TS1) on inpu
t line 107.
LaTeX Encoding Info:    Redeclaring text symbol \textbigcircle (encoding TS1) o
n input line 108.
LaTeX Encoding Info:    Redeclaring text command \textcircled (encoding TS1) on
 input line 109.
LaTeX Encoding Info:    Redeclaring text symbol \textohm (encoding TS1) on inpu
t line 115.
LaTeX Encoding Info:    Redeclaring text symbol \textlbrackdbl (encoding TS1) o
n input line 116.
LaTeX Encoding Info:    Redeclaring text symbol \textrbrackdbl (encoding TS1) o
n input line 117.
LaTeX Encoding Info:    Redeclaring text symbol \textuparrow (encoding TS1) on 
input line 118.
LaTeX Encoding Info:    Redeclaring text symbol \textdownarrow (encoding TS1) o
n input line 119.
LaTeX Encoding Info:    Redeclaring text symbol \textasciigrave (encoding TS1) 
on input line 120.
LaTeX Encoding Info:    Redeclaring text symbol \textborn (encoding TS1) on inp
ut line 121.
LaTeX Encoding Info:    Redeclaring text symbol \textdivorced (encoding TS1) on
 input line 122.
LaTeX Encoding Info:    Redeclaring text symbol \textdied (encoding TS1) on inp
ut line 123.
LaTeX Encoding Info:    Redeclaring text symbol \textleaf (encoding TS1) on inp
ut line 124.
LaTeX Encoding Info:    Redeclaring text symbol \textmarried (encoding TS1) on 
input line 125.
LaTeX Encoding Info:    Redeclaring text symbol \textmusicalnote (encoding TS1)
 on input line 126.
LaTeX Encoding Info:    Redeclaring text symbol \texttildelow (encoding TS1) on
 input line 127.
LaTeX Encoding Info:    Redeclaring text symbol \textdblhyphenchar (encoding TS
1) on input line 128.
LaTeX Encoding Info:    Redeclaring text symbol \textasciibreve (encoding TS1) 
on input line 129.
LaTeX Encoding Info:    Redeclaring text symbol \textasciicaron (encoding TS1) 
on input line 130.
LaTeX Encoding Info:    Redeclaring text symbol \textacutedbl (encoding TS1) on
 input line 131.
LaTeX Encoding Info:    Redeclaring text symbol \textgravedbl (encoding TS1) on
 input line 132.
LaTeX Encoding Info:    Redeclaring text symbol \textdagger (encoding TS1) on i
nput line 133.
LaTeX Encoding Info:    Redeclaring text symbol \textdaggerdbl (encoding TS1) o
n input line 134.
LaTeX Encoding Info:    Redeclaring text symbol \textbardbl (encoding TS1) on i
nput line 135.
LaTeX Encoding Info:    Redeclaring text symbol \textperthousand (encoding TS1)
 on input line 136.
LaTeX Encoding Info:    Redeclaring text symbol \textbullet (encoding TS1) on i
nput line 137.
LaTeX Encoding Info:    Redeclaring text symbol \textcelsius (encoding TS1) on 
input line 138.
LaTeX Encoding Info:    Redeclaring text symbol \textdollaroldstyle (encoding T
S1) on input line 139.
LaTeX Encoding Info:    Redeclaring text symbol \textcentoldstyle (encoding TS1
) on input line 140.
LaTeX Encoding Info:    Redeclaring text symbol \textflorin (encoding TS1) on i
nput line 141.
LaTeX Encoding Info:    Redeclaring text symbol \textcolonmonetary (encoding TS
1) on input line 142.
LaTeX Encoding Info:    Redeclaring text symbol \textwon (encoding TS1) on inpu
t line 143.
LaTeX Encoding Info:    Redeclaring text symbol \textnaira (encoding TS1) on in
put line 144.
LaTeX Encoding Info:    Redeclaring text symbol \textguarani (encoding TS1) on 
input line 145.
LaTeX Encoding Info:    Redeclaring text symbol \textpeso (encoding TS1) on inp
ut line 146.
LaTeX Encoding Info:    Redeclaring text symbol \textlira (encoding TS1) on inp
ut line 147.
LaTeX Encoding Info:    Redeclaring text symbol \textrecipe (encoding TS1) on i
nput line 148.
LaTeX Encoding Info:    Redeclaring text symbol \textinterrobang (encoding TS1)
 on input line 149.
LaTeX Encoding Info:    Redeclaring text symbol \textinterrobangdown (encoding 
TS1) on input line 150.
LaTeX Encoding Info:    Redeclaring text symbol \textdong (encoding TS1) on inp
ut line 151.
LaTeX Encoding Info:    Redeclaring text symbol \texttrademark (encoding TS1) o
n input line 152.
LaTeX Encoding Info:    Redeclaring text symbol \textpertenthousand (encoding T
S1) on input line 153.
LaTeX Encoding Info:    Redeclaring text symbol \textpilcrow (encoding TS1) on 
input line 154.
LaTeX Encoding Info:    Redeclaring text symbol \textbaht (encoding TS1) on inp
ut line 155.
LaTeX Encoding Info:    Redeclaring text symbol \textnumero (encoding TS1) on i
nput line 156.
LaTeX Encoding Info:    Redeclaring text symbol \textdiscount (encoding TS1) on
 input line 157.
LaTeX Encoding Info:    Redeclaring text symbol \textestimated (encoding TS1) o
n input line 158.
LaTeX Encoding Info:    Redeclaring text symbol \textopenbullet (encoding TS1) 
on input line 159.
LaTeX Encoding Info:    Redeclaring text symbol \textservicemark (encoding TS1)
 on input line 160.
LaTeX Encoding Info:    Redeclaring text symbol \textlquill (encoding TS1) on i
nput line 161.
LaTeX Encoding Info:    Redeclaring text symbol \textrquill (encoding TS1) on i
nput line 162.
LaTeX Encoding Info:    Redeclaring text symbol \textcent (encoding TS1) on inp
ut line 163.
LaTeX Encoding Info:    Redeclaring text symbol \textsterling (encoding TS1) on
 input line 164.
LaTeX Encoding Info:    Redeclaring text symbol \textcurrency (encoding TS1) on
 input line 165.
LaTeX Encoding Info:    Redeclaring text symbol \textyen (encoding TS1) on inpu
t line 166.
LaTeX Encoding Info:    Redeclaring text symbol \textbrokenbar (encoding TS1) o
n input line 167.
LaTeX Encoding Info:    Redeclaring text symbol \textsection (encoding TS1) on 
input line 168.
LaTeX Encoding Info:    Redeclaring text symbol \textasciidieresis (encoding TS
1) on input line 169.
LaTeX Encoding Info:    Redeclaring text symbol \textcopyright (encoding TS1) o
n input line 170.
LaTeX Encoding Info:    Redeclaring text symbol \textordfeminine (encoding TS1)
 on input line 171.
LaTeX Encoding Info:    Redeclaring text symbol \textcopyleft (encoding TS1) on
 input line 172.
LaTeX Encoding Info:    Redeclaring text symbol \textlnot (encoding TS1) on inp
ut line 173.
LaTeX Encoding Info:    Redeclaring text symbol \textcircledP (encoding TS1) on
 input line 174.
LaTeX Encoding Info:    Redeclaring text symbol \textregistered (encoding TS1) 
on input line 175.
LaTeX Encoding Info:    Redeclaring text symbol \textasciimacron (encoding TS1)
 on input line 176.
LaTeX Encoding Info:    Redeclaring text symbol \textdegree (encoding TS1) on i
nput line 177.
LaTeX Encoding Info:    Redeclaring text symbol \textpm (encoding TS1) on input
 line 178.
LaTeX Encoding Info:    Redeclaring text symbol \texttwosuperior (encoding TS1)
 on input line 179.
LaTeX Encoding Info:    Redeclaring text symbol \textthreesuperior (encoding TS
1) on input line 180.
LaTeX Encoding Info:    Redeclaring text symbol \textasciiacute (encoding TS1) 
on input line 181.
LaTeX Encoding Info:    Redeclaring text symbol \textmu (encoding TS1) on input
 line 182.
LaTeX Encoding Info:    Redeclaring text symbol \textparagraph (encoding TS1) o
n input line 183.
LaTeX Encoding Info:    Redeclaring text symbol \textperiodcentered (encoding T
S1) on input line 184.
LaTeX Encoding Info:    Redeclaring text symbol \textreferencemark (encoding TS
1) on input line 185.
LaTeX Encoding Info:    Redeclaring text symbol \textonesuperior (encoding TS1)
 on input line 186.
LaTeX Encoding Info:    Redeclaring text symbol \textordmasculine (encoding TS1
) on input line 187.
LaTeX Encoding Info:    Redeclaring text symbol \textsurd (encoding TS1) on inp
ut line 188.
LaTeX Encoding Info:    Redeclaring text symbol \textonequarter (encoding TS1) 
on input line 189.
LaTeX Encoding Info:    Redeclaring text symbol \textonehalf (encoding TS1) on 
input line 190.
LaTeX Encoding Info:    Redeclaring text symbol \textthreequarters (encoding TS
1) on input line 191.
LaTeX Encoding Info:    Redeclaring text symbol \texteuro (encoding TS1) on inp
ut line 192.
LaTeX Encoding Info:    Redeclaring text symbol \texttimes (encoding TS1) on in
put line 193.
LaTeX Encoding Info:    Redeclaring text symbol \textdiv (encoding TS1) on inpu
t line 194.
))
\l__ctex_tmp_int=\count274
\l__ctex_tmp_box=\box53
\l__ctex_tmp_dim=\dimen148
\g__ctex_section_depth_int=\count275
\g__ctex_font_size_int=\count276

(d:/texlive/2026/texmf-dist/tex/latex/ctex/config/ctexopts.cfg
File: ctexopts.cfg 2022/07/14 v2.5.10 Option configuration file (CTEX)
)
(d:/texlive/2026/texmf-dist/tex/latex/base/book.cls
Document Class: book 2025/01/22 v1.4n Standard LaTeX document class
(d:/texlive/2026/texmf-dist/tex/latex/base/bk12.clo
File: bk12.clo 2025/01/22 v1.4n Standard LaTeX file (size option)
)
\c@part=\count277
\c@chapter=\count278
\c@section=\count279
\c@subsection=\count280
\c@subsubsection=\count281
\c@paragraph=\count282
\c@subparagraph=\count283
\c@figure=\count284
\c@table=\count285
\abovecaptionskip=\skip49
\belowcaptionskip=\skip50
\bibindent=\dimen149
)
(d:/texlive/2026/texmf-dist/tex/latex/ctex/engine/ctex-engine-xetex.def
File: ctex-engine-xetex.def 2022/07/14 v2.5.10 XeLaTeX adapter (CTEX)

(d:/texlive/2026/texmf-dist/tex/xelatex/xecjk/xeCJK.sty
Package: xeCJK 2022/08/05 v3.9.1 Typesetting CJK scripts with XeLaTeX

(d:/texlive/2026/texmf-dist/tex/latex/l3packages/xtemplate/xtemplate.sty
Package: xtemplate 2025-10-09 L3 Experimental prototype document functions
)
\l__xeCJK_tmp_int=\count286
\l__xeCJK_tmp_box=\box54
\l__xeCJK_tmp_dim=\dimen150
\l__xeCJK_tmp_skip=\skip51
\g__xeCJK_space_factor_int=\count287
\l__xeCJK_begin_int=\count288
\l__xeCJK_end_int=\count289
\c__xeCJK_CJK_class_int=\XeTeXcharclass1
\c__xeCJK_FullLeft_class_int=\XeTeXcharclass2
\c__xeCJK_FullRight_class_int=\XeTeXcharclass3
\c__xeCJK_HalfLeft_class_int=\XeTeXcharclass4
\c__xeCJK_HalfRight_class_int=\XeTeXcharclass5
\c__xeCJK_NormalSpace_class_int=\XeTeXcharclass6
\c__xeCJK_CM_class_int=\XeTeXcharclass7
\c__xeCJK_HangulJamo_class_int=\XeTeXcharclass8
\l__xeCJK_last_skip=\skip52
\c__xeCJK_none_node=\count290
\g__xeCJK_node_int=\count291
\c__xeCJK_CJK_node_dim=\dimen151
\c__xeCJK_CJK-space_node_dim=\dimen152
\c__xeCJK_default_node_dim=\dimen153
\c__xeCJK_CJK-widow_node_dim=\dimen154
\c__xeCJK_normalspace_node_dim=\dimen155
\c__xeCJK_default-space_node_skip=\skip53
\l__xeCJK_ccglue_skip=\skip54
\l__xeCJK_ecglue_skip=\skip55
\l__xeCJK_punct_kern_skip=\skip56
\l__xeCJK_indent_box=\box55
\l__xeCJK_last_penalty_int=\count292
\l__xeCJK_last_bound_dim=\dimen156
\l__xeCJK_last_kern_dim=\dimen157
\l__xeCJK_widow_penalty_int=\count293

LaTeX template Info: Declaring template type 'xeCJK/punctuation' taking 0
(template)           argument(s) on line 2396.

\l__xeCJK_fixed_punct_width_dim=\dimen158
\l__xeCJK_mixed_punct_width_dim=\dimen159
\l__xeCJK_middle_punct_width_dim=\dimen160
\l__xeCJK_fixed_margin_width_dim=\dimen161
\l__xeCJK_mixed_margin_width_dim=\dimen162
\l__xeCJK_middle_margin_width_dim=\dimen163
\l__xeCJK_bound_punct_width_dim=\dimen164
\l__xeCJK_bound_margin_width_dim=\dimen165
\l__xeCJK_margin_minimum_dim=\dimen166
\l__xeCJK_kerning_total_width_dim=\dimen167
\l__xeCJK_same_align_margin_dim=\dimen168
\l__xeCJK_different_align_margin_dim=\dimen169
\l__xeCJK_kerning_margin_width_dim=\dimen170
\l__xeCJK_kerning_margin_minimum_dim=\dimen171
\l__xeCJK_bound_dim=\dimen172
\l__xeCJK_reverse_bound_dim=\dimen173
\l__xeCJK_margin_dim=\dimen174
\l__xeCJK_minimum_bound_dim=\dimen175
\l__xeCJK_kerning_margin_dim=\dimen176
\g__xeCJK_family_int=\count294
\l__xeCJK_fam_int=\count295
\g__xeCJK_fam_allocation_int=\count296
\l__xeCJK_verb_case_int=\count297
\l__xeCJK_verb_exspace_skip=\skip57

(d:/texlive/2026/texmf-dist/tex/latex/fontspec/fontspec.sty
(d:/texlive/2026/texmf-dist/tex/latex/l3packages/xparse/xparse.sty
Package: xparse 2025-10-09 L3 Experimental document command parser
)
Package: fontspec 2025/09/29 v2.9g Font selection for XeLaTeX and LuaLaTeX

(d:/texlive/2026/texmf-dist/tex/latex/fontspec/fontspec-xetex.sty
Package: fontspec-xetex 2025/09/29 v2.9g Font selection for XeLaTeX and LuaLaTe
X
\l__fontspec_script_int=\count298
\l__fontspec_language_int=\count299
\l__fontspec_strnum_int=\count300
\l__fontspec_tmp_int=\count301
\l__fontspec_tmpa_int=\count302
\l__fontspec_tmpb_int=\count303
\l__fontspec_tmpc_int=\count304
\l__fontspec_em_int=\count305
\l__fontspec_emdef_int=\count306
\l__fontspec_strong_int=\count307
\l__fontspec_strongdef_int=\count308
\l__fontspec_tmpa_dim=\dimen177
\l__fontspec_tmpb_dim=\dimen178
\l__fontspec_tmpc_dim=\dimen179

(d:/texlive/2026/texmf-dist/tex/latex/base/fontenc.sty
Package: fontenc 2025/07/18 v2.1d Standard LaTeX package
)
(d:/texlive/2026/texmf-dist/tex/latex/fontspec/fontspec.cfg)))
(d:/texlive/2026/texmf-dist/tex/xelatex/xecjk/xeCJK.cfg
File: xeCJK.cfg 2022/08/05 v3.9.1 Configuration file for xeCJK package
))
\ccwd=\dimen180
\l__ctex_ccglue_skip=\skip58
)
\l__ctex_ziju_dim=\dimen181

(d:/texlive/2026/texmf-dist/tex/latex/zhnumber/zhnumber.sty
Package: zhnumber 2022/07/14 v3.0 Typesetting numbers with Chinese glyphs
\l__zhnum_scale_int=\count309
\l__zhnum_tmp_int=\count310

(d:/texlive/2026/texmf-dist/tex/latex/zhnumber/zhnumber-utf8.cfg
File: zhnumber-utf8.cfg 2022/07/14 v3.0 Chinese numerals with UTF8 encoding
))
\l__ctex_heading_skip=\skip59

(d:/texlive/2026/texmf-dist/tex/latex/ctex/scheme/ctex-scheme-chinese-book.def
File: ctex-scheme-chinese-book.def 2022/07/14 v2.5.10 Chinese scheme for book (
CTEX)

(d:/texlive/2026/texmf-dist/tex/latex/ctex/config/ctex-name-utf8.cfg
File: ctex-name-utf8.cfg 2022/07/14 v2.5.10 Caption with encoding UTF-8 (CTEX)
))
(d:/texlive/2026/texmf-dist/tex/latex/ctex/fontset/ctex-fontset-windows.def
File: ctex-fontset-windows.def 2022/07/14 v2.5.10 Windows fonts definition (CTE
X)

Package fontspec Info: 
(fontspec)             Could not resolve font "KaiTi/B" (it probably doesn't
(fontspec)             exist).


Package fontspec Info: 
(fontspec)             Could not resolve font "SimHei/I" (it probably doesn't
(fontspec)             exist).


Package fontspec Info: 
(fontspec)             Could not resolve font "SimSun/BI" (it probably doesn't
(fontspec)             exist).


Package fontspec Info: 
(fontspec)             Font family 'SimSun(0)' created for font 'SimSun' with
(fontspec)             options
(fontspec)             [Script={CJK},BoldFont={SimHei},ItalicFont={KaiTi}].
(fontspec)              
(fontspec)              This font family consists of the following NFSS
(fontspec)             series/shapes:
(fontspec)              
(fontspec)             - 'normal' (m/n) with NFSS spec.:
(fontspec)             <->"SimSun/OT:script=hani;language=dflt;"
(fontspec)             - 'bold' (b/n) with NFSS spec.:
(fontspec)             <->"SimHei/OT:script=hani;language=dflt;"
(fontspec)             - 'italic' (m/it) with NFSS spec.:
(fontspec)             <->"KaiTi/OT:script=hani;language=dflt;"

))
(d:/texlive/2026/texmf-dist/tex/latex/ctex/config/ctex.cfg
File: ctex.cfg 2022/07/14 v2.5.10 Configuration file (CTEX)
)
(d:/texlive/2026/texmf-dist/tex/latex/amsmath/amsmath.sty
Package: amsmath 2025/07/09 v2.17z AMS math features
\@mathmargin=\skip60

For additional information on amsmath, use the `?' option.
(d:/texlive/2026/texmf-dist/tex/latex/amsmath/amstext.sty
Package: amstext 2024/11/17 v2.01 AMS text

(d:/texlive/2026/texmf-dist/tex/latex/amsmath/amsgen.sty
File: amsgen.sty 1999/11/30 v2.0 generic functions
\@emptytoks=\toks17
\ex@=\dimen182
))
(d:/texlive/2026/texmf-dist/tex/latex/amsmath/amsbsy.sty
Package: amsbsy 1999/11/29 v1.2d Bold Symbols
\pmbraise@=\dimen183
)
(d:/texlive/2026/texmf-dist/tex/latex/amsmath/amsopn.sty
Package: amsopn 2022/04/08 v2.04 operator names
)
\inf@bad=\count311
LaTeX Info: Redefining \frac on input line 233.
\uproot@=\count312
\leftroot@=\count313
LaTeX Info: Redefining \overline on input line 398.
LaTeX Info: Redefining \colon on input line 409.
\classnum@=\count314
\DOTSCASE@=\count315
LaTeX Info: Redefining \ldots on input line 495.
LaTeX Info: Redefining \dots on input line 498.
LaTeX Info: Redefining \cdots on input line 619.
\Mathstrutbox@=\box56
\strutbox@=\box57
LaTeX Info: Redefining \big on input line 721.
LaTeX Info: Redefining \Big on input line 722.
LaTeX Info: Redefining \bigg on input line 723.
LaTeX Info: Redefining \Bigg on input line 724.
\big@size=\dimen184
LaTeX Font Info:    Redeclaring font encoding OML on input line 742.
LaTeX Font Info:    Redeclaring font encoding OMS on input line 743.
\macc@depth=\count316
LaTeX Info: Redefining \bmod on input line 904.
LaTeX Info: Redefining \pmod on input line 909.
LaTeX Info: Redefining \smash on input line 939.
LaTeX Info: Redefining \relbar on input line 969.
LaTeX Info: Redefining \Relbar on input line 970.
\c@MaxMatrixCols=\count317
\dotsspace@=\muskip17
\c@parentequation=\count318
\dspbrk@lvl=\count319
\tag@help=\toks18
\row@=\count320
\column@=\count321
\maxfields@=\count322
\andhelp@=\toks19
\eqnshift@=\dimen185
\alignsep@=\dimen186
\tagshift@=\dimen187
\tagwidth@=\dimen188
\totwidth@=\dimen189
\lineht@=\dimen190
\@envbody=\toks20
\multlinegap=\skip61
\multlinetaggap=\skip62
\mathdisplay@stack=\toks21
LaTeX Info: Redefining \[ on input line 2950.
LaTeX Info: Redefining \] on input line 2951.
)
(d:/texlive/2026/texmf-dist/tex/latex/listings/listings.sty
(d:/texlive/2026/texmf-dist/tex/latex/graphics/keyval.sty
Package: keyval 2022/05/29 v1.15 key=value parser (DPC)
\KV@toks@=\toks22
)
\lst@mode=\count323
\lst@gtempboxa=\box58
\lst@token=\toks23
\lst@length=\count324
\lst@currlwidth=\dimen191
\lst@column=\count325
\lst@pos=\count326
\lst@lostspace=\dimen192
\lst@width=\dimen193
\lst@newlines=\count327
\lst@lineno=\count328
\lst@maxwidth=\dimen194

(d:/texlive/2026/texmf-dist/tex/latex/listings/lstpatch.sty
File: lstpatch.sty 2025/11/14 1.11b (Carsten Heinz)
)
(d:/texlive/2026/texmf-dist/tex/latex/listings/lstmisc.sty
File: lstmisc.sty 2025/11/14 1.11b (Carsten Heinz)
\c@lstnumber=\count329
\lst@skipnumbers=\count330
\lst@framebox=\box59
)
(d:/texlive/2026/texmf-dist/tex/latex/listings/listings.cfg
File: listings.cfg 2025/11/14 1.11b listings configuration
))
Package: listings 2025/11/14 1.11b (Carsten Heinz)

(d:/texlive/2026/texmf-dist/tex/xelatex/xecjk/xeCJK-listings.sty
Package: xeCJK-listings 2022/08/05 v3.9.1 xeCJK patch file for listings
\l__xeCJK_listings_max_char_int=\count331
\l__xeCJK_listings_flag_int=\count332
)
==> First Aid for listings.sty no longer applied!
    Expected:
        2024/09/23 1.10c (Carsten Heinz)
    but found:
        2025/11/14 1.11b (Carsten Heinz)
    so I'm assuming it got fixed.
(d:/texlive/2026/texmf-dist/tex/latex/pgf/frontendlayer/tikz.sty
(d:/texlive/2026/texmf-dist/tex/latex/pgf/basiclayer/pgf.sty
(d:/texlive/2026/texmf-dist/tex/latex/pgf/utilities/pgfrcs.sty
(d:/texlive/2026/texmf-dist/tex/generic/pgf/utilities/pgfutil-common.tex
\pgfutil@everybye=\toks24
\pgfutil@tempdima=\dimen195
\pgfutil@tempdimb=\dimen196
)
(d:/texlive/2026/texmf-dist/tex/generic/pgf/utilities/pgfutil-latex.def
\pgfutil@abb=\box60
)
(d:/texlive/2026/texmf-dist/tex/generic/pgf/utilities/pgfrcs.code.tex
(d:/texlive/2026/texmf-dist/tex/generic/pgf/pgf.revision.tex)
Package: pgfrcs 2025-08-29 v3.1.11a (3.1.11a)
))
Package: pgf 2025-08-29 v3.1.11a (3.1.11a)

(d:/texlive/2026/texmf-dist/tex/latex/pgf/basiclayer/pgfcore.sty
(d:/texlive/2026/texmf-dist/tex/latex/graphics/graphicx.sty
Package: graphicx 2024/12/31 v1.2e Enhanced LaTeX Graphics (DPC,SPQR)

(d:/texlive/2026/texmf-dist/tex/latex/graphics/graphics.sty
Package: graphics 2024/08/06 v1.4g Standard LaTeX Graphics (DPC,SPQR)

(d:/texlive/2026/texmf-dist/tex/latex/graphics/trig.sty
Package: trig 2023/12/02 v1.11 sin cos tan (DPC)
)
(d:/texlive/2026/texmf-dist/tex/latex/graphics-cfg/graphics.cfg
File: graphics.cfg 2016/06/04 v1.11 sample graphics configuration
)
Package graphics Info: Driver file: xetex.def on input line 106.

(d:/texlive/2026/texmf-dist/tex/latex/graphics-def/xetex.def
File: xetex.def 2025/11/01 v5.0p Graphics/color driver for xetex
))
\Gin@req@height=\dimen197
\Gin@req@width=\dimen198
)
(d:/texlive/2026/texmf-dist/tex/latex/pgf/systemlayer/pgfsys.sty
(d:/texlive/2026/texmf-dist/tex/generic/pgf/systemlayer/pgfsys.code.tex
Package: pgfsys 2025-08-29 v3.1.11a (3.1.11a)

(d:/texlive/2026/texmf-dist/tex/generic/pgf/utilities/pgfkeys.code.tex
\pgfkeys@pathtoks=\toks25
\pgfkeys@temptoks=\toks26

(d:/texlive/2026/texmf-dist/tex/generic/pgf/utilities/pgfkeyslibraryfiltered.co
de.tex
\pgfkeys@tmptoks=\toks27
))
\pgf@x=\dimen199
\pgf@y=\dimen256
\pgf@xa=\dimen257
\pgf@ya=\dimen258
\pgf@xb=\dimen259
\pgf@yb=\dimen260
\pgf@xc=\dimen261
\pgf@yc=\dimen262
\pgf@xd=\dimen263
\pgf@yd=\dimen264
\w@pgf@writea=\write3
\r@pgf@reada=\read2
\c@pgf@counta=\count333
\c@pgf@countb=\count334
\c@pgf@countc=\count335
\c@pgf@countd=\count336
\t@pgf@toka=\toks28
\t@pgf@tokb=\toks29
\t@pgf@tokc=\toks30
\pgf@sys@id@count=\count337
 (d:/texlive/2026/texmf-dist/tex/generic/pgf/systemlayer/pgf.cfg
File: pgf.cfg 2025-08-29 v3.1.11a (3.1.11a)
)
Driver file for pgf: pgfsys-xetex.def

(d:/texlive/2026/texmf-dist/tex/generic/pgf/systemlayer/pgfsys-xetex.def
File: pgfsys-xetex.def 2025-08-29 v3.1.11a (3.1.11a)

(d:/texlive/2026/texmf-dist/tex/generic/pgf/systemlayer/pgfsys-dvipdfmx.def
File: pgfsys-dvipdfmx.def 2025-08-29 v3.1.11a (3.1.11a)

(d:/texlive/2026/texmf-dist/tex/generic/pgf/systemlayer/pgfsys-common-pdf.def
File: pgfsys-common-pdf.def 2025-08-29 v3.1.11a (3.1.11a)
)
\pgfsys@objnum=\count338
)))
(d:/texlive/2026/texmf-dist/tex/generic/pgf/systemlayer/pgfsyssoftpath.code.tex
File: pgfsyssoftpath.code.tex 2025-08-29 v3.1.11a (3.1.11a)
\pgfsyssoftpath@smallbuffer@items=\count339
\pgfsyssoftpath@bigbuffer@items=\count340
)
(d:/texlive/2026/texmf-dist/tex/generic/pgf/systemlayer/pgfsysprotocol.code.tex
File: pgfsysprotocol.code.tex 2025-08-29 v3.1.11a (3.1.11a)
)) (d:/texlive/2026/texmf-dist/tex/latex/xcolor/xcolor.sty
Package: xcolor 2024/09/29 v3.02 LaTeX color extensions (UK)

(d:/texlive/2026/texmf-dist/tex/latex/graphics-cfg/color.cfg
File: color.cfg 2016/01/02 v1.6 sample color configuration
)
Package xcolor Info: Driver file: xetex.def on input line 274.

(d:/texlive/2026/texmf-dist/tex/latex/graphics/mathcolor.ltx)
Package xcolor Info: Model `cmy' substituted by `cmy0' on input line 1349.
Package xcolor Info: Model `RGB' extended on input line 1365.
Package xcolor Info: Model `HTML' substituted by `rgb' on input line 1367.
Package xcolor Info: Model `Hsb' substituted by `hsb' on input line 1368.
Package xcolor Info: Model `tHsb' substituted by `hsb' on input line 1369.
Package xcolor Info: Model `HSB' substituted by `hsb' on input line 1370.
Package xcolor Info: Model `Gray' substituted by `gray' on input line 1371.
Package xcolor Info: Model `wave' substituted by `hsb' on input line 1372.
)
(d:/texlive/2026/texmf-dist/tex/generic/pgf/basiclayer/pgfcore.code.tex
Package: pgfcore 2025-08-29 v3.1.11a (3.1.11a)

(d:/texlive/2026/texmf-dist/tex/generic/pgf/math/pgfmath.code.tex
(d:/texlive/2026/texmf-dist/tex/generic/pgf/math/pgfmathutil.code.tex)
(d:/texlive/2026/texmf-dist/tex/generic/pgf/math/pgfmathparser.code.tex
\pgfmath@dimen=\dimen265
\pgfmath@count=\count341
\pgfmath@box=\box61
\pgfmath@toks=\toks31
\pgfmath@stack@operand=\toks32
\pgfmath@stack@operation=\toks33
)
(d:/texlive/2026/texmf-dist/tex/generic/pgf/math/pgfmathfunctions.code.tex)
(d:/texlive/2026/texmf-dist/tex/generic/pgf/math/pgfmathfunctions.basic.code.te
x)
(d:/texlive/2026/texmf-dist/tex/generic/pgf/math/pgfmathfunctions.trigonometric
.code.tex)
(d:/texlive/2026/texmf-dist/tex/generic/pgf/math/pgfmathfunctions.random.code.t
ex)
(d:/texlive/2026/texmf-dist/tex/generic/pgf/math/pgfmathfunctions.comparison.co
de.tex)
(d:/texlive/2026/texmf-dist/tex/generic/pgf/math/pgfmathfunctions.base.code.tex
)
(d:/texlive/2026/texmf-dist/tex/generic/pgf/math/pgfmathfunctions.round.code.te
x)
(d:/texlive/2026/texmf-dist/tex/generic/pgf/math/pgfmathfunctions.misc.code.tex
)
(d:/texlive/2026/texmf-dist/tex/generic/pgf/math/pgfmathfunctions.integerarithm
etics.code.tex)
(d:/texlive/2026/texmf-dist/tex/generic/pgf/math/pgfmathcalc.code.tex)
(d:/texlive/2026/texmf-dist/tex/generic/pgf/math/pgfmathfloat.code.tex
\c@pgfmathroundto@lastzeros=\count342
))
(d:/texlive/2026/texmf-dist/tex/generic/pgf/math/pgfint.code.tex)
(d:/texlive/2026/texmf-dist/tex/generic/pgf/basiclayer/pgfcorepoints.code.tex
File: pgfcorepoints.code.tex 2025-08-29 v3.1.11a (3.1.11a)
\pgf@picminx=\dimen266
\pgf@picmaxx=\dimen267
\pgf@picminy=\dimen268
\pgf@picmaxy=\dimen269
\pgf@pathminx=\dimen270
\pgf@pathmaxx=\dimen271
\pgf@pathminy=\dimen272
\pgf@pathmaxy=\dimen273
\pgf@xx=\dimen274
\pgf@xy=\dimen275
\pgf@yx=\dimen276
\pgf@yy=\dimen277
\pgf@zx=\dimen278
\pgf@zy=\dimen279
)
(d:/texlive/2026/texmf-dist/tex/generic/pgf/basiclayer/pgfcorepathconstruct.cod
e.tex
File: pgfcorepathconstruct.code.tex 2025-08-29 v3.1.11a (3.1.11a)
\pgf@path@lastx=\dimen280
\pgf@path@lasty=\dimen281
)
(d:/texlive/2026/texmf-dist/tex/generic/pgf/basiclayer/pgfcorepathusage.code.te
x
File: pgfcorepathusage.code.tex 2025-08-29 v3.1.11a (3.1.11a)
\pgf@shorten@end@additional=\dimen282
\pgf@shorten@start@additional=\dimen283
)
(d:/texlive/2026/texmf-dist/tex/generic/pgf/basiclayer/pgfcorescopes.code.tex
File: pgfcorescopes.code.tex 2025-08-29 v3.1.11a (3.1.11a)
\pgfpic=\box62
\pgf@hbox=\box63
\pgf@layerbox@main=\box64
\pgf@picture@serial@count=\count343
)
(d:/texlive/2026/texmf-dist/tex/generic/pgf/basiclayer/pgfcoregraphicstate.code
.tex
File: pgfcoregraphicstate.code.tex 2025-08-29 v3.1.11a (3.1.11a)
\pgflinewidth=\dimen284
)
(d:/texlive/2026/texmf-dist/tex/generic/pgf/basiclayer/pgfcoretransformations.c
ode.tex
File: pgfcoretransformations.code.tex 2025-08-29 v3.1.11a (3.1.11a)
\pgf@pt@x=\dimen285
\pgf@pt@y=\dimen286
\pgf@pt@temp=\dimen287
)
(d:/texlive/2026/texmf-dist/tex/generic/pgf/basiclayer/pgfcorequick.code.tex
File: pgfcorequick.code.tex 2025-08-29 v3.1.11a (3.1.11a)
)
(d:/texlive/2026/texmf-dist/tex/generic/pgf/basiclayer/pgfcoreobjects.code.tex
File: pgfcoreobjects.code.tex 2025-08-29 v3.1.11a (3.1.11a)
)
(d:/texlive/2026/texmf-dist/tex/generic/pgf/basiclayer/pgfcorepathprocessing.co
de.tex
File: pgfcorepathprocessing.code.tex 2025-08-29 v3.1.11a (3.1.11a)
)
(d:/texlive/2026/texmf-dist/tex/generic/pgf/basiclayer/pgfcorearrows.code.tex
File: pgfcorearrows.code.tex 2025-08-29 v3.1.11a (3.1.11a)
\pgfarrowsep=\dimen288
)
(d:/texlive/2026/texmf-dist/tex/generic/pgf/basiclayer/pgfcoreshade.code.tex
File: pgfcoreshade.code.tex 2025-08-29 v3.1.11a (3.1.11a)
\pgf@max=\dimen289
\pgf@sys@shading@range@num=\count344
\pgf@shadingcount=\count345
)
(d:/texlive/2026/texmf-dist/tex/generic/pgf/basiclayer/pgfcoreimage.code.tex
File: pgfcoreimage.code.tex 2025-08-29 v3.1.11a (3.1.11a)
)
(d:/texlive/2026/texmf-dist/tex/generic/pgf/basiclayer/pgfcoreexternal.code.tex
File: pgfcoreexternal.code.tex 2025-08-29 v3.1.11a (3.1.11a)
\pgfexternal@startupbox=\box65
) (d:/texlive/2026/texmf-dist/tex/generic/pgf/basiclayer/pgfcorelayers.code.tex
File: pgfcorelayers.code.tex 2025-08-29 v3.1.11a (3.1.11a)
)
(d:/texlive/2026/texmf-dist/tex/generic/pgf/basiclayer/pgfcoretransparency.code
.tex
File: pgfcoretransparency.code.tex 2025-08-29 v3.1.11a (3.1.11a)
)
(d:/texlive/2026/texmf-dist/tex/generic/pgf/basiclayer/pgfcorepatterns.code.tex
File: pgfcorepatterns.code.tex 2025-08-29 v3.1.11a (3.1.11a)
) (d:/texlive/2026/texmf-dist/tex/generic/pgf/basiclayer/pgfcorerdf.code.tex
File: pgfcorerdf.code.tex 2025-08-29 v3.1.11a (3.1.11a)
))) (d:/texlive/2026/texmf-dist/tex/generic/pgf/modules/pgfmoduleshapes.code.te
x
File: pgfmoduleshapes.code.tex 2025-08-29 v3.1.11a (3.1.11a)
\pgfnodeparttextbox=\box66
)
(d:/texlive/2026/texmf-dist/tex/generic/pgf/modules/pgfmoduleplot.code.tex
File: pgfmoduleplot.code.tex 2025-08-29 v3.1.11a (3.1.11a)
)
(d:/texlive/2026/texmf-dist/tex/latex/pgf/compatibility/pgfcomp-version-0-65.st
y
Package: pgfcomp-version-0-65 2025-08-29 v3.1.11a (3.1.11a)
\pgf@nodesepstart=\dimen290
\pgf@nodesepend=\dimen291
)
(d:/texlive/2026/texmf-dist/tex/latex/pgf/compatibility/pgfcomp-version-1-18.st
y
Package: pgfcomp-version-1-18 2025-08-29 v3.1.11a (3.1.11a)
)) (d:/texlive/2026/texmf-dist/tex/latex/pgf/utilities/pgffor.sty
(d:/texlive/2026/texmf-dist/tex/latex/pgf/utilities/pgfkeys.sty
(d:/texlive/2026/texmf-dist/tex/generic/pgf/utilities/pgfkeys.code.tex))
(d:/texlive/2026/texmf-dist/tex/latex/pgf/math/pgfmath.sty
(d:/texlive/2026/texmf-dist/tex/generic/pgf/math/pgfmath.code.tex))
(d:/texlive/2026/texmf-dist/tex/generic/pgf/utilities/pgffor.code.tex
Package: pgffor 2025-08-29 v3.1.11a (3.1.11a)
\pgffor@iter=\dimen292
\pgffor@skip=\dimen293
\pgffor@stack=\toks34
\pgffor@toks=\toks35
))
(d:/texlive/2026/texmf-dist/tex/generic/pgf/frontendlayer/tikz/tikz.code.tex
Package: tikz 2025-08-29 v3.1.11a (3.1.11a)

(d:/texlive/2026/texmf-dist/tex/generic/pgf/libraries/pgflibraryplothandlers.co
de.tex
File: pgflibraryplothandlers.code.tex 2025-08-29 v3.1.11a (3.1.11a)
\pgf@plot@mark@count=\count346
\pgfplotmarksize=\dimen294
)
\tikz@lastx=\dimen295
\tikz@lasty=\dimen296
\tikz@lastxsaved=\dimen297
\tikz@lastysaved=\dimen298
\tikz@lastmovetox=\dimen299
\tikz@lastmovetoy=\dimen300
\tikzleveldistance=\dimen301
\tikzsiblingdistance=\dimen302
\tikz@figbox=\box67
\tikz@figbox@bg=\box68
\tikz@tempbox=\box69
\tikz@tempbox@bg=\box70
\tikztreelevel=\count347
\tikznumberofchildren=\count348
\tikznumberofcurrentchild=\count349
\tikz@fig@count=\count350

(d:/texlive/2026/texmf-dist/tex/generic/pgf/modules/pgfmodulematrix.code.tex
File: pgfmodulematrix.code.tex 2025-08-29 v3.1.11a (3.1.11a)
\pgfmatrixcurrentrow=\count351
\pgfmatrixcurrentcolumn=\count352
\pgf@matrix@numberofcolumns=\count353
)
\tikz@expandcount=\count354

(d:/texlive/2026/texmf-dist/tex/generic/pgf/frontendlayer/tikz/libraries/tikzli
brarytopaths.code.tex
File: tikzlibrarytopaths.code.tex 2025-08-29 v3.1.11a (3.1.11a)
)))
(d:/texlive/2026/texmf-dist/tex/latex/geometry/geometry.sty
Package: geometry 2020/01/02 v5.9 Page Geometry

(d:/texlive/2026/texmf-dist/tex/generic/iftex/ifvtex.sty
Package: ifvtex 2019/10/25 v1.7 ifvtex legacy package. Use iftex instead.

(d:/texlive/2026/texmf-dist/tex/generic/iftex/iftex.sty
Package: iftex 2024/12/12 v1.0g TeX engine tests
))
\Gm@cnth=\count355
\Gm@cntv=\count356
\c@Gm@tempcnt=\count357
\Gm@bindingoffset=\dimen303
\Gm@wd@mp=\dimen304
\Gm@odd@mp=\dimen305
\Gm@even@mp=\dimen306
\Gm@layoutwidth=\dimen307
\Gm@layoutheight=\dimen308
\Gm@layouthoffset=\dimen309
\Gm@layoutvoffset=\dimen310
\Gm@dimlist=\toks36
)
(d:/texlive/2026/texmf-dist/tex/latex/fancyhdr/fancyhdr.sty
Package: fancyhdr 2025/02/07 v5.2 Extensive control of page headers and footers

\f@nch@headwidth=\skip63
\f@nch@offset@elh=\skip64
\f@nch@offset@erh=\skip65
\f@nch@offset@olh=\skip66
\f@nch@offset@orh=\skip67
\f@nch@offset@elf=\skip68
\f@nch@offset@erf=\skip69
\f@nch@offset@olf=\skip70
\f@nch@offset@orf=\skip71
\f@nch@height=\skip72
\f@nch@footalignment=\skip73
\f@nch@widthL=\skip74
\f@nch@widthC=\skip75
\f@nch@widthR=\skip76
\@temptokenb=\toks37
)
(d:/texlive/2026/texmf-dist/tex/latex/hyperref/hyperref.sty
Package: hyperref 2026-01-29 v7.01p Hypertext links for LaTeX

(d:/texlive/2026/texmf-dist/tex/latex/kvsetkeys/kvsetkeys.sty
Package: kvsetkeys 2022-10-05 v1.19 Key value parser (HO)
)
(d:/texlive/2026/texmf-dist/tex/generic/kvdefinekeys/kvdefinekeys.sty
Package: kvdefinekeys 2019-12-19 v1.6 Define keys (HO)
)
(d:/texlive/2026/texmf-dist/tex/generic/pdfescape/pdfescape.sty
Package: pdfescape 2019/12/09 v1.15 Implements pdfTeX's escape features (HO)

(d:/texlive/2026/texmf-dist/tex/generic/ltxcmds/ltxcmds.sty
Package: ltxcmds 2023-12-04 v1.26 LaTeX kernel commands for general use (HO)
)
(d:/texlive/2026/texmf-dist/tex/generic/pdftexcmds/pdftexcmds.sty
Package: pdftexcmds 2020-06-27 v0.33 Utility functions of pdfTeX for LuaTeX (HO
)

(d:/texlive/2026/texmf-dist/tex/generic/infwarerr/infwarerr.sty
Package: infwarerr 2019/12/03 v1.5 Providing info/warning/error messages (HO)
)
Package pdftexcmds Info: \pdf@primitive is available.
Package pdftexcmds Info: \pdf@ifprimitive is available.
Package pdftexcmds Info: \pdfdraftmode not found.
))
(d:/texlive/2026/texmf-dist/tex/latex/hycolor/hycolor.sty
Package: hycolor 2020-01-27 v1.10 Color options for hyperref/bookmark (HO)
)
(d:/texlive/2026/texmf-dist/tex/latex/hyperref/nameref.sty
Package: nameref 2026-01-29 v2.58 Cross-referencing by name of section

(d:/texlive/2026/texmf-dist/tex/latex/refcount/refcount.sty
Package: refcount 2019/12/15 v3.6 Data extraction from label references (HO)
)
(d:/texlive/2026/texmf-dist/tex/generic/gettitlestring/gettitlestring.sty
Package: gettitlestring 2019/12/15 v1.6 Cleanup title references (HO)

(d:/texlive/2026/texmf-dist/tex/latex/kvoptions/kvoptions.sty
Package: kvoptions 2022-06-15 v3.15 Key value format for package options (HO)
))
\c@section@level=\count358
)
(d:/texlive/2026/texmf-dist/tex/latex/etoolbox/etoolbox.sty
Package: etoolbox 2025/10/02 v2.5m e-TeX tools for LaTeX (JAW)
\etb@tempcnta=\count359
)
(d:/texlive/2026/texmf-dist/tex/generic/stringenc/stringenc.sty
Package: stringenc 2019/11/29 v1.12 Convert strings between diff. encodings (HO
)
)
\@linkdim=\dimen311
\Hy@linkcounter=\count360
\Hy@pagecounter=\count361

(d:/texlive/2026/texmf-dist/tex/latex/hyperref/pd1enc.def
File: pd1enc.def 2026-01-29 v7.01p Hyperref: PDFDocEncoding definition (HO)
)
(d:/texlive/2026/texmf-dist/tex/generic/intcalc/intcalc.sty
Package: intcalc 2019/12/15 v1.3 Expandable calculations with integers (HO)
)
\Hy@SavedSpaceFactor=\count362

(d:/texlive/2026/texmf-dist/tex/latex/hyperref/puenc.def
File: puenc.def 2026-01-29 v7.01p Hyperref: PDF Unicode definition (HO)
)
Package hyperref Info: Option `unicode' set `true' on input line 4072.
Package hyperref Info: Hyper figures OFF on input line 4201.
Package hyperref Info: Link nesting OFF on input line 4206.
Package hyperref Info: Hyper index ON on input line 4209.
Package hyperref Info: Plain pages OFF on input line 4216.
Package hyperref Info: Backreferencing OFF on input line 4221.
Package hyperref Info: Implicit mode ON; LaTeX internals redefined.
Package hyperref Info: Bookmarks ON on input line 4468.
\c@Hy@tempcnt=\count363

(d:/texlive/2026/texmf-dist/tex/latex/url/url.sty
\Urlmuskip=\muskip18
Package: url 2013/09/16  ver 3.4  Verb mode for urls, etc.
)
LaTeX Info: Redefining \url on input line 4807.
\XeTeXLinkMargin=\dimen312

(d:/texlive/2026/texmf-dist/tex/generic/bitset/bitset.sty
Package: bitset 2019/12/09 v1.3 Handle bit-vector datatype (HO)

(d:/texlive/2026/texmf-dist/tex/generic/bigintcalc/bigintcalc.sty
Package: bigintcalc 2019/12/15 v1.5 Expandable calculations on big integers (HO
)
))
\Fld@menulength=\count364
\Field@Width=\dimen313
\Fld@charsize=\dimen314
Package hyperref Info: Hyper figures OFF on input line 6084.
Package hyperref Info: Link nesting OFF on input line 6089.
Package hyperref Info: Hyper index ON on input line 6092.
Package hyperref Info: backreferencing OFF on input line 6099.
Package hyperref Info: Link coloring OFF on input line 6104.
Package hyperref Info: Link coloring with OCG OFF on input line 6109.
Package hyperref Info: PDF/A mode OFF on input line 6114.
\Hy@abspage=\count365
\c@Item=\count366
\c@Hfootnote=\count367
)
Package hyperref Info: Driver (autodetected): hxetex.

(d:/texlive/2026/texmf-dist/tex/latex/hyperref/hxetex.def
File: hxetex.def 2026-01-29 v7.01p Hyperref driver for XeTeX
\pdfm@box=\box71
\c@Hy@AnnotLevel=\count368
\HyField@AnnotCount=\count369
\Fld@listcount=\count370
\c@bookmark@seq@number=\count371

(d:/texlive/2026/texmf-dist/tex/latex/rerunfilecheck/rerunfilecheck.sty
Package: rerunfilecheck 2025-06-21 v1.11 Rerun checks for auxiliary files (HO)

(d:/texlive/2026/texmf-dist/tex/generic/uniquecounter/uniquecounter.sty
Package: uniquecounter 2019/12/15 v1.4 Provide unlimited unique counter (HO)
)
Package uniquecounter Info: New unique counter `rerunfilecheck' on input line 2
84.
)
\Hy@SectionHShift=\skip77
)
(d:/texlive/2026/texmf-dist/tex/latex/enumitem/enumitem.sty
Package: enumitem 2025/02/06 v3.11 Customized lists
\labelindent=\skip78
\enit@outerparindent=\dimen315
\enit@toks=\toks38
\enit@inbox=\box72
\enit@count@id=\count372
\enitdp@description=\count373
)
(d:/texlive/2026/texmf-dist/tex/latex/framed/framed.sty
Package: framed 2011/10/22 v 0.96: framed or shaded text with page breaks
\OuterFrameSep=\skip79
\fb@frw=\dimen316
\fb@frh=\dimen317
\FrameRule=\dimen318
\FrameSep=\dimen319
)
(d:/texlive/2026/texmf-dist/tex/latex/listings/lstlang1.sty
File: lstlang1.sty 2025/11/14 1.11b listings language file
)
Package hyperref Info: Option `colorlinks' set `true' on input line 49.

(./answers-booklet.aux)
\openout1 = `answers-booklet.aux'.

LaTeX Font Info:    Checking defaults for OML/cmm/m/it on input line 56.
LaTeX Font Info:    ... okay on input line 56.
LaTeX Font Info:    Checking defaults for OMS/cmsy/m/n on input line 56.
LaTeX Font Info:    ... okay on input line 56.
LaTeX Font Info:    Checking defaults for OT1/cmr/m/n on input line 56.
LaTeX Font Info:    ... okay on input line 56.
LaTeX Font Info:    Checking defaults for T1/cmr/m/n on input line 56.
LaTeX Font Info:    ... okay on input line 56.
LaTeX Font Info:    Checking defaults for TS1/cmr/m/n on input line 56.
LaTeX Font Info:    ... okay on input line 56.
LaTeX Font Info:    Checking defaults for TU/lmr/m/n on input line 56.
LaTeX Font Info:    ... okay on input line 56.
LaTeX Font Info:    Checking defaults for OMX/cmex/m/n on input line 56.
LaTeX Font Info:    ... okay on input line 56.
LaTeX Font Info:    Checking defaults for U/cmr/m/n on input line 56.
LaTeX Font Info:    ... okay on input line 56.
LaTeX Font Info:    Checking defaults for PD1/pdf/m/n on input line 56.
LaTeX Font Info:    ... okay on input line 56.
LaTeX Font Info:    Checking defaults for PU/pdf/m/n on input line 56.
LaTeX Font Info:    ... okay on input line 56.

Package fontspec Info: 
(fontspec)             Adjusting the maths setup (use [no-math] to avoid
(fontspec)             this).

\symlegacymaths=\mathgroup4
LaTeX Font Info:    Overwriting symbol font `legacymaths' in version `bold'
(Font)                  OT1/cmr/m/n --> OT1/cmr/bx/n on input line 56.
LaTeX Font Info:    Redeclaring math accent \acute on input line 56.
LaTeX Font Info:    Redeclaring math accent \grave on input line 56.
LaTeX Font Info:    Redeclaring math accent \ddot on input line 56.
LaTeX Font Info:    Redeclaring math accent \tilde on input line 56.
LaTeX Font Info:    Redeclaring math accent \bar on input line 56.
LaTeX Font Info:    Redeclaring math accent \breve on input line 56.
LaTeX Font Info:    Redeclaring math accent \check on input line 56.
LaTeX Font Info:    Redeclaring math accent \hat on input line 56.
LaTeX Font Info:    Redeclaring math accent \dot on input line 56.
LaTeX Font Info:    Redeclaring math accent \mathring on input line 56.
LaTeX Font Info:    Redeclaring math symbol \Gamma on input line 56.
LaTeX Font Info:    Redeclaring math symbol \Delta on input line 56.
LaTeX Font Info:    Redeclaring math symbol \Theta on input line 56.
LaTeX Font Info:    Redeclaring math symbol \Lambda on input line 56.
LaTeX Font Info:    Redeclaring math symbol \Xi on input line 56.
LaTeX Font Info:    Redeclaring math symbol \Pi on input line 56.
LaTeX Font Info:    Redeclaring math symbol \Sigma on input line 56.
LaTeX Font Info:    Redeclaring math symbol \Upsilon on input line 56.
LaTeX Font Info:    Redeclaring math symbol \Phi on input line 56.
LaTeX Font Info:    Redeclaring math symbol \Psi on input line 56.
LaTeX Font Info:    Redeclaring math symbol \Omega on input line 56.
LaTeX Font Info:    Redeclaring math symbol \mathdollar on input line 56.
LaTeX Font Info:    Redeclaring symbol font `operators' on input line 56.
LaTeX Font Info:    Encoding `OT1' has changed to `TU' for symbol font
(Font)              `operators' in the math version `normal' on input line 56.
LaTeX Font Info:    Overwriting symbol font `operators' in version `normal'
(Font)                  OT1/cmr/m/n --> TU/lmr/m/n on input line 56.
LaTeX Font Info:    Encoding `OT1' has changed to `TU' for symbol font
(Font)              `operators' in the math version `bold' on input line 56.
LaTeX Font Info:    Overwriting symbol font `operators' in version `bold'
(Font)                  OT1/cmr/bx/n --> TU/lmr/m/n on input line 56.
LaTeX Font Info:    Overwriting symbol font `operators' in version `normal'
(Font)                  TU/lmr/m/n --> TU/lmr/m/n on input line 56.
LaTeX Font Info:    Overwriting math alphabet `\mathit' in version `normal'
(Font)                  OT1/cmr/m/it --> TU/lmr/m/it on input line 56.
LaTeX Font Info:    Overwriting math alphabet `\mathbf' in version `normal'
(Font)                  OT1/cmr/bx/n --> TU/lmr/b/n on input line 56.
LaTeX Font Info:    Overwriting math alphabet `\mathsf' in version `normal'
(Font)                  OT1/cmss/m/n --> TU/lmss/m/n on input line 56.
LaTeX Font Info:    Overwriting math alphabet `\mathtt' in version `normal'
(Font)                  OT1/cmtt/m/n --> TU/lmtt/m/n on input line 56.
LaTeX Font Info:    Overwriting symbol font `operators' in version `bold'
(Font)                  TU/lmr/m/n --> TU/lmr/b/n on input line 56.
LaTeX Font Info:    Overwriting math alphabet `\mathit' in version `bold'
(Font)                  OT1/cmr/bx/it --> TU/lmr/b/it on input line 56.
LaTeX Font Info:    Overwriting math alphabet `\mathsf' in version `bold'
(Font)                  OT1/cmss/bx/n --> TU/lmss/b/n on input line 56.
LaTeX Font Info:    Overwriting math alphabet `\mathtt' in version `bold'
(Font)                  OT1/cmtt/m/n --> TU/lmtt/b/n on input line 56.
\c@lstlisting=\count374

*geometry* driver: auto-detecting
*geometry* detected driver: xetex
*geometry* verbose mode - [ preamble ] result:
* driver: xetex
* paper: a4paper
* layout: <same size as paper>
* layoutoffset:(h,v)=(0.0pt,0.0pt)
* modes: twoside 
* h-part:(L,W,R)=(71.13188pt, 455.24411pt, 71.13188pt)
* v-part:(T,H,B)=(85.35826pt, 688.5567pt, 71.13188pt)
* \paperwidth=597.50787pt
* \paperheight=845.04684pt
* \textwidth=455.24411pt
* \textheight=688.5567pt
* \oddsidemargin=-1.1381pt
* \evensidemargin=-1.1381pt
* \topmargin=-18.78552pt
* \headheight=12.0pt
* \headsep=19.8738pt
* \topskip=12.0pt
* \footskip=30.0pt
* \marginparwidth=88.0pt
* \marginparsep=7.0pt
* \columnsep=10.0pt
* \skip\footins=10.8pt plus 4.0pt minus 2.0pt
* \hoffset=0.0pt
* \voffset=0.0pt
* \mag=1000
* \@twocolumnfalse
* \@twosidetrue
* \@mparswitchtrue
* \@reversemarginfalse
* (1in=72.27pt=25.4mm, 1cm=28.453pt)

Package hyperref Info: Link coloring ON on input line 56.
(./answers-booklet.out) (./answers-booklet.out)
\@outlinefile=\write4
\openout4 = `answers-booklet.out'.

 [1



]

Package fancyhdr Warning: \headheight is too small (12.0pt): 
(fancyhdr)                Make it at least 14.49998pt, for example:
(fancyhdr)                \setlength{\headheight}{14.49998pt}.
(fancyhdr)                You might also make \topmargin smaller:
(fancyhdr)                \addtolength{\topmargin}{-2.49998pt}.

[2

] (./answers-booklet.toc [3]

Package fancyhdr Warning: \headheight is too small (12.0pt): 
(fancyhdr)                Make it at least 14.49998pt, for example:
(fancyhdr)                \setlength{\headheight}{14.49998pt}.
(fancyhdr)                You might also make \topmargin smaller:
(fancyhdr)                \addtolength{\topmargin}{-2.49998pt}.

[4]

Package fancyhdr Warning: \headheight is too small (12.0pt): 
(fancyhdr)                Make it at least 14.49998pt, for example:
(fancyhdr)                \setlength{\headheight}{14.49998pt}.
(fancyhdr)                You might also make \topmargin smaller:
(fancyhdr)                \addtolength{\topmargin}{-2.49998pt}.

[5]

Package fancyhdr Warning: \headheight is too small (12.0pt): 
(fancyhdr)                Make it at least 14.49998pt, for example:
(fancyhdr)                \setlength{\headheight}{14.49998pt}.
(fancyhdr)                You might also make \topmargin smaller:
(fancyhdr)                \addtolength{\topmargin}{-2.49998pt}.

[6])
\tf@toc=\write5
\openout5 = `answers-booklet.toc'.



Package fancyhdr Warning: \headheight is too small (12.0pt): 
(fancyhdr)                Make it at least 14.49998pt, for example:
(fancyhdr)                \setlength{\headheight}{14.49998pt}.
(fancyhdr)                You might also make \topmargin smaller:
(fancyhdr)                \addtolength{\topmargin}{-2.49998pt}.

[7]

Package fancyhdr Warning: \headheight is too small (12.0pt): 
(fancyhdr)                Make it at least 14.49998pt, for example:
(fancyhdr)                \setlength{\headheight}{14.49998pt}.
(fancyhdr)                You might also make \topmargin smaller:
(fancyhdr)                \addtolength{\topmargin}{-2.49998pt}.

[8

] (./answers/answer01.tex
第一章
! Undefined control sequence.
l.13 .... GAL —— 通用阵列逻辑，是典型的 SPLD \quad \checkmark
                                                  
The control sequence at the end of the top line
of your error message was never \def'ed. If you have
misspelled it (e.g., `\hobx'), type `I' and the correct
spelling (e.g., `I\hbox'). Otherwise just continue,
and I'll forget about whatever was undefined.

! Undefined control sequence.
l.23 ...B. LUT —— 查找表，实现组合逻辑的基本单元 \quad \checkmark
                                                  
The control sequence at the end of the top line
of your error message was never \def'ed. If you have
misspelled it (e.g., `\hobx'), type `I' and the correct
spelling (e.g., `I\hbox'). Otherwise just continue,
and I'll forget about whatever was undefined.


Package fontspec Info: 
(fontspec)             Could not resolve font "FangSong/BI" (it probably
(fontspec)             doesn't exist).


Package fontspec Info: 
(fontspec)             Could not resolve font "FangSong/B" (it probably
(fontspec)             doesn't exist).


Package fontspec Info: 
(fontspec)             Could not resolve font "FangSong/I" (it probably
(fontspec)             doesn't exist).


Package fontspec Info: 
(fontspec)             Font family 'FangSong(0)' created for font 'FangSong'
(fontspec)             with options [Script={CJK}].
(fontspec)              
(fontspec)              This font family consists of the following NFSS
(fontspec)             series/shapes:
(fontspec)              
(fontspec)             - 'normal' (m/n) with NFSS spec.:
(fontspec)             <->"FangSong/OT:script=hani;language=dflt;"

! Undefined control sequence.
l.34 ...tem B. PORT —— 定义实体端口的关键字 \quad \checkmark
                                                  
The control sequence at the end of the top line
of your error message was never \def'ed. If you have
misspelled it (e.g., `\hobx'), type `I' and the correct
spelling (e.g., `I\hbox'). Otherwise just continue,
and I'll forget about whatever was undefined.

[1

]
! Undefined control sequence.
l.53 ...m C. CPLD 互连为连续式、延迟可预测，正确 \quad \checkmark
                                                  
The control sequence at the end of the top line
of your error message was never \def'ed. If you have
misspelled it (e.g., `\hobx'), type `I' and the correct
spelling (e.g., `I\hbox'). Otherwise just continue,
and I'll forget about whatever was undefined.

! Undefined control sequence.
l.64 ...RIABLE 赋值则是立即生效。题干描述恰恰说反了 \quad \checkmark
                                                  
The control sequence at the end of the top line
of your error message was never \def'ed. If you have
misspelled it (e.g., `\hobx'), type `I' and the correct
spelling (e.g., `I\hbox'). Otherwise just continue,
and I'll forget about whatever was undefined.


Package fancyhdr Warning: \headheight is too small (12.0pt): 
(fancyhdr)                Make it at least 14.49998pt, for example:
(fancyhdr)                \setlength{\headheight}{14.49998pt}.
(fancyhdr)                You might also make \topmargin smaller:
(fancyhdr)                \addtolength{\topmargin}{-2.49998pt}.

[2]

Package fancyhdr Warning: \headheight is too small (12.0pt): 
(fancyhdr)                Make it at least 14.49998pt, for example:
(fancyhdr)                \setlength{\headheight}{14.49998pt}.
(fancyhdr)                You might also make \topmargin smaller:
(fancyhdr)                \addtolength{\topmargin}{-2.49998pt}.

[3]

! Package Listings Error: Couldn't load requested style.

See the Listings package documentation for explanation.
Type  H <return>  for immediate help.
 ...                                              
                                                  
l.130 \begin{lstlisting}[style=Vivado]
                                      
The following styles weren't loadable:
    ,vivado$
This may cause errors in the sequel.


! Package Listings Error: style vivado undefined.

See the Listings package documentation for explanation.
Type  H <return>  for immediate help.
 ...                                              
                                                  
l.130 \begin{lstlisting}[style=Vivado]
                                      
The style is not loadable. Try typing  <return>  to proceed.
If that doesn't work, type  X <return>  to quit.

LaTeX Font Info:    Font shape `TU/lmtt/bx/n' in size <10.95> not available
(Font)              Font shape `TU/lmtt/b/n' tried instead on input line 131.

Package fancyhdr Warning: \headheight is too small (12.0pt): 
(fancyhdr)                Make it at least 14.49998pt, for example:
(fancyhdr)                \setlength{\headheight}{14.49998pt}.
(fancyhdr)                You might also make \topmargin smaller:
(fancyhdr)                \addtolength{\topmargin}{-2.49998pt}.

[4]
Overfull \hbox (5.73439pt too wide) in paragraph at lines 175--176
[]\TU/SimSun(0)/m/n/12 第 \TU/lmr/m/n/12 11 \TU/SimSun(0)/m/n/12 行：| \TU/lmr/m/n
/12 “ARCHITE_CTURE behavioral OF mux2to1 IS” \TU/SimSun(0)/m/n/12 应 为 \TU/lmr/m
/n/12 “\TU/lmtt/m/n/12 ARCHITECTURE
 []

LaTeX Font Info:    Font shape `TU/lmtt/bx/n' in size <12> not available
(Font)              Font shape `TU/lmtt/b/n' tried instead on input line 179.

LaTeX Font Warning: Font shape `TU/FangSong(0)/b/n' undefined
(Font)              using `TU/FangSong(0)/m/n' instead on input line 179.


! Package Listings Error: Couldn't load requested style.

See the Listings package documentation for explanation.
Type  H <return>  for immediate help.
 ...                                              
                                                  
l.195 \begin{lstlisting}[style=Vivado]
                                      
The following styles weren't loadable:
    ,vivado$
This may cause errors in the sequel.


! Package Listings Error: style vivado undefined.

See the Listings package documentation for explanation.
Type  H <return>  for immediate help.
 ...                                              
                                                  
l.195 \begin{lstlisting}[style=Vivado]
                                      
The style is not loadable. Try typing  <return>  to proceed.
If that doesn't work, type  X <return>  to quit.


Package fancyhdr Warning: \headheight is too small (12.0pt): 
(fancyhdr)                Make it at least 14.49998pt, for example:
(fancyhdr)                \setlength{\headheight}{14.49998pt}.
(fancyhdr)                You might also make \topmargin smaller:
(fancyhdr)                \addtolength{\topmargin}{-2.49998pt}.

[5]

! Package Listings Error: Couldn't load requested style.

See the Listings package documentation for explanation.
Type  H <return>  for immediate help.
 ...                                              
                                                  
l.225 \begin{lstlisting}[style=Vivado]
                                      
The following styles weren't loadable:
    ,vivado$
This may cause errors in the sequel.


! Package Listings Error: style vivado undefined.

See the Listings package documentation for explanation.
Type  H <return>  for immediate help.
 ...                                              
                                                  
l.225 \begin{lstlisting}[style=Vivado]
                                      
The style is not loadable. Try typing  <return>  to proceed.
If that doesn't work, type  X <return>  to quit.


Package fancyhdr Warning: \headheight is too small (12.0pt): 
(fancyhdr)                Make it at least 14.49998pt, for example:
(fancyhdr)                \setlength{\headheight}{14.49998pt}.
(fancyhdr)                You might also make \topmargin smaller:
(fancyhdr)                \addtolength{\topmargin}{-2.49998pt}.

[6]

Package fancyhdr Warning: \headheight is too small (12.0pt): 
(fancyhdr)                Make it at least 14.49998pt, for example:
(fancyhdr)                \setlength{\headheight}{14.49998pt}.
(fancyhdr)                You might also make \topmargin smaller:
(fancyhdr)                \addtolength{\topmargin}{-2.49998pt}.

[7]

! Package Listings Error: Couldn't load requested style.

See the Listings package documentation for explanation.
Type  H <return>  for immediate help.
 ...                                              
                                                  
l.344 \begin{lstlisting}[style=Vivado]
                                      
The following styles weren't loadable:
    ,vivado$
This may cause errors in the sequel.


! Package Listings Error: style vivado undefined.

See the Listings package documentation for explanation.
Type  H <return>  for immediate help.
 ...                                              
                                                  
l.344 \begin{lstlisting}[style=Vivado]
                                      
The style is not loadable. Try typing  <return>  to proceed.
If that doesn't work, type  X <return>  to quit.


LaTeX Font Warning: Font shape `TU/FangSong(0)/m/it' undefined
(Font)              using `TU/FangSong(0)/m/n' instead on input line 347.


Package fancyhdr Warning: \headheight is too small (12.0pt): 
(fancyhdr)                Make it at least 14.49998pt, for example:
(fancyhdr)                \setlength{\headheight}{14.49998pt}.
(fancyhdr)                You might also make \topmargin smaller:
(fancyhdr)                \addtolength{\topmargin}{-2.49998pt}.

[8]
Overfull \hbox (12.26582pt too wide) in paragraph at lines 382--383
[]\TU/SimSun(0)/m/n/12 包 含 \TU/lmtt/m/n/12 numeric_std \TU/SimSun(0)/m/n/12 库 用
 于 比 较  |（\TU/lmr/m/n/12 1 \TU/SimSun(0)/m/n/12 分） （若 未 使 用 该 库 但 用 \TU/lmtt/m/
n/12 unsigned(a)>unsigned(b)
 []

! Missing $ inserted.
<inserted text> 
                $
l.386     \item 比较逻辑正确：\$a=b \rightarrow
                                         equal=1\$，\$a>b \rightarrow greater...
I've inserted a begin-math/end-math symbol since I think
you left one out. Proceed, with fingers crossed.


! LaTeX Error: Command \item invalid in math mode.

See the LaTeX manual or LaTeX Companion for explanation.
Type  H <return>  for immediate help.
 ...                                              
                                                  
l.387     \item
                默认值赋值避免锁存器推断（1分）
Try typing  <return>  to proceed.
If that doesn't work, type  X <return>  to quit.

! Missing $ inserted.
<inserted text> 
                $
l.387     \item 默
                 认值赋值避免锁存器推断（1分）
I've inserted a begin-math/end-math symbol since I think
you left one out. Proceed, with fingers crossed.

Missing character: There is no ， (U+FF0C) in font [lmroman12-regular]:mapping=t
ex-text;!
Missing character: There is no ， (U+FF0C) in font [lmroman12-regular]:mapping=t
ex-text;!
Missing character: There is no （ (U+FF08) in font [lmroman12-regular]:mapping=t
ex-text;!
Missing character: There is no 分 (U+5206) in font [lmroman12-regular]:mapping=t
ex-text;!
Missing character: There is no ） (U+FF09) in font [lmroman12-regular]:mapping=t
ex-text;!

! Package Listings Error: Couldn't load requested style.

See the Listings package documentation for explanation.
Type  H <return>  for immediate help.
 ...                                              
                                                  
l.392 \begin{lstlisting}[style=Vivado]
                                      
The following styles weren't loadable:
    ,vivado$
This may cause errors in the sequel.


! Package Listings Error: style vivado undefined.

See the Listings package documentation for explanation.
Type  H <return>  for immediate help.
 ...                                              
                                                  
l.392 \begin{lstlisting}[style=Vivado]
                                      
The style is not loadable. Try typing  <return>  to proceed.
If that doesn't work, type  X <return>  to quit.


Package fancyhdr Warning: \headheight is too small (12.0pt): 
(fancyhdr)                Make it at least 14.49998pt, for example:
(fancyhdr)                \setlength{\headheight}{14.49998pt}.
(fancyhdr)                You might also make \topmargin smaller:
(fancyhdr)                \addtolength{\topmargin}{-2.49998pt}.

[9]

! Package pgfkeys Error: I do not know the key '/tikz/on grid' and I am going t
o ignore it. Perhaps you misspelled it.

See the pgfkeys package documentation for explanation.
Type  H <return>  for immediate help.
 ...                                              
                                                  
l.414 ...=1pt, node distance=1.8cm, on grid, auto]
                                                  
This error message was generated by an \errmessage
command, so I can't give any explicit help.
Pretend that you're Hercule Poirot: Examine all clues,
and deduce the truth by order and method.


! Package pgfkeys Error: I do not know the key '/tikz/state' and I am going to 
ignore it. Perhaps you misspelled it.

See the pgfkeys package documentation for explanation.
Type  H <return>  for immediate help.
 ...                                              
                                                  
l.417   \node[state,initial above,initial text={}]
                                                   (S0) {$0000$};
(That was another \errmessage.)


! Package pgfkeys Error: I do not know the key '/tikz/initial above' and I am g
oing to ignore it. Perhaps you misspelled it.

See the pgfkeys package documentation for explanation.
Type  H <return>  for immediate help.
 ...                                              
                                                  
l.417   \node[state,initial above,initial text={}]
                                                   (S0) {$0000$};
(That was another \errmessage.)


! Package pgfkeys Error: I do not know the key '/tikz/initial text', to which y
ou passed '', and I am going to ignore it. Perhaps you misspelled it.

See the pgfkeys package documentation for explanation.
Type  H <return>  for immediate help.
 ...                                              
                                                  
l.417   \node[state,initial above,initial text={}]
                                                   (S0) {$0000$};
(That was another \errmessage.)


! Package pgfkeys Error: I do not know the key '/tikz/state' and I am going to 
ignore it. Perhaps you misspelled it.

See the pgfkeys package documentation for explanation.
Type  H <return>  for immediate help.
 ...                                              
                                                  
l.418   \node[state]
                     (S1)  [right of=S0]  {$0001$};
(That was another \errmessage.)


! Package pgfkeys Error: I do not know the key '/tikz/state' and I am going to 
ignore it. Perhaps you misspelled it.

See the pgfkeys package documentation for explanation.
Type  H <return>  for immediate help.
 ...                                              
                                                  
l.419   \node[state]
                     (S2)  [right of=S1]  {$0010$};
(That was another \errmessage.)


! Package pgfkeys Error: I do not know the key '/tikz/state' and I am going to 
ignore it. Perhaps you misspelled it.

See the pgfkeys package documentation for explanation.
Type  H <return>  for immediate help.
 ...                                              
                                                  
l.420   \node[state]
                     (S3)  [right of=S2]  {$0011$};
(That was another \errmessage.)


! Package pgfkeys Error: I do not know the key '/tikz/state' and I am going to 
ignore it. Perhaps you misspelled it.

See the pgfkeys package documentation for explanation.
Type  H <return>  for immediate help.
 ...                                              
                                                  
l.421   \node[state]
                     (S4)  [right of=S3]  {$0100$};
(That was another \errmessage.)


! Package pgfkeys Error: I do not know the key '/tikz/state' and I am going to 
ignore it. Perhaps you misspelled it.

See the pgfkeys package documentation for explanation.
Type  H <return>  for immediate help.
 ...                                              
                                                  
l.422   \node[state]
                     (S5)  [below of=S4]  {$0101$};
(That was another \errmessage.)


! Package pgfkeys Error: I do not know the key '/tikz/state' and I am going to 
ignore it. Perhaps you misspelled it.

See the pgfkeys package documentation for explanation.
Type  H <return>  for immediate help.
 ...                                              
                                                  
l.423   \node[state]
                     (S6)  [left  of=S5]  {$0110$};
(That was another \errmessage.)


! Package pgfkeys Error: I do not know the key '/tikz/state' and I am going to 
ignore it. Perhaps you misspelled it.

See the pgfkeys package documentation for explanation.
Type  H <return>  for immediate help.
 ...                                              
                                                  
l.424   \node[state]
                     (S7)  [left  of=S6]  {$0111$};
(That was another \errmessage.)


! Package pgfkeys Error: I do not know the key '/tikz/state' and I am going to 
ignore it. Perhaps you misspelled it.

See the pgfkeys package documentation for explanation.
Type  H <return>  for immediate help.
 ...                                              
                                                  
l.425   \node[state]
                     (S8)  [left  of=S7]  {$1000$};
(That was another \errmessage.)


! Package pgfkeys Error: I do not know the key '/tikz/state' and I am going to 
ignore it. Perhaps you misspelled it.

See the pgfkeys package documentation for explanation.
Type  H <return>  for immediate help.
 ...                                              
                                                  
l.426   \node[state]
                     (S9)  [left  of=S8]  {$1001$};
(That was another \errmessage.)


! Package pgfkeys Error: I do not know the key '/tikz/on grid' and I am going t
o ignore it. Perhaps you misspelled it.

See the pgfkeys package documentation for explanation.
Type  H <return>  for immediate help.
 ...                                              
                                                  
l.460 ...=1pt, node distance=2.5cm, on grid, auto]
                                                  
(That was another \errmessage.)


! Package pgfkeys Error: I do not know the key '/tikz/state' and I am going to 
ignore it. Perhaps you misspelled it.

See the pgfkeys package documentation for explanation.
Type  H <return>  for immediate help.
 ...                                              
                                                  
l.463   \node[state,initial,initial text={rst}]
                                                (S0) {\small $S_0$\\(0000)};
(That was another \errmessage.)


! Package pgfkeys Error: I do not know the key '/tikz/initial' and I am going t
o ignore it. Perhaps you misspelled it.

See the pgfkeys package documentation for explanation.
Type  H <return>  for immediate help.
 ...                                              
                                                  
l.463   \node[state,initial,initial text={rst}]
                                                (S0) {\small $S_0$\\(0000)};
(That was another \errmessage.)


! Package pgfkeys Error: I do not know the key '/tikz/initial text', to which y
ou passed 'rst', and I am going to ignore it. Perhaps you misspelled it.

See the pgfkeys package documentation for explanation.
Type  H <return>  for immediate help.
 ...                                              
                                                  
l.463   \node[state,initial,initial text={rst}]
                                                (S0) {\small $S_0$\\(0000)};
(That was another \errmessage.)


! LaTeX Error: Not allowed in LR mode.

See the LaTeX manual or LaTeX Companion for explanation.
Type  H <return>  for immediate help.
 ...                                              
                                                  
l.463 ...initial text={rst}] (S0) {\small $S_0$\\(
                                                  0000)};
You've lost some text.  Try typing  <return>  to proceed.
If that doesn't work, type  X <return>  to quit.

! Missing } inserted.
<inserted text> 
                }
l.463 ...initial text={rst}] (S0) {\small $S_0$\\(
                                                  0000)};
I've inserted something that you may have forgotten.
(See the <inserted text> above.)
With luck, this will get me unwedged. But if you
really didn't forget anything, try typing `2' now; then
my insertion and my current dilemma will both disappear.


! Package tikz Error: Giving up on this path. Did you forget a semicolon?.

See the tikz package documentation for explanation.
Type  H <return>  for immediate help.
 ...                                              
                                                  
l.463 ...initial text={rst}] (S0) {\small $S_0$\\(
                                                  0000)};
(That was another \errmessage.)

! Missing \endgroup inserted.
<inserted text> 
                \endgroup 
l.463 ...initial text={rst}] (S0) {\small $S_0$\\(
                                                  0000)};
I've inserted something that you may have forgotten.
(See the <inserted text> above.)
With luck, this will get me unwedged. But if you
really didn't forget anything, try typing `2' now; then
my insertion and my current dilemma will both disappear.

! Undefined control sequence.
<recently read> \tikz@expand@last@token@ 
                                         
l.463 ...initial text={rst}] (S0) {\small $S_0$\\(
                                                  0000)};
The control sequence at the end of the top line
of your error message was never \def'ed. If you have
misspelled it (e.g., `\hobx'), type `I' and the correct
spelling (e.g., `I\hbox'). Otherwise just continue,
and I'll forget about whatever was undefined.

! Missing number, treated as zero.
<to be read again> 
                   \let 
l.463 ...initial text={rst}] (S0) {\small $S_0$\\(
                                                  0000)};
A number should have been here; I inserted `0'.
(If you can't figure out why I needed to see a number,
look up `weird error' in the index to The TeXbook.)

! Illegal unit of measure (pt inserted).
<to be read again> 
                   \let 
l.463 ...initial text={rst}] (S0) {\small $S_0$\\(
                                                  0000)};
Dimensions can be in units of em, ex, in, pt, pc,
cm, mm, dd, cc, bp, or sp; but yours is a new one!
I'll assume that you meant to say pt, for printer's points.
To recover gracefully from this error, it's best to
delete the erroneous units; e.g., type `2' to delete
two letters. (See Chapter 27 of The TeXbook.)

Missing character: There is no ( ("28) in font nullfont!
Missing character: There is no 0 ("30) in font nullfont!
Missing character: There is no 0 ("30) in font nullfont!
Missing character: There is no 0 ("30) in font nullfont!
Missing character: There is no 0 ("30) in font nullfont!
Missing character: There is no ) ("29) in font nullfont!
! Extra }, or forgotten \endgroup.
<recently read> }
                 
l.463 ...l text={rst}] (S0) {\small $S_0$\\(0000)}
                                                  ;
I've deleted a group-closing symbol because it seems to be
spurious, as in `$x}$'. But perhaps the } is legitimate and
you forgot something else, as in `\hbox{$x}'. In such cases
the way to recover is to insert both the forgotten and the
deleted material, e.g., by typing `I$}'.

Missing character: There is no ; ("3B) in font nullfont!

! Package pgfkeys Error: I do not know the key '/tikz/state' and I am going to 
ignore it. Perhaps you misspelled it.

See the pgfkeys package documentation for explanation.
Type  H <return>  for immediate help.
 ...                                              
                                                  
l.464   \node[state]
                     (S1)  [right of=S0]  {\small $S_1$\\(0001)};
(That was another \errmessage.)


! LaTeX Error: Not allowed in LR mode.

See the LaTeX manual or LaTeX Companion for explanation.
Type  H <return>  for immediate help.
 ...                                              
                                                  
l.464 ...te] (S1)  [right of=S0]  {\small $S_1$\\(
                                                  0001)};
You've lost some text.  Try typing  <return>  to proceed.
If that doesn't work, type  X <return>  to quit.

! Missing } inserted.
<inserted text> 
                }
l.464 ...te] (S1)  [right of=S0]  {\small $S_1$\\(
                                                  0001)};
I've inserted something that you may have forgotten.
(See the <inserted text> above.)
With luck, this will get me unwedged. But if you
really didn't forget anything, try typing `2' now; then
my insertion and my current dilemma will both disappear.


! Package tikz Error: Giving up on this path. Did you forget a semicolon?.

See the tikz package documentation for explanation.
Type  H <return>  for immediate help.
 ...                                              
                                                  
l.464 ...te] (S1)  [right of=S0]  {\small $S_1$\\(
                                                  0001)};
(That was another \errmessage.)

! Missing \endgroup inserted.
<inserted text> 
                \endgroup 
l.464 ...te] (S1)  [right of=S0]  {\small $S_1$\\(
                                                  0001)};
I've inserted something that you may have forgotten.
(See the <inserted text> above.)
With luck, this will get me unwedged. But if you
really didn't forget anything, try typing `2' now; then
my insertion and my current dilemma will both disappear.

! Undefined control sequence.
<recently read> \tikz@expand@last@token@ 
                                         
l.464 ...te] (S1)  [right of=S0]  {\small $S_1$\\(
                                                  0001)};
The control sequence at the end of the top line
of your error message was never \def'ed. If you have
misspelled it (e.g., `\hobx'), type `I' and the correct
spelling (e.g., `I\hbox'). Otherwise just continue,
and I'll forget about whatever was undefined.

! Missing number, treated as zero.
<to be read again> 
                   \let 
l.464 ...te] (S1)  [right of=S0]  {\small $S_1$\\(
                                                  0001)};
A number should have been here; I inserted `0'.
(If you can't figure out why I needed to see a number,
look up `weird error' in the index to The TeXbook.)

! Illegal unit of measure (pt inserted).
<to be read again> 
                   \let 
l.464 ...te] (S1)  [right of=S0]  {\small $S_1$\\(
                                                  0001)};
Dimensions can be in units of em, ex, in, pt, pc,
cm, mm, dd, cc, bp, or sp; but yours is a new one!
I'll assume that you meant to say pt, for printer's points.
To recover gracefully from this error, it's best to
delete the erroneous units; e.g., type `2' to delete
two letters. (See Chapter 27 of The TeXbook.)

Missing character: There is no ( ("28) in font nullfont!
Missing character: There is no 0 ("30) in font nullfont!
Missing character: There is no 0 ("30) in font nullfont!
Missing character: There is no 0 ("30) in font nullfont!
Missing character: There is no 1 ("31) in font nullfont!
Missing character: There is no ) ("29) in font nullfont!
! Extra }, or forgotten \endgroup.
<recently read> }
                 
l.464 ...1)  [right of=S0]  {\small $S_1$\\(0001)}
                                                  ;
I've deleted a group-closing symbol because it seems to be
spurious, as in `$x}$'. But perhaps the } is legitimate and
you forgot something else, as in `\hbox{$x}'. In such cases
the way to recover is to insert both the forgotten and the
deleted material, e.g., by typing `I$}'.

Missing character: There is no ; ("3B) in font nullfont!

! Package pgfkeys Error: I do not know the key '/tikz/state' and I am going to 
ignore it. Perhaps you misspelled it.

See the pgfkeys package documentation for explanation.
Type  H <return>  for immediate help.
 ...                                              
                                                  
l.465   \node[state]
                     (S9)  [left  of=S0]  {\small $S_9$\\(1001)};
(That was another \errmessage.)


! LaTeX Error: Not allowed in LR mode.

See the LaTeX manual or LaTeX Companion for explanation.
Type  H <return>  for immediate help.
 ...                                              
                                                  
l.465 ...te] (S9)  [left  of=S0]  {\small $S_9$\\(
                                                  1001)};
You've lost some text.  Try typing  <return>  to proceed.
If that doesn't work, type  X <return>  to quit.

! Missing } inserted.
<inserted text> 
                }
l.465 ...te] (S9)  [left  of=S0]  {\small $S_9$\\(
                                                  1001)};
I've inserted something that you may have forgotten.
(See the <inserted text> above.)
With luck, this will get me unwedged. But if you
really didn't forget anything, try typing `2' now; then
my insertion and my current dilemma will both disappear.


! Package tikz Error: Giving up on this path. Did you forget a semicolon?.

See the tikz package documentation for explanation.
Type  H <return>  for immediate help.
 ...                                              
                                                  
l.465 ...te] (S9)  [left  of=S0]  {\small $S_9$\\(
                                                  1001)};
(That was another \errmessage.)

! Missing \endgroup inserted.
<inserted text> 
                \endgroup 
l.465 ...te] (S9)  [left  of=S0]  {\small $S_9$\\(
                                                  1001)};
I've inserted something that you may have forgotten.
(See the <inserted text> above.)
With luck, this will get me unwedged. But if you
really didn't forget anything, try typing `2' now; then
my insertion and my current dilemma will both disappear.

! Undefined control sequence.
<recently read> \tikz@expand@last@token@ 
                                         
l.465 ...te] (S9)  [left  of=S0]  {\small $S_9$\\(
                                                  1001)};
The control sequence at the end of the top line
of your error message was never \def'ed. If you have
misspelled it (e.g., `\hobx'), type `I' and the correct
spelling (e.g., `I\hbox'). Otherwise just continue,
and I'll forget about whatever was undefined.

! Missing number, treated as zero.
<to be read again> 
                   \let 
l.465 ...te] (S9)  [left  of=S0]  {\small $S_9$\\(
                                                  1001)};
A number should have been here; I inserted `0'.
(If you can't figure out why I needed to see a number,
look up `weird error' in the index to The TeXbook.)

! Illegal unit of measure (pt inserted).
<to be read again> 
                   \let 
l.465 ...te] (S9)  [left  of=S0]  {\small $S_9$\\(
                                                  1001)};
Dimensions can be in units of em, ex, in, pt, pc,
cm, mm, dd, cc, bp, or sp; but yours is a new one!
I'll assume that you meant to say pt, for printer's points.
To recover gracefully from this error, it's best to
delete the erroneous units; e.g., type `2' to delete
two letters. (See Chapter 27 of The TeXbook.)

Missing character: There is no ( ("28) in font nullfont!
Missing character: There is no 1 ("31) in font nullfont!
Missing character: There is no 0 ("30) in font nullfont!
Missing character: There is no 0 ("30) in font nullfont!
Missing character: There is no 1 ("31) in font nullfont!
Missing character: There is no ) ("29) in font nullfont!
! Extra }, or forgotten \endgroup.
<recently read> }
                 
l.465 ...9)  [left  of=S0]  {\small $S_9$\\(1001)}
                                                  ;
I've deleted a group-closing symbol because it seems to be
spurious, as in `$x}$'. But perhaps the } is legitimate and
you forgot something else, as in `\hbox{$x}'. In such cases
the way to recover is to insert both the forgotten and the
deleted material, e.g., by typing `I$}'.

Missing character: There is no ; ("3B) in font nullfont!

! Package pgfkeys Error: I do not know the key '/tikz/fit', to which you passed
 '(S1) (S0) (S9)', and I am going to ignore it. Perhaps you misspelled it.

See the pgfkeys package documentation for explanation.
Type  H <return>  for immediate help.
 ...                                              
                                                  
l.466 ...2 \sim S_8$ (0010$\sim$1000) 省略, 转移规律同上}]
                                                   {};
(That was another \errmessage.)

! Undefined control sequence.
\pgfsys@call@end ->\pgfsys@end@save 
                                    \pgfsys@endscope 
l.474 \end{tikzpicture}
                       
The control sequence at the end of the top line
of your error message was never \def'ed. If you have
misspelled it (e.g., `\hobx'), type `I' and the correct
spelling (e.g., `I\hbox'). Otherwise just continue,
and I'll forget about whatever was undefined.

! Missing } inserted.
<inserted text> 
                }
l.474 \end{tikzpicture}
                       
I've inserted something that you may have forgotten.
(See the <inserted text> above.)
With luck, this will get me unwedged. But if you
really didn't forget anything, try typing `2' now; then
my insertion and my current dilemma will both disappear.

! Undefined control sequence.
\endpgfscope ...pgflinewidth =\pgfscope@linewidth 
                                                  \global \let \pgf@strokeco...
l.474 \end{tikzpicture}
                       
The control sequence at the end of the top line
of your error message was never \def'ed. If you have
misspelled it (e.g., `\hobx'), type `I' and the correct
spelling (e.g., `I\hbox'). Otherwise just continue,
and I'll forget about whatever was undefined.

! Missing number, treated as zero.
<to be read again> 
                   \global 
l.474 \end{tikzpicture}
                       
A number should have been here; I inserted `0'.
(If you can't figure out why I needed to see a number,
look up `weird error' in the index to The TeXbook.)

! Illegal unit of measure (pt inserted).
<to be read again> 
                   \global 
l.474 \end{tikzpicture}
                       
Dimensions can be in units of em, ex, in, pt, pc,
cm, mm, dd, cc, bp, or sp; but yours is a new one!
I'll assume that you meant to say pt, for printer's points.
To recover gracefully from this error, it's best to
delete the erroneous units; e.g., type `2' to delete
two letters. (See Chapter 27 of The TeXbook.)

! Extra }, or forgotten \endgroup.
\endpgfpicture ...dpicture \endgroup \hss \egroup 
                                                  \pgfsys@typesetpicturebox ...
l.474 \end{tikzpicture}
                       
I've deleted a group-closing symbol because it seems to be
spurious, as in `$x}$'. But perhaps the } is legitimate and
you forgot something else, as in `\hbox{$x}'. In such cases
the way to recover is to insert both the forgotten and the
deleted material, e.g., by typing `I$}'.

! Extra \endgroup.
\endtikzpicture ...lobal \endpgfpicture \endgroup 
                                                  
l.474 \end{tikzpicture}
                       
Things are pretty mixed up, but I think the worst is over.


! LaTeX Error: \begin{document} ended by \end{tikzpicture}.

See the LaTeX manual or LaTeX Companion for explanation.
Type  H <return>  for immediate help.
 ...                                              
                                                  
l.474 \end{tikzpicture}
                       
Your command was ignored.
Type  I <command> <return>  to replace it with another command,
or  <return>  to continue without it.

! Extra \endgroup.
\end  ...end#1\endcsname \@checkend {#1}\endgroup 
                                                  \UseHook {env/#1/after}\if...
l.474 \end{tikzpicture}
                       
Things are pretty mixed up, but I think the worst is over.

! Infinite glue shrinkage found in a paragraph.
<argument> ...hskip:D \c_zero_dim \fi: \tex_par:D 
                                                  \hook_use:n {para/after}\@...
l.475 \end{center}
                  
The paragraph just ended includes some glue that has
infinite shrinkability, e.g., `\hskip 0pt minus 1fil'.
Such glue doesn't belong there---it allows a paragraph
of any length to fit on one line. But it's safe to proceed,
since the offensive shrinkability has been made finite.


! LaTeX Error: \begin{document} ended by \end{center}.

See the LaTeX manual or LaTeX Companion for explanation.
Type  H <return>  for immediate help.
 ...                                              
                                                  
l.475 \end{center}
                  
Your command was ignored.
Type  I <command> <return>  to replace it with another command,
or  <return>  to continue without it.

! Extra \endgroup.
\end  ...end#1\endcsname \@checkend {#1}\endgroup 
                                                  \UseHook {env/#1/after}\if...
l.475 \end{center}
                  
Things are pretty mixed up, but I think the worst is over.


Package fancyhdr Warning: \headheight is too small (12.0pt): 
(fancyhdr)                Make it at least 14.49998pt, for example:
(fancyhdr)                \setlength{\headheight}{14.49998pt}.
(fancyhdr)                You might also make \topmargin smaller:
(fancyhdr)                \addtolength{\topmargin}{-2.49998pt}.

[10]

! Package Listings Error: Couldn't load requested style.

See the Listings package documentation for explanation.
Type  H <return>  for immediate help.
 ...                                              
                                                  
l.488 \begin{lstlisting}[style=Vivado]
                                      
The following styles weren't loadable:
    ,vivado$
This may cause errors in the sequel.


! Package Listings Error: style vivado undefined.

See the Listings package documentation for explanation.
Type  H <return>  for immediate help.
 ...                                              
                                                  
l.488 \begin{lstlisting}[style=Vivado]
                                      
The style is not loadable. Try typing  <return>  to proceed.
If that doesn't work, type  X <return>  to quit.


Package fancyhdr Warning: \headheight is too small (12.0pt): 
(fancyhdr)                Make it at least 14.49998pt, for example:
(fancyhdr)                \setlength{\headheight}{14.49998pt}.
(fancyhdr)                You might also make \topmargin smaller:
(fancyhdr)                \addtolength{\topmargin}{-2.49998pt}.

[11]

! Package Listings Error: Couldn't load requested style.

See the Listings package documentation for explanation.
Type  H <return>  for immediate help.
 ...                                              
                                                  
l.539 \begin{lstlisting}[style=Vivado]
                                      
The following styles weren't loadable:
    ,vivado$
This may cause errors in the sequel.


! Package Listings Error: style vivado undefined.

See the Listings package documentation for explanation.
Type  H <return>  for immediate help.
 ...                                              
                                                  
l.539 \begin{lstlisting}[style=Vivado]
                                      
The style is not loadable. Try typing  <return>  to proceed.
If that doesn't work, type  X <return>  to quit.


Package fancyhdr Warning: \headheight is too small (12.0pt): 
(fancyhdr)                Make it at least 14.49998pt, for example:
(fancyhdr)                \setlength{\headheight}{14.49998pt}.
(fancyhdr)                You might also make \topmargin smaller:
(fancyhdr)                \addtolength{\topmargin}{-2.49998pt}.

[12]

! Package pgfkeys Error: I do not know the key '/tikz/on grid' and I am going t
o ignore it. Perhaps you misspelled it.

See the pgfkeys package documentation for explanation.
Type  H <return>  for immediate help.
 ...                                              
                                                  
l.571 ...=1pt, node distance=3.5cm, on grid, auto]
                                                  
(That was another \errmessage.)


! Package pgfkeys Error: I do not know the key '/tikz/state' and I am going to 
ignore it. Perhaps you misspelled it.

See the pgfkeys package documentation for explanation.
Type  H <return>  for immediate help.
 ...                                              
                                                  
l.574 ...e[state,initial above,initial text={rst}]
                                                   (S0) {\small $S_0$\\(初始)};
(That was another \errmessage.)


! Package pgfkeys Error: I do not know the key '/tikz/initial above' and I am g
oing to ignore it. Perhaps you misspelled it.

See the pgfkeys package documentation for explanation.
Type  H <return>  for immediate help.
 ...                                              
                                                  
l.574 ...e[state,initial above,initial text={rst}]
                                                   (S0) {\small $S_0$\\(初始)};
(That was another \errmessage.)


! Package pgfkeys Error: I do not know the key '/tikz/initial text', to which y
ou passed 'rst', and I am going to ignore it. Perhaps you misspelled it.

See the pgfkeys package documentation for explanation.
Type  H <return>  for immediate help.
 ...                                              
                                                  
l.574 ...e[state,initial above,initial text={rst}]
                                                   (S0) {\small $S_0$\\(初始)};
(That was another \errmessage.)


! LaTeX Error: Not allowed in LR mode.

See the LaTeX manual or LaTeX Companion for explanation.
Type  H <return>  for immediate help.
 ...                                              
                                                  
l.574 ...initial text={rst}] (S0) {\small $S_0$\\(
                                                  初始)};
You've lost some text.  Try typing  <return>  to proceed.
If that doesn't work, type  X <return>  to quit.

! Missing } inserted.
<inserted text> 
                }
l.574 ...initial text={rst}] (S0) {\small $S_0$\\(
                                                  初始)};
I've inserted something that you may have forgotten.
(See the <inserted text> above.)
With luck, this will get me unwedged. But if you
really didn't forget anything, try typing `2' now; then
my insertion and my current dilemma will both disappear.


! Package tikz Error: Giving up on this path. Did you forget a semicolon?.

See the tikz package documentation for explanation.
Type  H <return>  for immediate help.
 ...                                              
                                                  
l.574 ...initial text={rst}] (S0) {\small $S_0$\\(
                                                  初始)};
(That was another \errmessage.)

! Missing \endgroup inserted.
<inserted text> 
                \endgroup 
l.574 ...initial text={rst}] (S0) {\small $S_0$\\(
                                                  初始)};
I've inserted something that you may have forgotten.
(See the <inserted text> above.)
With luck, this will get me unwedged. But if you
really didn't forget anything, try typing `2' now; then
my insertion and my current dilemma will both disappear.

! Undefined control sequence.
<recently read> \tikz@expand@last@token@ 
                                         
l.574 ...initial text={rst}] (S0) {\small $S_0$\\(
                                                  初始)};
The control sequence at the end of the top line
of your error message was never \def'ed. If you have
misspelled it (e.g., `\hobx'), type `I' and the correct
spelling (e.g., `I\hbox'). Otherwise just continue,
and I'll forget about whatever was undefined.

! Missing number, treated as zero.
<to be read again> 
                   \let 
l.574 ...initial text={rst}] (S0) {\small $S_0$\\(
                                                  初始)};
A number should have been here; I inserted `0'.
(If you can't figure out why I needed to see a number,
look up `weird error' in the index to The TeXbook.)

! Illegal unit of measure (pt inserted).
<to be read again> 
                   \let 
l.574 ...initial text={rst}] (S0) {\small $S_0$\\(
                                                  初始)};
Dimensions can be in units of em, ex, in, pt, pc,
cm, mm, dd, cc, bp, or sp; but yours is a new one!
I'll assume that you meant to say pt, for printer's points.
To recover gracefully from this error, it's best to
delete the erroneous units; e.g., type `2' to delete
two letters. (See Chapter 27 of The TeXbook.)

Missing character: There is no ( ("28) in font nullfont!
Missing character: There is no ) ("29) in font nullfont!
! Extra }, or forgotten \endgroup.
<recently read> }
                 
l.574 ...ial text={rst}] (S0) {\small $S_0$\\(初始)}
                                                  ;
I've deleted a group-closing symbol because it seems to be
spurious, as in `$x}$'. But perhaps the } is legitimate and
you forgot something else, as in `\hbox{$x}'. In such cases
the way to recover is to insert both the forgotten and the
deleted material, e.g., by typing `I$}'.

Missing character: There is no ; ("3B) in font nullfont!

! Package pgfkeys Error: I do not know the key '/tikz/state' and I am going to 
ignore it. Perhaps you misspelled it.

See the pgfkeys package documentation for explanation.
Type  H <return>  for immediate help.
 ...                                              
                                                  
l.575   \node[state]
                     (S1) [right of=S0]  {\small $S_1$\\(匹配"1")};
(That was another \errmessage.)


! LaTeX Error: Not allowed in LR mode.

See the LaTeX manual or LaTeX Companion for explanation.
Type  H <return>  for immediate help.
 ...                                              
                                                  
l.575 ...ate] (S1) [right of=S0]  {\small $S_1$\\(
                                                  匹配"1")};
You've lost some text.  Try typing  <return>  to proceed.
If that doesn't work, type  X <return>  to quit.

! Missing } inserted.
<inserted text> 
                }
l.575 ...ate] (S1) [right of=S0]  {\small $S_1$\\(
                                                  匹配"1")};
I've inserted something that you may have forgotten.
(See the <inserted text> above.)
With luck, this will get me unwedged. But if you
really didn't forget anything, try typing `2' now; then
my insertion and my current dilemma will both disappear.


! Package tikz Error: Giving up on this path. Did you forget a semicolon?.

See the tikz package documentation for explanation.
Type  H <return>  for immediate help.
 ...                                              
                                                  
l.575 ...ate] (S1) [right of=S0]  {\small $S_1$\\(
                                                  匹配"1")};
(That was another \errmessage.)

! Missing \endgroup inserted.
<inserted text> 
                \endgroup 
l.575 ...ate] (S1) [right of=S0]  {\small $S_1$\\(
                                                  匹配"1")};
I've inserted something that you may have forgotten.
(See the <inserted text> above.)
With luck, this will get me unwedged. But if you
really didn't forget anything, try typing `2' now; then
my insertion and my current dilemma will both disappear.

! Undefined control sequence.
<recently read> \tikz@expand@last@token@ 
                                         
l.575 ...ate] (S1) [right of=S0]  {\small $S_1$\\(
                                                  匹配"1")};
The control sequence at the end of the top line
of your error message was never \def'ed. If you have
misspelled it (e.g., `\hobx'), type `I' and the correct
spelling (e.g., `I\hbox'). Otherwise just continue,
and I'll forget about whatever was undefined.

! Missing number, treated as zero.
<to be read again> 
                   \let 
l.575 ...ate] (S1) [right of=S0]  {\small $S_1$\\(
                                                  匹配"1")};
A number should have been here; I inserted `0'.
(If you can't figure out why I needed to see a number,
look up `weird error' in the index to The TeXbook.)

! Illegal unit of measure (pt inserted).
<to be read again> 
                   \let 
l.575 ...ate] (S1) [right of=S0]  {\small $S_1$\\(
                                                  匹配"1")};
Dimensions can be in units of em, ex, in, pt, pc,
cm, mm, dd, cc, bp, or sp; but yours is a new one!
I'll assume that you meant to say pt, for printer's points.
To recover gracefully from this error, it's best to
delete the erroneous units; e.g., type `2' to delete
two letters. (See Chapter 27 of The TeXbook.)

Missing character: There is no ( ("28) in font nullfont!
Missing character: There is no " ("22) in font nullfont!
Missing character: There is no 1 ("31) in font nullfont!
Missing character: There is no " ("22) in font nullfont!
Missing character: There is no ) ("29) in font nullfont!
! Extra }, or forgotten \endgroup.
<recently read> }
                 
l.575 ...1) [right of=S0]  {\small $S_1$\\(匹配"1")}
                                                  ;
I've deleted a group-closing symbol because it seems to be
spurious, as in `$x}$'. But perhaps the } is legitimate and
you forgot something else, as in `\hbox{$x}'. In such cases
the way to recover is to insert both the forgotten and the
deleted material, e.g., by typing `I$}'.

Missing character: There is no ; ("3B) in font nullfont!

! Package pgfkeys Error: I do not know the key '/tikz/state' and I am going to 
ignore it. Perhaps you misspelled it.

See the pgfkeys package documentation for explanation.
Type  H <return>  for immediate help.
 ...                                              
                                                  
l.576   \node[state]
                     (S2) [below of=S1]  {\small $S_2$\\(匹配"10")};
(That was another \errmessage.)


! LaTeX Error: Not allowed in LR mode.

See the LaTeX manual or LaTeX Companion for explanation.
Type  H <return>  for immediate help.
 ...                                              
                                                  
l.576 ...ate] (S2) [below of=S1]  {\small $S_2$\\(
                                                  匹配"10")};
You've lost some text.  Try typing  <return>  to proceed.
If that doesn't work, type  X <return>  to quit.

! Missing } inserted.
<inserted text> 
                }
l.576 ...ate] (S2) [below of=S1]  {\small $S_2$\\(
                                                  匹配"10")};
I've inserted something that you may have forgotten.
(See the <inserted text> above.)
With luck, this will get me unwedged. But if you
really didn't forget anything, try typing `2' now; then
my insertion and my current dilemma will both disappear.


! Package tikz Error: Giving up on this path. Did you forget a semicolon?.

See the tikz package documentation for explanation.
Type  H <return>  for immediate help.
 ...                                              
                                                  
l.576 ...ate] (S2) [below of=S1]  {\small $S_2$\\(
                                                  匹配"10")};
(That was another \errmessage.)

! Missing \endgroup inserted.
<inserted text> 
                \endgroup 
l.576 ...ate] (S2) [below of=S1]  {\small $S_2$\\(
                                                  匹配"10")};
I've inserted something that you may have forgotten.
(See the <inserted text> above.)
With luck, this will get me unwedged. But if you
really didn't forget anything, try typing `2' now; then
my insertion and my current dilemma will both disappear.

! Undefined control sequence.
<recently read> \tikz@expand@last@token@ 
                                         
l.576 ...ate] (S2) [below of=S1]  {\small $S_2$\\(
                                                  匹配"10")};
The control sequence at the end of the top line
of your error message was never \def'ed. If you have
misspelled it (e.g., `\hobx'), type `I' and the correct
spelling (e.g., `I\hbox'). Otherwise just continue,
and I'll forget about whatever was undefined.

! Missing number, treated as zero.
<to be read again> 
                   \let 
l.576 ...ate] (S2) [below of=S1]  {\small $S_2$\\(
                                                  匹配"10")};
A number should have been here; I inserted `0'.
(If you can't figure out why I needed to see a number,
look up `weird error' in the index to The TeXbook.)

! Illegal unit of measure (pt inserted).
<to be read again> 
                   \let 
l.576 ...ate] (S2) [below of=S1]  {\small $S_2$\\(
                                                  匹配"10")};
Dimensions can be in units of em, ex, in, pt, pc,
cm, mm, dd, cc, bp, or sp; but yours is a new one!
I'll assume that you meant to say pt, for printer's points.
To recover gracefully from this error, it's best to
delete the erroneous units; e.g., type `2' to delete
two letters. (See Chapter 27 of The TeXbook.)

Missing character: There is no ( ("28) in font nullfont!
Missing character: There is no " ("22) in font nullfont!
Missing character: There is no 1 ("31) in font nullfont!
Missing character: There is no 0 ("30) in font nullfont!
Missing character: There is no " ("22) in font nullfont!
Missing character: There is no ) ("29) in font nullfont!
! Extra }, or forgotten \endgroup.
<recently read> }
                 
l.576 ...) [below of=S1]  {\small $S_2$\\(匹配"10")}
                                                  ;
I've deleted a group-closing symbol because it seems to be
spurious, as in `$x}$'. But perhaps the } is legitimate and
you forgot something else, as in `\hbox{$x}'. In such cases
the way to recover is to insert both the forgotten and the
deleted material, e.g., by typing `I$}'.

Missing character: There is no ; ("3B) in font nullfont!

! Package pgfkeys Error: I do not know the key '/tikz/state' and I am going to 
ignore it. Perhaps you misspelled it.

See the pgfkeys package documentation for explanation.
Type  H <return>  for immediate help.
 ...                                              
                                                  
l.577   \node[state,accepting]
                               (S3) [left of=S2]  {\small $S_3$\\(匹配"101")};
(That was another \errmessage.)


! Package pgfkeys Error: I do not know the key '/tikz/accepting' and I am going
 to ignore it. Perhaps you misspelled it.

See the pgfkeys package documentation for explanation.
Type  H <return>  for immediate help.
 ...                                              
                                                  
l.577   \node[state,accepting]
                               (S3) [left of=S2]  {\small $S_3$\\(匹配"101")};
(That was another \errmessage.)


! LaTeX Error: Not allowed in LR mode.

See the LaTeX manual or LaTeX Companion for explanation.
Type  H <return>  for immediate help.
 ...                                              
                                                  
l.577 ...ting] (S3) [left of=S2]  {\small $S_3$\\(
                                                  匹配"101")};
You've lost some text.  Try typing  <return>  to proceed.
If that doesn't work, type  X <return>  to quit.

! Missing } inserted.
<inserted text> 
                }
l.577 ...ting] (S3) [left of=S2]  {\small $S_3$\\(
                                                  匹配"101")};
I've inserted something that you may have forgotten.
(See the <inserted text> above.)
With luck, this will get me unwedged. But if you
really didn't forget anything, try typing `2' now; then
my insertion and my current dilemma will both disappear.


! Package tikz Error: Giving up on this path. Did you forget a semicolon?.

See the tikz package documentation for explanation.
Type  H <return>  for immediate help.
 ...                                              
                                                  
l.577 ...ting] (S3) [left of=S2]  {\small $S_3$\\(
                                                  匹配"101")};
(That was another \errmessage.)

! Missing \endgroup inserted.
<inserted text> 
                \endgroup 
l.577 ...ting] (S3) [left of=S2]  {\small $S_3$\\(
                                                  匹配"101")};
I've inserted something that you may have forgotten.
(See the <inserted text> above.)
With luck, this will get me unwedged. But if you
really didn't forget anything, try typing `2' now; then
my insertion and my current dilemma will both disappear.

! Undefined control sequence.
<recently read> \tikz@expand@last@token@ 
                                         
l.577 ...ting] (S3) [left of=S2]  {\small $S_3$\\(
                                                  匹配"101")};
The control sequence at the end of the top line
of your error message was never \def'ed. If you have
misspelled it (e.g., `\hobx'), type `I' and the correct
spelling (e.g., `I\hbox'). Otherwise just continue,
and I'll forget about whatever was undefined.

! Missing number, treated as zero.
<to be read again> 
                   \let 
l.577 ...ting] (S3) [left of=S2]  {\small $S_3$\\(
                                                  匹配"101")};
A number should have been here; I inserted `0'.
(If you can't figure out why I needed to see a number,
look up `weird error' in the index to The TeXbook.)

! Illegal unit of measure (pt inserted).
<to be read again> 
                   \let 
l.577 ...ting] (S3) [left of=S2]  {\small $S_3$\\(
                                                  匹配"101")};
Dimensions can be in units of em, ex, in, pt, pc,
cm, mm, dd, cc, bp, or sp; but yours is a new one!
I'll assume that you meant to say pt, for printer's points.
To recover gracefully from this error, it's best to
delete the erroneous units; e.g., type `2' to delete
two letters. (See Chapter 27 of The TeXbook.)

Missing character: There is no ( ("28) in font nullfont!
Missing character: There is no " ("22) in font nullfont!
Missing character: There is no 1 ("31) in font nullfont!
Missing character: There is no 0 ("30) in font nullfont!
Missing character: There is no 1 ("31) in font nullfont!
Missing character: There is no " ("22) in font nullfont!
Missing character: There is no ) ("29) in font nullfont!
! Extra }, or forgotten \endgroup.
<recently read> }
                 
l.577 ...) [left of=S2]  {\small $S_3$\\(匹配"101")}
                                                  ;
I've deleted a group-closing symbol because it seems to be
spurious, as in `$x}$'. But perhaps the } is legitimate and
you forgot something else, as in `\hbox{$x}'. In such cases
the way to recover is to insert both the forgotten and the
deleted material, e.g., by typing `I$}'.

Missing character: There is no ; ("3B) in font nullfont!

! Package PGF Math Error: Unknown operator `o' or `of' (in '0.3cm of S3').

See the PGF Math package documentation for explanation.
Type  H <return>  for immediate help.
 ...                                              
                                                  
l.597 ...de[font=\footnotesize, below=0.3cm of S3]
                                                   {$y=1$};
(That was another \errmessage.)


! Package PGF Math Error: Unknown operator `o' or `of' (in '0.3cm of S0').

See the PGF Math package documentation for explanation.
Type  H <return>  for immediate help.
 ...                                              
                                                  
l.598 ...tesize, below=0.3cm of S0, xshift=-0.5cm]
                                                   {$y=0$};
(That was another \errmessage.)


! Package PGF Math Error: Unknown operator `o' or `of' (in '0.3cm of S1').

See the PGF Math package documentation for explanation.
Type  H <return>  for immediate help.
 ...                                              
                                                  
l.599 ...otesize, below=0.3cm of S1, xshift=0.5cm]
                                                    {$y=0$};
(That was another \errmessage.)


! Package PGF Math Error: Unknown operator `o' or `of' (in '0.3cm of S2').

See the PGF Math package documentation for explanation.
Type  H <return>  for immediate help.
 ...                                              
                                                  
l.600 ...de[font=\footnotesize, below=0.3cm of S2]
                                                   {$y=0$};
(That was another \errmessage.)

! Undefined control sequence.
\pgfsys@call@end ->\pgfsys@end@save 
                                    \pgfsys@endscope 
l.602 \end{tikzpicture}
                       
The control sequence at the end of the top line
of your error message was never \def'ed. If you have
misspelled it (e.g., `\hobx'), type `I' and the correct
spelling (e.g., `I\hbox'). Otherwise just continue,
and I'll forget about whatever was undefined.

! Missing } inserted.
<inserted text> 
                }
l.602 \end{tikzpicture}
                       
I've inserted something that you may have forgotten.
(See the <inserted text> above.)
With luck, this will get me unwedged. But if you
really didn't forget anything, try typing `2' now; then
my insertion and my current dilemma will both disappear.


Overfull \hbox (96.0pt too wide) detected at line 602
[]  []\TU/SimSun(0)/m/n/12 初 始  []匹 配  []匹 配  []匹 配         [][][] [][][][][]  
[]
 []

! Undefined control sequence.
\endpgfscope ...pgflinewidth =\pgfscope@linewidth 
                                                  \global \let \pgf@strokeco...
l.602 \end{tikzpicture}
                       
The control sequence at the end of the top line
of your error message was never \def'ed. If you have
misspelled it (e.g., `\hobx'), type `I' and the correct
spelling (e.g., `I\hbox'). Otherwise just continue,
and I'll forget about whatever was undefined.

! Missing number, treated as zero.
<to be read again> 
                   \global 
l.602 \end{tikzpicture}
                       
A number should have been here; I inserted `0'.
(If you can't figure out why I needed to see a number,
look up `weird error' in the index to The TeXbook.)

! Illegal unit of measure (pt inserted).
<to be read again> 
                   \global 
l.602 \end{tikzpicture}
                       
Dimensions can be in units of em, ex, in, pt, pc,
cm, mm, dd, cc, bp, or sp; but yours is a new one!
I'll assume that you meant to say pt, for printer's points.
To recover gracefully from this error, it's best to
delete the erroneous units; e.g., type `2' to delete
two letters. (See Chapter 27 of The TeXbook.)

! Missing } inserted.
<inserted text> 
                }
l.602 \end{tikzpicture}
                       
I've inserted something that you may have forgotten.
(See the <inserted text> above.)
With luck, this will get me unwedged. But if you
really didn't forget anything, try typing `2' now; then
my insertion and my current dilemma will both disappear.

! Extra }, or forgotten \endgroup.
\endpgfpicture ...globally \endgroup \hss \egroup 
                                                  \pgf@restore@layerlist@fro...
l.602 \end{tikzpicture}
                       
I've deleted a group-closing symbol because it seems to be
spurious, as in `$x}$'. But perhaps the } is legitimate and
you forgot something else, as in `\hbox{$x}'. In such cases
the way to recover is to insert both the forgotten and the
deleted material, e.g., by typing `I$}'.

! Too many }'s.
\endpgfpicture ...dpicture \endgroup \hss \egroup 
                                                  \pgfsys@typesetpicturebox ...
l.602 \end{tikzpicture}
                       
You've closed more groups than you opened.
Such booboos are generally harmless, so keep going.

! Extra \endgroup.
\endpgfpicture ...setpicturebox \pgfpic \endgroup 
                                                  
l.602 \end{tikzpicture}
                       
Things are pretty mixed up, but I think the worst is over.

! Extra \endgroup.
\endtikzpicture ...lobal \endpgfpicture \endgroup 
                                                  
l.602 \end{tikzpicture}
                       
Things are pretty mixed up, but I think the worst is over.


! LaTeX Error: \begin{document} ended by \end{tikzpicture}.

See the LaTeX manual or LaTeX Companion for explanation.
Type  H <return>  for immediate help.
 ...                                              
                                                  
l.602 \end{tikzpicture}
                       
Your command was ignored.
Type  I <command> <return>  to replace it with another command,
or  <return>  to continue without it.

! Extra \endgroup.
\end  ...end#1\endcsname \@checkend {#1}\endgroup 
                                                  \UseHook {env/#1/after}\if...
l.602 \end{tikzpicture}
                       
Things are pretty mixed up, but I think the worst is over.

! Infinite glue shrinkage found in a paragraph.
<argument> ...hskip:D \c_zero_dim \fi: \tex_par:D 
                                                  \hook_use:n {para/after}\@...
l.603 \end{center}
                  
The paragraph just ended includes some glue that has
infinite shrinkability, e.g., `\hskip 0pt minus 1fil'.
Such glue doesn't belong there---it allows a paragraph
of any length to fit on one line. But it's safe to proceed,
since the offensive shrinkability has been made finite.


! LaTeX Error: \begin{document} ended by \end{center}.

See the LaTeX manual or LaTeX Companion for explanation.
Type  H <return>  for immediate help.
 ...                                              
                                                  
l.603 \end{center}
                  
Your command was ignored.
Type  I <command> <return>  to replace it with another command,
or  <return>  to continue without it.

! Extra \endgroup.
\end  ...end#1\endcsname \@checkend {#1}\endgroup 
                                                  \UseHook {env/#1/after}\if...
l.603 \end{center}
                  
Things are pretty mixed up, but I think the worst is over.


Package fancyhdr Warning: \headheight is too small (12.0pt): 
(fancyhdr)                Make it at least 14.49998pt, for example:
(fancyhdr)                \setlength{\headheight}{14.49998pt}.
(fancyhdr)                You might also make \topmargin smaller:
(fancyhdr)                \addtolength{\topmargin}{-2.49998pt}.

[13]

! Package Listings Error: Couldn't load requested style.

See the Listings package documentation for explanation.
Type  H <return>  for immediate help.
 ...                                              
                                                  
l.644 \begin{lstlisting}[style=Vivado]
                                      
The following styles weren't loadable:
    ,vivado$
This may cause errors in the sequel.


! Package Listings Error: style vivado undefined.

See the Listings package documentation for explanation.
Type  H <return>  for immediate help.
 ...                                              
                                                  
l.644 \begin{lstlisting}[style=Vivado]
                                      
The style is not loadable. Try typing  <return>  to proceed.
If that doesn't work, type  X <return>  to quit.


Package fancyhdr Warning: \headheight is too small (12.0pt): 
(fancyhdr)                Make it at least 14.49998pt, for example:
(fancyhdr)                \setlength{\headheight}{14.49998pt}.
(fancyhdr)                You might also make \topmargin smaller:
(fancyhdr)                \addtolength{\topmargin}{-2.49998pt}.

[14]
Underfull \vbox (badness 10000) has occurred while \output is active []



Package fancyhdr Warning: \headheight is too small (12.0pt): 
(fancyhdr)                Make it at least 14.49998pt, for example:
(fancyhdr)                \setlength{\headheight}{14.49998pt}.
(fancyhdr)                You might also make \topmargin smaller:
(fancyhdr)                \addtolength{\topmargin}{-2.49998pt}.

[15]

! Package Listings Error: Couldn't load requested style.

See the Listings package documentation for explanation.
Type  H <return>  for immediate help.
 ...                                              
                                                  
l.737 \begin{lstlisting}[style=Vivado]
                                      
The following styles weren't loadable:
    ,vivado$
This may cause errors in the sequel.


! Package Listings Error: style vivado undefined.

See the Listings package documentation for explanation.
Type  H <return>  for immediate help.
 ...                                              
                                                  
l.737 \begin{lstlisting}[style=Vivado]
                                      
The style is not loadable. Try typing  <return>  to proceed.
If that doesn't work, type  X <return>  to quit.


Package fancyhdr Warning: \headheight is too small (12.0pt): 
(fancyhdr)                Make it at least 14.49998pt, for example:
(fancyhdr)                \setlength{\headheight}{14.49998pt}.
(fancyhdr)                You might also make \topmargin smaller:
(fancyhdr)                \addtolength{\topmargin}{-2.49998pt}.

[16]
Overfull \hbox (2.92915pt too wide) in paragraph at lines 792--793
[]\TU/SimSun(0)/m/n/12 将 输 出 逻 辑 写 成 \TU/lmtt/m/n/12 y <= '1' WHEN state=S3 AND
 x='...' ELSE '0' |\TU/SimSun(0)/m/n/12 — —| \TU/lmr/m/n/12 Moore \TU/SimSun(0)
/m/n/12 型
 []


Package fancyhdr Warning: \headheight is too small (12.0pt): 
(fancyhdr)                Make it at least 14.49998pt, for example:
(fancyhdr)                \setlength{\headheight}{14.49998pt}.
(fancyhdr)                You might also make \topmargin smaller:
(fancyhdr)                \addtolength{\topmargin}{-2.49998pt}.

[17]) (./answers/answer02.tex

Package fancyhdr Warning: \headheight is too small (12.0pt): 
(fancyhdr)                Make it at least 14.49998pt, for example:
(fancyhdr)                \setlength{\headheight}{14.49998pt}.
(fancyhdr)                You might also make \topmargin smaller:
(fancyhdr)                \addtolength{\topmargin}{-2.49998pt}.

[18]
第二章
[19

]
Overfull \hbox (12.83627pt too wide) in paragraph at lines 57--58
\TU/lmtt/m/n/12 BIT_VECTOR\TU/SimSun(0)/m/n/12 、| \TU/lmtt/m/n/12 ARRAY \TU/Sim
Sun(0)/m/n/12 等 表 示 一 组 元 素 的 集 合。| \TU/lmtt/m/n/12 STD_LOGIC_VECTOR \TU/SimSun
(0)/m/n/12 是 由 多 个 \TU/lmtt/m/n/12 STD_LOGIC
 []


Package fancyhdr Warning: \headheight is too small (12.0pt): 
(fancyhdr)                Make it at least 14.49998pt, for example:
(fancyhdr)                \setlength{\headheight}{14.49998pt}.
(fancyhdr)                You might also make \topmargin smaller:
(fancyhdr)                \addtolength{\topmargin}{-2.49998pt}.

[20]

Package fancyhdr Warning: \headheight is too small (12.0pt): 
(fancyhdr)                Make it at least 14.49998pt, for example:
(fancyhdr)                \setlength{\headheight}{14.49998pt}.
(fancyhdr)                You might also make \topmargin smaller:
(fancyhdr)                \addtolength{\topmargin}{-2.49998pt}.

[21]

Package fancyhdr Warning: \headheight is too small (12.0pt): 
(fancyhdr)                Make it at least 14.49998pt, for example:
(fancyhdr)                \setlength{\headheight}{14.49998pt}.
(fancyhdr)                You might also make \topmargin smaller:
(fancyhdr)                \addtolength{\topmargin}{-2.49998pt}.

[22]

Package fancyhdr Warning: \headheight is too small (12.0pt): 
(fancyhdr)                Make it at least 14.49998pt, for example:
(fancyhdr)                \setlength{\headheight}{14.49998pt}.
(fancyhdr)                You might also make \topmargin smaller:
(fancyhdr)                \addtolength{\topmargin}{-2.49998pt}.

[23]

Package fancyhdr Warning: \headheight is too small (12.0pt): 
(fancyhdr)                Make it at least 14.49998pt, for example:
(fancyhdr)                \setlength{\headheight}{14.49998pt}.
(fancyhdr)                You might also make \topmargin smaller:
(fancyhdr)                \addtolength{\topmargin}{-2.49998pt}.

[24]

Package fancyhdr Warning: \headheight is too small (12.0pt): 
(fancyhdr)                Make it at least 14.49998pt, for example:
(fancyhdr)                \setlength{\headheight}{14.49998pt}.
(fancyhdr)                You might also make \topmargin smaller:
(fancyhdr)                \addtolength{\topmargin}{-2.49998pt}.

[25]

Package fancyhdr Warning: \headheight is too small (12.0pt): 
(fancyhdr)                Make it at least 14.49998pt, for example:
(fancyhdr)                \setlength{\headheight}{14.49998pt}.
(fancyhdr)                You might also make \topmargin smaller:
(fancyhdr)                \addtolength{\topmargin}{-2.49998pt}.

[26]

Package fancyhdr Warning: \headheight is too small (12.0pt): 
(fancyhdr)                Make it at least 14.49998pt, for example:
(fancyhdr)                \setlength{\headheight}{14.49998pt}.
(fancyhdr)                You might also make \topmargin smaller:
(fancyhdr)                \addtolength{\topmargin}{-2.49998pt}.

[27]

Package fancyhdr Warning: \headheight is too small (12.0pt): 
(fancyhdr)                Make it at least 14.49998pt, for example:
(fancyhdr)                \setlength{\headheight}{14.49998pt}.
(fancyhdr)                You might also make \topmargin smaller:
(fancyhdr)                \addtolength{\topmargin}{-2.49998pt}.

[28]
Underfull \hbox (badness 10000) in paragraph at lines 312--313
[]\TU/SimSun(0)/m/n/12 类 型  |（\TU/lmtt/m/n/12 STD_LOGIC\TU/lmr/m/n/12 /\TU/lmtt
/m/n/12 STD_LOGIC_VECTOR\TU/SimSun(0)/m/n/12 ）|  与 方 向
 []


Underfull \hbox (badness 10000) in paragraph at lines 317--318
[]\TU/SimSun(0)/m/n/12 异 步 复 位 优 先 级 最 高：| \TU/lmtt/m/n/12 IF rst='1' THEN q <=

 []


Underfull \hbox (badness 10000) in paragraph at lines 320--321
[]\TU/SimSun(0)/m/n/12 进 位 输 出 逻 辑：| \TU/lmtt/m/n/12 cout <= '1' WHEN q="0101" 
AND
 []


Package fancyhdr Warning: \headheight is too small (12.0pt): 
(fancyhdr)                Make it at least 14.49998pt, for example:
(fancyhdr)                \setlength{\headheight}{14.49998pt}.
(fancyhdr)                You might also make \topmargin smaller:
(fancyhdr)                \addtolength{\topmargin}{-2.49998pt}.

[29]
Underfull \vbox (badness 10000) has occurred while \output is active []



Package fancyhdr Warning: \headheight is too small (12.0pt): 
(fancyhdr)                Make it at least 14.49998pt, for example:
(fancyhdr)                \setlength{\headheight}{14.49998pt}.
(fancyhdr)                You might also make \topmargin smaller:
(fancyhdr)                \addtolength{\topmargin}{-2.49998pt}.

[30]

Package fancyhdr Warning: \headheight is too small (12.0pt): 
(fancyhdr)                Make it at least 14.49998pt, for example:
(fancyhdr)                \setlength{\headheight}{14.49998pt}.
(fancyhdr)                You might also make \topmargin smaller:
(fancyhdr)                \addtolength{\topmargin}{-2.49998pt}.

[31]

! Package pgfkeys Error: I do not know the key '/tikz/initial above' and I am g
oing to ignore it. Perhaps you misspelled it.

See the pgfkeys package documentation for explanation.
Type  H <return>  for immediate help.
 ...                                              
                                                  
l.445   \node[state, initial above, initial text=]
                                                   (S0) {S0};
(That was another \errmessage.)


! Package pgfkeys Error: I do not know the key '/tikz/initial text', to which y
ou passed '', and I am going to ignore it. Perhaps you misspelled it.

See the pgfkeys package documentation for explanation.
Type  H <return>  for immediate help.
 ...                                              
                                                  
l.445   \node[state, initial above, initial text=]
                                                   (S0) {S0};
(That was another \errmessage.)


LaTeX Warning: `!h' float specifier changed to `!ht'.


Package fancyhdr Warning: \headheight is too small (12.0pt): 
(fancyhdr)                Make it at least 14.49998pt, for example:
(fancyhdr)                \setlength{\headheight}{14.49998pt}.
(fancyhdr)                You might also make \topmargin smaller:
(fancyhdr)                \addtolength{\topmargin}{-2.49998pt}.

[32]

Package fancyhdr Warning: \headheight is too small (12.0pt): 
(fancyhdr)                Make it at least 14.49998pt, for example:
(fancyhdr)                \setlength{\headheight}{14.49998pt}.
(fancyhdr)                You might also make \topmargin smaller:
(fancyhdr)                \addtolength{\topmargin}{-2.49998pt}.

[33]
Underfull \vbox (badness 10000) has occurred while \output is active []



Package fancyhdr Warning: \headheight is too small (12.0pt): 
(fancyhdr)                Make it at least 14.49998pt, for example:
(fancyhdr)                \setlength{\headheight}{14.49998pt}.
(fancyhdr)                You might also make \topmargin smaller:
(fancyhdr)                \addtolength{\topmargin}{-2.49998pt}.

[34]
Missing character: There is no ★ (U+2605) in font [lmmono10-italic]:!

Underfull \vbox (badness 10000) has occurred while \output is active []



Package fancyhdr Warning: \headheight is too small (12.0pt): 
(fancyhdr)                Make it at least 14.49998pt, for example:
(fancyhdr)                \setlength{\headheight}{14.49998pt}.
(fancyhdr)                You might also make \topmargin smaller:
(fancyhdr)                \addtolength{\topmargin}{-2.49998pt}.

[35]

Package fancyhdr Warning: \headheight is too small (12.0pt): 
(fancyhdr)                Make it at least 14.49998pt, for example:
(fancyhdr)                \setlength{\headheight}{14.49998pt}.
(fancyhdr)                You might also make \topmargin smaller:
(fancyhdr)                \addtolength{\topmargin}{-2.49998pt}.

[36]

LaTeX Warning: `!h' float specifier changed to `!ht'.

! Undefined control sequence.
\enit@endenumerate ->\enit@after 
                                 \endlist \ifx \enit@series \relax \else \if...
l.742 \end{enumerate}
                     
The control sequence at the end of the top line
of your error message was never \def'ed. If you have
misspelled it (e.g., `\hobx'), type `I' and the correct
spelling (e.g., `I\hbox'). Otherwise just continue,
and I'll forget about whatever was undefined.

! Undefined control sequence.
\enit@endenumerate ...\else \ifnum \enit@resuming 
                                                  =\@ne \enit@setresumekeys ...
l.742 \end{enumerate}
                     
The control sequence at the end of the top line
of your error message was never \def'ed. If you have
misspelled it (e.g., `\hobx'), type `I' and the correct
spelling (e.g., `I\hbox'). Otherwise just continue,
and I'll forget about whatever was undefined.

! Missing number, treated as zero.
<to be read again> 
                   =
l.742 \end{enumerate}
                     
A number should have been here; I inserted `0'.
(If you can't figure out why I needed to see a number,
look up `weird error' in the index to The TeXbook.)

! Undefined control sequence.
\enit@setresumekeys ...xpandafter {\enit@savekeys 
                                                  }\xdef \enit@afterlist {#2...
l.742 \end{enumerate}
                     
The control sequence at the end of the top line
of your error message was never \def'ed. If you have
misspelled it (e.g., `\hobx'), type `I' and the correct
spelling (e.g., `I\hbox'). Otherwise just continue,
and I'll forget about whatever was undefined.

! Undefined control sequence.
\enit@setresumekeys ...it@toks }\ifnum \enit@type 
                                                  =\z@ #3\def \enit@noexcs {...
l.742 \end{enumerate}
                     
The control sequence at the end of the top line
of your error message was never \def'ed. If you have
misspelled it (e.g., `\hobx'), type `I' and the correct
spelling (e.g., `I\hbox'). Otherwise just continue,
and I'll forget about whatever was undefined.

! Missing number, treated as zero.
<to be read again> 
                   =
l.742 \end{enumerate}
                     
A number should have been here; I inserted `0'.
(If you can't figure out why I needed to see a number,
look up `weird error' in the index to The TeXbook.)

! Undefined control sequence.
<argument> enit@resume@series@\enit@series 
                                           
l.742 \end{enumerate}
                     
The control sequence at the end of the top line
of your error message was never \def'ed. If you have
misspelled it (e.g., `\hobx'), type `I' and the correct
spelling (e.g., `I\hbox'). Otherwise just continue,
and I'll forget about whatever was undefined.

! Undefined control sequence.
\enit@setresumekeys ...me@#1}{\csname c@\@listctr 
                                                  \endcsname \the \csname c@...
l.742 \end{enumerate}
                     
The control sequence at the end of the top line
of your error message was never \def'ed. If you have
misspelled it (e.g., `\hobx'), type `I' and the correct
spelling (e.g., `I\hbox'). Otherwise just continue,
and I'll forget about whatever was undefined.

! Undefined control sequence.
\enit@setresumekeys ...e \the \csname c@\@listctr 
                                                  \endcsname }\fi }
l.742 \end{enumerate}
                     
The control sequence at the end of the top line
of your error message was never \def'ed. If you have
misspelled it (e.g., `\hobx'), type `I' and the correct
spelling (e.g., `I\hbox'). Otherwise just continue,
and I'll forget about whatever was undefined.

! You can't use `\relax' after \the.
<recently read> \c@ 
                    
l.742 \end{enumerate}
                     
I'm forgetting what you said and using zero instead.

! Undefined control sequence.
\enit@endenumerate ...t \fi \ifnum \enit@resuming 
                                                  =\thr@@ \enit@setresumekey...
l.742 \end{enumerate}
                     
The control sequence at the end of the top line
of your error message was never \def'ed. If you have
misspelled it (e.g., `\hobx'), type `I' and the correct
spelling (e.g., `I\hbox'). Otherwise just continue,
and I'll forget about whatever was undefined.

! Missing number, treated as zero.
<to be read again> 
                   =
l.742 \end{enumerate}
                     
A number should have been here; I inserted `0'.
(If you can't figure out why I needed to see a number,
look up `weird error' in the index to The TeXbook.)

! Undefined control sequence.
\enit@setresumekeys ...xpandafter {\enit@savekeys 
                                                  }\xdef \enit@afterlist {#2...
l.742 \end{enumerate}
                     
The control sequence at the end of the top line
of your error message was never \def'ed. If you have
misspelled it (e.g., `\hobx'), type `I' and the correct
spelling (e.g., `I\hbox'). Otherwise just continue,
and I'll forget about whatever was undefined.

! Undefined control sequence.
\enit@setresumekeys ...it@toks }\ifnum \enit@type 
                                                  =\z@ #3\def \enit@noexcs {...
l.742 \end{enumerate}
                     
The control sequence at the end of the top line
of your error message was never \def'ed. If you have
misspelled it (e.g., `\hobx'), type `I' and the correct
spelling (e.g., `I\hbox'). Otherwise just continue,
and I'll forget about whatever was undefined.

! Missing number, treated as zero.
<to be read again> 
                   =
l.742 \end{enumerate}
                     
A number should have been here; I inserted `0'.
(If you can't figure out why I needed to see a number,
look up `weird error' in the index to The TeXbook.)

! Undefined control sequence.
\enit@setresumekeys ...me@#1}{\csname c@\@listctr 
                                                  \endcsname \the \csname c@...
l.742 \end{enumerate}
                     
The control sequence at the end of the top line
of your error message was never \def'ed. If you have
misspelled it (e.g., `\hobx'), type `I' and the correct
spelling (e.g., `I\hbox'). Otherwise just continue,
and I'll forget about whatever was undefined.

! Undefined control sequence.
\enit@setresumekeys ...e \the \csname c@\@listctr 
                                                  \endcsname }\fi }
l.742 \end{enumerate}
                     
The control sequence at the end of the top line
of your error message was never \def'ed. If you have
misspelled it (e.g., `\hobx'), type `I' and the correct
spelling (e.g., `I\hbox'). Otherwise just continue,
and I'll forget about whatever was undefined.

! You can't use `\relax' after \the.
<recently read> \c@ 
                    
l.742 \end{enumerate}
                     
I'm forgetting what you said and using zero instead.


! LaTeX Error: \begin{document} ended by \end{enumerate}.

See the LaTeX manual or LaTeX Companion for explanation.
Type  H <return>  for immediate help.
 ...                                              
                                                  
l.742 \end{enumerate}
                     
Your command was ignored.
Type  I <command> <return>  to replace it with another command,
or  <return>  to continue without it.

! Extra \endgroup.
\end  ...end#1\endcsname \@checkend {#1}\endgroup 
                                                  \UseHook {env/#1/after}\if...
l.742 \end{enumerate}
                     
Things are pretty mixed up, but I think the worst is over.

) (./answers/answer03.tex

Package fancyhdr Warning: \headheight is too small (12.0pt): 
(fancyhdr)                Make it at least 14.49998pt, for example:
(fancyhdr)                \setlength{\headheight}{14.49998pt}.
(fancyhdr)                You might also make \topmargin smaller:
(fancyhdr)                \addtolength{\topmargin}{-2.49998pt}.

[37]

Package fancyhdr Warning: \headheight is too small (12.0pt): 
(fancyhdr)                Make it at least 14.49998pt, for example:
(fancyhdr)                \setlength{\headheight}{14.49998pt}.
(fancyhdr)                You might also make \topmargin smaller:
(fancyhdr)                \addtolength{\topmargin}{-2.49998pt}.

[38]
第三章

(d:/texlive/2026/texmf-dist/tex/generic/pgf/frontendlayer/tikz/libraries/tikzli
braryautomata.code.tex
File: tikzlibraryautomata.code.tex 2025-08-29 v3.1.11a (3.1.11a)

(d:/texlive/2026/texmf-dist/tex/generic/pgf/frontendlayer/tikz/libraries/tikzli
braryshapes.multipart.code.tex
File: tikzlibraryshapes.multipart.code.tex 2025-08-29 v3.1.11a (3.1.11a)

(d:/texlive/2026/texmf-dist/tex/generic/pgf/libraries/shapes/pgflibraryshapes.m
ultipart.code.tex
File: pgflibraryshapes.multipart.code.tex 2025-08-29 v3.1.11a (3.1.11a)
\pgfnodepartlowerbox=\box73
\pgfnodeparttwobox=\box74
\pgfnodepartthreebox=\box75
\pgfnodepartfourbox=\box76
\pgfnodeparttwentybox=\box77
\pgfnodepartnineteenbox=\box78
\pgfnodeparteighteenbox=\box79
\pgfnodepartseventeenbox=\box80
\pgfnodepartsixteenbox=\box81
\pgfnodepartfifteenbox=\box82
\pgfnodepartfourteenbox=\box83
\pgfnodepartthirteenbox=\box84
\pgfnodeparttwelvebox=\box85
\pgfnodepartelevenbox=\box86
\pgfnodeparttenbox=\box87
\pgfnodepartninebox=\box88
\pgfnodeparteightbox=\box89
\pgfnodepartsevenbox=\box90
\pgfnodepartsixbox=\box91
\pgfnodepartfivebox=\box92
)))
(d:/texlive/2026/texmf-dist/tex/generic/pgf/frontendlayer/tikz/libraries/tikzli
brarypositioning.code.tex
File: tikzlibrarypositioning.code.tex 2025-08-29 v3.1.11a (3.1.11a)
)
(d:/texlive/2026/texmf-dist/tex/generic/pgf/libraries/pgflibraryarrows.meta.cod
e.tex
File: pgflibraryarrows.meta.code.tex 2025-08-29 v3.1.11a (3.1.11a)
\pgfarrowinset=\dimen320
\pgfarrowlength=\dimen321
\pgfarrowwidth=\dimen322
\pgfarrowlinewidth=\dimen323

! You can't use `\unskip' in vertical mode.
<recently read> \unskip 
                        
l.204 }
       %
Sorry...I usually can't take things from the current page.
Try `I\vskip-\lastskip' instead.

! You can't use `\unskip' in vertical mode.
<recently read> \unskip 
                        
l.204 }
       %
Sorry...I usually can't take things from the current page.
Try `I\vskip-\lastskip' instead.

! You can't use `\unskip' in vertical mode.
<recently read> \unskip 
                        
l.204 }
       %
Sorry...I usually can't take things from the current page.
Try `I\vskip-\lastskip' instead.

! You can't use `\unskip' in vertical mode.
<recently read> \unskip 
                        
l.330 }
       %
Sorry...I usually can't take things from the current page.
Try `I\vskip-\lastskip' instead.

! You can't use `\unskip' in vertical mode.
<recently read> \unskip 
                        
l.330 }
       %
Sorry...I usually can't take things from the current page.
Try `I\vskip-\lastskip' instead.

! You can't use `\unskip' in vertical mode.
<recently read> \unskip 
                        
l.330 }
       %
Sorry...I usually can't take things from the current page.
Try `I\vskip-\lastskip' instead.

! You can't use `\unskip' in vertical mode.
<recently read> \unskip 
                        
l.433 }
       %
Sorry...I usually can't take things from the current page.
Try `I\vskip-\lastskip' instead.

! You can't use `\unskip' in vertical mode.
<recently read> \unskip 
                        
l.433 }
       %
Sorry...I usually can't take things from the current page.
Try `I\vskip-\lastskip' instead.

! You can't use `\unskip' in vertical mode.
<recently read> \unskip 
                        
l.433 }
       %
Sorry...I usually can't take things from the current page.
Try `I\vskip-\lastskip' instead.

! You can't use `\unskip' in vertical mode.
<recently read> \unskip 
                        
l.517 }
       %
Sorry...I usually can't take things from the current page.
Try `I\vskip-\lastskip' instead.

! You can't use `\unskip' in vertical mode.
<recently read> \unskip 
                        
l.517 }
       %
Sorry...I usually can't take things from the current page.
Try `I\vskip-\lastskip' instead.

! You can't use `\unskip' in vertical mode.
<recently read> \unskip 
                        
l.517 }
       %
Sorry...I usually can't take things from the current page.
Try `I\vskip-\lastskip' instead.

! You can't use `\unskip' in vertical mode.
<recently read> \unskip 
                        
l.517 }
       %
Sorry...I usually can't take things from the current page.
Try `I\vskip-\lastskip' instead.

! You can't use `\unskip' in vertical mode.
<recently read> \unskip 
                        
l.620 }
       %
Sorry...I usually can't take things from the current page.
Try `I\vskip-\lastskip' instead.

! You can't use `\unskip' in vertical mode.
<recently read> \unskip 
                        
l.620 }
       %
Sorry...I usually can't take things from the current page.
Try `I\vskip-\lastskip' instead.

! You can't use `\unskip' in vertical mode.
<recently read> \unskip 
                        
l.754 }
       %
Sorry...I usually can't take things from the current page.
Try `I\vskip-\lastskip' instead.

! You can't use `\unskip' in vertical mode.
<recently read> \unskip 
                        
l.754 }
       %
Sorry...I usually can't take things from the current page.
Try `I\vskip-\lastskip' instead.

! You can't use `\unskip' in vertical mode.
<recently read> \unskip 
                        
l.897 }
       %
Sorry...I usually can't take things from the current page.
Try `I\vskip-\lastskip' instead.

! You can't use `\unskip' in vertical mode.
<recently read> \unskip 
                        
l.897 }
       %
Sorry...I usually can't take things from the current page.
Try `I\vskip-\lastskip' instead.

! You can't use `\unskip' in vertical mode.
<recently read> \unskip 
                        
l.897 }
       %
Sorry...I usually can't take things from the current page.
Try `I\vskip-\lastskip' instead.

! You can't use `\unskip' in vertical mode.
<recently read> \unskip 
                        
l.1025 }
        %
Sorry...I usually can't take things from the current page.
Try `I\vskip-\lastskip' instead.

! You can't use `\unskip' in vertical mode.
<recently read> \unskip 
                        
l.1025 }
        %
Sorry...I usually can't take things from the current page.
Try `I\vskip-\lastskip' instead.

! You can't use `\unskip' in vertical mode.
<recently read> \unskip 
                        
l.1025 }
        %
Sorry...I usually can't take things from the current page.
Try `I\vskip-\lastskip' instead.

! You can't use `\unskip' in vertical mode.
<recently read> \unskip 
                        
l.1025 }
        %
Sorry...I usually can't take things from the current page.
Try `I\vskip-\lastskip' instead.

! You can't use `\unskip' in vertical mode.
<recently read> \unskip 
                        
l.1156 }
        %
Sorry...I usually can't take things from the current page.
Try `I\vskip-\lastskip' instead.

! You can't use `\unskip' in vertical mode.
<recently read> \unskip 
                        
l.1156 }
        %
Sorry...I usually can't take things from the current page.
Try `I\vskip-\lastskip' instead.

! You can't use `\unskip' in vertical mode.
<recently read> \unskip 
                        
l.1156 }
        %
Sorry...I usually can't take things from the current page.
Try `I\vskip-\lastskip' instead.

! You can't use `\unskip' in vertical mode.
<recently read> \unskip 
                        
l.1156 }
        %
Sorry...I usually can't take things from the current page.
Try `I\vskip-\lastskip' instead.

! You can't use `\unskip' in vertical mode.
<recently read> \unskip 
                        
l.1211 }
        %
Sorry...I usually can't take things from the current page.
Try `I\vskip-\lastskip' instead.

! You can't use `\unskip' in vertical mode.
<recently read> \unskip 
                        
l.1211 }
        %
Sorry...I usually can't take things from the current page.
Try `I\vskip-\lastskip' instead.

! You can't use `\unskip' in vertical mode.
<recently read> \unskip 
                        
l.1211 }
        %
Sorry...I usually can't take things from the current page.
Try `I\vskip-\lastskip' instead.

! You can't use `\unskip' in vertical mode.
<recently read> \unskip 
                        
l.1281 }
        %
Sorry...I usually can't take things from the current page.
Try `I\vskip-\lastskip' instead.

! You can't use `\unskip' in vertical mode.
<recently read> \unskip 
                        
l.1281 }
        %
Sorry...I usually can't take things from the current page.
Try `I\vskip-\lastskip' instead.

! You can't use `\unskip' in vertical mode.
<recently read> \unskip 
                        
l.1281 }
        %
Sorry...I usually can't take things from the current page.
Try `I\vskip-\lastskip' instead.

! You can't use `\unskip' in vertical mode.
<recently read> \unskip 
                        
l.1330 }
        %
Sorry...I usually can't take things from the current page.
Try `I\vskip-\lastskip' instead.

! You can't use `\unskip' in vertical mode.
<recently read> \unskip 
                        
l.1357 }
        %
Sorry...I usually can't take things from the current page.
Try `I\vskip-\lastskip' instead.

! You can't use `\unskip' in vertical mode.
<recently read> \unskip 
                        
l.1418 }
        %
Sorry...I usually can't take things from the current page.
Try `I\vskip-\lastskip' instead.

! You can't use `\unskip' in vertical mode.
<recently read> \unskip 
                        
l.1449 }
        %
Sorry...I usually can't take things from the current page.
Try `I\vskip-\lastskip' instead.

! You can't use `\unskip' in vertical mode.
<recently read> \unskip 
                        
l.1449 }
        %
Sorry...I usually can't take things from the current page.
Try `I\vskip-\lastskip' instead.

! You can't use `\unskip' in vertical mode.
<recently read> \unskip 
                        
l.1490 }
        %
Sorry...I usually can't take things from the current page.
Try `I\vskip-\lastskip' instead.

! You can't use `\unskip' in vertical mode.
<recently read> \unskip 
                        
l.1490 }
        %
Sorry...I usually can't take things from the current page.
Try `I\vskip-\lastskip' instead.

! You can't use `\unskip' in vertical mode.
<recently read> \unskip 
                        
l.1585 }
        %
Sorry...I usually can't take things from the current page.
Try `I\vskip-\lastskip' instead.

! You can't use `\unskip' in vertical mode.
<recently read> \unskip 
                        
l.1585 }
        %
Sorry...I usually can't take things from the current page.
Try `I\vskip-\lastskip' instead.

! You can't use `\unskip' in vertical mode.
<recently read> \unskip 
                        
l.1585 }
        %
Sorry...I usually can't take things from the current page.
Try `I\vskip-\lastskip' instead.

! You can't use `\unskip' in vertical mode.
<recently read> \unskip 
                        
l.1602 }
        %
Sorry...I usually can't take things from the current page.
Try `I\vskip-\lastskip' instead.

! You can't use `\unskip' in vertical mode.
<recently read> \unskip 
                        
l.1602 }
        %
Sorry...I usually can't take things from the current page.
Try `I\vskip-\lastskip' instead.

! You can't use `\unskip' in vertical mode.
<recently read> \unskip 
                        
l.1602 }
        %
Sorry...I usually can't take things from the current page.
Try `I\vskip-\lastskip' instead.

! You can't use `\unskip' in vertical mode.
<recently read> \unskip 
                        
l.1602 }
        %
Sorry...I usually can't take things from the current page.
Try `I\vskip-\lastskip' instead.

! You can't use `\unskip' in vertical mode.
<recently read> \unskip 
                        
l.1602 }
        %
Sorry...I usually can't take things from the current page.
Try `I\vskip-\lastskip' instead.

! You can't use `\unskip' in vertical mode.
<recently read> \unskip 
                        
l.1602 }
        %
Sorry...I usually can't take things from the current page.
Try `I\vskip-\lastskip' instead.

! You can't use `\unskip' in vertical mode.
<recently read> \unskip 
                        
l.1602 }
        %
Sorry...I usually can't take things from the current page.
Try `I\vskip-\lastskip' instead.

! You can't use `\unskip' in vertical mode.
<recently read> \unskip 
                        
l.1602 }
        %
Sorry...I usually can't take things from the current page.
Try `I\vskip-\lastskip' instead.

! You can't use `\unskip' in vertical mode.
<recently read> \unskip 
                        
l.1602 }
        %
Sorry...I usually can't take things from the current page.
Try `I\vskip-\lastskip' instead.

! You can't use `\unskip' in vertical mode.
<recently read> \unskip 
                        
l.1602 }
        %
Sorry...I usually can't take things from the current page.
Try `I\vskip-\lastskip' instead.

! You can't use `\unskip' in vertical mode.
<recently read> \unskip 
                        
l.1602 }
        %
Sorry...I usually can't take things from the current page.
Try `I\vskip-\lastskip' instead.

! You can't use `\unskip' in vertical mode.
<recently read> \unskip 
                        
l.1602 }
        %
Sorry...I usually can't take things from the current page.
Try `I\vskip-\lastskip' instead.

! You can't use `\unskip' in vertical mode.
<recently read> \unskip 
                        
l.1602 }
        %
Sorry...I usually can't take things from the current page.
Try `I\vskip-\lastskip' instead.

! You can't use `\unskip' in vertical mode.
<recently read> \unskip 
                        
l.1602 }
        %
Sorry...I usually can't take things from the current page.
Try `I\vskip-\lastskip' instead.

) [39

]
Overfull \hbox (229.06796pt too wide) in paragraph at lines 56--71
 [][] 
 []


Package fancyhdr Warning: \headheight is too small (12.0pt): 
(fancyhdr)                Make it at least 14.49998pt, for example:
(fancyhdr)                \setlength{\headheight}{14.49998pt}.
(fancyhdr)                You might also make \topmargin smaller:
(fancyhdr)                \addtolength{\topmargin}{-2.49998pt}.

[40]
Overfull \hbox (6.24628pt too wide) in paragraph at lines 101--102
[]\TU/lmr/m/n/12 A \TU/SimSun(0)/m/n/12 项：| \TU/lmtt/m/n/12 LIBRARY std; USE st
d.standard.ALL |\TU/SimSun(0)/m/n/12 — —| \TU/lmtt/m/n/12 std.standard \TU/SimS
un(0)/m/n/12 包 定 义 了 \TU/lmr/m/n/12 VHDL
 []


Package fancyhdr Warning: \headheight is too small (12.0pt): 
(fancyhdr)                Make it at least 14.49998pt, for example:
(fancyhdr)                \setlength{\headheight}{14.49998pt}.
(fancyhdr)                You might also make \topmargin smaller:
(fancyhdr)                \addtolength{\topmargin}{-2.49998pt}.

[41]

Package fancyhdr Warning: \headheight is too small (12.0pt): 
(fancyhdr)                Make it at least 14.49998pt, for example:
(fancyhdr)                \setlength{\headheight}{14.49998pt}.
(fancyhdr)                You might also make \topmargin smaller:
(fancyhdr)                \addtolength{\topmargin}{-2.49998pt}.

[42]

Package fancyhdr Warning: \headheight is too small (12.0pt): 
(fancyhdr)                Make it at least 14.49998pt, for example:
(fancyhdr)                \setlength{\headheight}{14.49998pt}.
(fancyhdr)                You might also make \topmargin smaller:
(fancyhdr)                \addtolength{\topmargin}{-2.49998pt}.

[43] (d:/texlive/2026/texmf-dist/tex/latex/listings/lstlang1.sty
File: lstlang1.sty 2025/11/14 1.11b listings language file
)
(d:/texlive/2026/texmf-dist/tex/latex/listings/lstlang2.sty
File: lstlang2.sty 2025/11/14 1.11b listings language file
)
(d:/texlive/2026/texmf-dist/tex/latex/listings/lstlang3.sty
File: lstlang3.sty 2025/11/14 1.11b listings language file
)

! Package Listings Error: Couldn't load requested language.

See the Listings package documentation for explanation.
Type  H <return>  for immediate help.
 ...                                              
                                                  
l.236 ...n{lstlisting}[language=VDL, numbers=left]
                                                  
The following languages weren't loadable:
    ,vdl$
This may cause errors in the sequel.


! Package Listings Error: language vdl undefined.

See the Listings package documentation for explanation.
Type  H <return>  for immediate help.
 ...                                              
                                                  
l.236 ...n{lstlisting}[language=VDL, numbers=left]
                                                  
The language is not loadable. Try typing  <return>  to proceed.
If that doesn't work, type  X <return>  to quit.


Package fancyhdr Warning: \headheight is too small (12.0pt): 
(fancyhdr)                Make it at least 14.49998pt, for example:
(fancyhdr)                \setlength{\headheight}{14.49998pt}.
(fancyhdr)                You might also make \topmargin smaller:
(fancyhdr)                \addtolength{\topmargin}{-2.49998pt}.

[44]

Package fancyhdr Warning: \headheight is too small (12.0pt): 
(fancyhdr)                Make it at least 14.49998pt, for example:
(fancyhdr)                \setlength{\headheight}{14.49998pt}.
(fancyhdr)                You might also make \topmargin smaller:
(fancyhdr)                \addtolength{\topmargin}{-2.49998pt}.

[45]

Package fancyhdr Warning: \headheight is too small (12.0pt): 
(fancyhdr)                Make it at least 14.49998pt, for example:
(fancyhdr)                \setlength{\headheight}{14.49998pt}.
(fancyhdr)                You might also make \topmargin smaller:
(fancyhdr)                \addtolength{\topmargin}{-2.49998pt}.

[46]

Package fancyhdr Warning: \headheight is too small (12.0pt): 
(fancyhdr)                Make it at least 14.49998pt, for example:
(fancyhdr)                \setlength{\headheight}{14.49998pt}.
(fancyhdr)                You might also make \topmargin smaller:
(fancyhdr)                \addtolength{\topmargin}{-2.49998pt}.

[47]

Package fancyhdr Warning: \headheight is too small (12.0pt): 
(fancyhdr)                Make it at least 14.49998pt, for example:
(fancyhdr)                \setlength{\headheight}{14.49998pt}.
(fancyhdr)                You might also make \topmargin smaller:
(fancyhdr)                \addtolength{\topmargin}{-2.49998pt}.

[48]
Overfull \hbox (98.50516pt too wide) detected at line 414
[]\OT1/cmr/m/n/12 (1) = [] + [](7) \OMS/cmsy/m/n/12 ^^A [] \OT1/cmr/m/n/12 + []
(7) \OMS/cmsy/m/n/12 ^^A []\OT1/cmr/m/n/12 (6) \OMS/cmsy/m/n/12 ^^A []\OT1/cmr/
m/n/12 (5) \OMS/cmsy/m/n/12 ^^A []\OT1/cmr/m/n/12 (4) \OMS/cmsy/m/n/12 ^^A [] \
OT1/cmr/m/n/12 + [](7) \OMS/cmsy/m/n/12 ^^A []\OT1/cmr/m/n/12 (6) \OMS/cmsy/m/n
/12 ^^A []\OT1/cmr/m/n/12 (5) \OMS/cmsy/m/n/12 ^^A []\OT1/cmr/m/n/12 (4) \OMS/c
msy/m/n/12 ^^A []\OT1/cmr/m/n/12 (3) \OMS/cmsy/m/n/12 ^^A []
 []


Overfull \hbox (167.83932pt too wide) detected at line 421
[]\OT1/cmr/m/n/12 (0) = [] + [](7) \OMS/cmsy/m/n/12 ^^A []\OT1/cmr/m/n/12 (6) \
OMS/cmsy/m/n/12 ^^A [] \OT1/cmr/m/n/12 + [](7) \OMS/cmsy/m/n/12 ^^A []\OT1/cmr/
m/n/12 (6) \OMS/cmsy/m/n/12 ^^A []\OT1/cmr/m/n/12 (5) \OMS/cmsy/m/n/12 ^^A []\O
T1/cmr/m/n/12 (4) \OMS/cmsy/m/n/12 ^^A [] \OT1/cmr/m/n/12 + [](7) \OMS/cmsy/m/n
/12 ^^A []\OT1/cmr/m/n/12 (6) \OMS/cmsy/m/n/12 ^^A []\OT1/cmr/m/n/12 (5) \OMS/c
msy/m/n/12 ^^A []\OT1/cmr/m/n/12 (4) \OMS/cmsy/m/n/12 ^^A []\OT1/cmr/m/n/12 (3)
 \OMS/cmsy/m/n/12 ^^A []\OT1/cmr/m/n/12 (2) \OMS/cmsy/m/n/12 ^^A []
 []

(d:/texlive/2026/texmf-dist/tex/latex/listings/lstlang1.sty
File: lstlang1.sty 2025/11/14 1.11b listings language file
)
(d:/texlive/2026/texmf-dist/tex/latex/listings/lstlang2.sty
File: lstlang2.sty 2025/11/14 1.11b listings language file
)
(d:/texlive/2026/texmf-dist/tex/latex/listings/lstlang3.sty
File: lstlang3.sty 2025/11/14 1.11b listings language file
)

! Package Listings Error: Couldn't load requested language.

See the Listings package documentation for explanation.
Type  H <return>  for immediate help.
 ...                                              
                                                  
l.438 ...n{lstlisting}[language=VDL, numbers=left]
                                                  
The following languages weren't loadable:
    ,vdl$
This may cause errors in the sequel.


! Package Listings Error: language vdl undefined.

See the Listings package documentation for explanation.
Type  H <return>  for immediate help.
 ...                                              
                                                  
l.438 ...n{lstlisting}[language=VDL, numbers=left]
                                                  
The language is not loadable. Try typing  <return>  to proceed.
If that doesn't work, type  X <return>  to quit.


Package fancyhdr Warning: \headheight is too small (12.0pt): 
(fancyhdr)                Make it at least 14.49998pt, for example:
(fancyhdr)                \setlength{\headheight}{14.49998pt}.
(fancyhdr)                You might also make \topmargin smaller:
(fancyhdr)                \addtolength{\topmargin}{-2.49998pt}.

[49] (d:/texlive/2026/texmf-dist/tex/latex/listings/lstlang1.sty
File: lstlang1.sty 2025/11/14 1.11b listings language file
)
(d:/texlive/2026/texmf-dist/tex/latex/listings/lstlang2.sty
File: lstlang2.sty 2025/11/14 1.11b listings language file
)
(d:/texlive/2026/texmf-dist/tex/latex/listings/lstlang3.sty
File: lstlang3.sty 2025/11/14 1.11b listings language file
)

! Package Listings Error: Couldn't load requested language.

See the Listings package documentation for explanation.
Type  H <return>  for immediate help.
 ...                                              
                                                  
l.473 ...n{lstlisting}[language=VDL, numbers=left]
                                                  
The following languages weren't loadable:
    ,vdl$
This may cause errors in the sequel.


! Package Listings Error: language vdl undefined.

See the Listings package documentation for explanation.
Type  H <return>  for immediate help.
 ...                                              
                                                  
l.473 ...n{lstlisting}[language=VDL, numbers=left]
                                                  
The language is not loadable. Try typing  <return>  to proceed.
If that doesn't work, type  X <return>  to quit.


Package fancyhdr Warning: \headheight is too small (12.0pt): 
(fancyhdr)                Make it at least 14.49998pt, for example:
(fancyhdr)                \setlength{\headheight}{14.49998pt}.
(fancyhdr)                You might also make \topmargin smaller:
(fancyhdr)                \addtolength{\topmargin}{-2.49998pt}.

[50]

Package fancyhdr Warning: \headheight is too small (12.0pt): 
(fancyhdr)                Make it at least 14.49998pt, for example:
(fancyhdr)                \setlength{\headheight}{14.49998pt}.
(fancyhdr)                You might also make \topmargin smaller:
(fancyhdr)                \addtolength{\topmargin}{-2.49998pt}.

[51]

Package fancyhdr Warning: \headheight is too small (12.0pt): 
(fancyhdr)                Make it at least 14.49998pt, for example:
(fancyhdr)                \setlength{\headheight}{14.49998pt}.
(fancyhdr)                You might also make \topmargin smaller:
(fancyhdr)                \addtolength{\topmargin}{-2.49998pt}.

[52] (d:/texlive/2026/texmf-dist/tex/latex/listings/lstlang1.sty
File: lstlang1.sty 2025/11/14 1.11b listings language file
)
(d:/texlive/2026/texmf-dist/tex/latex/listings/lstlang2.sty
File: lstlang2.sty 2025/11/14 1.11b listings language file
)
(d:/texlive/2026/texmf-dist/tex/latex/listings/lstlang3.sty
File: lstlang3.sty 2025/11/14 1.11b listings language file
)

! Package Listings Error: Couldn't load requested language.

See the Listings package documentation for explanation.
Type  H <return>  for immediate help.
 ...                                              
                                                  
l.610 ...n{lstlisting}[language=VDL, numbers=left]
                                                  
The following languages weren't loadable:
    ,vdl$
This may cause errors in the sequel.


! Package Listings Error: language vdl undefined.

See the Listings package documentation for explanation.
Type  H <return>  for immediate help.
 ...                                              
                                                  
l.610 ...n{lstlisting}[language=VDL, numbers=left]
                                                  
The language is not loadable. Try typing  <return>  to proceed.
If that doesn't work, type  X <return>  to quit.


Package fancyhdr Warning: \headheight is too small (12.0pt): 
(fancyhdr)                Make it at least 14.49998pt, for example:
(fancyhdr)                \setlength{\headheight}{14.49998pt}.
(fancyhdr)                You might also make \topmargin smaller:
(fancyhdr)                \addtolength{\topmargin}{-2.49998pt}.

[53]
Overfull \hbox (47.02371pt too wide) in paragraph at lines 662--663
[]\TU/SimSun(0)/b/n/12 类 型 转 换\TU/SimSun(0)/m/n/12 ：| \TU/lmtt/m/n/12 STD_LOGIC
_VECTOR(count) \TU/SimSun(0)/m/n/12 将 \TU/lmr/m/n/12 UNSIGNED \TU/SimSun(0)/m/n
/12 类 型 转 换 为 \TU/lmr/m/n/12 STD_LOGIC_VECTOR
 []


Package fancyhdr Warning: \headheight is too small (12.0pt): 
(fancyhdr)                Make it at least 14.49998pt, for example:
(fancyhdr)                \setlength{\headheight}{14.49998pt}.
(fancyhdr)                You might also make \topmargin smaller:
(fancyhdr)                \addtolength{\topmargin}{-2.49998pt}.

[54]

Package fancyhdr Warning: \headheight is too small (12.0pt): 
(fancyhdr)                Make it at least 14.49998pt, for example:
(fancyhdr)                \setlength{\headheight}{14.49998pt}.
(fancyhdr)                You might also make \topmargin smaller:
(fancyhdr)                \addtolength{\topmargin}{-2.49998pt}.

[55]

! LaTeX Error: Not allowed in LR mode.

See the LaTeX manual or LaTeX Companion for explanation.
Type  H <return>  for immediate help.
 ...                                              
                                                  
l.705 ...s0)                    {S0\\\footnotesize
                                                   z=0};
You've lost some text.  Try typing  <return>  to proceed.
If that doesn't work, type  X <return>  to quit.


! LaTeX Error: Not allowed in LR mode.

See the LaTeX manual or LaTeX Companion for explanation.
Type  H <return>  for immediate help.
 ...                                              
                                                  
l.706 ...(s1) [right of=s0]     {S1\\\footnotesize
                                                   z=0};
You've lost some text.  Try typing  <return>  to proceed.
If that doesn't work, type  X <return>  to quit.


! LaTeX Error: Not allowed in LR mode.

See the LaTeX manual or LaTeX Companion for explanation.
Type  H <return>  for immediate help.
 ...                                              
                                                  
l.707 ...(s2) [below of=s1]     {S2\\\footnotesize
                                                   z=0};
You've lost some text.  Try typing  <return>  to proceed.
If that doesn't work, type  X <return>  to quit.


! LaTeX Error: Not allowed in LR mode.

See the LaTeX manual or LaTeX Companion for explanation.
Type  H <return>  for immediate help.
 ...                                              
                                                  
l.708 ...(s3) [below of=s0]     {S3\\\footnotesize
                                                   z=1};
You've lost some text.  Try typing  <return>  to proceed.
If that doesn't work, type  X <return>  to quit.


Package fancyhdr Warning: \headheight is too small (12.0pt): 
(fancyhdr)                Make it at least 14.49998pt, for example:
(fancyhdr)                \setlength{\headheight}{14.49998pt}.
(fancyhdr)                You might also make \topmargin smaller:
(fancyhdr)                \addtolength{\topmargin}{-2.49998pt}.

[56]

Package fancyhdr Warning: \headheight is too small (12.0pt): 
(fancyhdr)                Make it at least 14.49998pt, for example:
(fancyhdr)                \setlength{\headheight}{14.49998pt}.
(fancyhdr)                You might also make \topmargin smaller:
(fancyhdr)                \addtolength{\topmargin}{-2.49998pt}.

[57] (d:/texlive/2026/texmf-dist/tex/latex/listings/lstlang1.sty
File: lstlang1.sty 2025/11/14 1.11b listings language file
)
(d:/texlive/2026/texmf-dist/tex/latex/listings/lstlang2.sty
File: lstlang2.sty 2025/11/14 1.11b listings language file
)
(d:/texlive/2026/texmf-dist/tex/latex/listings/lstlang3.sty
File: lstlang3.sty 2025/11/14 1.11b listings language file
)

! Package Listings Error: Couldn't load requested language.

See the Listings package documentation for explanation.
Type  H <return>  for immediate help.
 ...                                              
                                                  
l.804 ...n{lstlisting}[language=VDL, numbers=left]
                                                  
The following languages weren't loadable:
    ,vdl$
This may cause errors in the sequel.


! Package Listings Error: language vdl undefined.

See the Listings package documentation for explanation.
Type  H <return>  for immediate help.
 ...                                              
                                                  
l.804 ...n{lstlisting}[language=VDL, numbers=left]
                                                  
The language is not loadable. Try typing  <return>  to proceed.
If that doesn't work, type  X <return>  to quit.


Package fancyhdr Warning: \headheight is too small (12.0pt): 
(fancyhdr)                Make it at least 14.49998pt, for example:
(fancyhdr)                \setlength{\headheight}{14.49998pt}.
(fancyhdr)                You might also make \topmargin smaller:
(fancyhdr)                \addtolength{\topmargin}{-2.49998pt}.

[58]
Underfull \vbox (badness 10000) has occurred while \output is active []



Package fancyhdr Warning: \headheight is too small (12.0pt): 
(fancyhdr)                Make it at least 14.49998pt, for example:
(fancyhdr)                \setlength{\headheight}{14.49998pt}.
(fancyhdr)                You might also make \topmargin smaller:
(fancyhdr)                \addtolength{\topmargin}{-2.49998pt}.

[59]

Package fancyhdr Warning: \headheight is too small (12.0pt): 
(fancyhdr)                Make it at least 14.49998pt, for example:
(fancyhdr)                \setlength{\headheight}{14.49998pt}.
(fancyhdr)                You might also make \topmargin smaller:
(fancyhdr)                \addtolength{\topmargin}{-2.49998pt}.

[60]

Package fancyhdr Warning: \headheight is too small (12.0pt): 
(fancyhdr)                Make it at least 14.49998pt, for example:
(fancyhdr)                \setlength{\headheight}{14.49998pt}.
(fancyhdr)                You might also make \topmargin smaller:
(fancyhdr)                \addtolength{\topmargin}{-2.49998pt}.

[61]) (./answers/answer04.tex

Package fancyhdr Warning: \headheight is too small (12.0pt): 
(fancyhdr)                Make it at least 14.49998pt, for example:
(fancyhdr)                \setlength{\headheight}{14.49998pt}.
(fancyhdr)                You might also make \topmargin smaller:
(fancyhdr)                \addtolength{\topmargin}{-2.49998pt}.

[62]
第四章

(d:/texlive/2026/texmf-dist/tex/generic/pgf/frontendlayer/tikz/libraries/tikzli
braryarrows.code.tex
File: tikzlibraryarrows.code.tex 2025-08-29 v3.1.11a (3.1.11a)

(d:/texlive/2026/texmf-dist/tex/generic/pgf/libraries/pgflibraryarrows.code.tex
File: pgflibraryarrows.code.tex 2025-08-29 v3.1.11a (3.1.11a)
\arrowsize=\dimen324
)) [63

]

Package fancyhdr Warning: \headheight is too small (12.0pt): 
(fancyhdr)                Make it at least 14.49998pt, for example:
(fancyhdr)                \setlength{\headheight}{14.49998pt}.
(fancyhdr)                You might also make \topmargin smaller:
(fancyhdr)                \addtolength{\topmargin}{-2.49998pt}.

[64]

Package fancyhdr Warning: \headheight is too small (12.0pt): 
(fancyhdr)                Make it at least 14.49998pt, for example:
(fancyhdr)                \setlength{\headheight}{14.49998pt}.
(fancyhdr)                You might also make \topmargin smaller:
(fancyhdr)                \addtolength{\topmargin}{-2.49998pt}.

[65]
Package hyperref Info: bookmark level for unknown lstlisting defaults to 0 on i
nput line 132.


Package fancyhdr Warning: \headheight is too small (12.0pt): 
(fancyhdr)                Make it at least 14.49998pt, for example:
(fancyhdr)                \setlength{\headheight}{14.49998pt}.
(fancyhdr)                You might also make \topmargin smaller:
(fancyhdr)                \addtolength{\topmargin}{-2.49998pt}.

[66]
Overfull \hbox (13.60814pt too wide) in paragraph at lines 192--193
[]\TU/SimSun(0)/b/n/12 无 时 钟 信 号  |（\TU/lmr/bx/n/12 1.5 \TU/SimSun(0)/b/n/12 分）
 ：|  \TU/SimSun(0)/m/n/12 代 码 中 没 有 \TU/lmtt/m/n/12 clk \TU/SimSun(0)/m/n/12 信 
号，|  也 没 有 使 用 \TU/lmtt/m/n/12 if rising_edge(clk)
 []


Package fancyhdr Warning: \headheight is too small (12.0pt): 
(fancyhdr)                Make it at least 14.49998pt, for example:
(fancyhdr)                \setlength{\headheight}{14.49998pt}.
(fancyhdr)                You might also make \topmargin smaller:
(fancyhdr)                \addtolength{\topmargin}{-2.49998pt}.

[67]

Package fancyhdr Warning: \headheight is too small (12.0pt): 
(fancyhdr)                Make it at least 14.49998pt, for example:
(fancyhdr)                \setlength{\headheight}{14.49998pt}.
(fancyhdr)                You might also make \topmargin smaller:
(fancyhdr)                \addtolength{\topmargin}{-2.49998pt}.

[68]
Overfull \hbox (7.57314pt too wide) in paragraph at lines 301--302
[]\TU/SimSun(0)/m/n/12 使 用 \TU/lmtt/m/n/12 ieee.numeric_std.all \TU/SimSun(0)/m
/n/12 库 中 的 \TU/lmtt/m/n/12 unsigned() \TU/SimSun(0)/m/n/12 类 型 转 换，|  将 \TU/lm
tt/m/n/12 std_logic_vector
 []


Package fancyhdr Warning: \headheight is too small (12.0pt): 
(fancyhdr)                Make it at least 14.49998pt, for example:
(fancyhdr)                \setlength{\headheight}{14.49998pt}.
(fancyhdr)                You might also make \topmargin smaller:
(fancyhdr)                \addtolength{\topmargin}{-2.49998pt}.

[69]

Package fancyhdr Warning: \headheight is too small (12.0pt): 
(fancyhdr)                Make it at least 14.49998pt, for example:
(fancyhdr)                \setlength{\headheight}{14.49998pt}.
(fancyhdr)                You might also make \topmargin smaller:
(fancyhdr)                \addtolength{\topmargin}{-2.49998pt}.

[70]
Underfull \vbox (badness 10000) has occurred while \output is active []



Package fancyhdr Warning: \headheight is too small (12.0pt): 
(fancyhdr)                Make it at least 14.49998pt, for example:
(fancyhdr)                \setlength{\headheight}{14.49998pt}.
(fancyhdr)                You might also make \topmargin smaller:
(fancyhdr)                \addtolength{\topmargin}{-2.49998pt}.

[71]
Underfull \vbox (badness 10000) has occurred while \output is active []



Package fancyhdr Warning: \headheight is too small (12.0pt): 
(fancyhdr)                Make it at least 14.49998pt, for example:
(fancyhdr)                \setlength{\headheight}{14.49998pt}.
(fancyhdr)                You might also make \topmargin smaller:
(fancyhdr)                \addtolength{\topmargin}{-2.49998pt}.

[72]

Package fancyhdr Warning: \headheight is too small (12.0pt): 
(fancyhdr)                Make it at least 14.49998pt, for example:
(fancyhdr)                \setlength{\headheight}{14.49998pt}.
(fancyhdr)                You might also make \topmargin smaller:
(fancyhdr)                \addtolength{\topmargin}{-2.49998pt}.

[73]

Package fancyhdr Warning: \headheight is too small (12.0pt): 
(fancyhdr)                Make it at least 14.49998pt, for example:
(fancyhdr)                \setlength{\headheight}{14.49998pt}.
(fancyhdr)                You might also make \topmargin smaller:
(fancyhdr)                \addtolength{\topmargin}{-2.49998pt}.

[74]

Package fancyhdr Warning: \headheight is too small (12.0pt): 
(fancyhdr)                Make it at least 14.49998pt, for example:
(fancyhdr)                \setlength{\headheight}{14.49998pt}.
(fancyhdr)                You might also make \topmargin smaller:
(fancyhdr)                \addtolength{\topmargin}{-2.49998pt}.

[75]

Package fancyhdr Warning: \headheight is too small (12.0pt): 
(fancyhdr)                Make it at least 14.49998pt, for example:
(fancyhdr)                \setlength{\headheight}{14.49998pt}.
(fancyhdr)                You might also make \topmargin smaller:
(fancyhdr)                \addtolength{\topmargin}{-2.49998pt}.

[76]

Package fancyhdr Warning: \headheight is too small (12.0pt): 
(fancyhdr)                Make it at least 14.49998pt, for example:
(fancyhdr)                \setlength{\headheight}{14.49998pt}.
(fancyhdr)                You might also make \topmargin smaller:
(fancyhdr)                \addtolength{\topmargin}{-2.49998pt}.

[77]

Package fancyhdr Warning: \headheight is too small (12.0pt): 
(fancyhdr)                Make it at least 14.49998pt, for example:
(fancyhdr)                \setlength{\headheight}{14.49998pt}.
(fancyhdr)                You might also make \topmargin smaller:
(fancyhdr)                \addtolength{\topmargin}{-2.49998pt}.

[78]
Underfull \vbox (badness 10000) has occurred while \output is active []



Package fancyhdr Warning: \headheight is too small (12.0pt): 
(fancyhdr)                Make it at least 14.49998pt, for example:
(fancyhdr)                \setlength{\headheight}{14.49998pt}.
(fancyhdr)                You might also make \topmargin smaller:
(fancyhdr)                \addtolength{\topmargin}{-2.49998pt}.

[79]

Package fancyhdr Warning: \headheight is too small (12.0pt): 
(fancyhdr)                Make it at least 14.49998pt, for example:
(fancyhdr)                \setlength{\headheight}{14.49998pt}.
(fancyhdr)                You might also make \topmargin smaller:
(fancyhdr)                \addtolength{\topmargin}{-2.49998pt}.

[80]) (./answers/answer05.tex

Package fancyhdr Warning: \headheight is too small (12.0pt): 
(fancyhdr)                Make it at least 14.49998pt, for example:
(fancyhdr)                \setlength{\headheight}{14.49998pt}.
(fancyhdr)                You might also make \topmargin smaller:
(fancyhdr)                \addtolength{\topmargin}{-2.49998pt}.

[81]

Package fancyhdr Warning: \headheight is too small (12.0pt): 
(fancyhdr)                Make it at least 14.49998pt, for example:
(fancyhdr)                \setlength{\headheight}{14.49998pt}.
(fancyhdr)                You might also make \topmargin smaller:
(fancyhdr)                \addtolength{\topmargin}{-2.49998pt}.

[82

]
第五章
[83]
Overfull \hbox (0.35779pt too wide) in paragraph at lines 57--58
[]|\TU/SimSun(0)/b/n/12 （第 \TU/lmr/bx/n/12 15 \TU/SimSun(0)/b/n/12 行）|  信 号 赋 值
 方 式 错 误：| \TU/lmtt/m/n/12 cnt <= 0; |\TU/SimSun(0)/m/n/12 — —| \TU/lmtt/m/n/12
 cnt \TU/SimSun(0)/m/n/12 是 \TU/lmr/m/n/12 STD_LOGIC_VECTOR
 []


Package fancyhdr Warning: \headheight is too small (12.0pt): 
(fancyhdr)                Make it at least 14.49998pt, for example:
(fancyhdr)                \setlength{\headheight}{14.49998pt}.
(fancyhdr)                You might also make \topmargin smaller:
(fancyhdr)                \addtolength{\topmargin}{-2.49998pt}.

[84]

Package fancyhdr Warning: \headheight is too small (12.0pt): 
(fancyhdr)                Make it at least 14.49998pt, for example:
(fancyhdr)                \setlength{\headheight}{14.49998pt}.
(fancyhdr)                You might also make \topmargin smaller:
(fancyhdr)                \addtolength{\topmargin}{-2.49998pt}.

[85]
Overfull \hbox (92.24365pt too wide) in paragraph at lines 116--117
[]|\TU/SimSun(0)/b/n/12 （\TU/lmr/bx/n/12 1 \TU/SimSun(0)/b/n/12 分）|  输 出 值：|  \
TU/SimSun(0)/m/n/12 输 入[][]\TU/lmtt/m/n/12 din = "011"[] |\TU/SimSun(0)/m/n/12 
（即 十 进 制 \TU/lmr/m/n/12 3\TU/SimSun(0)/m/n/12 ） ，|  对 应 \TU/lmr/m/n/12 CASE \TU
/SimSun(0)/m/n/12 分 支[][]\TU/lmtt/m/n/12 WHEN "011" => dout <= "00001000"[]\TU/
SimSun(0)/m/n/12 ，|
 []


Package fancyhdr Warning: \headheight is too small (12.0pt): 
(fancyhdr)                Make it at least 14.49998pt, for example:
(fancyhdr)                \setlength{\headheight}{14.49998pt}.
(fancyhdr)                You might also make \topmargin smaller:
(fancyhdr)                \addtolength{\topmargin}{-2.49998pt}.

[86]

Package fancyhdr Warning: \headheight is too small (12.0pt): 
(fancyhdr)                Make it at least 14.49998pt, for example:
(fancyhdr)                \setlength{\headheight}{14.49998pt}.
(fancyhdr)                You might also make \topmargin smaller:
(fancyhdr)                \addtolength{\topmargin}{-2.49998pt}.

[87]
Underfull \vbox (badness 3219) has occurred while \output is active []



Package fancyhdr Warning: \headheight is too small (12.0pt): 
(fancyhdr)                Make it at least 14.49998pt, for example:
(fancyhdr)                \setlength{\headheight}{14.49998pt}.
(fancyhdr)                You might also make \topmargin smaller:
(fancyhdr)                \addtolength{\topmargin}{-2.49998pt}.

[88]

Package fancyhdr Warning: \headheight is too small (12.0pt): 
(fancyhdr)                Make it at least 14.49998pt, for example:
(fancyhdr)                \setlength{\headheight}{14.49998pt}.
(fancyhdr)                You might also make \topmargin smaller:
(fancyhdr)                \addtolength{\topmargin}{-2.49998pt}.

[89]
Underfull \vbox (badness 4886) has occurred while \output is active []



Package fancyhdr Warning: \headheight is too small (12.0pt): 
(fancyhdr)                Make it at least 14.49998pt, for example:
(fancyhdr)                \setlength{\headheight}{14.49998pt}.
(fancyhdr)                You might also make \topmargin smaller:
(fancyhdr)                \addtolength{\topmargin}{-2.49998pt}.

[90]

Package fancyhdr Warning: \headheight is too small (12.0pt): 
(fancyhdr)                Make it at least 14.49998pt, for example:
(fancyhdr)                \setlength{\headheight}{14.49998pt}.
(fancyhdr)                You might also make \topmargin smaller:
(fancyhdr)                \addtolength{\topmargin}{-2.49998pt}.

[91]
Underfull \vbox (badness 2790) has occurred while \output is active []



Package fancyhdr Warning: \headheight is too small (12.0pt): 
(fancyhdr)                Make it at least 14.49998pt, for example:
(fancyhdr)                \setlength{\headheight}{14.49998pt}.
(fancyhdr)                You might also make \topmargin smaller:
(fancyhdr)                \addtolength{\topmargin}{-2.49998pt}.

[92]

! LaTeX Error: Not allowed in LR mode.

See the LaTeX manual or LaTeX Companion for explanation.
Type  H <return>  for immediate help.
 ...                                              
                                                  
l.435   \node[state] (S0) {\textbf{S0}\\\small
                                               初始\\\small out=0};
You've lost some text.  Try typing  <return>  to proceed.
If that doesn't work, type  X <return>  to quit.

! Missing } inserted.
<inserted text> 
                }
l.435   \node[state] (S0) {\textbf{S0}\\\small
                                               初始\\\small out=0};
I've inserted something that you may have forgotten.
(See the <inserted text> above.)
With luck, this will get me unwedged. But if you
really didn't forget anything, try typing `2' now; then
my insertion and my current dilemma will both disappear.


! Package tikz Error: Giving up on this path. Did you forget a semicolon?.

See the tikz package documentation for explanation.
Type  H <return>  for immediate help.
 ...                                              
                                                  
l.435   \node[state] (S0) {\textbf{S0}\\\small
                                               初始\\\small out=0};
(That was another \errmessage.)

! Missing \endgroup inserted.
<inserted text> 
                \endgroup 
l.435   \node[state] (S0) {\textbf{S0}\\\small
                                               初始\\\small out=0};
I've inserted something that you may have forgotten.
(See the <inserted text> above.)
With luck, this will get me unwedged. But if you
really didn't forget anything, try typing `2' now; then
my insertion and my current dilemma will both disappear.

! Undefined control sequence.
<recently read> \tikz@expand@last@token@ 
                                         
l.435   \node[state] (S0) {\textbf{S0}\\\small
                                               初始\\\small out=0};
The control sequence at the end of the top line
of your error message was never \def'ed. If you have
misspelled it (e.g., `\hobx'), type `I' and the correct
spelling (e.g., `I\hbox'). Otherwise just continue,
and I'll forget about whatever was undefined.

! Missing number, treated as zero.
<to be read again> 
                   \let 
l.435   \node[state] (S0) {\textbf{S0}\\\small
                                               初始\\\small out=0};
A number should have been here; I inserted `0'.
(If you can't figure out why I needed to see a number,
look up `weird error' in the index to The TeXbook.)

! Illegal unit of measure (pt inserted).
<to be read again> 
                   \let 
l.435   \node[state] (S0) {\textbf{S0}\\\small
                                               初始\\\small out=0};
Dimensions can be in units of em, ex, in, pt, pc,
cm, mm, dd, cc, bp, or sp; but yours is a new one!
I'll assume that you meant to say pt, for printer's points.
To recover gracefully from this error, it's best to
delete the erroneous units; e.g., type `2' to delete
two letters. (See Chapter 27 of The TeXbook.)


! LaTeX Error: Not allowed in LR mode.

See the LaTeX manual or LaTeX Companion for explanation.
Type  H <return>  for immediate help.
 ...                                              
                                                  
l.435 ...ate] (S0) {\textbf{S0}\\\small 初始\\\small
                                                   out=0};
You've lost some text.  Try typing  <return>  to proceed.
If that doesn't work, type  X <return>  to quit.

! Missing \endgroup inserted.
<inserted text> 
                \endgroup 
l.435 ...ate] (S0) {\textbf{S0}\\\small 初始\\\small
                                                   out=0};
I've inserted something that you may have forgotten.
(See the <inserted text> above.)
With luck, this will get me unwedged. But if you
really didn't forget anything, try typing `2' now; then
my insertion and my current dilemma will both disappear.

! Missing \endgroup inserted.
<inserted text> 
                \endgroup 
l.435 ...ate] (S0) {\textbf{S0}\\\small 初始\\\small
                                                   out=0};
I've inserted something that you may have forgotten.
(See the <inserted text> above.)
With luck, this will get me unwedged. But if you
really didn't forget anything, try typing `2' now; then
my insertion and my current dilemma will both disappear.

! Missing \endgroup inserted.
<inserted text> 
                \endgroup 
l.435 ...ate] (S0) {\textbf{S0}\\\small 初始\\\small
                                                   out=0};
I've inserted something that you may have forgotten.
(See the <inserted text> above.)
With luck, this will get me unwedged. But if you
really didn't forget anything, try typing `2' now; then
my insertion and my current dilemma will both disappear.

! Missing \endgroup inserted.
<inserted text> 
                \endgroup 
l.435 ...ate] (S0) {\textbf{S0}\\\small 初始\\\small
                                                   out=0};
I've inserted something that you may have forgotten.
(See the <inserted text> above.)
With luck, this will get me unwedged. But if you
really didn't forget anything, try typing `2' now; then
my insertion and my current dilemma will both disappear.

! Missing \endgroup inserted.
<inserted text> 
                \endgroup 
l.435 ...ate] (S0) {\textbf{S0}\\\small 初始\\\small
                                                   out=0};
I've inserted something that you may have forgotten.
(See the <inserted text> above.)
With luck, this will get me unwedged. But if you
really didn't forget anything, try typing `2' now; then
my insertion and my current dilemma will both disappear.

! Missing } inserted.
<inserted text> 
                }
l.435 ...ate] (S0) {\textbf{S0}\\\small 初始\\\small
                                                   out=0};
I've inserted something that you may have forgotten.
(See the <inserted text> above.)
With luck, this will get me unwedged. But if you
really didn't forget anything, try typing `2' now; then
my insertion and my current dilemma will both disappear.


Overfull \hbox (21.9pt too wide) detected at line 435
[][] []\TU/SimSun(0)/m/n/10.95 初 始
 []

! Missing \endgroup inserted.
<inserted text> 
                \endgroup 
l.435 ...ate] (S0) {\textbf{S0}\\\small 初始\\\small
                                                   out=0};
I've inserted something that you may have forgotten.
(See the <inserted text> above.)
With luck, this will get me unwedged. But if you
really didn't forget anything, try typing `2' now; then
my insertion and my current dilemma will both disappear.

! Missing \endgroup inserted.
<inserted text> 
                \endgroup 
l.435 ...ate] (S0) {\textbf{S0}\\\small 初始\\\small
                                                   out=0};
I've inserted something that you may have forgotten.
(See the <inserted text> above.)
With luck, this will get me unwedged. But if you
really didn't forget anything, try typing `2' now; then
my insertion and my current dilemma will both disappear.

! Missing \endgroup inserted.
<inserted text> 
                \endgroup 
l.435 ...ate] (S0) {\textbf{S0}\\\small 初始\\\small
                                                   out=0};
I've inserted something that you may have forgotten.
(See the <inserted text> above.)
With luck, this will get me unwedged. But if you
really didn't forget anything, try typing `2' now; then
my insertion and my current dilemma will both disappear.

! Missing } inserted.
<inserted text> 
                }
l.435 ...ate] (S0) {\textbf{S0}\\\small 初始\\\small
                                                   out=0};
I've inserted something that you may have forgotten.
(See the <inserted text> above.)
With luck, this will get me unwedged. But if you
really didn't forget anything, try typing `2' now; then
my insertion and my current dilemma will both disappear.

! Extra }, or forgotten \endgroup.
<recently read> }
                 
l.435 ...0) {\textbf{S0}\\\small 初始\\\small out=0}
                                                  ;
I've deleted a group-closing symbol because it seems to be
spurious, as in `$x}$'. But perhaps the } is legitimate and
you forgot something else, as in `\hbox{$x}'. In such cases
the way to recover is to insert both the forgotten and the
deleted material, e.g., by typing `I$}'.

! Undefined control sequence.
l.436   \node
             [state] (S1) [right of=S0] {\textbf{S1}\\\small 已匹配``1''\\\smal...
The control sequence at the end of the top line
of your error message was never \def'ed. If you have
misspelled it (e.g., `\hobx'), type `I' and the correct
spelling (e.g., `I\hbox'). Otherwise just continue,
and I'll forget about whatever was undefined.

! Undefined control sequence.
l.437   \node
             [state] (S2) [right of=S1] {\textbf{S2}\\\small 已匹配``10''\\\sma...
The control sequence at the end of the top line
of your error message was never \def'ed. If you have
misspelled it (e.g., `\hobx'), type `I' and the correct
spelling (e.g., `I\hbox'). Otherwise just continue,
and I'll forget about whatever was undefined.

! Undefined control sequence.
l.438   \node
             [state] (S3) [below of=S1, yshift=-1cm] {\textbf{S3}\\\small 已匹...
The control sequence at the end of the top line
of your error message was never \def'ed. If you have
misspelled it (e.g., `\hobx'), type `I' and the correct
spelling (e.g., `I\hbox'). Otherwise just continue,
and I'll forget about whatever was undefined.

! Undefined control sequence.
\endtikzpicture ...r@layerlist@globally \endscope 
                                                  \let \pgf@baseline =\pgf@s...
l.449 \end{tikzpicture}
                       
The control sequence at the end of the top line
of your error message was never \def'ed. If you have
misspelled it (e.g., `\hobx'), type `I' and the correct
spelling (e.g., `I\hbox'). Otherwise just continue,
and I'll forget about whatever was undefined.

! Extra }, or forgotten \endgroup.
\endpgfpicture ...globally \endgroup \hss \egroup 
                                                  \pgf@restore@layerlist@fro...
l.449 \end{tikzpicture}
                       
I've deleted a group-closing symbol because it seems to be
spurious, as in `$x}$'. But perhaps the } is legitimate and
you forgot something else, as in `\hbox{$x}'. In such cases
the way to recover is to insert both the forgotten and the
deleted material, e.g., by typing `I$}'.

! Too many }'s.
\endpgfpicture ...dpicture \endgroup \hss \egroup 
                                                  \pgfsys@typesetpicturebox ...
l.449 \end{tikzpicture}
                       
You've closed more groups than you opened.
Such booboos are generally harmless, so keep going.

! Extra \endgroup.
\endpgfpicture ...setpicturebox \pgfpic \endgroup 
                                                  
l.449 \end{tikzpicture}
                       
Things are pretty mixed up, but I think the worst is over.

! Extra \endgroup.
\endtikzpicture ...lobal \endpgfpicture \endgroup 
                                                  
l.449 \end{tikzpicture}
                       
Things are pretty mixed up, but I think the worst is over.


! LaTeX Error: \begin{document} ended by \end{tikzpicture}.

See the LaTeX manual or LaTeX Companion for explanation.
Type  H <return>  for immediate help.
 ...                                              
                                                  
l.449 \end{tikzpicture}
                       
Your command was ignored.
Type  I <command> <return>  to replace it with another command,
or  <return>  to continue without it.

! Extra \endgroup.
\end  ...end#1\endcsname \@checkend {#1}\endgroup 
                                                  \UseHook {env/#1/after}\if...
l.449 \end{tikzpicture}
                       
Things are pretty mixed up, but I think the worst is over.

! Infinite glue shrinkage found in a paragraph.
<argument> ...hskip:D \c_zero_dim \fi: \tex_par:D 
                                                  \hook_use:n {para/after}\@...
l.450 \end{center}
                  
The paragraph just ended includes some glue that has
infinite shrinkability, e.g., `\hskip 0pt minus 1fil'.
Such glue doesn't belong there---it allows a paragraph
of any length to fit on one line. But it's safe to proceed,
since the offensive shrinkability has been made finite.


! LaTeX Error: \begin{document} ended by \end{center}.

See the LaTeX manual or LaTeX Companion for explanation.
Type  H <return>  for immediate help.
 ...                                              
                                                  
l.450 \end{center}
                  
Your command was ignored.
Type  I <command> <return>  to replace it with another command,
or  <return>  to continue without it.

! Extra \endgroup.
\end  ...end#1\endcsname \@checkend {#1}\endgroup 
                                                  \UseHook {env/#1/after}\if...
l.450 \end{center}
                  
Things are pretty mixed up, but I think the worst is over.


Package fancyhdr Warning: \headheight is too small (12.0pt): 
(fancyhdr)                Make it at least 14.49998pt, for example:
(fancyhdr)                \setlength{\headheight}{14.49998pt}.
(fancyhdr)                You might also make \topmargin smaller:
(fancyhdr)                \addtolength{\topmargin}{-2.49998pt}.

[93]

Package fancyhdr Warning: \headheight is too small (12.0pt): 
(fancyhdr)                Make it at least 14.49998pt, for example:
(fancyhdr)                \setlength{\headheight}{14.49998pt}.
(fancyhdr)                You might also make \topmargin smaller:
(fancyhdr)                \addtolength{\topmargin}{-2.49998pt}.

[94]
Underfull \vbox (badness 10000) has occurred while \output is active []



Package fancyhdr Warning: \headheight is too small (12.0pt): 
(fancyhdr)                Make it at least 14.49998pt, for example:
(fancyhdr)                \setlength{\headheight}{14.49998pt}.
(fancyhdr)                You might also make \topmargin smaller:
(fancyhdr)                \addtolength{\topmargin}{-2.49998pt}.

[95]) (./answers/answer06.tex

Package fancyhdr Warning: \headheight is too small (12.0pt): 
(fancyhdr)                Make it at least 14.49998pt, for example:
(fancyhdr)                \setlength{\headheight}{14.49998pt}.
(fancyhdr)                You might also make \topmargin smaller:
(fancyhdr)                \addtolength{\topmargin}{-2.49998pt}.

[96]
第六章
[97

]
Missing character: There is no ≠ (U+2260) in font [lmroman12-regular]:mapping=t
ex-text;!

Package fancyhdr Warning: \headheight is too small (12.0pt): 
(fancyhdr)                Make it at least 14.49998pt, for example:
(fancyhdr)                \setlength{\headheight}{14.49998pt}.
(fancyhdr)                You might also make \topmargin smaller:
(fancyhdr)                \addtolength{\topmargin}{-2.49998pt}.

[98]

Package fancyhdr Warning: \headheight is too small (12.0pt): 
(fancyhdr)                Make it at least 14.49998pt, for example:
(fancyhdr)                \setlength{\headheight}{14.49998pt}.
(fancyhdr)                You might also make \topmargin smaller:
(fancyhdr)                \addtolength{\topmargin}{-2.49998pt}.

[99]
Overfull \hbox (83.56111pt too wide) in paragraph at lines 121--122
\TU/SimSun(0)/m/n/12 信 号 列 表 中 同 时 包 含 了[][]\TU/lmtt/m/n/12 clk[]\TU/SimSun(0)/
m/n/12 和[][]\TU/lmtt/m/n/12 rst[]\TU/SimSun(0)/m/n/12 ，|  且 代 码 中[][]\TU/lmtt/m
/n/12 IF rst = '1' THEN[]\TU/SimSun(0)/m/n/12 在[][]\TU/lmtt/m/n/12 ELSIF rising
_edge(clk) THEN[]\TU/SimSun(0)/m/n/12 之
 []


Overfull \hbox (97.27203pt too wide) in paragraph at lines 136--154
 [] 
 []


Package fancyhdr Warning: \headheight is too small (12.0pt): 
(fancyhdr)                Make it at least 14.49998pt, for example:
(fancyhdr)                \setlength{\headheight}{14.49998pt}.
(fancyhdr)                You might also make \topmargin smaller:
(fancyhdr)                \addtolength{\topmargin}{-2.49998pt}.

[100]

Package fancyhdr Warning: \headheight is too small (12.0pt): 
(fancyhdr)                Make it at least 14.49998pt, for example:
(fancyhdr)                \setlength{\headheight}{14.49998pt}.
(fancyhdr)                You might also make \topmargin smaller:
(fancyhdr)                \addtolength{\topmargin}{-2.49998pt}.

[101]

Package fancyhdr Warning: \headheight is too small (12.0pt): 
(fancyhdr)                Make it at least 14.49998pt, for example:
(fancyhdr)                \setlength{\headheight}{14.49998pt}.
(fancyhdr)                You might also make \topmargin smaller:
(fancyhdr)                \addtolength{\topmargin}{-2.49998pt}.

[102]

Package fancyhdr Warning: \headheight is too small (12.0pt): 
(fancyhdr)                Make it at least 14.49998pt, for example:
(fancyhdr)                \setlength{\headheight}{14.49998pt}.
(fancyhdr)                You might also make \topmargin smaller:
(fancyhdr)                \addtolength{\topmargin}{-2.49998pt}.

[103]
Underfull \vbox (badness 10000) has occurred while \output is active []



Package fancyhdr Warning: \headheight is too small (12.0pt): 
(fancyhdr)                Make it at least 14.49998pt, for example:
(fancyhdr)                \setlength{\headheight}{14.49998pt}.
(fancyhdr)                You might also make \topmargin smaller:
(fancyhdr)                \addtolength{\topmargin}{-2.49998pt}.

[104]

! LaTeX Error: Not allowed in LR mode.

See the LaTeX manual or LaTeX Companion for explanation.
Type  H <return>  for immediate help.
 ...                                              
                                                  
l.397   \node[state] (S0) {\textbf{S0}\\\small
                                               初始\\\small out=0};
You've lost some text.  Try typing  <return>  to proceed.
If that doesn't work, type  X <return>  to quit.

! Missing } inserted.
<inserted text> 
                }
l.397   \node[state] (S0) {\textbf{S0}\\\small
                                               初始\\\small out=0};
I've inserted something that you may have forgotten.
(See the <inserted text> above.)
With luck, this will get me unwedged. But if you
really didn't forget anything, try typing `2' now; then
my insertion and my current dilemma will both disappear.


! Package tikz Error: Giving up on this path. Did you forget a semicolon?.

See the tikz package documentation for explanation.
Type  H <return>  for immediate help.
 ...                                              
                                                  
l.397   \node[state] (S0) {\textbf{S0}\\\small
                                               初始\\\small out=0};
(That was another \errmessage.)

! Missing \endgroup inserted.
<inserted text> 
                \endgroup 
l.397   \node[state] (S0) {\textbf{S0}\\\small
                                               初始\\\small out=0};
I've inserted something that you may have forgotten.
(See the <inserted text> above.)
With luck, this will get me unwedged. But if you
really didn't forget anything, try typing `2' now; then
my insertion and my current dilemma will both disappear.

! Undefined control sequence.
<recently read> \tikz@expand@last@token@ 
                                         
l.397   \node[state] (S0) {\textbf{S0}\\\small
                                               初始\\\small out=0};
The control sequence at the end of the top line
of your error message was never \def'ed. If you have
misspelled it (e.g., `\hobx'), type `I' and the correct
spelling (e.g., `I\hbox'). Otherwise just continue,
and I'll forget about whatever was undefined.

! Missing number, treated as zero.
<to be read again> 
                   \let 
l.397   \node[state] (S0) {\textbf{S0}\\\small
                                               初始\\\small out=0};
A number should have been here; I inserted `0'.
(If you can't figure out why I needed to see a number,
look up `weird error' in the index to The TeXbook.)

! Illegal unit of measure (pt inserted).
<to be read again> 
                   \let 
l.397   \node[state] (S0) {\textbf{S0}\\\small
                                               初始\\\small out=0};
Dimensions can be in units of em, ex, in, pt, pc,
cm, mm, dd, cc, bp, or sp; but yours is a new one!
I'll assume that you meant to say pt, for printer's points.
To recover gracefully from this error, it's best to
delete the erroneous units; e.g., type `2' to delete
two letters. (See Chapter 27 of The TeXbook.)


! LaTeX Error: Not allowed in LR mode.

See the LaTeX manual or LaTeX Companion for explanation.
Type  H <return>  for immediate help.
 ...                                              
                                                  
l.397 ...ate] (S0) {\textbf{S0}\\\small 初始\\\small
                                                   out=0};
You've lost some text.  Try typing  <return>  to proceed.
If that doesn't work, type  X <return>  to quit.

! Missing \endgroup inserted.
<inserted text> 
                \endgroup 
l.397 ...ate] (S0) {\textbf{S0}\\\small 初始\\\small
                                                   out=0};
I've inserted something that you may have forgotten.
(See the <inserted text> above.)
With luck, this will get me unwedged. But if you
really didn't forget anything, try typing `2' now; then
my insertion and my current dilemma will both disappear.

! Missing \endgroup inserted.
<inserted text> 
                \endgroup 
l.397 ...ate] (S0) {\textbf{S0}\\\small 初始\\\small
                                                   out=0};
I've inserted something that you may have forgotten.
(See the <inserted text> above.)
With luck, this will get me unwedged. But if you
really didn't forget anything, try typing `2' now; then
my insertion and my current dilemma will both disappear.

! Missing \endgroup inserted.
<inserted text> 
                \endgroup 
l.397 ...ate] (S0) {\textbf{S0}\\\small 初始\\\small
                                                   out=0};
I've inserted something that you may have forgotten.
(See the <inserted text> above.)
With luck, this will get me unwedged. But if you
really didn't forget anything, try typing `2' now; then
my insertion and my current dilemma will both disappear.

! Missing \endgroup inserted.
<inserted text> 
                \endgroup 
l.397 ...ate] (S0) {\textbf{S0}\\\small 初始\\\small
                                                   out=0};
I've inserted something that you may have forgotten.
(See the <inserted text> above.)
With luck, this will get me unwedged. But if you
really didn't forget anything, try typing `2' now; then
my insertion and my current dilemma will both disappear.

! Missing \endgroup inserted.
<inserted text> 
                \endgroup 
l.397 ...ate] (S0) {\textbf{S0}\\\small 初始\\\small
                                                   out=0};
I've inserted something that you may have forgotten.
(See the <inserted text> above.)
With luck, this will get me unwedged. But if you
really didn't forget anything, try typing `2' now; then
my insertion and my current dilemma will both disappear.

! Missing } inserted.
<inserted text> 
                }
l.397 ...ate] (S0) {\textbf{S0}\\\small 初始\\\small
                                                   out=0};
I've inserted something that you may have forgotten.
(See the <inserted text> above.)
With luck, this will get me unwedged. But if you
really didn't forget anything, try typing `2' now; then
my insertion and my current dilemma will both disappear.


Overfull \hbox (21.9pt too wide) detected at line 397
[][] []\TU/SimSun(0)/m/n/10.95 初 始
 []

! Missing \endgroup inserted.
<inserted text> 
                \endgroup 
l.397 ...ate] (S0) {\textbf{S0}\\\small 初始\\\small
                                                   out=0};
I've inserted something that you may have forgotten.
(See the <inserted text> above.)
With luck, this will get me unwedged. But if you
really didn't forget anything, try typing `2' now; then
my insertion and my current dilemma will both disappear.

! Missing \endgroup inserted.
<inserted text> 
                \endgroup 
l.397 ...ate] (S0) {\textbf{S0}\\\small 初始\\\small
                                                   out=0};
I've inserted something that you may have forgotten.
(See the <inserted text> above.)
With luck, this will get me unwedged. But if you
really didn't forget anything, try typing `2' now; then
my insertion and my current dilemma will both disappear.

! Missing \endgroup inserted.
<inserted text> 
                \endgroup 
l.397 ...ate] (S0) {\textbf{S0}\\\small 初始\\\small
                                                   out=0};
I've inserted something that you may have forgotten.
(See the <inserted text> above.)
With luck, this will get me unwedged. But if you
really didn't forget anything, try typing `2' now; then
my insertion and my current dilemma will both disappear.

! Missing } inserted.
<inserted text> 
                }
l.397 ...ate] (S0) {\textbf{S0}\\\small 初始\\\small
                                                   out=0};
I've inserted something that you may have forgotten.
(See the <inserted text> above.)
With luck, this will get me unwedged. But if you
really didn't forget anything, try typing `2' now; then
my insertion and my current dilemma will both disappear.

! Extra }, or forgotten \endgroup.
<recently read> }
                 
l.397 ...0) {\textbf{S0}\\\small 初始\\\small out=0}
                                                  ;
I've deleted a group-closing symbol because it seems to be
spurious, as in `$x}$'. But perhaps the } is legitimate and
you forgot something else, as in `\hbox{$x}'. In such cases
the way to recover is to insert both the forgotten and the
deleted material, e.g., by typing `I$}'.

! Undefined control sequence.
l.398   \node
             [state] (S1) [right of=S0] {\textbf{S1}\\\small 已匹配``1''\\\smal...
The control sequence at the end of the top line
of your error message was never \def'ed. If you have
misspelled it (e.g., `\hobx'), type `I' and the correct
spelling (e.g., `I\hbox'). Otherwise just continue,
and I'll forget about whatever was undefined.

! Undefined control sequence.
l.399   \node
             [state] (S2) [right of=S1] {\textbf{S2}\\\small 已匹配``10''\\\sma...
The control sequence at the end of the top line
of your error message was never \def'ed. If you have
misspelled it (e.g., `\hobx'), type `I' and the correct
spelling (e.g., `I\hbox'). Otherwise just continue,
and I'll forget about whatever was undefined.


Package fancyhdr Warning: \headheight is too small (12.0pt): 
(fancyhdr)                Make it at least 14.49998pt, for example:
(fancyhdr)                \setlength{\headheight}{14.49998pt}.
(fancyhdr)                You might also make \topmargin smaller:
(fancyhdr)                \addtolength{\topmargin}{-2.49998pt}.

[105]
! Undefined control sequence.
l.400   \node
             [state] (S3) [below of=S1, yshift=-1.2cm] {\textbf{S3}\\\small ...
The control sequence at the end of the top line
of your error message was never \def'ed. If you have
misspelled it (e.g., `\hobx'), type `I' and the correct
spelling (e.g., `I\hbox'). Otherwise just continue,
and I'll forget about whatever was undefined.

! Undefined control sequence.
l.401   \node
             [state] (S4) [below of=S2, yshift=-2.5cm] {\textbf{S4}\\\small ...
The control sequence at the end of the top line
of your error message was never \def'ed. If you have
misspelled it (e.g., `\hobx'), type `I' and the correct
spelling (e.g., `I\hbox'). Otherwise just continue,
and I'll forget about whatever was undefined.

! Undefined control sequence.
\endtikzpicture ...r@layerlist@globally \endscope 
                                                  \let \pgf@baseline =\pgf@s...
l.414 \end{tikzpicture}
                       
The control sequence at the end of the top line
of your error message was never \def'ed. If you have
misspelled it (e.g., `\hobx'), type `I' and the correct
spelling (e.g., `I\hbox'). Otherwise just continue,
and I'll forget about whatever was undefined.

! Extra }, or forgotten \endgroup.
\endpgfpicture ...globally \endgroup \hss \egroup 
                                                  \pgf@restore@layerlist@fro...
l.414 \end{tikzpicture}
                       
I've deleted a group-closing symbol because it seems to be
spurious, as in `$x}$'. But perhaps the } is legitimate and
you forgot something else, as in `\hbox{$x}'. In such cases
the way to recover is to insert both the forgotten and the
deleted material, e.g., by typing `I$}'.

! Too many }'s.
\endpgfpicture ...dpicture \endgroup \hss \egroup 
                                                  \pgfsys@typesetpicturebox ...
l.414 \end{tikzpicture}
                       
You've closed more groups than you opened.
Such booboos are generally harmless, so keep going.

! Extra \endgroup.
\endpgfpicture ...setpicturebox \pgfpic \endgroup 
                                                  
l.414 \end{tikzpicture}
                       
Things are pretty mixed up, but I think the worst is over.

! Extra \endgroup.
\endtikzpicture ...lobal \endpgfpicture \endgroup 
                                                  
l.414 \end{tikzpicture}
                       
Things are pretty mixed up, but I think the worst is over.


! LaTeX Error: \begin{document} ended by \end{tikzpicture}.

See the LaTeX manual or LaTeX Companion for explanation.
Type  H <return>  for immediate help.
 ...                                              
                                                  
l.414 \end{tikzpicture}
                       
Your command was ignored.
Type  I <command> <return>  to replace it with another command,
or  <return>  to continue without it.

! Extra \endgroup.
\end  ...end#1\endcsname \@checkend {#1}\endgroup 
                                                  \UseHook {env/#1/after}\if...
l.414 \end{tikzpicture}
                       
Things are pretty mixed up, but I think the worst is over.

! Infinite glue shrinkage found in a paragraph.
<argument> ...hskip:D \c_zero_dim \fi: \tex_par:D 
                                                  \hook_use:n {para/after}\@...
l.415 \end{center}
                  
The paragraph just ended includes some glue that has
infinite shrinkability, e.g., `\hskip 0pt minus 1fil'.
Such glue doesn't belong there---it allows a paragraph
of any length to fit on one line. But it's safe to proceed,
since the offensive shrinkability has been made finite.


! LaTeX Error: \begin{document} ended by \end{center}.

See the LaTeX manual or LaTeX Companion for explanation.
Type  H <return>  for immediate help.
 ...                                              
                                                  
l.415 \end{center}
                  
Your command was ignored.
Type  I <command> <return>  to replace it with another command,
or  <return>  to continue without it.

! Extra \endgroup.
\end  ...end#1\endcsname \@checkend {#1}\endgroup 
                                                  \UseHook {env/#1/after}\if...
l.415 \end{center}
                  
Things are pretty mixed up, but I think the worst is over.


Package fancyhdr Warning: \headheight is too small (12.0pt): 
(fancyhdr)                Make it at least 14.49998pt, for example:
(fancyhdr)                \setlength{\headheight}{14.49998pt}.
(fancyhdr)                You might also make \topmargin smaller:
(fancyhdr)                \addtolength{\topmargin}{-2.49998pt}.

[106]
Underfull \vbox (badness 10000) has occurred while \output is active []



Package fancyhdr Warning: \headheight is too small (12.0pt): 
(fancyhdr)                Make it at least 14.49998pt, for example:
(fancyhdr)                \setlength{\headheight}{14.49998pt}.
(fancyhdr)                You might also make \topmargin smaller:
(fancyhdr)                \addtolength{\topmargin}{-2.49998pt}.

[107]

! LaTeX Error: Not allowed in LR mode.

See the LaTeX manual or LaTeX Companion for explanation.
Type  H <return>  for immediate help.
 ...                                              
                                                  
l.496   \node[state] (S0) {\textbf{S0}\\\small
                                               初始};
You've lost some text.  Try typing  <return>  to proceed.
If that doesn't work, type  X <return>  to quit.

! Missing } inserted.
<inserted text> 
                }
l.496   \node[state] (S0) {\textbf{S0}\\\small
                                               初始};
I've inserted something that you may have forgotten.
(See the <inserted text> above.)
With luck, this will get me unwedged. But if you
really didn't forget anything, try typing `2' now; then
my insertion and my current dilemma will both disappear.


! Package tikz Error: Giving up on this path. Did you forget a semicolon?.

See the tikz package documentation for explanation.
Type  H <return>  for immediate help.
 ...                                              
                                                  
l.496   \node[state] (S0) {\textbf{S0}\\\small
                                               初始};
(That was another \errmessage.)

! Missing \endgroup inserted.
<inserted text> 
                \endgroup 
l.496   \node[state] (S0) {\textbf{S0}\\\small
                                               初始};
I've inserted something that you may have forgotten.
(See the <inserted text> above.)
With luck, this will get me unwedged. But if you
really didn't forget anything, try typing `2' now; then
my insertion and my current dilemma will both disappear.

! Undefined control sequence.
<recently read> \tikz@expand@last@token@ 
                                         
l.496   \node[state] (S0) {\textbf{S0}\\\small
                                               初始};
The control sequence at the end of the top line
of your error message was never \def'ed. If you have
misspelled it (e.g., `\hobx'), type `I' and the correct
spelling (e.g., `I\hbox'). Otherwise just continue,
and I'll forget about whatever was undefined.

! Missing number, treated as zero.
<to be read again> 
                   \let 
l.496   \node[state] (S0) {\textbf{S0}\\\small
                                               初始};
A number should have been here; I inserted `0'.
(If you can't figure out why I needed to see a number,
look up `weird error' in the index to The TeXbook.)

! Illegal unit of measure (pt inserted).
<to be read again> 
                   \let 
l.496   \node[state] (S0) {\textbf{S0}\\\small
                                               初始};
Dimensions can be in units of em, ex, in, pt, pc,
cm, mm, dd, cc, bp, or sp; but yours is a new one!
I'll assume that you meant to say pt, for printer's points.
To recover gracefully from this error, it's best to
delete the erroneous units; e.g., type `2' to delete
two letters. (See Chapter 27 of The TeXbook.)

! Extra }, or forgotten \endgroup.
<recently read> }
                 
l.496   \node[state] (S0) {\textbf{S0}\\\small 初始}
                                                  ;
I've deleted a group-closing symbol because it seems to be
spurious, as in `$x}$'. But perhaps the } is legitimate and
you forgot something else, as in `\hbox{$x}'. In such cases
the way to recover is to insert both the forgotten and the
deleted material, e.g., by typing `I$}'.

Missing character: There is no ; ("3B) in font nullfont!

! LaTeX Error: Not allowed in LR mode.

See the LaTeX manual or LaTeX Companion for explanation.
Type  H <return>  for immediate help.
 ...                                              
                                                  
l.497 ...] (S1) [right of=S0] {\textbf{S1}\\\small
                                                   已匹配``1''};
You've lost some text.  Try typing  <return>  to proceed.
If that doesn't work, type  X <return>  to quit.

! Missing } inserted.
<inserted text> 
                }
l.497 ...] (S1) [right of=S0] {\textbf{S1}\\\small
                                                   已匹配``1''};
I've inserted something that you may have forgotten.
(See the <inserted text> above.)
With luck, this will get me unwedged. But if you
really didn't forget anything, try typing `2' now; then
my insertion and my current dilemma will both disappear.


! Package tikz Error: Giving up on this path. Did you forget a semicolon?.

See the tikz package documentation for explanation.
Type  H <return>  for immediate help.
 ...                                              
                                                  
l.497 ...] (S1) [right of=S0] {\textbf{S1}\\\small
                                                   已匹配``1''};
(That was another \errmessage.)

! Missing \endgroup inserted.
<inserted text> 
                \endgroup 
l.497 ...] (S1) [right of=S0] {\textbf{S1}\\\small
                                                   已匹配``1''};
I've inserted something that you may have forgotten.
(See the <inserted text> above.)
With luck, this will get me unwedged. But if you
really didn't forget anything, try typing `2' now; then
my insertion and my current dilemma will both disappear.

! Undefined control sequence.
<recently read> \tikz@expand@last@token@ 
                                         
l.497 ...] (S1) [right of=S0] {\textbf{S1}\\\small
                                                   已匹配``1''};
The control sequence at the end of the top line
of your error message was never \def'ed. If you have
misspelled it (e.g., `\hobx'), type `I' and the correct
spelling (e.g., `I\hbox'). Otherwise just continue,
and I'll forget about whatever was undefined.

! Missing number, treated as zero.
<to be read again> 
                   \let 
l.497 ...] (S1) [right of=S0] {\textbf{S1}\\\small
                                                   已匹配``1''};
A number should have been here; I inserted `0'.
(If you can't figure out why I needed to see a number,
look up `weird error' in the index to The TeXbook.)

! Illegal unit of measure (pt inserted).
<to be read again> 
                   \let 
l.497 ...] (S1) [right of=S0] {\textbf{S1}\\\small
                                                   已匹配``1''};
Dimensions can be in units of em, ex, in, pt, pc,
cm, mm, dd, cc, bp, or sp; but yours is a new one!
I'll assume that you meant to say pt, for printer's points.
To recover gracefully from this error, it's best to
delete the erroneous units; e.g., type `2' to delete
two letters. (See Chapter 27 of The TeXbook.)

Missing character: There is no ` ("60) in font nullfont!
Missing character: There is no ` ("60) in font nullfont!
Missing character: There is no 1 ("31) in font nullfont!
Missing character: There is no ' ("27) in font nullfont!
Missing character: There is no ' ("27) in font nullfont!
! Extra }, or forgotten \endgroup.
<recently read> }
                 
l.497 ...ght of=S0] {\textbf{S1}\\\small 已匹配``1''}
                                                  ;
I've deleted a group-closing symbol because it seems to be
spurious, as in `$x}$'. But perhaps the } is legitimate and
you forgot something else, as in `\hbox{$x}'. In such cases
the way to recover is to insert both the forgotten and the
deleted material, e.g., by typing `I$}'.

Missing character: There is no ; ("3B) in font nullfont!

! LaTeX Error: Not allowed in LR mode.

See the LaTeX manual or LaTeX Companion for explanation.
Type  H <return>  for immediate help.
 ...                                              
                                                  
l.498 ...] (S2) [right of=S1] {\textbf{S2}\\\small
                                                   已匹配``10''};
You've lost some text.  Try typing  <return>  to proceed.
If that doesn't work, type  X <return>  to quit.

! Missing } inserted.
<inserted text> 
                }
l.498 ...] (S2) [right of=S1] {\textbf{S2}\\\small
                                                   已匹配``10''};
I've inserted something that you may have forgotten.
(See the <inserted text> above.)
With luck, this will get me unwedged. But if you
really didn't forget anything, try typing `2' now; then
my insertion and my current dilemma will both disappear.


! Package tikz Error: Giving up on this path. Did you forget a semicolon?.

See the tikz package documentation for explanation.
Type  H <return>  for immediate help.
 ...                                              
                                                  
l.498 ...] (S2) [right of=S1] {\textbf{S2}\\\small
                                                   已匹配``10''};
(That was another \errmessage.)

! Missing \endgroup inserted.
<inserted text> 
                \endgroup 
l.498 ...] (S2) [right of=S1] {\textbf{S2}\\\small
                                                   已匹配``10''};
I've inserted something that you may have forgotten.
(See the <inserted text> above.)
With luck, this will get me unwedged. But if you
really didn't forget anything, try typing `2' now; then
my insertion and my current dilemma will both disappear.

! Undefined control sequence.
<recently read> \tikz@expand@last@token@ 
                                         
l.498 ...] (S2) [right of=S1] {\textbf{S2}\\\small
                                                   已匹配``10''};
The control sequence at the end of the top line
of your error message was never \def'ed. If you have
misspelled it (e.g., `\hobx'), type `I' and the correct
spelling (e.g., `I\hbox'). Otherwise just continue,
and I'll forget about whatever was undefined.

! Missing number, treated as zero.
<to be read again> 
                   \let 
l.498 ...] (S2) [right of=S1] {\textbf{S2}\\\small
                                                   已匹配``10''};
A number should have been here; I inserted `0'.
(If you can't figure out why I needed to see a number,
look up `weird error' in the index to The TeXbook.)

! Illegal unit of measure (pt inserted).
<to be read again> 
                   \let 
l.498 ...] (S2) [right of=S1] {\textbf{S2}\\\small
                                                   已匹配``10''};
Dimensions can be in units of em, ex, in, pt, pc,
cm, mm, dd, cc, bp, or sp; but yours is a new one!
I'll assume that you meant to say pt, for printer's points.
To recover gracefully from this error, it's best to
delete the erroneous units; e.g., type `2' to delete
two letters. (See Chapter 27 of The TeXbook.)

Missing character: There is no ` ("60) in font nullfont!
Missing character: There is no ` ("60) in font nullfont!
Missing character: There is no 1 ("31) in font nullfont!
Missing character: There is no 0 ("30) in font nullfont!
Missing character: There is no ' ("27) in font nullfont!
Missing character: There is no ' ("27) in font nullfont!
! Extra }, or forgotten \endgroup.
<recently read> }
                 
l.498 ...ht of=S1] {\textbf{S2}\\\small 已匹配``10''}
                                                  ;
I've deleted a group-closing symbol because it seems to be
spurious, as in `$x}$'. But perhaps the } is legitimate and
you forgot something else, as in `\hbox{$x}'. In such cases
the way to recover is to insert both the forgotten and the
deleted material, e.g., by typing `I$}'.

Missing character: There is no ; ("3B) in font nullfont!

! LaTeX Error: Not allowed in LR mode.

See the LaTeX manual or LaTeX Companion for explanation.
Type  H <return>  for immediate help.
 ...                                              
                                                  
l.499 ...f=S1, yshift=-1.2cm] {\textbf{S3}\\\small
                                                   已匹配``101''};
You've lost some text.  Try typing  <return>  to proceed.
If that doesn't work, type  X <return>  to quit.

! Missing } inserted.
<inserted text> 
                }
l.499 ...f=S1, yshift=-1.2cm] {\textbf{S3}\\\small
                                                   已匹配``101''};
I've inserted something that you may have forgotten.
(See the <inserted text> above.)
With luck, this will get me unwedged. But if you
really didn't forget anything, try typing `2' now; then
my insertion and my current dilemma will both disappear.


! Package tikz Error: Giving up on this path. Did you forget a semicolon?.

See the tikz package documentation for explanation.
Type  H <return>  for immediate help.
 ...                                              
                                                  
l.499 ...f=S1, yshift=-1.2cm] {\textbf{S3}\\\small
                                                   已匹配``101''};
(That was another \errmessage.)

! Missing \endgroup inserted.
<inserted text> 
                \endgroup 
l.499 ...f=S1, yshift=-1.2cm] {\textbf{S3}\\\small
                                                   已匹配``101''};
I've inserted something that you may have forgotten.
(See the <inserted text> above.)
With luck, this will get me unwedged. But if you
really didn't forget anything, try typing `2' now; then
my insertion and my current dilemma will both disappear.

! Undefined control sequence.
<recently read> \tikz@expand@last@token@ 
                                         
l.499 ...f=S1, yshift=-1.2cm] {\textbf{S3}\\\small
                                                   已匹配``101''};
The control sequence at the end of the top line
of your error message was never \def'ed. If you have
misspelled it (e.g., `\hobx'), type `I' and the correct
spelling (e.g., `I\hbox'). Otherwise just continue,
and I'll forget about whatever was undefined.

! Missing number, treated as zero.
<to be read again> 
                   \let 
l.499 ...f=S1, yshift=-1.2cm] {\textbf{S3}\\\small
                                                   已匹配``101''};
A number should have been here; I inserted `0'.
(If you can't figure out why I needed to see a number,
look up `weird error' in the index to The TeXbook.)

! Illegal unit of measure (pt inserted).
<to be read again> 
                   \let 
l.499 ...f=S1, yshift=-1.2cm] {\textbf{S3}\\\small
                                                   已匹配``101''};
Dimensions can be in units of em, ex, in, pt, pc,
cm, mm, dd, cc, bp, or sp; but yours is a new one!
I'll assume that you meant to say pt, for printer's points.
To recover gracefully from this error, it's best to
delete the erroneous units; e.g., type `2' to delete
two letters. (See Chapter 27 of The TeXbook.)

Missing character: There is no ` ("60) in font nullfont!
Missing character: There is no ` ("60) in font nullfont!
Missing character: There is no 1 ("31) in font nullfont!
Missing character: There is no 0 ("30) in font nullfont!
Missing character: There is no 1 ("31) in font nullfont!
Missing character: There is no ' ("27) in font nullfont!
Missing character: There is no ' ("27) in font nullfont!
! Extra }, or forgotten \endgroup.
<recently read> }
                 
l.499 ...=-1.2cm] {\textbf{S3}\\\small 已匹配``101''}
                                                  ;
I've deleted a group-closing symbol because it seems to be
spurious, as in `$x}$'. But perhaps the } is legitimate and
you forgot something else, as in `\hbox{$x}'. In such cases
the way to recover is to insert both the forgotten and the
deleted material, e.g., by typing `I$}'.

Missing character: There is no ; ("3B) in font nullfont!
! Undefined control sequence.
\pgfsys@call@end ->\pgfsys@end@save 
                                    \pgfsys@endscope 
l.510 \end{tikzpicture}
                       
The control sequence at the end of the top line
of your error message was never \def'ed. If you have
misspelled it (e.g., `\hobx'), type `I' and the correct
spelling (e.g., `I\hbox'). Otherwise just continue,
and I'll forget about whatever was undefined.

! Missing } inserted.
<inserted text> 
                }
l.510 \end{tikzpicture}
                       
I've inserted something that you may have forgotten.
(See the <inserted text> above.)
With luck, this will get me unwedged. But if you
really didn't forget anything, try typing `2' now; then
my insertion and my current dilemma will both disappear.


Overfull \hbox (120.44997pt too wide) detected at line 510
[][] []\TU/SimSun(0)/m/n/10.95 初 始 []已 匹 配  []已 匹 配 []已 匹 配  []  []
 []

! Undefined control sequence.
\endpgfscope ...pgflinewidth =\pgfscope@linewidth 
                                                  \global \let \pgf@strokeco...
l.510 \end{tikzpicture}
                       
The control sequence at the end of the top line
of your error message was never \def'ed. If you have
misspelled it (e.g., `\hobx'), type `I' and the correct
spelling (e.g., `I\hbox'). Otherwise just continue,
and I'll forget about whatever was undefined.

! Missing number, treated as zero.
<to be read again> 
                   \global 
l.510 \end{tikzpicture}
                       
A number should have been here; I inserted `0'.
(If you can't figure out why I needed to see a number,
look up `weird error' in the index to The TeXbook.)

! Illegal unit of measure (pt inserted).
<to be read again> 
                   \global 
l.510 \end{tikzpicture}
                       
Dimensions can be in units of em, ex, in, pt, pc,
cm, mm, dd, cc, bp, or sp; but yours is a new one!
I'll assume that you meant to say pt, for printer's points.
To recover gracefully from this error, it's best to
delete the erroneous units; e.g., type `2' to delete
two letters. (See Chapter 27 of The TeXbook.)

! Missing } inserted.
<inserted text> 
                }
l.510 \end{tikzpicture}
                       
I've inserted something that you may have forgotten.
(See the <inserted text> above.)
With luck, this will get me unwedged. But if you
really didn't forget anything, try typing `2' now; then
my insertion and my current dilemma will both disappear.

! Extra }, or forgotten \endgroup.
\endpgfpicture ...globally \endgroup \hss \egroup 
                                                  \pgf@restore@layerlist@fro...
l.510 \end{tikzpicture}
                       
I've deleted a group-closing symbol because it seems to be
spurious, as in `$x}$'. But perhaps the } is legitimate and
you forgot something else, as in `\hbox{$x}'. In such cases
the way to recover is to insert both the forgotten and the
deleted material, e.g., by typing `I$}'.

! Too many }'s.
\endpgfpicture ...dpicture \endgroup \hss \egroup 
                                                  \pgfsys@typesetpicturebox ...
l.510 \end{tikzpicture}
                       
You've closed more groups than you opened.
Such booboos are generally harmless, so keep going.

! Extra \endgroup.
\endpgfpicture ...setpicturebox \pgfpic \endgroup 
                                                  
l.510 \end{tikzpicture}
                       
Things are pretty mixed up, but I think the worst is over.

! Extra \endgroup.
\endtikzpicture ...lobal \endpgfpicture \endgroup 
                                                  
l.510 \end{tikzpicture}
                       
Things are pretty mixed up, but I think the worst is over.


! LaTeX Error: \begin{document} ended by \end{tikzpicture}.

See the LaTeX manual or LaTeX Companion for explanation.
Type  H <return>  for immediate help.
 ...                                              
                                                  
l.510 \end{tikzpicture}
                       
Your command was ignored.
Type  I <command> <return>  to replace it with another command,
or  <return>  to continue without it.

! Extra \endgroup.
\end  ...end#1\endcsname \@checkend {#1}\endgroup 
                                                  \UseHook {env/#1/after}\if...
l.510 \end{tikzpicture}
                       
Things are pretty mixed up, but I think the worst is over.

! Infinite glue shrinkage found in a paragraph.
<argument> ...hskip:D \c_zero_dim \fi: \tex_par:D 
                                                  \hook_use:n {para/after}\@...
l.511 \end{center}
                  
The paragraph just ended includes some glue that has
infinite shrinkability, e.g., `\hskip 0pt minus 1fil'.
Such glue doesn't belong there---it allows a paragraph
of any length to fit on one line. But it's safe to proceed,
since the offensive shrinkability has been made finite.


! LaTeX Error: \begin{document} ended by \end{center}.

See the LaTeX manual or LaTeX Companion for explanation.
Type  H <return>  for immediate help.
 ...                                              
                                                  
l.511 \end{center}
                  
Your command was ignored.
Type  I <command> <return>  to replace it with another command,
or  <return>  to continue without it.

! Extra \endgroup.
\end  ...end#1\endcsname \@checkend {#1}\endgroup 
                                                  \UseHook {env/#1/after}\if...
l.511 \end{center}
                  
Things are pretty mixed up, but I think the worst is over.


Package fancyhdr Warning: \headheight is too small (12.0pt): 
(fancyhdr)                Make it at least 14.49998pt, for example:
(fancyhdr)                \setlength{\headheight}{14.49998pt}.
(fancyhdr)                You might also make \topmargin smaller:
(fancyhdr)                \addtolength{\topmargin}{-2.49998pt}.

[108]
Underfull \vbox (badness 10000) has occurred while \output is active []



Package fancyhdr Warning: \headheight is too small (12.0pt): 
(fancyhdr)                Make it at least 14.49998pt, for example:
(fancyhdr)                \setlength{\headheight}{14.49998pt}.
(fancyhdr)                You might also make \topmargin smaller:
(fancyhdr)                \addtolength{\topmargin}{-2.49998pt}.

[109]) (./answers/answer07.tex

Package fancyhdr Warning: \headheight is too small (12.0pt): 
(fancyhdr)                Make it at least 14.49998pt, for example:
(fancyhdr)                \setlength{\headheight}{14.49998pt}.
(fancyhdr)                You might also make \topmargin smaller:
(fancyhdr)                \addtolength{\topmargin}{-2.49998pt}.

[110]
第七章
[111

]
Overfull \hbox (0.12343pt too wide) in paragraph at lines 57--58
[]|\TU/SimSun(0)/b/n/12 （第 \TU/lmr/bx/n/12 16 \TU/SimSun(0)/b/n/12 行  |—|  信 号 
\TU/lmr/bx/n/12 temp \TU/SimSun(0)/b/n/12 类 型 与 赋 值 问 题）| \TU/lmtt/m/n/12 temp 
<= TO_INTEGER(UNSIGNED(a))
 []


Package fancyhdr Warning: \headheight is too small (12.0pt): 
(fancyhdr)                Make it at least 14.49998pt, for example:
(fancyhdr)                \setlength{\headheight}{14.49998pt}.
(fancyhdr)                You might also make \topmargin smaller:
(fancyhdr)                \addtolength{\topmargin}{-2.49998pt}.

[112]

Package fancyhdr Warning: \headheight is too small (12.0pt): 
(fancyhdr)                Make it at least 14.49998pt, for example:
(fancyhdr)                \setlength{\headheight}{14.49998pt}.
(fancyhdr)                You might also make \topmargin smaller:
(fancyhdr)                \addtolength{\topmargin}{-2.49998pt}.

[113]
Overfull \hbox (14.32938pt too wide) in paragraph at lines 123--124
[]\TU/SimSun(0)/m/n/12 代 码 结 构 为 \TU/lmtt/m/n/12 IF rst = '1' THEN ... ELSIF ri
sing_edge(clk) THEN ... |\TU/SimSun(0)/m/n/12 — —|
 []


Package fancyhdr Warning: \headheight is too small (12.0pt): 
(fancyhdr)                Make it at least 14.49998pt, for example:
(fancyhdr)                \setlength{\headheight}{14.49998pt}.
(fancyhdr)                You might also make \topmargin smaller:
(fancyhdr)                \addtolength{\topmargin}{-2.49998pt}.

[114]

Package fancyhdr Warning: \headheight is too small (12.0pt): 
(fancyhdr)                Make it at least 14.49998pt, for example:
(fancyhdr)                \setlength{\headheight}{14.49998pt}.
(fancyhdr)                You might also make \topmargin smaller:
(fancyhdr)                \addtolength{\topmargin}{-2.49998pt}.

[115]
Underfull \vbox (badness 10000) has occurred while \output is active []



Package fancyhdr Warning: \headheight is too small (12.0pt): 
(fancyhdr)                Make it at least 14.49998pt, for example:
(fancyhdr)                \setlength{\headheight}{14.49998pt}.
(fancyhdr)                You might also make \topmargin smaller:
(fancyhdr)                \addtolength{\topmargin}{-2.49998pt}.

[116]
Overfull \hbox (3.318pt too wide) in paragraph at lines 288--289
 [] 
 []


Package fancyhdr Warning: \headheight is too small (12.0pt): 
(fancyhdr)                Make it at least 14.49998pt, for example:
(fancyhdr)                \setlength{\headheight}{14.49998pt}.
(fancyhdr)                You might also make \topmargin smaller:
(fancyhdr)                \addtolength{\topmargin}{-2.49998pt}.

[117]

Package fancyhdr Warning: \headheight is too small (12.0pt): 
(fancyhdr)                Make it at least 14.49998pt, for example:
(fancyhdr)                \setlength{\headheight}{14.49998pt}.
(fancyhdr)                You might also make \topmargin smaller:
(fancyhdr)                \addtolength{\topmargin}{-2.49998pt}.

[118]
Underfull \vbox (badness 10000) has occurred while \output is active []



Package fancyhdr Warning: \headheight is too small (12.0pt): 
(fancyhdr)                Make it at least 14.49998pt, for example:
(fancyhdr)                \setlength{\headheight}{14.49998pt}.
(fancyhdr)                You might also make \topmargin smaller:
(fancyhdr)                \addtolength{\topmargin}{-2.49998pt}.

[119]

! LaTeX Error: Not allowed in LR mode.

See the LaTeX manual or LaTeX Companion for explanation.
Type  H <return>  for immediate help.
 ...                                              
                                                  
l.421   \node[state] (S0) {\textbf{S0}\\\small
                                               初始\\\small found=0};
You've lost some text.  Try typing  <return>  to proceed.
If that doesn't work, type  X <return>  to quit.

! Missing } inserted.
<inserted text> 
                }
l.421   \node[state] (S0) {\textbf{S0}\\\small
                                               初始\\\small found=0};
I've inserted something that you may have forgotten.
(See the <inserted text> above.)
With luck, this will get me unwedged. But if you
really didn't forget anything, try typing `2' now; then
my insertion and my current dilemma will both disappear.


! Package tikz Error: Giving up on this path. Did you forget a semicolon?.

See the tikz package documentation for explanation.
Type  H <return>  for immediate help.
 ...                                              
                                                  
l.421   \node[state] (S0) {\textbf{S0}\\\small
                                               初始\\\small found=0};
(That was another \errmessage.)

! Missing \endgroup inserted.
<inserted text> 
                \endgroup 
l.421   \node[state] (S0) {\textbf{S0}\\\small
                                               初始\\\small found=0};
I've inserted something that you may have forgotten.
(See the <inserted text> above.)
With luck, this will get me unwedged. But if you
really didn't forget anything, try typing `2' now; then
my insertion and my current dilemma will both disappear.

! Undefined control sequence.
<recently read> \tikz@expand@last@token@ 
                                         
l.421   \node[state] (S0) {\textbf{S0}\\\small
                                               初始\\\small found=0};
The control sequence at the end of the top line
of your error message was never \def'ed. If you have
misspelled it (e.g., `\hobx'), type `I' and the correct
spelling (e.g., `I\hbox'). Otherwise just continue,
and I'll forget about whatever was undefined.

! Missing number, treated as zero.
<to be read again> 
                   \let 
l.421   \node[state] (S0) {\textbf{S0}\\\small
                                               初始\\\small found=0};
A number should have been here; I inserted `0'.
(If you can't figure out why I needed to see a number,
look up `weird error' in the index to The TeXbook.)

! Illegal unit of measure (pt inserted).
<to be read again> 
                   \let 
l.421   \node[state] (S0) {\textbf{S0}\\\small
                                               初始\\\small found=0};
Dimensions can be in units of em, ex, in, pt, pc,
cm, mm, dd, cc, bp, or sp; but yours is a new one!
I'll assume that you meant to say pt, for printer's points.
To recover gracefully from this error, it's best to
delete the erroneous units; e.g., type `2' to delete
two letters. (See Chapter 27 of The TeXbook.)


! LaTeX Error: Not allowed in LR mode.

See the LaTeX manual or LaTeX Companion for explanation.
Type  H <return>  for immediate help.
 ...                                              
                                                  
l.421 ...ate] (S0) {\textbf{S0}\\\small 初始\\\small
                                                   found=0};
You've lost some text.  Try typing  <return>  to proceed.
If that doesn't work, type  X <return>  to quit.

! Missing \endgroup inserted.
<inserted text> 
                \endgroup 
l.421 ...ate] (S0) {\textbf{S0}\\\small 初始\\\small
                                                   found=0};
I've inserted something that you may have forgotten.
(See the <inserted text> above.)
With luck, this will get me unwedged. But if you
really didn't forget anything, try typing `2' now; then
my insertion and my current dilemma will both disappear.

! Missing \endgroup inserted.
<inserted text> 
                \endgroup 
l.421 ...ate] (S0) {\textbf{S0}\\\small 初始\\\small
                                                   found=0};
I've inserted something that you may have forgotten.
(See the <inserted text> above.)
With luck, this will get me unwedged. But if you
really didn't forget anything, try typing `2' now; then
my insertion and my current dilemma will both disappear.

! Missing \endgroup inserted.
<inserted text> 
                \endgroup 
l.421 ...ate] (S0) {\textbf{S0}\\\small 初始\\\small
                                                   found=0};
I've inserted something that you may have forgotten.
(See the <inserted text> above.)
With luck, this will get me unwedged. But if you
really didn't forget anything, try typing `2' now; then
my insertion and my current dilemma will both disappear.

! Missing \endgroup inserted.
<inserted text> 
                \endgroup 
l.421 ...ate] (S0) {\textbf{S0}\\\small 初始\\\small
                                                   found=0};
I've inserted something that you may have forgotten.
(See the <inserted text> above.)
With luck, this will get me unwedged. But if you
really didn't forget anything, try typing `2' now; then
my insertion and my current dilemma will both disappear.

! Missing \endgroup inserted.
<inserted text> 
                \endgroup 
l.421 ...ate] (S0) {\textbf{S0}\\\small 初始\\\small
                                                   found=0};
I've inserted something that you may have forgotten.
(See the <inserted text> above.)
With luck, this will get me unwedged. But if you
really didn't forget anything, try typing `2' now; then
my insertion and my current dilemma will both disappear.

! Missing } inserted.
<inserted text> 
                }
l.421 ...ate] (S0) {\textbf{S0}\\\small 初始\\\small
                                                   found=0};
I've inserted something that you may have forgotten.
(See the <inserted text> above.)
With luck, this will get me unwedged. But if you
really didn't forget anything, try typing `2' now; then
my insertion and my current dilemma will both disappear.


Overfull \hbox (21.9pt too wide) detected at line 421
[][] []\TU/SimSun(0)/m/n/10.95 初 始
 []

! Missing \endgroup inserted.
<inserted text> 
                \endgroup 
l.421 ...ate] (S0) {\textbf{S0}\\\small 初始\\\small
                                                   found=0};
I've inserted something that you may have forgotten.
(See the <inserted text> above.)
With luck, this will get me unwedged. But if you
really didn't forget anything, try typing `2' now; then
my insertion and my current dilemma will both disappear.

! Missing \endgroup inserted.
<inserted text> 
                \endgroup 
l.421 ...ate] (S0) {\textbf{S0}\\\small 初始\\\small
                                                   found=0};
I've inserted something that you may have forgotten.
(See the <inserted text> above.)
With luck, this will get me unwedged. But if you
really didn't forget anything, try typing `2' now; then
my insertion and my current dilemma will both disappear.

! Missing \endgroup inserted.
<inserted text> 
                \endgroup 
l.421 ...ate] (S0) {\textbf{S0}\\\small 初始\\\small
                                                   found=0};
I've inserted something that you may have forgotten.
(See the <inserted text> above.)
With luck, this will get me unwedged. But if you
really didn't forget anything, try typing `2' now; then
my insertion and my current dilemma will both disappear.

! Missing } inserted.
<inserted text> 
                }
l.421 ...ate] (S0) {\textbf{S0}\\\small 初始\\\small
                                                   found=0};
I've inserted something that you may have forgotten.
(See the <inserted text> above.)
With luck, this will get me unwedged. But if you
really didn't forget anything, try typing `2' now; then
my insertion and my current dilemma will both disappear.

! Extra }, or forgotten \endgroup.
<recently read> }
                 
l.421 ... {\textbf{S0}\\\small 初始\\\small found=0}
                                                  ;
I've deleted a group-closing symbol because it seems to be
spurious, as in `$x}$'. But perhaps the } is legitimate and
you forgot something else, as in `\hbox{$x}'. In such cases
the way to recover is to insert both the forgotten and the
deleted material, e.g., by typing `I$}'.

! Undefined control sequence.
l.422   \node
             [state] (S1) [right of=S0] {\textbf{S1}\\\small 已匹配``1''\\\smal...
The control sequence at the end of the top line
of your error message was never \def'ed. If you have
misspelled it (e.g., `\hobx'), type `I' and the correct
spelling (e.g., `I\hbox'). Otherwise just continue,
and I'll forget about whatever was undefined.

! Undefined control sequence.
l.423   \node
             [state] (S2) [right of=S1] {\textbf{S2}\\\small 已匹配``10''\\\sma...
The control sequence at the end of the top line
of your error message was never \def'ed. If you have
misspelled it (e.g., `\hobx'), type `I' and the correct
spelling (e.g., `I\hbox'). Otherwise just continue,
and I'll forget about whatever was undefined.

! Undefined control sequence.
l.424   \node
             [state] (S3) [below of=S1, yshift=-1.0cm] {\textbf{S3}\\\small ...
The control sequence at the end of the top line
of your error message was never \def'ed. If you have
misspelled it (e.g., `\hobx'), type `I' and the correct
spelling (e.g., `I\hbox'). Otherwise just continue,
and I'll forget about whatever was undefined.

! Undefined control sequence.
l.425   \node
             [state] (S4) [below of=S2, yshift=-2.5cm] {\textbf{S4}\\\small ...
The control sequence at the end of the top line
of your error message was never \def'ed. If you have
misspelled it (e.g., `\hobx'), type `I' and the correct
spelling (e.g., `I\hbox'). Otherwise just continue,
and I'll forget about whatever was undefined.

! Undefined control sequence.
\endtikzpicture ...r@layerlist@globally \endscope 
                                                  \let \pgf@baseline =\pgf@s...
l.438 \end{tikzpicture}
                       
The control sequence at the end of the top line
of your error message was never \def'ed. If you have
misspelled it (e.g., `\hobx'), type `I' and the correct
spelling (e.g., `I\hbox'). Otherwise just continue,
and I'll forget about whatever was undefined.

! Extra }, or forgotten \endgroup.
\endpgfpicture ...globally \endgroup \hss \egroup 
                                                  \pgf@restore@layerlist@fro...
l.438 \end{tikzpicture}
                       
I've deleted a group-closing symbol because it seems to be
spurious, as in `$x}$'. But perhaps the } is legitimate and
you forgot something else, as in `\hbox{$x}'. In such cases
the way to recover is to insert both the forgotten and the
deleted material, e.g., by typing `I$}'.

! Too many }'s.
\endpgfpicture ...dpicture \endgroup \hss \egroup 
                                                  \pgfsys@typesetpicturebox ...
l.438 \end{tikzpicture}
                       
You've closed more groups than you opened.
Such booboos are generally harmless, so keep going.

! Extra \endgroup.
\endpgfpicture ...setpicturebox \pgfpic \endgroup 
                                                  
l.438 \end{tikzpicture}
                       
Things are pretty mixed up, but I think the worst is over.

! Extra \endgroup.
\endtikzpicture ...lobal \endpgfpicture \endgroup 
                                                  
l.438 \end{tikzpicture}
                       
Things are pretty mixed up, but I think the worst is over.


! LaTeX Error: \begin{document} ended by \end{tikzpicture}.

See the LaTeX manual or LaTeX Companion for explanation.
Type  H <return>  for immediate help.
 ...                                              
                                                  
l.438 \end{tikzpicture}
                       
Your command was ignored.
Type  I <command> <return>  to replace it with another command,
or  <return>  to continue without it.

! Extra \endgroup.
\end  ...end#1\endcsname \@checkend {#1}\endgroup 
                                                  \UseHook {env/#1/after}\if...
l.438 \end{tikzpicture}
                       
Things are pretty mixed up, but I think the worst is over.

! Infinite glue shrinkage found in a paragraph.
<argument> ...hskip:D \c_zero_dim \fi: \tex_par:D 
                                                  \hook_use:n {para/after}\@...
l.439 \end{center}
                  
The paragraph just ended includes some glue that has
infinite shrinkability, e.g., `\hskip 0pt minus 1fil'.
Such glue doesn't belong there---it allows a paragraph
of any length to fit on one line. But it's safe to proceed,
since the offensive shrinkability has been made finite.


! LaTeX Error: \begin{document} ended by \end{center}.

See the LaTeX manual or LaTeX Companion for explanation.
Type  H <return>  for immediate help.
 ...                                              
                                                  
l.439 \end{center}
                  
Your command was ignored.
Type  I <command> <return>  to replace it with another command,
or  <return>  to continue without it.

! Extra \endgroup.
\end  ...end#1\endcsname \@checkend {#1}\endgroup 
                                                  \UseHook {env/#1/after}\if...
l.439 \end{center}
                  
Things are pretty mixed up, but I think the worst is over.


Package fancyhdr Warning: \headheight is too small (12.0pt): 
(fancyhdr)                Make it at least 14.49998pt, for example:
(fancyhdr)                \setlength{\headheight}{14.49998pt}.
(fancyhdr)                You might also make \topmargin smaller:
(fancyhdr)                \addtolength{\topmargin}{-2.49998pt}.

[120]

Package fancyhdr Warning: \headheight is too small (12.0pt): 
(fancyhdr)                Make it at least 14.49998pt, for example:
(fancyhdr)                \setlength{\headheight}{14.49998pt}.
(fancyhdr)                You might also make \topmargin smaller:
(fancyhdr)                \addtolength{\topmargin}{-2.49998pt}.

[121]
Underfull \vbox (badness 10000) has occurred while \output is active []



Package fancyhdr Warning: \headheight is too small (12.0pt): 
(fancyhdr)                Make it at least 14.49998pt, for example:
(fancyhdr)                \setlength{\headheight}{14.49998pt}.
(fancyhdr)                You might also make \topmargin smaller:
(fancyhdr)                \addtolength{\topmargin}{-2.49998pt}.

[122]) (./answers/answer08.tex

Package fancyhdr Warning: \headheight is too small (12.0pt): 
(fancyhdr)                Make it at least 14.49998pt, for example:
(fancyhdr)                \setlength{\headheight}{14.49998pt}.
(fancyhdr)                You might also make \topmargin smaller:
(fancyhdr)                \addtolength{\topmargin}{-2.49998pt}.

[123]

Package fancyhdr Warning: \headheight is too small (12.0pt): 
(fancyhdr)                Make it at least 14.49998pt, for example:
(fancyhdr)                \setlength{\headheight}{14.49998pt}.
(fancyhdr)                You might also make \topmargin smaller:
(fancyhdr)                \addtolength{\topmargin}{-2.49998pt}.

[124

]
第八章
[125]

Package fancyhdr Warning: \headheight is too small (12.0pt): 
(fancyhdr)                Make it at least 14.49998pt, for example:
(fancyhdr)                \setlength{\headheight}{14.49998pt}.
(fancyhdr)                You might also make \topmargin smaller:
(fancyhdr)                \addtolength{\topmargin}{-2.49998pt}.

[126]
Overfull \hbox (61.79778pt too wide) in paragraph at lines 81--82
[]|\TU/SimSun(0)/b/n/12 （第 \TU/lmr/bx/n/12 18 \TU/SimSun(0)/b/n/12 行）|  算 术 运 算
 类 型 不 匹 配：| \TU/lmtt/m/n/12 cnt <= cnt + '1'; |\TU/SimSun(0)/m/n/12 — —| \TU/l
mtt/m/n/12 cnt \TU/SimSun(0)/m/n/12 是 \TU/lmr/m/n/12 STD_LOGIC_VECTOR
 []


Overfull \hbox (48.80127pt too wide) in paragraph at lines 81--82
\TU/lmtt/m/n/12 cnt <= STD_LOGIC_VECTOR(UNSIGNED(cnt) + 1); \TU/SimSun(0)/m/n/1
2 或 使 用 \TU/lmr/m/n/12 STD_LOGIC_UNSIGNED
 []


Package fancyhdr Warning: \headheight is too small (12.0pt): 
(fancyhdr)                Make it at least 14.49998pt, for example:
(fancyhdr)                \setlength{\headheight}{14.49998pt}.
(fancyhdr)                You might also make \topmargin smaller:
(fancyhdr)                \addtolength{\topmargin}{-2.49998pt}.

[127]

Package fancyhdr Warning: \headheight is too small (12.0pt): 
(fancyhdr)                Make it at least 14.49998pt, for example:
(fancyhdr)                \setlength{\headheight}{14.49998pt}.
(fancyhdr)                You might also make \topmargin smaller:
(fancyhdr)                \addtolength{\topmargin}{-2.49998pt}.

[128]
Overfull \hbox (20.93362pt too wide) in paragraph at lines 210--211
 [] 
 []


Package fancyhdr Warning: \headheight is too small (12.0pt): 
(fancyhdr)                Make it at least 14.49998pt, for example:
(fancyhdr)                \setlength{\headheight}{14.49998pt}.
(fancyhdr)                You might also make \topmargin smaller:
(fancyhdr)                \addtolength{\topmargin}{-2.49998pt}.

[129]

Package fancyhdr Warning: \headheight is too small (12.0pt): 
(fancyhdr)                Make it at least 14.49998pt, for example:
(fancyhdr)                \setlength{\headheight}{14.49998pt}.
(fancyhdr)                You might also make \topmargin smaller:
(fancyhdr)                \addtolength{\topmargin}{-2.49998pt}.

[130]
Underfull \vbox (badness 10000) has occurred while \output is active []



Package fancyhdr Warning: \headheight is too small (12.0pt): 
(fancyhdr)                Make it at least 14.49998pt, for example:
(fancyhdr)                \setlength{\headheight}{14.49998pt}.
(fancyhdr)                You might also make \topmargin smaller:
(fancyhdr)                \addtolength{\topmargin}{-2.49998pt}.

[131]
Overfull \hbox (13.56506pt too wide) in paragraph at lines 351--352
 [] 
 []


Package fancyhdr Warning: \headheight is too small (12.0pt): 
(fancyhdr)                Make it at least 14.49998pt, for example:
(fancyhdr)                \setlength{\headheight}{14.49998pt}.
(fancyhdr)                You might also make \topmargin smaller:
(fancyhdr)                \addtolength{\topmargin}{-2.49998pt}.

[132]

Package fancyhdr Warning: \headheight is too small (12.0pt): 
(fancyhdr)                Make it at least 14.49998pt, for example:
(fancyhdr)                \setlength{\headheight}{14.49998pt}.
(fancyhdr)                You might also make \topmargin smaller:
(fancyhdr)                \addtolength{\topmargin}{-2.49998pt}.

[133]

Package fancyhdr Warning: \headheight is too small (12.0pt): 
(fancyhdr)                Make it at least 14.49998pt, for example:
(fancyhdr)                \setlength{\headheight}{14.49998pt}.
(fancyhdr)                You might also make \topmargin smaller:
(fancyhdr)                \addtolength{\topmargin}{-2.49998pt}.

[134]

Package fancyhdr Warning: \headheight is too small (12.0pt): 
(fancyhdr)                Make it at least 14.49998pt, for example:
(fancyhdr)                \setlength{\headheight}{14.49998pt}.
(fancyhdr)                You might also make \topmargin smaller:
(fancyhdr)                \addtolength{\topmargin}{-2.49998pt}.

[135]

! LaTeX Error: Not allowed in LR mode.

See the LaTeX manual or LaTeX Companion for explanation.
Type  H <return>  for immediate help.
 ...                                              
                                                  
l.479   \node[state] (S0) {\textbf{S0}\\\small
                                               初始\\\small unlock=0};
You've lost some text.  Try typing  <return>  to proceed.
If that doesn't work, type  X <return>  to quit.

! Missing } inserted.
<inserted text> 
                }
l.479   \node[state] (S0) {\textbf{S0}\\\small
                                               初始\\\small unlock=0};
I've inserted something that you may have forgotten.
(See the <inserted text> above.)
With luck, this will get me unwedged. But if you
really didn't forget anything, try typing `2' now; then
my insertion and my current dilemma will both disappear.


! Package tikz Error: Giving up on this path. Did you forget a semicolon?.

See the tikz package documentation for explanation.
Type  H <return>  for immediate help.
 ...                                              
                                                  
l.479   \node[state] (S0) {\textbf{S0}\\\small
                                               初始\\\small unlock=0};
(That was another \errmessage.)

! Missing \endgroup inserted.
<inserted text> 
                \endgroup 
l.479   \node[state] (S0) {\textbf{S0}\\\small
                                               初始\\\small unlock=0};
I've inserted something that you may have forgotten.
(See the <inserted text> above.)
With luck, this will get me unwedged. But if you
really didn't forget anything, try typing `2' now; then
my insertion and my current dilemma will both disappear.

! Undefined control sequence.
<recently read> \tikz@expand@last@token@ 
                                         
l.479   \node[state] (S0) {\textbf{S0}\\\small
                                               初始\\\small unlock=0};
The control sequence at the end of the top line
of your error message was never \def'ed. If you have
misspelled it (e.g., `\hobx'), type `I' and the correct
spelling (e.g., `I\hbox'). Otherwise just continue,
and I'll forget about whatever was undefined.

! Missing number, treated as zero.
<to be read again> 
                   \let 
l.479   \node[state] (S0) {\textbf{S0}\\\small
                                               初始\\\small unlock=0};
A number should have been here; I inserted `0'.
(If you can't figure out why I needed to see a number,
look up `weird error' in the index to The TeXbook.)

! Illegal unit of measure (pt inserted).
<to be read again> 
                   \let 
l.479   \node[state] (S0) {\textbf{S0}\\\small
                                               初始\\\small unlock=0};
Dimensions can be in units of em, ex, in, pt, pc,
cm, mm, dd, cc, bp, or sp; but yours is a new one!
I'll assume that you meant to say pt, for printer's points.
To recover gracefully from this error, it's best to
delete the erroneous units; e.g., type `2' to delete
two letters. (See Chapter 27 of The TeXbook.)


! LaTeX Error: Not allowed in LR mode.

See the LaTeX manual or LaTeX Companion for explanation.
Type  H <return>  for immediate help.
 ...                                              
                                                  
l.479 ...ate] (S0) {\textbf{S0}\\\small 初始\\\small
                                                   unlock=0};
You've lost some text.  Try typing  <return>  to proceed.
If that doesn't work, type  X <return>  to quit.

! Missing \endgroup inserted.
<inserted text> 
                \endgroup 
l.479 ...ate] (S0) {\textbf{S0}\\\small 初始\\\small
                                                   unlock=0};
I've inserted something that you may have forgotten.
(See the <inserted text> above.)
With luck, this will get me unwedged. But if you
really didn't forget anything, try typing `2' now; then
my insertion and my current dilemma will both disappear.

! Missing \endgroup inserted.
<inserted text> 
                \endgroup 
l.479 ...ate] (S0) {\textbf{S0}\\\small 初始\\\small
                                                   unlock=0};
I've inserted something that you may have forgotten.
(See the <inserted text> above.)
With luck, this will get me unwedged. But if you
really didn't forget anything, try typing `2' now; then
my insertion and my current dilemma will both disappear.

! Missing \endgroup inserted.
<inserted text> 
                \endgroup 
l.479 ...ate] (S0) {\textbf{S0}\\\small 初始\\\small
                                                   unlock=0};
I've inserted something that you may have forgotten.
(See the <inserted text> above.)
With luck, this will get me unwedged. But if you
really didn't forget anything, try typing `2' now; then
my insertion and my current dilemma will both disappear.

! Missing \endgroup inserted.
<inserted text> 
                \endgroup 
l.479 ...ate] (S0) {\textbf{S0}\\\small 初始\\\small
                                                   unlock=0};
I've inserted something that you may have forgotten.
(See the <inserted text> above.)
With luck, this will get me unwedged. But if you
really didn't forget anything, try typing `2' now; then
my insertion and my current dilemma will both disappear.

! Missing \endgroup inserted.
<inserted text> 
                \endgroup 
l.479 ...ate] (S0) {\textbf{S0}\\\small 初始\\\small
                                                   unlock=0};
I've inserted something that you may have forgotten.
(See the <inserted text> above.)
With luck, this will get me unwedged. But if you
really didn't forget anything, try typing `2' now; then
my insertion and my current dilemma will both disappear.

! Missing } inserted.
<inserted text> 
                }
l.479 ...ate] (S0) {\textbf{S0}\\\small 初始\\\small
                                                   unlock=0};
I've inserted something that you may have forgotten.
(See the <inserted text> above.)
With luck, this will get me unwedged. But if you
really didn't forget anything, try typing `2' now; then
my insertion and my current dilemma will both disappear.


Overfull \hbox (21.9pt too wide) detected at line 479
[][] []\TU/SimSun(0)/m/n/10.95 初 始
 []

! Missing \endgroup inserted.
<inserted text> 
                \endgroup 
l.479 ...ate] (S0) {\textbf{S0}\\\small 初始\\\small
                                                   unlock=0};
I've inserted something that you may have forgotten.
(See the <inserted text> above.)
With luck, this will get me unwedged. But if you
really didn't forget anything, try typing `2' now; then
my insertion and my current dilemma will both disappear.

! Missing \endgroup inserted.
<inserted text> 
                \endgroup 
l.479 ...ate] (S0) {\textbf{S0}\\\small 初始\\\small
                                                   unlock=0};
I've inserted something that you may have forgotten.
(See the <inserted text> above.)
With luck, this will get me unwedged. But if you
really didn't forget anything, try typing `2' now; then
my insertion and my current dilemma will both disappear.

! Missing \endgroup inserted.
<inserted text> 
                \endgroup 
l.479 ...ate] (S0) {\textbf{S0}\\\small 初始\\\small
                                                   unlock=0};
I've inserted something that you may have forgotten.
(See the <inserted text> above.)
With luck, this will get me unwedged. But if you
really didn't forget anything, try typing `2' now; then
my insertion and my current dilemma will both disappear.

! Missing } inserted.
<inserted text> 
                }
l.479 ...ate] (S0) {\textbf{S0}\\\small 初始\\\small
                                                   unlock=0};
I've inserted something that you may have forgotten.
(See the <inserted text> above.)
With luck, this will get me unwedged. But if you
really didn't forget anything, try typing `2' now; then
my insertion and my current dilemma will both disappear.

! Extra }, or forgotten \endgroup.
<recently read> }
                 
l.479 ...{\textbf{S0}\\\small 初始\\\small unlock=0}
                                                  ;
I've deleted a group-closing symbol because it seems to be
spurious, as in `$x}$'. But perhaps the } is legitimate and
you forgot something else, as in `\hbox{$x}'. In such cases
the way to recover is to insert both the forgotten and the
deleted material, e.g., by typing `I$}'.

! Undefined control sequence.
l.480   \node
             [state] (S1) [right of=S0] {\textbf{S1}\\\small 已匹配``1''\\\smal...
The control sequence at the end of the top line
of your error message was never \def'ed. If you have
misspelled it (e.g., `\hobx'), type `I' and the correct
spelling (e.g., `I\hbox'). Otherwise just continue,
and I'll forget about whatever was undefined.

! Undefined control sequence.
l.481   \node
             [state] (S2) [right of=S1] {\textbf{S2}\\\small 已匹配``10''\\\sma...
The control sequence at the end of the top line
of your error message was never \def'ed. If you have
misspelled it (e.g., `\hobx'), type `I' and the correct
spelling (e.g., `I\hbox'). Otherwise just continue,
and I'll forget about whatever was undefined.

! Undefined control sequence.
l.482   \node
             [state] (S3) [below of=S1, yshift=-1.2cm] {\textbf{S3}\\\small ...
The control sequence at the end of the top line
of your error message was never \def'ed. If you have
misspelled it (e.g., `\hobx'), type `I' and the correct
spelling (e.g., `I\hbox'). Otherwise just continue,
and I'll forget about whatever was undefined.

! Undefined control sequence.
l.483   \node
             [state] (S4) [below of=S2, yshift=-2.5cm] {\textbf{S4}\\\small ...
The control sequence at the end of the top line
of your error message was never \def'ed. If you have
misspelled it (e.g., `\hobx'), type `I' and the correct
spelling (e.g., `I\hbox'). Otherwise just continue,
and I'll forget about whatever was undefined.

! Undefined control sequence.
\endtikzpicture ...r@layerlist@globally \endscope 
                                                  \let \pgf@baseline =\pgf@s...
l.496 \end{tikzpicture}
                       
The control sequence at the end of the top line
of your error message was never \def'ed. If you have
misspelled it (e.g., `\hobx'), type `I' and the correct
spelling (e.g., `I\hbox'). Otherwise just continue,
and I'll forget about whatever was undefined.

! Extra }, or forgotten \endgroup.
\endpgfpicture ...globally \endgroup \hss \egroup 
                                                  \pgf@restore@layerlist@fro...
l.496 \end{tikzpicture}
                       
I've deleted a group-closing symbol because it seems to be
spurious, as in `$x}$'. But perhaps the } is legitimate and
you forgot something else, as in `\hbox{$x}'. In such cases
the way to recover is to insert both the forgotten and the
deleted material, e.g., by typing `I$}'.

! Too many }'s.
\endpgfpicture ...dpicture \endgroup \hss \egroup 
                                                  \pgfsys@typesetpicturebox ...
l.496 \end{tikzpicture}
                       
You've closed more groups than you opened.
Such booboos are generally harmless, so keep going.

! Extra \endgroup.
\endpgfpicture ...setpicturebox \pgfpic \endgroup 
                                                  
l.496 \end{tikzpicture}
                       
Things are pretty mixed up, but I think the worst is over.

! Extra \endgroup.
\endtikzpicture ...lobal \endpgfpicture \endgroup 
                                                  
l.496 \end{tikzpicture}
                       
Things are pretty mixed up, but I think the worst is over.


! LaTeX Error: \begin{document} ended by \end{tikzpicture}.

See the LaTeX manual or LaTeX Companion for explanation.
Type  H <return>  for immediate help.
 ...                                              
                                                  
l.496 \end{tikzpicture}
                       
Your command was ignored.
Type  I <command> <return>  to replace it with another command,
or  <return>  to continue without it.

! Extra \endgroup.
\end  ...end#1\endcsname \@checkend {#1}\endgroup 
                                                  \UseHook {env/#1/after}\if...
l.496 \end{tikzpicture}
                       
Things are pretty mixed up, but I think the worst is over.

! Infinite glue shrinkage found in a paragraph.
<argument> ...hskip:D \c_zero_dim \fi: \tex_par:D 
                                                  \hook_use:n {para/after}\@...
l.497 \end{center}
                  
The paragraph just ended includes some glue that has
infinite shrinkability, e.g., `\hskip 0pt minus 1fil'.
Such glue doesn't belong there---it allows a paragraph
of any length to fit on one line. But it's safe to proceed,
since the offensive shrinkability has been made finite.


! LaTeX Error: \begin{document} ended by \end{center}.

See the LaTeX manual or LaTeX Companion for explanation.
Type  H <return>  for immediate help.
 ...                                              
                                                  
l.497 \end{center}
                  
Your command was ignored.
Type  I <command> <return>  to replace it with another command,
or  <return>  to continue without it.

! Extra \endgroup.
\end  ...end#1\endcsname \@checkend {#1}\endgroup 
                                                  \UseHook {env/#1/after}\if...
l.497 \end{center}
                  
Things are pretty mixed up, but I think the worst is over.


Package fancyhdr Warning: \headheight is too small (12.0pt): 
(fancyhdr)                Make it at least 14.49998pt, for example:
(fancyhdr)                \setlength{\headheight}{14.49998pt}.
(fancyhdr)                You might also make \topmargin smaller:
(fancyhdr)                \addtolength{\topmargin}{-2.49998pt}.

[136]

Package fancyhdr Warning: \headheight is too small (12.0pt): 
(fancyhdr)                Make it at least 14.49998pt, for example:
(fancyhdr)                \setlength{\headheight}{14.49998pt}.
(fancyhdr)                You might also make \topmargin smaller:
(fancyhdr)                \addtolength{\topmargin}{-2.49998pt}.

[137]
Underfull \vbox (badness 10000) has occurred while \output is active []



Package fancyhdr Warning: \headheight is too small (12.0pt): 
(fancyhdr)                Make it at least 14.49998pt, for example:
(fancyhdr)                \setlength{\headheight}{14.49998pt}.
(fancyhdr)                You might also make \topmargin smaller:
(fancyhdr)                \addtolength{\topmargin}{-2.49998pt}.

[138]
Underfull \vbox (badness 10000) has occurred while \output is active []



Package fancyhdr Warning: \headheight is too small (12.0pt): 
(fancyhdr)                Make it at least 14.49998pt, for example:
(fancyhdr)                \setlength{\headheight}{14.49998pt}.
(fancyhdr)                You might also make \topmargin smaller:
(fancyhdr)                \addtolength{\topmargin}{-2.49998pt}.

[139]) (./answers/answer09.tex

Package fancyhdr Warning: \headheight is too small (12.0pt): 
(fancyhdr)                Make it at least 14.49998pt, for example:
(fancyhdr)                \setlength{\headheight}{14.49998pt}.
(fancyhdr)                You might also make \topmargin smaller:
(fancyhdr)                \addtolength{\topmargin}{-2.49998pt}.

[140]
第九章
[141

]

Package fancyhdr Warning: \headheight is too small (12.0pt): 
(fancyhdr)                Make it at least 14.49998pt, for example:
(fancyhdr)                \setlength{\headheight}{14.49998pt}.
(fancyhdr)                You might also make \topmargin smaller:
(fancyhdr)                \addtolength{\topmargin}{-2.49998pt}.

[142]
Overfull \hbox (50.41464pt too wide) in paragraph at lines 76--78
[]|\TU/SimSun(0)/b/n/12 （第 \TU/lmr/bx/n/12 14 \TU/SimSun(0)/b/n/12 行\TU/lmr/bx/
n/12 /\TU/SimSun(0)/b/n/12 代 码 第 \TU/lmr/bx/n/12 20 \TU/SimSun(0)/b/n/12 行）|  \
TU/lmtt/m/n/12 ELSIF clk'EVENT AND clk = '1' \TU/SimSun(0)/m/n/12 改 为 \TU/lmtt/
m/n/12 ELSIF rising_edge(clk)
 []


Package fancyhdr Warning: \headheight is too small (12.0pt): 
(fancyhdr)                Make it at least 14.49998pt, for example:
(fancyhdr)                \setlength{\headheight}{14.49998pt}.
(fancyhdr)                You might also make \topmargin smaller:
(fancyhdr)                \addtolength{\topmargin}{-2.49998pt}.

[143]
Overfull \hbox (12.53384pt too wide) in paragraph at lines 133--136
\TU/SimSun(0)/m/n/12 判 断 \TU/lmtt/m/n/12 rst = `1' \TU/SimSun(0)/m/n/12 再 判 断 时
 钟 沿  |（\TU/lmtt/m/n/12 IF rst = `1' ... ELSIF rising_edge(clk_in)\TU/SimSun(0)
/m/n/12 ） ，|
 []


Package fancyhdr Warning: \headheight is too small (12.0pt): 
(fancyhdr)                Make it at least 14.49998pt, for example:
(fancyhdr)                \setlength{\headheight}{14.49998pt}.
(fancyhdr)                You might also make \topmargin smaller:
(fancyhdr)                \addtolength{\topmargin}{-2.49998pt}.

[144]
Overfull \hbox (34.83603pt too wide) in paragraph at lines 156--173
 [][] 
 []


Package fancyhdr Warning: \headheight is too small (12.0pt): 
(fancyhdr)                Make it at least 14.49998pt, for example:
(fancyhdr)                \setlength{\headheight}{14.49998pt}.
(fancyhdr)                You might also make \topmargin smaller:
(fancyhdr)                \addtolength{\topmargin}{-2.49998pt}.

[145]

Package fancyhdr Warning: \headheight is too small (12.0pt): 
(fancyhdr)                Make it at least 14.49998pt, for example:
(fancyhdr)                \setlength{\headheight}{14.49998pt}.
(fancyhdr)                You might also make \topmargin smaller:
(fancyhdr)                \addtolength{\topmargin}{-2.49998pt}.

[146]

Package fancyhdr Warning: \headheight is too small (12.0pt): 
(fancyhdr)                Make it at least 14.49998pt, for example:
(fancyhdr)                \setlength{\headheight}{14.49998pt}.
(fancyhdr)                You might also make \topmargin smaller:
(fancyhdr)                \addtolength{\topmargin}{-2.49998pt}.

[147]

Package fancyhdr Warning: \headheight is too small (12.0pt): 
(fancyhdr)                Make it at least 14.49998pt, for example:
(fancyhdr)                \setlength{\headheight}{14.49998pt}.
(fancyhdr)                You might also make \topmargin smaller:
(fancyhdr)                \addtolength{\topmargin}{-2.49998pt}.

[148]
Underfull \vbox (badness 10000) has occurred while \output is active []



Package fancyhdr Warning: \headheight is too small (12.0pt): 
(fancyhdr)                Make it at least 14.49998pt, for example:
(fancyhdr)                \setlength{\headheight}{14.49998pt}.
(fancyhdr)                You might also make \topmargin smaller:
(fancyhdr)                \addtolength{\topmargin}{-2.49998pt}.

[149]
Underfull \vbox (badness 10000) has occurred while \output is active []



Package fancyhdr Warning: \headheight is too small (12.0pt): 
(fancyhdr)                Make it at least 14.49998pt, for example:
(fancyhdr)                \setlength{\headheight}{14.49998pt}.
(fancyhdr)                You might also make \topmargin smaller:
(fancyhdr)                \addtolength{\topmargin}{-2.49998pt}.

[150]

Package fancyhdr Warning: \headheight is too small (12.0pt): 
(fancyhdr)                Make it at least 14.49998pt, for example:
(fancyhdr)                \setlength{\headheight}{14.49998pt}.
(fancyhdr)                You might also make \topmargin smaller:
(fancyhdr)                \addtolength{\topmargin}{-2.49998pt}.

[151]

Package fancyhdr Warning: \headheight is too small (12.0pt): 
(fancyhdr)                Make it at least 14.49998pt, for example:
(fancyhdr)                \setlength{\headheight}{14.49998pt}.
(fancyhdr)                You might also make \topmargin smaller:
(fancyhdr)                \addtolength{\topmargin}{-2.49998pt}.

[152]

! LaTeX Error: Not allowed in LR mode.

See the LaTeX manual or LaTeX Companion for explanation.
Type  H <return>  for immediate help.
 ...                                              
                                                  
l.424 ...below, initial text={复位}] (S0) {S0(0元)\\d
                                                  ispense=0\\st\_disp=00};
You've lost some text.  Try typing  <return>  to proceed.
If that doesn't work, type  X <return>  to quit.


! LaTeX Error: Not allowed in LR mode.

See the LaTeX manual or LaTeX Companion for explanation.
Type  H <return>  for immediate help.
 ...                                              
                                                  
l.424 ...al text={复位}] (S0) {S0(0元)\\dispense=0\\s
                                                  t\_disp=00};
You've lost some text.  Try typing  <return>  to proceed.
If that doesn't work, type  X <return>  to quit.


! LaTeX Error: Not allowed in LR mode.

See the LaTeX manual or LaTeX Companion for explanation.
Type  H <return>  for immediate help.
 ...                                              
                                                  
l.425   \node[state] (S1) [right of=S0] {S1(1元)\\d
                                                  ispense=0\\st\_disp=01};
You've lost some text.  Try typing  <return>  to proceed.
If that doesn't work, type  X <return>  to quit.


! LaTeX Error: Not allowed in LR mode.

See the LaTeX manual or LaTeX Companion for explanation.
Type  H <return>  for immediate help.
 ...                                              
                                                  
l.425 ...(S1) [right of=S0] {S1(1元)\\dispense=0\\s
                                                  t\_disp=01};
You've lost some text.  Try typing  <return>  to proceed.
If that doesn't work, type  X <return>  to quit.


! LaTeX Error: Not allowed in LR mode.

See the LaTeX manual or LaTeX Companion for explanation.
Type  H <return>  for immediate help.
 ...                                              
                                                  
l.426   \node[state] (S2) [right of=S1] {S2(2元)\\d
                                                  ispense=0\\st\_disp=10};
You've lost some text.  Try typing  <return>  to proceed.
If that doesn't work, type  X <return>  to quit.


! LaTeX Error: Not allowed in LR mode.

See the LaTeX manual or LaTeX Companion for explanation.
Type  H <return>  for immediate help.
 ...                                              
                                                  
l.426 ...(S2) [right of=S1] {S2(2元)\\dispense=0\\s
                                                  t\_disp=10};
You've lost some text.  Try typing  <return>  to proceed.
If that doesn't work, type  X <return>  to quit.


! LaTeX Error: Not allowed in LR mode.

See the LaTeX manual or LaTeX Companion for explanation.
Type  H <return>  for immediate help.
 ...                                              
                                                  
l.427 ...en!15] (S3) [right of=S2] {S3($\ge$3元)\\d
                                                  ispense=1\\st\_disp=11};
You've lost some text.  Try typing  <return>  to proceed.
If that doesn't work, type  X <return>  to quit.


! LaTeX Error: Not allowed in LR mode.

See the LaTeX manual or LaTeX Companion for explanation.
Type  H <return>  for immediate help.
 ...                                              
                                                  
l.427 ...[right of=S2] {S3($\ge$3元)\\dispense=1\\s
                                                  t\_disp=11};
You've lost some text.  Try typing  <return>  to proceed.
If that doesn't work, type  X <return>  to quit.


! LaTeX Error: Not allowed in LR mode.

See the LaTeX manual or LaTeX Companion for explanation.
Type  H <return>  for immediate help.
 ...                                              
                                                  
l.438 ...end left=80] node[below]{下一时钟\\自动返回} (S0)
                                                  ;
You've lost some text.  Try typing  <return>  to proceed.
If that doesn't work, type  X <return>  to quit.


LaTeX Warning: `h' float specifier changed to `ht'.


Package fancyhdr Warning: \headheight is too small (12.0pt): 
(fancyhdr)                Make it at least 14.49998pt, for example:
(fancyhdr)                \setlength{\headheight}{14.49998pt}.
(fancyhdr)                You might also make \topmargin smaller:
(fancyhdr)                \addtolength{\topmargin}{-2.49998pt}.

[153]
Underfull \vbox (badness 10000) has occurred while \output is active []



Package fancyhdr Warning: \headheight is too small (12.0pt): 
(fancyhdr)                Make it at least 14.49998pt, for example:
(fancyhdr)                \setlength{\headheight}{14.49998pt}.
(fancyhdr)                You might also make \topmargin smaller:
(fancyhdr)                \addtolength{\topmargin}{-2.49998pt}.

[154]
Underfull \vbox (badness 10000) has occurred while \output is active []



Package fancyhdr Warning: \headheight is too small (12.0pt): 
(fancyhdr)                Make it at least 14.49998pt, for example:
(fancyhdr)                \setlength{\headheight}{14.49998pt}.
(fancyhdr)                You might also make \topmargin smaller:
(fancyhdr)                \addtolength{\topmargin}{-2.49998pt}.

[155]
Missing character: There is no ≥ (U+2265) in font [lmmono10-italic]:!
Missing character: There is no ≥ (U+2265) in font [lmmono10-italic]:!

Package fancyhdr Warning: \headheight is too small (12.0pt): 
(fancyhdr)                Make it at least 14.49998pt, for example:
(fancyhdr)                \setlength{\headheight}{14.49998pt}.
(fancyhdr)                You might also make \topmargin smaller:
(fancyhdr)                \addtolength{\topmargin}{-2.49998pt}.

[156]) (./answers/answer10.tex

Package fancyhdr Warning: \headheight is too small (12.0pt): 
(fancyhdr)                Make it at least 14.49998pt, for example:
(fancyhdr)                \setlength{\headheight}{14.49998pt}.
(fancyhdr)                You might also make \topmargin smaller:
(fancyhdr)                \addtolength{\topmargin}{-2.49998pt}.

[157]

Package fancyhdr Warning: \headheight is too small (12.0pt): 
(fancyhdr)                Make it at least 14.49998pt, for example:
(fancyhdr)                \setlength{\headheight}{14.49998pt}.
(fancyhdr)                You might also make \topmargin smaller:
(fancyhdr)                \addtolength{\topmargin}{-2.49998pt}.

[158

]
第十章
[159]

Package fancyhdr Warning: \headheight is too small (12.0pt): 
(fancyhdr)                Make it at least 14.49998pt, for example:
(fancyhdr)                \setlength{\headheight}{14.49998pt}.
(fancyhdr)                You might also make \topmargin smaller:
(fancyhdr)                \addtolength{\topmargin}{-2.49998pt}.

[160]
Overfull \hbox (53.87883pt too wide) in paragraph at lines 66--68
[]|\TU/SimSun(0)/b/n/12 （第 \TU/lmr/bx/n/12 19 \TU/SimSun(0)/b/n/12 行）| \TU/lmtt
/m/n/12 count <= count + "0001" \TU/SimSun(0)/m/n/12 改 为 \TU/lmtt/m/n/12 count 
<= STD_LOGIC_VECTOR(UNSIGNED(count)
 []


Package fancyhdr Warning: \headheight is too small (12.0pt): 
(fancyhdr)                Make it at least 14.49998pt, for example:
(fancyhdr)                \setlength{\headheight}{14.49998pt}.
(fancyhdr)                You might also make \topmargin smaller:
(fancyhdr)                \addtolength{\topmargin}{-2.49998pt}.

[161]
! Extra alignment tab has been changed to \cr.
<recently read> \endtemplate 
                             
l.148 ... & \textbf{e} & \textbf{f} & \textbf{g} &
                                                   \textbf{seg(6:0)} \\
You have given more \span or & marks than there were
in the preamble to the \halign or \valign now in progress.
So I'll assume that you meant to type \cr instead.

! Extra alignment tab has been changed to \cr.
<recently read> \endtemplate 
                             
l.150 0 & 0000 & 0 & 0 & 0 & 0 & 0 & 0 & 1 &
                                             \texttt{1000000} \\
You have given more \span or & marks than there were
in the preamble to the \halign or \valign now in progress.
So I'll assume that you meant to type \cr instead.

! Extra alignment tab has been changed to \cr.
<recently read> \endtemplate 
                             
l.151 1 & 0001 & 1 & 0 & 0 & 1 & 1 & 1 & 1 &
                                             \texttt{1111001} \\
You have given more \span or & marks than there were
in the preamble to the \halign or \valign now in progress.
So I'll assume that you meant to type \cr instead.

! Extra alignment tab has been changed to \cr.
<recently read> \endtemplate 
                             
l.152 2 & 0010 & 0 & 0 & 1 & 0 & 0 & 1 & 0 &
                                             \texttt{0100100} \\
You have given more \span or & marks than there were
in the preamble to the \halign or \valign now in progress.
So I'll assume that you meant to type \cr instead.

! Extra alignment tab has been changed to \cr.
<recently read> \endtemplate 
                             
l.153 3 & 0011 & 0 & 0 & 0 & 0 & 1 & 1 & 0 &
                                             \texttt{0110000} \\
You have given more \span or & marks than there were
in the preamble to the \halign or \valign now in progress.
So I'll assume that you meant to type \cr instead.

! Extra alignment tab has been changed to \cr.
<recently read> \endtemplate 
                             
l.154 4 & 0100 & 1 & 0 & 0 & 1 & 1 & 0 & 0 &
                                             \texttt{1001100} \\
You have given more \span or & marks than there were
in the preamble to the \halign or \valign now in progress.
So I'll assume that you meant to type \cr instead.

! Extra alignment tab has been changed to \cr.
<recently read> \endtemplate 
                             
l.155 5 & 0101 & 0 & 1 & 0 & 0 & 1 & 0 & 0 &
                                             \texttt{0100100} \\ % Wait, nee...
You have given more \span or & marks than there were
in the preamble to the \halign or \valign now in progress.
So I'll assume that you meant to type \cr instead.

! Extra alignment tab has been changed to \cr.
<recently read> \endtemplate 
                             
l.156 6 & 0110 & 0 & 1 & 0 & 0 & 0 & 0 & 0 &
                                             \texttt{0100000} \\
You have given more \span or & marks than there were
in the preamble to the \halign or \valign now in progress.
So I'll assume that you meant to type \cr instead.

! Extra alignment tab has been changed to \cr.
<recently read> \endtemplate 
                             
l.157 7 & 0111 & 0 & 0 & 0 & 1 & 1 & 1 & 1 &
                                             \texttt{0111111} \\ % Wait, nee...
You have given more \span or & marks than there were
in the preamble to the \halign or \valign now in progress.
So I'll assume that you meant to type \cr instead.

! Extra alignment tab has been changed to \cr.
<recently read> \endtemplate 
                             
l.158 8 & 1000 & 0 & 0 & 0 & 0 & 0 & 0 & 0 &
                                             \texttt{0000000} \\
You have given more \span or & marks than there were
in the preamble to the \halign or \valign now in progress.
So I'll assume that you meant to type \cr instead.

! Extra alignment tab has been changed to \cr.
<recently read> \endtemplate 
                             
l.159 9 & 1001 & 0 & 0 & 0 & 0 & 1 & 0 & 0 &
                                             \texttt{0000100} \\
You have given more \span or & marks than there were
in the preamble to the \halign or \valign now in progress.
So I'll assume that you meant to type \cr instead.

! Extra alignment tab has been changed to \cr.
<recently read> \endtemplate 
                             
l.160 ... 1010--1111 & 1 & 1 & 1 & 1 & 1 & 1 & 1 &
                                                   \texttt{1111111} \\
You have given more \span or & marks than there were
in the preamble to the \halign or \valign now in progress.
So I'll assume that you meant to type \cr instead.


Package fancyhdr Warning: \headheight is too small (12.0pt): 
(fancyhdr)                Make it at least 14.49998pt, for example:
(fancyhdr)                \setlength{\headheight}{14.49998pt}.
(fancyhdr)                You might also make \topmargin smaller:
(fancyhdr)                \addtolength{\topmargin}{-2.49998pt}.

[162]

Package fancyhdr Warning: \headheight is too small (12.0pt): 
(fancyhdr)                Make it at least 14.49998pt, for example:
(fancyhdr)                \setlength{\headheight}{14.49998pt}.
(fancyhdr)                You might also make \topmargin smaller:
(fancyhdr)                \addtolength{\topmargin}{-2.49998pt}.

[163]

Package fancyhdr Warning: \headheight is too small (12.0pt): 
(fancyhdr)                Make it at least 14.49998pt, for example:
(fancyhdr)                \setlength{\headheight}{14.49998pt}.
(fancyhdr)                You might also make \topmargin smaller:
(fancyhdr)                \addtolength{\topmargin}{-2.49998pt}.

[164]

Package fancyhdr Warning: \headheight is too small (12.0pt): 
(fancyhdr)                Make it at least 14.49998pt, for example:
(fancyhdr)                \setlength{\headheight}{14.49998pt}.
(fancyhdr)                You might also make \topmargin smaller:
(fancyhdr)                \addtolength{\topmargin}{-2.49998pt}.

[165]

Package fancyhdr Warning: \headheight is too small (12.0pt): 
(fancyhdr)                Make it at least 14.49998pt, for example:
(fancyhdr)                \setlength{\headheight}{14.49998pt}.
(fancyhdr)                You might also make \topmargin smaller:
(fancyhdr)                \addtolength{\topmargin}{-2.49998pt}.

[166]

Package fancyhdr Warning: \headheight is too small (12.0pt): 
(fancyhdr)                Make it at least 14.49998pt, for example:
(fancyhdr)                \setlength{\headheight}{14.49998pt}.
(fancyhdr)                You might also make \topmargin smaller:
(fancyhdr)                \addtolength{\topmargin}{-2.49998pt}.

[167]

Package fancyhdr Warning: \headheight is too small (12.0pt): 
(fancyhdr)                Make it at least 14.49998pt, for example:
(fancyhdr)                \setlength{\headheight}{14.49998pt}.
(fancyhdr)                You might also make \topmargin smaller:
(fancyhdr)                \addtolength{\topmargin}{-2.49998pt}.

[168]
Underfull \vbox (badness 10000) has occurred while \output is active []



Package fancyhdr Warning: \headheight is too small (12.0pt): 
(fancyhdr)                Make it at least 14.49998pt, for example:
(fancyhdr)                \setlength{\headheight}{14.49998pt}.
(fancyhdr)                You might also make \topmargin smaller:
(fancyhdr)                \addtolength{\topmargin}{-2.49998pt}.

[169]
Underfull \vbox (badness 10000) has occurred while \output is active []



Package fancyhdr Warning: \headheight is too small (12.0pt): 
(fancyhdr)                Make it at least 14.49998pt, for example:
(fancyhdr)                \setlength{\headheight}{14.49998pt}.
(fancyhdr)                You might also make \topmargin smaller:
(fancyhdr)                \addtolength{\topmargin}{-2.49998pt}.

[170]

Package fancyhdr Warning: \headheight is too small (12.0pt): 
(fancyhdr)                Make it at least 14.49998pt, for example:
(fancyhdr)                \setlength{\headheight}{14.49998pt}.
(fancyhdr)                You might also make \topmargin smaller:
(fancyhdr)                \addtolength{\topmargin}{-2.49998pt}.

[171]

! LaTeX Error: Not allowed in LR mode.

See the LaTeX manual or LaTeX Companion for explanation.
Type  H <return>  for immediate help.
 ...                                              
                                                  
l.486 ...tial text={复位}, fill=blue!10] (S0) {S0\\f
                                                  ound=0};
You've lost some text.  Try typing  <return>  to proceed.
If that doesn't work, type  X <return>  to quit.


! LaTeX Error: Not allowed in LR mode.

See the LaTeX manual or LaTeX Companion for explanation.
Type  H <return>  for immediate help.
 ...                                              
                                                  
l.487   \node[state] (S1) [right of=S0] {S1\\f
                                              ound=0};
You've lost some text.  Try typing  <return>  to proceed.
If that doesn't work, type  X <return>  to quit.


! LaTeX Error: Not allowed in LR mode.

See the LaTeX manual or LaTeX Companion for explanation.
Type  H <return>  for immediate help.
 ...                                              
                                                  
l.488   \node[state] (S2) [right of=S1] {S2\\f
                                              ound=0};
You've lost some text.  Try typing  <return>  to proceed.
If that doesn't work, type  X <return>  to quit.


! LaTeX Error: Not allowed in LR mode.

See the LaTeX manual or LaTeX Companion for explanation.
Type  H <return>  for immediate help.
 ...                                              
                                                  
l.489 ... (S3) [below of=S1, yshift=-1.5cm] {S3\\f
                                                  ound=0};
You've lost some text.  Try typing  <return>  to proceed.
If that doesn't work, type  X <return>  to quit.


! LaTeX Error: Not allowed in LR mode.

See the LaTeX manual or LaTeX Companion for explanation.
Type  H <return>  for immediate help.
 ...                                              
                                                  
l.490 ... (S4) [below of=S2, yshift=-1.5cm] {S4\\f
                                                  ound=1};
You've lost some text.  Try typing  <return>  to proceed.
If that doesn't work, type  X <return>  to quit.


LaTeX Warning: `h' float specifier changed to `ht'.


Package fancyhdr Warning: \headheight is too small (12.0pt): 
(fancyhdr)                Make it at least 14.49998pt, for example:
(fancyhdr)                \setlength{\headheight}{14.49998pt}.
(fancyhdr)                You might also make \topmargin smaller:
(fancyhdr)                \addtolength{\topmargin}{-2.49998pt}.

[172]

Package fancyhdr Warning: \headheight is too small (12.0pt): 
(fancyhdr)                Make it at least 14.49998pt, for example:
(fancyhdr)                \setlength{\headheight}{14.49998pt}.
(fancyhdr)                You might also make \topmargin smaller:
(fancyhdr)                \addtolength{\topmargin}{-2.49998pt}.

[173]
Underfull \vbox (badness 10000) has occurred while \output is active []



Package fancyhdr Warning: \headheight is too small (12.0pt): 
(fancyhdr)                Make it at least 14.49998pt, for example:
(fancyhdr)                \setlength{\headheight}{14.49998pt}.
(fancyhdr)                You might also make \topmargin smaller:
(fancyhdr)                \addtolength{\topmargin}{-2.49998pt}.

[174]

Package fancyhdr Warning: \headheight is too small (12.0pt): 
(fancyhdr)                Make it at least 14.49998pt, for example:
(fancyhdr)                \setlength{\headheight}{14.49998pt}.
(fancyhdr)                You might also make \topmargin smaller:
(fancyhdr)                \addtolength{\topmargin}{-2.49998pt}.

[175]) (./answers/answer11.tex

Package fancyhdr Warning: \headheight is too small (12.0pt): 
(fancyhdr)                Make it at least 14.49998pt, for example:
(fancyhdr)                \setlength{\headheight}{14.49998pt}.
(fancyhdr)                You might also make \topmargin smaller:
(fancyhdr)                \addtolength{\topmargin}{-2.49998pt}.

[176]
第十一章
[177

]

Package fancyhdr Warning: \headheight is too small (12.0pt): 
(fancyhdr)                Make it at least 14.49998pt, for example:
(fancyhdr)                \setlength{\headheight}{14.49998pt}.
(fancyhdr)                You might also make \topmargin smaller:
(fancyhdr)                \addtolength{\topmargin}{-2.49998pt}.

[178]
Overfull \hbox (42.4707pt too wide) in paragraph at lines 75--77
[]|\TU/SimSun(0)/b/n/12 （第 \TU/lmr/bx/n/12 2 \TU/SimSun(0)/b/n/12 行 之 后）|  \TU/
SimSun(0)/m/n/12 添 加 \TU/lmtt/m/n/12 USE IEEE.NUMERIC_STD.ALL; \TU/SimSun(0)/m/
n/12 或 \TU/lmtt/m/n/12 USE IEEE.STD_LOGIC_UNSIGNED.ALL;
 []


Package fancyhdr Warning: \headheight is too small (12.0pt): 
(fancyhdr)                Make it at least 14.49998pt, for example:
(fancyhdr)                \setlength{\headheight}{14.49998pt}.
(fancyhdr)                You might also make \topmargin smaller:
(fancyhdr)                \addtolength{\topmargin}{-2.49998pt}.

[179]

Package fancyhdr Warning: \headheight is too small (12.0pt): 
(fancyhdr)                Make it at least 14.49998pt, for example:
(fancyhdr)                \setlength{\headheight}{14.49998pt}.
(fancyhdr)                You might also make \topmargin smaller:
(fancyhdr)                \addtolength{\topmargin}{-2.49998pt}.

[180]

Package fancyhdr Warning: \headheight is too small (12.0pt): 
(fancyhdr)                Make it at least 14.49998pt, for example:
(fancyhdr)                \setlength{\headheight}{14.49998pt}.
(fancyhdr)                You might also make \topmargin smaller:
(fancyhdr)                \addtolength{\topmargin}{-2.49998pt}.

[181]

Package fancyhdr Warning: \headheight is too small (12.0pt): 
(fancyhdr)                Make it at least 14.49998pt, for example:
(fancyhdr)                \setlength{\headheight}{14.49998pt}.
(fancyhdr)                You might also make \topmargin smaller:
(fancyhdr)                \addtolength{\topmargin}{-2.49998pt}.

[182]

Package fancyhdr Warning: \headheight is too small (12.0pt): 
(fancyhdr)                Make it at least 14.49998pt, for example:
(fancyhdr)                \setlength{\headheight}{14.49998pt}.
(fancyhdr)                You might also make \topmargin smaller:
(fancyhdr)                \addtolength{\topmargin}{-2.49998pt}.

[183]

Package fancyhdr Warning: \headheight is too small (12.0pt): 
(fancyhdr)                Make it at least 14.49998pt, for example:
(fancyhdr)                \setlength{\headheight}{14.49998pt}.
(fancyhdr)                You might also make \topmargin smaller:
(fancyhdr)                \addtolength{\topmargin}{-2.49998pt}.

[184]

Package fancyhdr Warning: \headheight is too small (12.0pt): 
(fancyhdr)                Make it at least 14.49998pt, for example:
(fancyhdr)                \setlength{\headheight}{14.49998pt}.
(fancyhdr)                You might also make \topmargin smaller:
(fancyhdr)                \addtolength{\topmargin}{-2.49998pt}.

[185]

Package fancyhdr Warning: \headheight is too small (12.0pt): 
(fancyhdr)                Make it at least 14.49998pt, for example:
(fancyhdr)                \setlength{\headheight}{14.49998pt}.
(fancyhdr)                You might also make \topmargin smaller:
(fancyhdr)                \addtolength{\topmargin}{-2.49998pt}.

[186]

Package fancyhdr Warning: \headheight is too small (12.0pt): 
(fancyhdr)                Make it at least 14.49998pt, for example:
(fancyhdr)                \setlength{\headheight}{14.49998pt}.
(fancyhdr)                You might also make \topmargin smaller:
(fancyhdr)                \addtolength{\topmargin}{-2.49998pt}.

[187]

! LaTeX Error: Not allowed in LR mode.

See the LaTeX manual or LaTeX Companion for explanation.
Type  H <return>  for immediate help.
 ...                                              
                                                  
l.401 ...below, initial text={复位}] (S0) {S0(0元)\\d
                                                  ispense=0};
You've lost some text.  Try typing  <return>  to proceed.
If that doesn't work, type  X <return>  to quit.


! LaTeX Error: Not allowed in LR mode.

See the LaTeX manual or LaTeX Companion for explanation.
Type  H <return>  for immediate help.
 ...                                              
                                                  
l.402   \node[state] (S1) [right of=S0] {S1(1元)\\d
                                                  ispense=0};
You've lost some text.  Try typing  <return>  to proceed.
If that doesn't work, type  X <return>  to quit.


! LaTeX Error: Not allowed in LR mode.

See the LaTeX manual or LaTeX Companion for explanation.
Type  H <return>  for immediate help.
 ...                                              
                                                  
l.403   \node[state] (S2) [right of=S1] {S2(2元)\\d
                                                  ispense=0};
You've lost some text.  Try typing  <return>  to proceed.
If that doesn't work, type  X <return>  to quit.


! LaTeX Error: Not allowed in LR mode.

See the LaTeX manual or LaTeX Companion for explanation.
Type  H <return>  for immediate help.
 ...                                              
                                                  
l.404 ...en!15] (S3) [right of=S2] {S3($\ge$3元)\\d
                                                  ispense=1};
You've lost some text.  Try typing  <return>  to proceed.
If that doesn't work, type  X <return>  to quit.


Package fancyhdr Warning: \headheight is too small (12.0pt): 
(fancyhdr)                Make it at least 14.49998pt, for example:
(fancyhdr)                \setlength{\headheight}{14.49998pt}.
(fancyhdr)                You might also make \topmargin smaller:
(fancyhdr)                \addtolength{\topmargin}{-2.49998pt}.

[188]

Package fancyhdr Warning: \headheight is too small (12.0pt): 
(fancyhdr)                Make it at least 14.49998pt, for example:
(fancyhdr)                \setlength{\headheight}{14.49998pt}.
(fancyhdr)                You might also make \topmargin smaller:
(fancyhdr)                \addtolength{\topmargin}{-2.49998pt}.

[189]
Underfull \vbox (badness 10000) has occurred while \output is active []



Package fancyhdr Warning: \headheight is too small (12.0pt): 
(fancyhdr)                Make it at least 14.49998pt, for example:
(fancyhdr)                \setlength{\headheight}{14.49998pt}.
(fancyhdr)                You might also make \topmargin smaller:
(fancyhdr)                \addtolength{\topmargin}{-2.49998pt}.

[190]
Missing character: There is no ≥ (U+2265) in font [lmmono10-italic]:!
Missing character: There is no ≥ (U+2265) in font [lmmono10-italic]:!

Package fancyhdr Warning: \headheight is too small (12.0pt): 
(fancyhdr)                Make it at least 14.49998pt, for example:
(fancyhdr)                \setlength{\headheight}{14.49998pt}.
(fancyhdr)                You might also make \topmargin smaller:
(fancyhdr)                \addtolength{\topmargin}{-2.49998pt}.

[191]) (./answers/answer12.tex

Package fancyhdr Warning: \headheight is too small (12.0pt): 
(fancyhdr)                Make it at least 14.49998pt, for example:
(fancyhdr)                \setlength{\headheight}{14.49998pt}.
(fancyhdr)                You might also make \topmargin smaller:
(fancyhdr)                \addtolength{\topmargin}{-2.49998pt}.

[192]
第十二章
[193

]

Package fancyhdr Warning: \headheight is too small (12.0pt): 
(fancyhdr)                Make it at least 14.49998pt, for example:
(fancyhdr)                \setlength{\headheight}{14.49998pt}.
(fancyhdr)                You might also make \topmargin smaller:
(fancyhdr)                \addtolength{\topmargin}{-2.49998pt}.

[194]
Overfull \hbox (77.98926pt too wide) in paragraph at lines 80--83
[]|\TU/SimSun(0)/b/n/12 （第 \TU/lmr/bx/n/12 36–37 \TU/SimSun(0)/b/n/12 行\TU/lmr/
bx/n/12 /\TU/SimSun(0)/b/n/12 代 码 第 \TU/lmr/bx/n/12 36–37 \TU/SimSun(0)/b/n/12 
行）|  \TU/SimSun(0)/m/n/12 类 型 不 兼 容：| \TU/lmtt/m/n/12 temp\TU/lmr/m/n/12 (INTEG
ER) \TU/SimSun(0)/m/n/12 与 \TU/lmtt/m/n/12 cnt\TU/lmr/m/n/12 (STD_LOGIC_VECTOR)

 []


Overfull \hbox (60.28093pt too wide) in paragraph at lines 80--83
\TU/SimSun(0)/m/n/12 换：| \TU/lmtt/m/n/12 temp <= TO_INTEGER(UNSIGNED(cnt)); \TU
/SimSun(0)/m/n/12 和 \TU/lmtt/m/n/12 q <= STD_LOGIC_VECTOR(TO_UNSIGNED(temp,
 []


Package fancyhdr Warning: \headheight is too small (12.0pt): 
(fancyhdr)                Make it at least 14.49998pt, for example:
(fancyhdr)                \setlength{\headheight}{14.49998pt}.
(fancyhdr)                You might also make \topmargin smaller:
(fancyhdr)                \addtolength{\topmargin}{-2.49998pt}.

[195]
Underfull \vbox (badness 10000) has occurred while \output is active []



Package fancyhdr Warning: \headheight is too small (12.0pt): 
(fancyhdr)                Make it at least 14.49998pt, for example:
(fancyhdr)                \setlength{\headheight}{14.49998pt}.
(fancyhdr)                You might also make \topmargin smaller:
(fancyhdr)                \addtolength{\topmargin}{-2.49998pt}.

[196]
Overfull \hbox (2.29874pt too wide) in paragraph at lines 139--142
\TU/SimSun(0)/b/n/12 判 断 依 据：| \TU/lmtt/m/n/12 rst \TU/SimSun(0)/m/n/12 仅 出 现 在
 \TU/lmtt/m/n/12 IF rising_edge(clk) THEN \TU/SimSun(0)/m/n/12 内 部 的 \TU/lmtt/m
/n/12 IF rst = `1' THEN
 []


LaTeX Warning: `h' float specifier changed to `ht'.


Underfull \vbox (badness 10000) has occurred while \output is active []



Package fancyhdr Warning: \headheight is too small (12.0pt): 
(fancyhdr)                Make it at least 14.49998pt, for example:
(fancyhdr)                \setlength{\headheight}{14.49998pt}.
(fancyhdr)                You might also make \topmargin smaller:
(fancyhdr)                \addtolength{\topmargin}{-2.49998pt}.

[197]

Package fancyhdr Warning: \headheight is too small (12.0pt): 
(fancyhdr)                Make it at least 14.49998pt, for example:
(fancyhdr)                \setlength{\headheight}{14.49998pt}.
(fancyhdr)                You might also make \topmargin smaller:
(fancyhdr)                \addtolength{\topmargin}{-2.49998pt}.

[198]
Underfull \vbox (badness 10000) has occurred while \output is active []



Package fancyhdr Warning: \headheight is too small (12.0pt): 
(fancyhdr)                Make it at least 14.49998pt, for example:
(fancyhdr)                \setlength{\headheight}{14.49998pt}.
(fancyhdr)                You might also make \topmargin smaller:
(fancyhdr)                \addtolength{\topmargin}{-2.49998pt}.

[199]

Package fancyhdr Warning: \headheight is too small (12.0pt): 
(fancyhdr)                Make it at least 14.49998pt, for example:
(fancyhdr)                \setlength{\headheight}{14.49998pt}.
(fancyhdr)                You might also make \topmargin smaller:
(fancyhdr)                \addtolength{\topmargin}{-2.49998pt}.

[200]

! LaTeX Error: Not allowed in LR mode.

See the LaTeX manual or LaTeX Companion for explanation.
Type  H <return>  for immediate help.
 ...                                              
                                                  
l.311 ...ial below, initial text={rst}] (S0) {0\\t
                                                  c=0};
You've lost some text.  Try typing  <return>  to proceed.
If that doesn't work, type  X <return>  to quit.


! LaTeX Error: Not allowed in LR mode.

See the LaTeX manual or LaTeX Companion for explanation.
Type  H <return>  for immediate help.
 ...                                              
                                                  
l.312   \node[state] (S1) [right of=S0] {1\\t
                                             c=0};
You've lost some text.  Try typing  <return>  to proceed.
If that doesn't work, type  X <return>  to quit.


! LaTeX Error: Not allowed in LR mode.

See the LaTeX manual or LaTeX Companion for explanation.
Type  H <return>  for immediate help.
 ...                                              
                                                  
l.313   \node[state] (S2) [right of=S1] {2\\t
                                             c=0};
You've lost some text.  Try typing  <return>  to proceed.
If that doesn't work, type  X <return>  to quit.


! LaTeX Error: Not allowed in LR mode.

See the LaTeX manual or LaTeX Companion for explanation.
Type  H <return>  for immediate help.
 ...                                              
                                                  
l.314   \node[state] (S3) [below of=S1] {3\\t
                                             c=0};
You've lost some text.  Try typing  <return>  to proceed.
If that doesn't work, type  X <return>  to quit.


! LaTeX Error: Not allowed in LR mode.

See the LaTeX manual or LaTeX Companion for explanation.
Type  H <return>  for immediate help.
 ...                                              
                                                  
l.315   \node[state] (S4) [left of=S3] {4\\t
                                            c=0};
You've lost some text.  Try typing  <return>  to proceed.
If that doesn't work, type  X <return>  to quit.


! LaTeX Error: Not allowed in LR mode.

See the LaTeX manual or LaTeX Companion for explanation.
Type  H <return>  for immediate help.
 ...                                              
                                                  
l.316 ..., fill=green!15] (S5) [right of=S3] {5\\t
                                                  c=1};
You've lost some text.  Try typing  <return>  to proceed.
If that doesn't work, type  X <return>  to quit.


Package fancyhdr Warning: \headheight is too small (12.0pt): 
(fancyhdr)                Make it at least 14.49998pt, for example:
(fancyhdr)                \setlength{\headheight}{14.49998pt}.
(fancyhdr)                You might also make \topmargin smaller:
(fancyhdr)                \addtolength{\topmargin}{-2.49998pt}.

[201]
Underfull \vbox (badness 10000) has occurred while \output is active []



Package fancyhdr Warning: \headheight is too small (12.0pt): 
(fancyhdr)                Make it at least 14.49998pt, for example:
(fancyhdr)                \setlength{\headheight}{14.49998pt}.
(fancyhdr)                You might also make \topmargin smaller:
(fancyhdr)                \addtolength{\topmargin}{-2.49998pt}.

[202]

Package fancyhdr Warning: \headheight is too small (12.0pt): 
(fancyhdr)                Make it at least 14.49998pt, for example:
(fancyhdr)                \setlength{\headheight}{14.49998pt}.
(fancyhdr)                You might also make \topmargin smaller:
(fancyhdr)                \addtolength{\topmargin}{-2.49998pt}.

[203]

Package fancyhdr Warning: \headheight is too small (12.0pt): 
(fancyhdr)                Make it at least 14.49998pt, for example:
(fancyhdr)                \setlength{\headheight}{14.49998pt}.
(fancyhdr)                You might also make \topmargin smaller:
(fancyhdr)                \addtolength{\topmargin}{-2.49998pt}.

[204]

! LaTeX Error: Not allowed in LR mode.

See the LaTeX manual or LaTeX Companion for explanation.
Type  H <return>  for immediate help.
 ...                                              
                                                  
l.467 ...ext={复位}, fill=blue!10] (S0) {S0(IDLE)\\u
                                                  nlock=0};
You've lost some text.  Try typing  <return>  to proceed.
If that doesn't work, type  X <return>  to quit.


! LaTeX Error: Not allowed in LR mode.

See the LaTeX manual or LaTeX Companion for explanation.
Type  H <return>  for immediate help.
 ...                                              
                                                  
l.468   \node[state] (S1) [right of=S0] {S1\\u
                                              nlock=0};
You've lost some text.  Try typing  <return>  to proceed.
If that doesn't work, type  X <return>  to quit.


! LaTeX Error: Not allowed in LR mode.

See the LaTeX manual or LaTeX Companion for explanation.
Type  H <return>  for immediate help.
 ...                                              
                                                  
l.469   \node[state] (S2) [right of=S1] {S2\\u
                                              nlock=0};
You've lost some text.  Try typing  <return>  to proceed.
If that doesn't work, type  X <return>  to quit.


! LaTeX Error: Not allowed in LR mode.

See the LaTeX manual or LaTeX Companion for explanation.
Type  H <return>  for immediate help.
 ...                                              
                                                  
l.470   \node[state] (S3) [right of=S2] {S3\\u
                                              nlock=0};
You've lost some text.  Try typing  <return>  to proceed.
If that doesn't work, type  X <return>  to quit.


! LaTeX Error: Not allowed in LR mode.

See the LaTeX manual or LaTeX Companion for explanation.
Type  H <return>  for immediate help.
 ...                                              
                                                  
l.471 ... (S4) [below of=S2, yshift=-1.5cm] {S4\\u
                                                  nlock=1};
You've lost some text.  Try typing  <return>  to proceed.
If that doesn't work, type  X <return>  to quit.


! Package tikz Error: Giving up on this path. Did you forget a semicolon?.

See the tikz package documentation for explanation.
Type  H <return>  for immediate help.
 ...                                              
                                                  
l.483 \end{tikzpicture}
                       
(That was another \errmessage.)


Package fancyhdr Warning: \headheight is too small (12.0pt): 
(fancyhdr)                Make it at least 14.49998pt, for example:
(fancyhdr)                \setlength{\headheight}{14.49998pt}.
(fancyhdr)                You might also make \topmargin smaller:
(fancyhdr)                \addtolength{\topmargin}{-2.49998pt}.

[205]

Package fancyhdr Warning: \headheight is too small (12.0pt): 
(fancyhdr)                Make it at least 14.49998pt, for example:
(fancyhdr)                \setlength{\headheight}{14.49998pt}.
(fancyhdr)                You might also make \topmargin smaller:
(fancyhdr)                \addtolength{\topmargin}{-2.49998pt}.

[206]
Underfull \vbox (badness 10000) has occurred while \output is active []



Package fancyhdr Warning: \headheight is too small (12.0pt): 
(fancyhdr)                Make it at least 14.49998pt, for example:
(fancyhdr)                \setlength{\headheight}{14.49998pt}.
(fancyhdr)                You might also make \topmargin smaller:
(fancyhdr)                \addtolength{\topmargin}{-2.49998pt}.

[207]

Package fancyhdr Warning: \headheight is too small (12.0pt): 
(fancyhdr)                Make it at least 14.49998pt, for example:
(fancyhdr)                \setlength{\headheight}{14.49998pt}.
(fancyhdr)                You might also make \topmargin smaller:
(fancyhdr)                \addtolength{\topmargin}{-2.49998pt}.

[208]

Package fancyhdr Warning: \headheight is too small (12.0pt): 
(fancyhdr)                Make it at least 14.49998pt, for example:
(fancyhdr)                \setlength{\headheight}{14.49998pt}.
(fancyhdr)                You might also make \topmargin smaller:
(fancyhdr)                \addtolength{\topmargin}{-2.49998pt}.

[209]) (./answers/answer13.tex

Package fancyhdr Warning: \headheight is too small (12.0pt): 
(fancyhdr)                Make it at least 14.49998pt, for example:
(fancyhdr)                \setlength{\headheight}{14.49998pt}.
(fancyhdr)                You might also make \topmargin smaller:
(fancyhdr)                \addtolength{\topmargin}{-2.49998pt}.

[210]
第十三章
[211

]

Package fancyhdr Warning: \headheight is too small (12.0pt): 
(fancyhdr)                Make it at least 14.49998pt, for example:
(fancyhdr)                \setlength{\headheight}{14.49998pt}.
(fancyhdr)                You might also make \topmargin smaller:
(fancyhdr)                \addtolength{\topmargin}{-2.49998pt}.

[212] (d:/texlive/2026/texmf-dist/tex/latex/listings/lstlang1.sty
File: lstlang1.sty 2025/11/14 1.11b listings language file
)
(d:/texlive/2026/texmf-dist/tex/latex/listings/lstlang2.sty
File: lstlang2.sty 2025/11/14 1.11b listings language file
)
(d:/texlive/2026/texmf-dist/tex/latex/listings/lstlang3.sty
File: lstlang3.sty 2025/11/14 1.11b listings language file
)

! Package Listings Error: Couldn't load requested language.

See the Listings package documentation for explanation.
Type  H <return>  for immediate help.
 ...                                              
                                                  
l.91 \begin{lstlisting}[language=VDL]
                                     
The following languages weren't loadable:
    ,vdl$
This may cause errors in the sequel.


! Package Listings Error: language vdl undefined.

See the Listings package documentation for explanation.
Type  H <return>  for immediate help.
 ...                                              
                                                  
l.91 \begin{lstlisting}[language=VDL]
                                     
The language is not loadable. Try typing  <return>  to proceed.
If that doesn't work, type  X <return>  to quit.


Package fancyhdr Warning: \headheight is too small (12.0pt): 
(fancyhdr)                Make it at least 14.49998pt, for example:
(fancyhdr)                \setlength{\headheight}{14.49998pt}.
(fancyhdr)                You might also make \topmargin smaller:
(fancyhdr)                \addtolength{\topmargin}{-2.49998pt}.

[213]

Package fancyhdr Warning: \headheight is too small (12.0pt): 
(fancyhdr)                Make it at least 14.49998pt, for example:
(fancyhdr)                \setlength{\headheight}{14.49998pt}.
(fancyhdr)                You might also make \topmargin smaller:
(fancyhdr)                \addtolength{\topmargin}{-2.49998pt}.

[214]
Overfull \hbox (60.7548pt too wide) in paragraph at lines 191--200
\TU/SimSun(0)/b/n/12 各 段 对 照：| [] 
 []


Underfull \vbox (badness 4726) has occurred while \output is active []



Package fancyhdr Warning: \headheight is too small (12.0pt): 
(fancyhdr)                Make it at least 14.49998pt, for example:
(fancyhdr)                \setlength{\headheight}{14.49998pt}.
(fancyhdr)                You might also make \topmargin smaller:
(fancyhdr)                \addtolength{\topmargin}{-2.49998pt}.

[215] (d:/texlive/2026/texmf-dist/tex/latex/listings/lstlang1.sty
File: lstlang1.sty 2025/11/14 1.11b listings language file
)
(d:/texlive/2026/texmf-dist/tex/latex/listings/lstlang2.sty
File: lstlang2.sty 2025/11/14 1.11b listings language file
)
(d:/texlive/2026/texmf-dist/tex/latex/listings/lstlang3.sty
File: lstlang3.sty 2025/11/14 1.11b listings language file
)

! Package Listings Error: Couldn't load requested language.

See the Listings package documentation for explanation.
Type  H <return>  for immediate help.
 ...                                              
                                                  
l.207 ...guage=VDL, caption={BCD码至7段数码管译码器VHDL代码}]
                                                  
The following languages weren't loadable:
    ,vdl$
This may cause errors in the sequel.


! Package Listings Error: language vdl undefined.

See the Listings package documentation for explanation.
Type  H <return>  for immediate help.
 ...                                              
                                                  
l.207 ...guage=VDL, caption={BCD码至7段数码管译码器VHDL代码}]
                                                  
The language is not loadable. Try typing  <return>  to proceed.
If that doesn't work, type  X <return>  to quit.


Package fancyhdr Warning: \headheight is too small (12.0pt): 
(fancyhdr)                Make it at least 14.49998pt, for example:
(fancyhdr)                \setlength{\headheight}{14.49998pt}.
(fancyhdr)                You might also make \topmargin smaller:
(fancyhdr)                \addtolength{\topmargin}{-2.49998pt}.

[216] (d:/texlive/2026/texmf-dist/tex/latex/listings/lstlang1.sty
File: lstlang1.sty 2025/11/14 1.11b listings language file
)
(d:/texlive/2026/texmf-dist/tex/latex/listings/lstlang2.sty
File: lstlang2.sty 2025/11/14 1.11b listings language file
)
(d:/texlive/2026/texmf-dist/tex/latex/listings/lstlang3.sty
File: lstlang3.sty 2025/11/14 1.11b listings language file
)

! Package Listings Error: Couldn't load requested language.

See the Listings package documentation for explanation.
Type  H <return>  for immediate help.
 ...                                              
                                                  
l.287 \begin{lstlisting}[language=VDL]
                                      
The following languages weren't loadable:
    ,vdl$
This may cause errors in the sequel.


! Package Listings Error: language vdl undefined.

See the Listings package documentation for explanation.
Type  H <return>  for immediate help.
 ...                                              
                                                  
l.287 \begin{lstlisting}[language=VDL]
                                      
The language is not loadable. Try typing  <return>  to proceed.
If that doesn't work, type  X <return>  to quit.


Package fancyhdr Warning: \headheight is too small (12.0pt): 
(fancyhdr)                Make it at least 14.49998pt, for example:
(fancyhdr)                \setlength{\headheight}{14.49998pt}.
(fancyhdr)                You might also make \topmargin smaller:
(fancyhdr)                \addtolength{\topmargin}{-2.49998pt}.

[217] (d:/texlive/2026/texmf-dist/tex/latex/listings/lstlang1.sty
File: lstlang1.sty 2025/11/14 1.11b listings language file
)
(d:/texlive/2026/texmf-dist/tex/latex/listings/lstlang2.sty
File: lstlang2.sty 2025/11/14 1.11b listings language file
)
(d:/texlive/2026/texmf-dist/tex/latex/listings/lstlang3.sty
File: lstlang3.sty 2025/11/14 1.11b listings language file
)

! Package Listings Error: Couldn't load requested language.

See the Listings package documentation for explanation.
Type  H <return>  for immediate help.
 ...                                              
                                                  
l.305 ...uage=VDL, caption={N位双向移位寄存器——结构化VHDL代码}]
                                                  
The following languages weren't loadable:
    ,vdl$
This may cause errors in the sequel.


! Package Listings Error: language vdl undefined.

See the Listings package documentation for explanation.
Type  H <return>  for immediate help.
 ...                                              
                                                  
l.305 ...uage=VDL, caption={N位双向移位寄存器——结构化VHDL代码}]
                                                  
The language is not loadable. Try typing  <return>  to proceed.
If that doesn't work, type  X <return>  to quit.


Package fancyhdr Warning: \headheight is too small (12.0pt): 
(fancyhdr)                Make it at least 14.49998pt, for example:
(fancyhdr)                \setlength{\headheight}{14.49998pt}.
(fancyhdr)                You might also make \topmargin smaller:
(fancyhdr)                \addtolength{\topmargin}{-2.49998pt}.

[218]
Underfull \vbox (badness 10000) has occurred while \output is active []



Package fancyhdr Warning: \headheight is too small (12.0pt): 
(fancyhdr)                Make it at least 14.49998pt, for example:
(fancyhdr)                \setlength{\headheight}{14.49998pt}.
(fancyhdr)                You might also make \topmargin smaller:
(fancyhdr)                \addtolength{\topmargin}{-2.49998pt}.

[219] (d:/texlive/2026/texmf-dist/tex/latex/listings/lstlang1.sty
File: lstlang1.sty 2025/11/14 1.11b listings language file
)
(d:/texlive/2026/texmf-dist/tex/latex/listings/lstlang2.sty
File: lstlang2.sty 2025/11/14 1.11b listings language file
)
(d:/texlive/2026/texmf-dist/tex/latex/listings/lstlang3.sty
File: lstlang3.sty 2025/11/14 1.11b listings language file
)

! Package Listings Error: Couldn't load requested language.

See the Listings package documentation for explanation.
Type  H <return>  for immediate help.
 ...                                              
                                                  
l.385 \begin{lstlisting}[language=VDL]
                                      
The following languages weren't loadable:
    ,vdl$
This may cause errors in the sequel.


! Package Listings Error: language vdl undefined.

See the Listings package documentation for explanation.
Type  H <return>  for immediate help.
 ...                                              
                                                  
l.385 \begin{lstlisting}[language=VDL]
                                      
The language is not loadable. Try typing  <return>  to proceed.
If that doesn't work, type  X <return>  to quit.


Package fancyhdr Warning: \headheight is too small (12.0pt): 
(fancyhdr)                Make it at least 14.49998pt, for example:
(fancyhdr)                \setlength{\headheight}{14.49998pt}.
(fancyhdr)                You might also make \topmargin smaller:
(fancyhdr)                \addtolength{\topmargin}{-2.49998pt}.

[220]

Package fancyhdr Warning: \headheight is too small (12.0pt): 
(fancyhdr)                Make it at least 14.49998pt, for example:
(fancyhdr)                \setlength{\headheight}{14.49998pt}.
(fancyhdr)                You might also make \topmargin smaller:
(fancyhdr)                \addtolength{\topmargin}{-2.49998pt}.

[221] (d:/texlive/2026/texmf-dist/tex/latex/listings/lstlang1.sty
File: lstlang1.sty 2025/11/14 1.11b listings language file
)
(d:/texlive/2026/texmf-dist/tex/latex/listings/lstlang2.sty
File: lstlang2.sty 2025/11/14 1.11b listings language file
)
(d:/texlive/2026/texmf-dist/tex/latex/listings/lstlang3.sty
File: lstlang3.sty 2025/11/14 1.11b listings language file
)

! Package Listings Error: Couldn't load requested language.

See the Listings package documentation for explanation.
Type  H <return>  for immediate help.
 ...                                              
                                                  
l.512 ...caption={``1011''序列检测器——Moore型状态机VHDL代码}]
                                                  
The following languages weren't loadable:
    ,vdl$
This may cause errors in the sequel.


! Package Listings Error: language vdl undefined.

See the Listings package documentation for explanation.
Type  H <return>  for immediate help.
 ...                                              
                                                  
l.512 ...caption={``1011''序列检测器——Moore型状态机VHDL代码}]
                                                  
The language is not loadable. Try typing  <return>  to proceed.
If that doesn't work, type  X <return>  to quit.


Package fancyhdr Warning: \headheight is too small (12.0pt): 
(fancyhdr)                Make it at least 14.49998pt, for example:
(fancyhdr)                \setlength{\headheight}{14.49998pt}.
(fancyhdr)                You might also make \topmargin smaller:
(fancyhdr)                \addtolength{\topmargin}{-2.49998pt}.

[222]
Underfull \vbox (badness 10000) has occurred while \output is active []



Package fancyhdr Warning: \headheight is too small (12.0pt): 
(fancyhdr)                Make it at least 14.49998pt, for example:
(fancyhdr)                \setlength{\headheight}{14.49998pt}.
(fancyhdr)                You might also make \topmargin smaller:
(fancyhdr)                \addtolength{\topmargin}{-2.49998pt}.

[223]
Underfull \vbox (badness 10000) has occurred while \output is active []



Package fancyhdr Warning: \headheight is too small (12.0pt): 
(fancyhdr)                Make it at least 14.49998pt, for example:
(fancyhdr)                \setlength{\headheight}{14.49998pt}.
(fancyhdr)                You might also make \topmargin smaller:
(fancyhdr)                \addtolength{\topmargin}{-2.49998pt}.

[224]) (./answers/answer14.tex

Package fancyhdr Warning: \headheight is too small (12.0pt): 
(fancyhdr)                Make it at least 14.49998pt, for example:
(fancyhdr)                \setlength{\headheight}{14.49998pt}.
(fancyhdr)                You might also make \topmargin smaller:
(fancyhdr)                \addtolength{\topmargin}{-2.49998pt}.

[225]

Package fancyhdr Warning: \headheight is too small (12.0pt): 
(fancyhdr)                Make it at least 14.49998pt, for example:
(fancyhdr)                \setlength{\headheight}{14.49998pt}.
(fancyhdr)                You might also make \topmargin smaller:
(fancyhdr)                \addtolength{\topmargin}{-2.49998pt}.

[226

]
第十四章
[227]

Package fancyhdr Warning: \headheight is too small (12.0pt): 
(fancyhdr)                Make it at least 14.49998pt, for example:
(fancyhdr)                \setlength{\headheight}{14.49998pt}.
(fancyhdr)                You might also make \topmargin smaller:
(fancyhdr)                \addtolength{\topmargin}{-2.49998pt}.

[228] (d:/texlive/2026/texmf-dist/tex/latex/listings/lstlang1.sty
File: lstlang1.sty 2025/11/14 1.11b listings language file
)
(d:/texlive/2026/texmf-dist/tex/latex/listings/lstlang2.sty
File: lstlang2.sty 2025/11/14 1.11b listings language file
)
(d:/texlive/2026/texmf-dist/tex/latex/listings/lstlang3.sty
File: lstlang3.sty 2025/11/14 1.11b listings language file
)

! Package Listings Error: Couldn't load requested language.

See the Listings package documentation for explanation.
Type  H <return>  for immediate help.
 ...                                              
                                                  
l.99 \begin{lstlisting}[language=VDL]
                                     
The following languages weren't loadable:
    ,vdl$
This may cause errors in the sequel.


! Package Listings Error: language vdl undefined.

See the Listings package documentation for explanation.
Type  H <return>  for immediate help.
 ...                                              
                                                  
l.99 \begin{lstlisting}[language=VDL]
                                     
The language is not loadable. Try typing  <return>  to proceed.
If that doesn't work, type  X <return>  to quit.


Package fancyhdr Warning: \headheight is too small (12.0pt): 
(fancyhdr)                Make it at least 14.49998pt, for example:
(fancyhdr)                \setlength{\headheight}{14.49998pt}.
(fancyhdr)                You might also make \topmargin smaller:
(fancyhdr)                \addtolength{\topmargin}{-2.49998pt}.

[229]

Package fancyhdr Warning: \headheight is too small (12.0pt): 
(fancyhdr)                Make it at least 14.49998pt, for example:
(fancyhdr)                \setlength{\headheight}{14.49998pt}.
(fancyhdr)                You might also make \topmargin smaller:
(fancyhdr)                \addtolength{\topmargin}{-2.49998pt}.

[230]

Package fancyhdr Warning: \headheight is too small (12.0pt): 
(fancyhdr)                Make it at least 14.49998pt, for example:
(fancyhdr)                \setlength{\headheight}{14.49998pt}.
(fancyhdr)                You might also make \topmargin smaller:
(fancyhdr)                \addtolength{\topmargin}{-2.49998pt}.

[231] (d:/texlive/2026/texmf-dist/tex/latex/listings/lstlang1.sty
File: lstlang1.sty 2025/11/14 1.11b listings language file
)
(d:/texlive/2026/texmf-dist/tex/latex/listings/lstlang2.sty
File: lstlang2.sty 2025/11/14 1.11b listings language file
)
(d:/texlive/2026/texmf-dist/tex/latex/listings/lstlang3.sty
File: lstlang3.sty 2025/11/14 1.11b listings language file
)

! Package Listings Error: Couldn't load requested language.

See the Listings package documentation for explanation.
Type  H <return>  for immediate help.
 ...                                              
                                                  
l.218 ...DL, caption={BCD码转7段数码管译码器VHDL代码——数据流描述}]
                                                  
The following languages weren't loadable:
    ,vdl$
This may cause errors in the sequel.


! Package Listings Error: language vdl undefined.

See the Listings package documentation for explanation.
Type  H <return>  for immediate help.
 ...                                              
                                                  
l.218 ...DL, caption={BCD码转7段数码管译码器VHDL代码——数据流描述}]
                                                  
The language is not loadable. Try typing  <return>  to proceed.
If that doesn't work, type  X <return>  to quit.


Package fancyhdr Warning: \headheight is too small (12.0pt): 
(fancyhdr)                Make it at least 14.49998pt, for example:
(fancyhdr)                \setlength{\headheight}{14.49998pt}.
(fancyhdr)                You might also make \topmargin smaller:
(fancyhdr)                \addtolength{\topmargin}{-2.49998pt}.

[232]

Package fancyhdr Warning: \headheight is too small (12.0pt): 
(fancyhdr)                Make it at least 14.49998pt, for example:
(fancyhdr)                \setlength{\headheight}{14.49998pt}.
(fancyhdr)                You might also make \topmargin smaller:
(fancyhdr)                \addtolength{\topmargin}{-2.49998pt}.

[233] (d:/texlive/2026/texmf-dist/tex/latex/listings/lstlang1.sty
File: lstlang1.sty 2025/11/14 1.11b listings language file
)
(d:/texlive/2026/texmf-dist/tex/latex/listings/lstlang2.sty
File: lstlang2.sty 2025/11/14 1.11b listings language file
)
(d:/texlive/2026/texmf-dist/tex/latex/listings/lstlang3.sty
File: lstlang3.sty 2025/11/14 1.11b listings language file
)

! Package Listings Error: Couldn't load requested language.

See the Listings package documentation for explanation.
Type  H <return>  for immediate help.
 ...                                              
                                                  
l.292 ...age=VDL, caption={4位双向移位寄存器VHDL代码——行为描述}]
                                                  
The following languages weren't loadable:
    ,vdl$
This may cause errors in the sequel.


! Package Listings Error: language vdl undefined.

See the Listings package documentation for explanation.
Type  H <return>  for immediate help.
 ...                                              
                                                  
l.292 ...age=VDL, caption={4位双向移位寄存器VHDL代码——行为描述}]
                                                  
The language is not loadable. Try typing  <return>  to proceed.
If that doesn't work, type  X <return>  to quit.


Package fancyhdr Warning: \headheight is too small (12.0pt): 
(fancyhdr)                Make it at least 14.49998pt, for example:
(fancyhdr)                \setlength{\headheight}{14.49998pt}.
(fancyhdr)                You might also make \topmargin smaller:
(fancyhdr)                \addtolength{\topmargin}{-2.49998pt}.

[234]
Underfull \vbox (badness 4403) has occurred while \output is active []



Package fancyhdr Warning: \headheight is too small (12.0pt): 
(fancyhdr)                Make it at least 14.49998pt, for example:
(fancyhdr)                \setlength{\headheight}{14.49998pt}.
(fancyhdr)                You might also make \topmargin smaller:
(fancyhdr)                \addtolength{\topmargin}{-2.49998pt}.

[235]
Overfull \hbox (17.74315pt too wide) in paragraph at lines 385--403
 [] 
 []


Package fancyhdr Warning: \headheight is too small (12.0pt): 
(fancyhdr)                Make it at least 14.49998pt, for example:
(fancyhdr)                \setlength{\headheight}{14.49998pt}.
(fancyhdr)                You might also make \topmargin smaller:
(fancyhdr)                \addtolength{\topmargin}{-2.49998pt}.

[236] (d:/texlive/2026/texmf-dist/tex/latex/listings/lstlang1.sty
File: lstlang1.sty 2025/11/14 1.11b listings language file
)
(d:/texlive/2026/texmf-dist/tex/latex/listings/lstlang2.sty
File: lstlang2.sty 2025/11/14 1.11b listings language file
)
(d:/texlive/2026/texmf-dist/tex/latex/listings/lstlang3.sty
File: lstlang3.sty 2025/11/14 1.11b listings language file
)

! Package Listings Error: Couldn't load requested language.

See the Listings package documentation for explanation.
Type  H <return>  for immediate help.
 ...                                              
                                                  
l.411 ...VDL, caption={自动售货机控制器——Mealy型状态机VHDL代码}]
                                                  
The following languages weren't loadable:
    ,vdl$
This may cause errors in the sequel.


! Package Listings Error: language vdl undefined.

See the Listings package documentation for explanation.
Type  H <return>  for immediate help.
 ...                                              
                                                  
l.411 ...VDL, caption={自动售货机控制器——Mealy型状态机VHDL代码}]
                                                  
The language is not loadable. Try typing  <return>  to proceed.
If that doesn't work, type  X <return>  to quit.


Package fancyhdr Warning: \headheight is too small (12.0pt): 
(fancyhdr)                Make it at least 14.49998pt, for example:
(fancyhdr)                \setlength{\headheight}{14.49998pt}.
(fancyhdr)                You might also make \topmargin smaller:
(fancyhdr)                \addtolength{\topmargin}{-2.49998pt}.

[237]
Underfull \vbox (badness 4886) has occurred while \output is active []



Package fancyhdr Warning: \headheight is too small (12.0pt): 
(fancyhdr)                Make it at least 14.49998pt, for example:
(fancyhdr)                \setlength{\headheight}{14.49998pt}.
(fancyhdr)                You might also make \topmargin smaller:
(fancyhdr)                \addtolength{\topmargin}{-2.49998pt}.

[238]) (./answers/answer15.tex

Package fancyhdr Warning: \headheight is too small (12.0pt): 
(fancyhdr)                Make it at least 14.49998pt, for example:
(fancyhdr)                \setlength{\headheight}{14.49998pt}.
(fancyhdr)                You might also make \topmargin smaller:
(fancyhdr)                \addtolength{\topmargin}{-2.49998pt}.

[239]

Package fancyhdr Warning: \headheight is too small (12.0pt): 
(fancyhdr)                Make it at least 14.49998pt, for example:
(fancyhdr)                \setlength{\headheight}{14.49998pt}.
(fancyhdr)                You might also make \topmargin smaller:
(fancyhdr)                \addtolength{\topmargin}{-2.49998pt}.

[240

]
第十五章
[241]

Package fancyhdr Warning: \headheight is too small (12.0pt): 
(fancyhdr)                Make it at least 14.49998pt, for example:
(fancyhdr)                \setlength{\headheight}{14.49998pt}.
(fancyhdr)                You might also make \topmargin smaller:
(fancyhdr)                \addtolength{\topmargin}{-2.49998pt}.

[242] (d:/texlive/2026/texmf-dist/tex/latex/listings/lstlang1.sty
File: lstlang1.sty 2025/11/14 1.11b listings language file
)
(d:/texlive/2026/texmf-dist/tex/latex/listings/lstlang2.sty
File: lstlang2.sty 2025/11/14 1.11b listings language file
)
(d:/texlive/2026/texmf-dist/tex/latex/listings/lstlang3.sty
File: lstlang3.sty 2025/11/14 1.11b listings language file
)

! Package Listings Error: Couldn't load requested language.

See the Listings package documentation for explanation.
Type  H <return>  for immediate help.
 ...                                              
                                                  
l.87 \begin{lstlisting}[language=VDL]
                                     
The following languages weren't loadable:
    ,vdl$
This may cause errors in the sequel.


! Package Listings Error: language vdl undefined.

See the Listings package documentation for explanation.
Type  H <return>  for immediate help.
 ...                                              
                                                  
l.87 \begin{lstlisting}[language=VDL]
                                     
The language is not loadable. Try typing  <return>  to proceed.
If that doesn't work, type  X <return>  to quit.


Package fancyhdr Warning: \headheight is too small (12.0pt): 
(fancyhdr)                Make it at least 14.49998pt, for example:
(fancyhdr)                \setlength{\headheight}{14.49998pt}.
(fancyhdr)                You might also make \topmargin smaller:
(fancyhdr)                \addtolength{\topmargin}{-2.49998pt}.

[243]

Package fancyhdr Warning: \headheight is too small (12.0pt): 
(fancyhdr)                Make it at least 14.49998pt, for example:
(fancyhdr)                \setlength{\headheight}{14.49998pt}.
(fancyhdr)                You might also make \topmargin smaller:
(fancyhdr)                \addtolength{\topmargin}{-2.49998pt}.

[244]

Package fancyhdr Warning: \headheight is too small (12.0pt): 
(fancyhdr)                Make it at least 14.49998pt, for example:
(fancyhdr)                \setlength{\headheight}{14.49998pt}.
(fancyhdr)                You might also make \topmargin smaller:
(fancyhdr)                \addtolength{\topmargin}{-2.49998pt}.

[245]

Package fancyhdr Warning: \headheight is too small (12.0pt): 
(fancyhdr)                Make it at least 14.49998pt, for example:
(fancyhdr)                \setlength{\headheight}{14.49998pt}.
(fancyhdr)                You might also make \topmargin smaller:
(fancyhdr)                \addtolength{\topmargin}{-2.49998pt}.

[246] (d:/texlive/2026/texmf-dist/tex/latex/listings/lstlang1.sty
File: lstlang1.sty 2025/11/14 1.11b listings language file
)
(d:/texlive/2026/texmf-dist/tex/latex/listings/lstlang2.sty
File: lstlang2.sty 2025/11/14 1.11b listings language file
)
(d:/texlive/2026/texmf-dist/tex/latex/listings/lstlang3.sty
File: lstlang3.sty 2025/11/14 1.11b listings language file
)

! Package Listings Error: Couldn't load requested language.

See the Listings package documentation for explanation.
Type  H <return>  for immediate help.
 ...                                              
                                                  
l.223 ...nguage=VDL, caption={BCD—7段译码器——数据流描述方式}]
                                                  
The following languages weren't loadable:
    ,vdl$
This may cause errors in the sequel.


! Package Listings Error: language vdl undefined.

See the Listings package documentation for explanation.
Type  H <return>  for immediate help.
 ...                                              
                                                  
l.223 ...nguage=VDL, caption={BCD—7段译码器——数据流描述方式}]
                                                  
The language is not loadable. Try typing  <return>  to proceed.
If that doesn't work, type  X <return>  to quit.


Package fancyhdr Warning: \headheight is too small (12.0pt): 
(fancyhdr)                Make it at least 14.49998pt, for example:
(fancyhdr)                \setlength{\headheight}{14.49998pt}.
(fancyhdr)                You might also make \topmargin smaller:
(fancyhdr)                \addtolength{\topmargin}{-2.49998pt}.

[247] (d:/texlive/2026/texmf-dist/tex/latex/listings/lstlang1.sty
File: lstlang1.sty 2025/11/14 1.11b listings language file
)
(d:/texlive/2026/texmf-dist/tex/latex/listings/lstlang2.sty
File: lstlang2.sty 2025/11/14 1.11b listings language file
)
(d:/texlive/2026/texmf-dist/tex/latex/listings/lstlang3.sty
File: lstlang3.sty 2025/11/14 1.11b listings language file
)

! Package Listings Error: Couldn't load requested language.

See the Listings package documentation for explanation.
Type  H <return>  for immediate help.
 ...                                              
                                                  
l.295 \begin{lstlisting}[language=VDL]
                                      
The following languages weren't loadable:
    ,vdl$
This may cause errors in the sequel.


! Package Listings Error: language vdl undefined.

See the Listings package documentation for explanation.
Type  H <return>  for immediate help.
 ...                                              
                                                  
l.295 \begin{lstlisting}[language=VDL]
                                      
The language is not loadable. Try typing  <return>  to proceed.
If that doesn't work, type  X <return>  to quit.


Package fancyhdr Warning: \headheight is too small (12.0pt): 
(fancyhdr)                Make it at least 14.49998pt, for example:
(fancyhdr)                \setlength{\headheight}{14.49998pt}.
(fancyhdr)                You might also make \topmargin smaller:
(fancyhdr)                \addtolength{\topmargin}{-2.49998pt}.

[248] (d:/texlive/2026/texmf-dist/tex/latex/listings/lstlang1.sty
File: lstlang1.sty 2025/11/14 1.11b listings language file
)
(d:/texlive/2026/texmf-dist/tex/latex/listings/lstlang2.sty
File: lstlang2.sty 2025/11/14 1.11b listings language file
)
(d:/texlive/2026/texmf-dist/tex/latex/listings/lstlang3.sty
File: lstlang3.sty 2025/11/14 1.11b listings language file
)

! Package Listings Error: Couldn't load requested language.

See the Listings package documentation for explanation.
Type  H <return>  for immediate help.
 ...                                              
                                                  
l.316 ...e=VDL, caption={N位双向移位寄存器——结构化+GENERATE}]
                                                  
The following languages weren't loadable:
    ,vdl$
This may cause errors in the sequel.


! Package Listings Error: language vdl undefined.

See the Listings package documentation for explanation.
Type  H <return>  for immediate help.
 ...                                              
                                                  
l.316 ...e=VDL, caption={N位双向移位寄存器——结构化+GENERATE}]
                                                  
The language is not loadable. Try typing  <return>  to proceed.
If that doesn't work, type  X <return>  to quit.


Package fancyhdr Warning: \headheight is too small (12.0pt): 
(fancyhdr)                Make it at least 14.49998pt, for example:
(fancyhdr)                \setlength{\headheight}{14.49998pt}.
(fancyhdr)                You might also make \topmargin smaller:
(fancyhdr)                \addtolength{\topmargin}{-2.49998pt}.

[249]
Underfull \vbox (badness 10000) has occurred while \output is active []



Package fancyhdr Warning: \headheight is too small (12.0pt): 
(fancyhdr)                Make it at least 14.49998pt, for example:
(fancyhdr)                \setlength{\headheight}{14.49998pt}.
(fancyhdr)                You might also make \topmargin smaller:
(fancyhdr)                \addtolength{\topmargin}{-2.49998pt}.

[250]
Underfull \hbox (badness 10000) in paragraph at lines 412--412
[]\TU/lmr/bx/n/12 FOR...GENERATE
 []


Underfull \vbox (badness 10000) has occurred while \output is active []



Package fancyhdr Warning: \headheight is too small (12.0pt): 
(fancyhdr)                Make it at least 14.49998pt, for example:
(fancyhdr)                \setlength{\headheight}{14.49998pt}.
(fancyhdr)                You might also make \topmargin smaller:
(fancyhdr)                \addtolength{\topmargin}{-2.49998pt}.

[251]
Underfull \vbox (badness 2538) has occurred while \output is active []



Package fancyhdr Warning: \headheight is too small (12.0pt): 
(fancyhdr)                Make it at least 14.49998pt, for example:
(fancyhdr)                \setlength{\headheight}{14.49998pt}.
(fancyhdr)                You might also make \topmargin smaller:
(fancyhdr)                \addtolength{\topmargin}{-2.49998pt}.

[252] (d:/texlive/2026/texmf-dist/tex/latex/listings/lstlang1.sty
File: lstlang1.sty 2025/11/14 1.11b listings language file
)
(d:/texlive/2026/texmf-dist/tex/latex/listings/lstlang2.sty
File: lstlang2.sty 2025/11/14 1.11b listings language file
)
(d:/texlive/2026/texmf-dist/tex/latex/listings/lstlang3.sty
File: lstlang3.sty 2025/11/14 1.11b listings language file
)

! Package Listings Error: Couldn't load requested language.

See the Listings package documentation for explanation.
Type  H <return>  for immediate help.
 ...                                              
                                                  
l.484 ...caption={``1011''序列检测器——Moore型三进程VHDL代码}]
                                                  
The following languages weren't loadable:
    ,vdl$
This may cause errors in the sequel.


! Package Listings Error: language vdl undefined.

See the Listings package documentation for explanation.
Type  H <return>  for immediate help.
 ...                                              
                                                  
l.484 ...caption={``1011''序列检测器——Moore型三进程VHDL代码}]
                                                  
The language is not loadable. Try typing  <return>  to proceed.
If that doesn't work, type  X <return>  to quit.


Package fancyhdr Warning: \headheight is too small (12.0pt): 
(fancyhdr)                Make it at least 14.49998pt, for example:
(fancyhdr)                \setlength{\headheight}{14.49998pt}.
(fancyhdr)                You might also make \topmargin smaller:
(fancyhdr)                \addtolength{\topmargin}{-2.49998pt}.

[253]
Underfull \vbox (badness 10000) has occurred while \output is active []



Package fancyhdr Warning: \headheight is too small (12.0pt): 
(fancyhdr)                Make it at least 14.49998pt, for example:
(fancyhdr)                \setlength{\headheight}{14.49998pt}.
(fancyhdr)                You might also make \topmargin smaller:
(fancyhdr)                \addtolength{\topmargin}{-2.49998pt}.

[254]

Package fancyhdr Warning: \headheight is too small (12.0pt): 
(fancyhdr)                Make it at least 14.49998pt, for example:
(fancyhdr)                \setlength{\headheight}{14.49998pt}.
(fancyhdr)                You might also make \topmargin smaller:
(fancyhdr)                \addtolength{\topmargin}{-2.49998pt}.

[255]) (./answers/answer16.tex

Package fancyhdr Warning: \headheight is too small (12.0pt): 
(fancyhdr)                Make it at least 14.49998pt, for example:
(fancyhdr)                \setlength{\headheight}{14.49998pt}.
(fancyhdr)                You might also make \topmargin smaller:
(fancyhdr)                \addtolength{\topmargin}{-2.49998pt}.

[256]
第十六章
[257

]

Package fancyhdr Warning: \headheight is too small (12.0pt): 
(fancyhdr)                Make it at least 14.49998pt, for example:
(fancyhdr)                \setlength{\headheight}{14.49998pt}.
(fancyhdr)                You might also make \topmargin smaller:
(fancyhdr)                \addtolength{\topmargin}{-2.49998pt}.

[258]

Package fancyhdr Warning: \headheight is too small (12.0pt): 
(fancyhdr)                Make it at least 14.49998pt, for example:
(fancyhdr)                \setlength{\headheight}{14.49998pt}.
(fancyhdr)                You might also make \topmargin smaller:
(fancyhdr)                \addtolength{\topmargin}{-2.49998pt}.

[259]

Package fancyhdr Warning: \headheight is too small (12.0pt): 
(fancyhdr)                Make it at least 14.49998pt, for example:
(fancyhdr)                \setlength{\headheight}{14.49998pt}.
(fancyhdr)                You might also make \topmargin smaller:
(fancyhdr)                \addtolength{\topmargin}{-2.49998pt}.

[260]

Package fancyhdr Warning: \headheight is too small (12.0pt): 
(fancyhdr)                Make it at least 14.49998pt, for example:
(fancyhdr)                \setlength{\headheight}{14.49998pt}.
(fancyhdr)                You might also make \topmargin smaller:
(fancyhdr)                \addtolength{\topmargin}{-2.49998pt}.

[261]
Underfull \vbox (badness 10000) has occurred while \output is active []



Package fancyhdr Warning: \headheight is too small (12.0pt): 
(fancyhdr)                Make it at least 14.49998pt, for example:
(fancyhdr)                \setlength{\headheight}{14.49998pt}.
(fancyhdr)                You might also make \topmargin smaller:
(fancyhdr)                \addtolength{\topmargin}{-2.49998pt}.

[262]) (./answers/answer17.tex

Package fancyhdr Warning: \headheight is too small (12.0pt): 
(fancyhdr)                Make it at least 14.49998pt, for example:
(fancyhdr)                \setlength{\headheight}{14.49998pt}.
(fancyhdr)                You might also make \topmargin smaller:
(fancyhdr)                \addtolength{\topmargin}{-2.49998pt}.

[263]

Package fancyhdr Warning: \headheight is too small (12.0pt): 
(fancyhdr)                Make it at least 14.49998pt, for example:
(fancyhdr)                \setlength{\headheight}{14.49998pt}.
(fancyhdr)                You might also make \topmargin smaller:
(fancyhdr)                \addtolength{\topmargin}{-2.49998pt}.

[264

]
第十七章
[265]

Package fancyhdr Warning: \headheight is too small (12.0pt): 
(fancyhdr)                Make it at least 14.49998pt, for example:
(fancyhdr)                \setlength{\headheight}{14.49998pt}.
(fancyhdr)                You might also make \topmargin smaller:
(fancyhdr)                \addtolength{\topmargin}{-2.49998pt}.

[266]

Package fancyhdr Warning: \headheight is too small (12.0pt): 
(fancyhdr)                Make it at least 14.49998pt, for example:
(fancyhdr)                \setlength{\headheight}{14.49998pt}.
(fancyhdr)                You might also make \topmargin smaller:
(fancyhdr)                \addtolength{\topmargin}{-2.49998pt}.

[267]
Underfull \vbox (badness 10000) has occurred while \output is active []



Package fancyhdr Warning: \headheight is too small (12.0pt): 
(fancyhdr)                Make it at least 14.49998pt, for example:
(fancyhdr)                \setlength{\headheight}{14.49998pt}.
(fancyhdr)                You might also make \topmargin smaller:
(fancyhdr)                \addtolength{\topmargin}{-2.49998pt}.

[268]) (./answers/answer18.tex

Package fancyhdr Warning: \headheight is too small (12.0pt): 
(fancyhdr)                Make it at least 14.49998pt, for example:
(fancyhdr)                \setlength{\headheight}{14.49998pt}.
(fancyhdr)                You might also make \topmargin smaller:
(fancyhdr)                \addtolength{\topmargin}{-2.49998pt}.

[269]

Package fancyhdr Warning: \headheight is too small (12.0pt): 
(fancyhdr)                Make it at least 14.49998pt, for example:
(fancyhdr)                \setlength{\headheight}{14.49998pt}.
(fancyhdr)                You might also make \topmargin smaller:
(fancyhdr)                \addtolength{\topmargin}{-2.49998pt}.

[270

]
第十八章
[271]

Package fancyhdr Warning: \headheight is too small (12.0pt): 
(fancyhdr)                Make it at least 14.49998pt, for example:
(fancyhdr)                \setlength{\headheight}{14.49998pt}.
(fancyhdr)                You might also make \topmargin smaller:
(fancyhdr)                \addtolength{\topmargin}{-2.49998pt}.

[272]

Package fancyhdr Warning: \headheight is too small (12.0pt): 
(fancyhdr)                Make it at least 14.49998pt, for example:
(fancyhdr)                \setlength{\headheight}{14.49998pt}.
(fancyhdr)                You might also make \topmargin smaller:
(fancyhdr)                \addtolength{\topmargin}{-2.49998pt}.

[273]

Package fancyhdr Warning: \headheight is too small (12.0pt): 
(fancyhdr)                Make it at least 14.49998pt, for example:
(fancyhdr)                \setlength{\headheight}{14.49998pt}.
(fancyhdr)                You might also make \topmargin smaller:
(fancyhdr)                \addtolength{\topmargin}{-2.49998pt}.

[274]) (./answers/answer19.tex

Package fancyhdr Warning: \headheight is too small (12.0pt): 
(fancyhdr)                Make it at least 14.49998pt, for example:
(fancyhdr)                \setlength{\headheight}{14.49998pt}.
(fancyhdr)                You might also make \topmargin smaller:
(fancyhdr)                \addtolength{\topmargin}{-2.49998pt}.

[275]

Package fancyhdr Warning: \headheight is too small (12.0pt): 
(fancyhdr)                Make it at least 14.49998pt, for example:
(fancyhdr)                \setlength{\headheight}{14.49998pt}.
(fancyhdr)                You might also make \topmargin smaller:
(fancyhdr)                \addtolength{\topmargin}{-2.49998pt}.

[276

]
第十九章

Overfull \hbox (11.82254pt too wide) in paragraph at lines 11--12
[]\TU/lmr/bx/n/12 A  |\TU/SimSun(0)/m/n/12 —| \TU/lmr/m/n/12 FUNCTION \TU/SimSu
n(0)/m/n/12 必 须 返 回 \TU/lmr/m/n/12 (return) \TU/SimSun(0)/m/n/12 一 个 值；| \TU/lm
r/m/n/12 PROCEDURE \TU/SimSun(0)/m/n/12 通 过 参 数 \TU/lmr/m/n/12 (OUT/INOUT)
 []

[277]

Package fancyhdr Warning: \headheight is too small (12.0pt): 
(fancyhdr)                Make it at least 14.49998pt, for example:
(fancyhdr)                \setlength{\headheight}{14.49998pt}.
(fancyhdr)                You might also make \topmargin smaller:
(fancyhdr)                \addtolength{\topmargin}{-2.49998pt}.

[278]

Package fancyhdr Warning: \headheight is too small (12.0pt): 
(fancyhdr)                Make it at least 14.49998pt, for example:
(fancyhdr)                \setlength{\headheight}{14.49998pt}.
(fancyhdr)                You might also make \topmargin smaller:
(fancyhdr)                \addtolength{\topmargin}{-2.49998pt}.

[279]

Package fancyhdr Warning: \headheight is too small (12.0pt): 
(fancyhdr)                Make it at least 14.49998pt, for example:
(fancyhdr)                \setlength{\headheight}{14.49998pt}.
(fancyhdr)                You might also make \topmargin smaller:
(fancyhdr)                \addtolength{\topmargin}{-2.49998pt}.

[280]) (./answers/answer20.tex

Package fancyhdr Warning: \headheight is too small (12.0pt): 
(fancyhdr)                Make it at least 14.49998pt, for example:
(fancyhdr)                \setlength{\headheight}{14.49998pt}.
(fancyhdr)                You might also make \topmargin smaller:
(fancyhdr)                \addtolength{\topmargin}{-2.49998pt}.

[281]

Package fancyhdr Warning: \headheight is too small (12.0pt): 
(fancyhdr)                Make it at least 14.49998pt, for example:
(fancyhdr)                \setlength{\headheight}{14.49998pt}.
(fancyhdr)                You might also make \topmargin smaller:
(fancyhdr)                \addtolength{\topmargin}{-2.49998pt}.

[282

]
第二十章
)
Runaway argument?
{（2）绑定COMPONENT到具体ENTITY-ARCHITECTURE \item FOR GENERAT\ETC.
! File ended while scanning use of \textbf .
<inserted text> 
                \par 
l.86 \input{answers/answer20.tex}
                                 
I suspect you have forgotten a `}', causing me
to read past where you wanted me to stop.
I'll try to recover; but if the error is serious,
you'd better type `E' or `X' now and fix your file.

[283]

Package fancyhdr Warning: \headheight is too small (12.0pt): 
(fancyhdr)                Make it at least 14.49998pt, for example:
(fancyhdr)                \setlength{\headheight}{14.49998pt}.
(fancyhdr)                You might also make \topmargin smaller:
(fancyhdr)                \addtolength{\topmargin}{-2.49998pt}.

[284

]

! LaTeX Error: \begin{enumerate} on input line 16 ended by \end{document}.

See the LaTeX manual or LaTeX Companion for explanation.
Type  H <return>  for immediate help.
 ...                                              
                                                  
l.90 \end{document}
                   
Your command was ignored.
Type  I <command> <return>  to replace it with another command,
or  <return>  to continue without it.

(./answers-booklet.aux)
 ***********
LaTeX2e <2025-11-01>
L3 programming layer <2022/08/05>
 ***********


LaTeX Font Warning: Some font shapes were not available, defaults substituted.


Package rerunfilecheck Warning: File `answers-booklet.out' has changed.
(rerunfilecheck)                Rerun to get outlines right
(rerunfilecheck)                or use package `bookmark'.

Package rerunfilecheck Info: Checksums for `answers-booklet.out':
(rerunfilecheck)             Before: 56027FAD2AFF2E0C68B8666EA4FF857E;27117
(rerunfilecheck)             After:  DB52C916B53E499D1B4136DFA6610C69;27754.
 )
(\end occurred inside a group at level 1)

### semi simple group (level 1) entered at line 16 (\begingroup)
### bottom level 
Here is how much of TeX's memory you used:
 31835 strings out of 470139
 735793 string characters out of 5477717
 1648846 words of memory out of 5000000
 59763 multiletter control sequences out of 15000+600000
 636248 words of font info for 113 fonts, out of 8000000 for 9000
 36 hyphenation exceptions out of 8191
 102i,14n,111p,1201b,1961s stack positions out of 10000i,1000n,20000p,200000b,200000s

Output written on answers-booklet.pdf (292 pages).
