This is XeTeX, Version 3.141592653-2.6-0.999998 (TeX Live 2026) (preloaded format=xelatex 2026.3.14)  16 JUN 2026 21:41
entering extended mode
 restricted \write18 enabled.
 %&-line parsing enabled.
**exam-booklet.tex
(./exam-booklet.tex
LaTeX2e <2025-11-01>
L3 programming layer <2026-01-19>
(d:/texlive/2026/texmf-dist/tex/latex/ctex/ctexbook.cls
(d:/texlive/2026/texmf-dist/tex/latex/ctex/config/ctexbackend.cfg
File: ctexbackend.cfg 2022/07/14 v2.5.10 Backend configuration file (CTEX)
)
(d:/texlive/2026/texmf-dist/tex/latex/l3kernel/expl3.sty
Package: expl3 2026-01-19 L3 programming layer (loader) 

(d:/texlive/2026/texmf-dist/tex/latex/l3backend/l3backend-xetex.def
File: l3backend-xetex.def 2025-10-09 L3 backend support: XeTeX
\g__graphics_track_int=\count271
\g__pdfannot_backend_int=\count272
\g__pdfannot_backend_link_int=\count273
))
Document Class: ctexbook 2022/07/14 v2.5.10 Chinese adapter for class book (CTE
X)
(d:/texlive/2026/texmf-dist/tex/latex/ctex/ctexhook.sty
Package: ctexhook 2022/07/14 v2.5.10 Document and package hooks (CTEX)
)
(d:/texlive/2026/texmf-dist/tex/latex/ctex/ctexpatch.sty
Package: ctexpatch 2022/07/14 v2.5.10 Patching commands (CTEX)
)
(d:/texlive/2026/texmf-dist/tex/latex/base/fix-cm.sty
Package: fix-cm 2020/11/24 v1.1t fixes to LaTeX

(d:/texlive/2026/texmf-dist/tex/latex/base/ts1enc.def
File: ts1enc.def 2001/06/05 v3.0e (jk/car/fm) Standard LaTeX file
LaTeX Font Info:    Redeclaring font encoding TS1 on input line 47.
LaTeX Encoding Info:    Redeclaring text command \capitalcedilla (encoding TS1)
 on input line 49.
LaTeX Encoding Info:    Redeclaring text command \capitalogonek (encoding TS1) 
on input line 52.
LaTeX Encoding Info:    Redeclaring text command \capitalgrave (encoding TS1) o
n input line 55.
LaTeX Encoding Info:    Redeclaring text command \capitalacute (encoding TS1) o
n input line 56.
LaTeX Encoding Info:    Redeclaring text command \capitalcircumflex (encoding T
S1) on input line 57.
LaTeX Encoding Info:    Redeclaring text command \capitaltilde (encoding TS1) o
n input line 58.
LaTeX Encoding Info:    Redeclaring text command \capitaldieresis (encoding TS1
) on input line 59.
LaTeX Encoding Info:    Redeclaring text command \capitalhungarumlaut (encoding
 TS1) on input line 60.
LaTeX Encoding Info:    Redeclaring text command \capitalring (encoding TS1) on
 input line 61.
LaTeX Encoding Info:    Redeclaring text command \capitalcaron (encoding TS1) o
n input line 62.
LaTeX Encoding Info:    Redeclaring text command \capitalbreve (encoding TS1) o
n input line 63.
LaTeX Encoding Info:    Redeclaring text command \capitalmacron (encoding TS1) 
on input line 64.
LaTeX Encoding Info:    Redeclaring text command \capitaldotaccent (encoding TS
1) on input line 65.
LaTeX Encoding Info:    Redeclaring text command \t (encoding TS1) on input lin
e 66.
LaTeX Encoding Info:    Redeclaring text command \capitaltie (encoding TS1) on 
input line 67.
LaTeX Encoding Info:    Redeclaring text command \newtie (encoding TS1) on inpu
t line 68.
LaTeX Encoding Info:    Redeclaring text command \capitalnewtie (encoding TS1) 
on input line 69.
LaTeX Encoding Info:    Redeclaring text symbol \textcapitalcompwordmark (encod
ing TS1) on input line 70.
LaTeX Encoding Info:    Redeclaring text symbol \textascendercompwordmark (enco
ding TS1) on input line 71.
LaTeX Encoding Info:    Redeclaring text symbol \textquotestraightbase (encodin
g TS1) on input line 72.
LaTeX Encoding Info:    Redeclaring text symbol \textquotestraightdblbase (enco
ding TS1) on input line 73.
LaTeX Encoding Info:    Redeclaring text symbol \texttwelveudash (encoding TS1)
 on input line 74.
LaTeX Encoding Info:    Redeclaring text symbol \textthreequartersemdash (encod
ing TS1) on input line 75.
LaTeX Encoding Info:    Redeclaring text symbol \textleftarrow (encoding TS1) o
n input line 76.
LaTeX Encoding Info:    Redeclaring text symbol \textrightarrow (encoding TS1) 
on input line 77.
LaTeX Encoding Info:    Redeclaring text symbol \textblank (encoding TS1) on in
put line 78.
LaTeX Encoding Info:    Redeclaring text symbol \textdollar (encoding TS1) on i
nput line 79.
LaTeX Encoding Info:    Redeclaring text symbol \textquotesingle (encoding TS1)
 on input line 80.
LaTeX Encoding Info:    Redeclaring text command \textasteriskcentered (encodin
g TS1) on input line 81.
LaTeX Encoding Info:    Redeclaring text symbol \textdblhyphen (encoding TS1) o
n input line 92.
LaTeX Encoding Info:    Redeclaring text symbol \textfractionsolidus (encoding 
TS1) on input line 93.
LaTeX Encoding Info:    Redeclaring text symbol \textzerooldstyle (encoding TS1
) on input line 94.
LaTeX Encoding Info:    Redeclaring text symbol \textoneoldstyle (encoding TS1)
 on input line 95.
LaTeX Encoding Info:    Redeclaring text symbol \texttwooldstyle (encoding TS1)
 on input line 96.
LaTeX Encoding Info:    Redeclaring text symbol \textthreeoldstyle (encoding TS
1) on input line 97.
LaTeX Encoding Info:    Redeclaring text symbol \textfouroldstyle (encoding TS1
) on input line 98.
LaTeX Encoding Info:    Redeclaring text symbol \textfiveoldstyle (encoding TS1
) on input line 99.
LaTeX Encoding Info:    Redeclaring text symbol \textsixoldstyle (encoding TS1)
 on input line 100.
LaTeX Encoding Info:    Redeclaring text symbol \textsevenoldstyle (encoding TS
1) on input line 101.
LaTeX Encoding Info:    Redeclaring text symbol \texteightoldstyle (encoding TS
1) on input line 102.
LaTeX Encoding Info:    Redeclaring text symbol \textnineoldstyle (encoding TS1
) on input line 103.
LaTeX Encoding Info:    Redeclaring text symbol \textlangle (encoding TS1) on i
nput line 104.
LaTeX Encoding Info:    Redeclaring text symbol \textminus (encoding TS1) on in
put line 105.
LaTeX Encoding Info:    Redeclaring text symbol \textrangle (encoding TS1) on i
nput line 106.
LaTeX Encoding Info:    Redeclaring text symbol \textmho (encoding TS1) on inpu
t line 107.
LaTeX Encoding Info:    Redeclaring text symbol \textbigcircle (encoding TS1) o
n input line 108.
LaTeX Encoding Info:    Redeclaring text command \textcircled (encoding TS1) on
 input line 109.
LaTeX Encoding Info:    Redeclaring text symbol \textohm (encoding TS1) on inpu
t line 115.
LaTeX Encoding Info:    Redeclaring text symbol \textlbrackdbl (encoding TS1) o
n input line 116.
LaTeX Encoding Info:    Redeclaring text symbol \textrbrackdbl (encoding TS1) o
n input line 117.
LaTeX Encoding Info:    Redeclaring text symbol \textuparrow (encoding TS1) on 
input line 118.
LaTeX Encoding Info:    Redeclaring text symbol \textdownarrow (encoding TS1) o
n input line 119.
LaTeX Encoding Info:    Redeclaring text symbol \textasciigrave (encoding TS1) 
on input line 120.
LaTeX Encoding Info:    Redeclaring text symbol \textborn (encoding TS1) on inp
ut line 121.
LaTeX Encoding Info:    Redeclaring text symbol \textdivorced (encoding TS1) on
 input line 122.
LaTeX Encoding Info:    Redeclaring text symbol \textdied (encoding TS1) on inp
ut line 123.
LaTeX Encoding Info:    Redeclaring text symbol \textleaf (encoding TS1) on inp
ut line 124.
LaTeX Encoding Info:    Redeclaring text symbol \textmarried (encoding TS1) on 
input line 125.
LaTeX Encoding Info:    Redeclaring text symbol \textmusicalnote (encoding TS1)
 on input line 126.
LaTeX Encoding Info:    Redeclaring text symbol \texttildelow (encoding TS1) on
 input line 127.
LaTeX Encoding Info:    Redeclaring text symbol \textdblhyphenchar (encoding TS
1) on input line 128.
LaTeX Encoding Info:    Redeclaring text symbol \textasciibreve (encoding TS1) 
on input line 129.
LaTeX Encoding Info:    Redeclaring text symbol \textasciicaron (encoding TS1) 
on input line 130.
LaTeX Encoding Info:    Redeclaring text symbol \textacutedbl (encoding TS1) on
 input line 131.
LaTeX Encoding Info:    Redeclaring text symbol \textgravedbl (encoding TS1) on
 input line 132.
LaTeX Encoding Info:    Redeclaring text symbol \textdagger (encoding TS1) on i
nput line 133.
LaTeX Encoding Info:    Redeclaring text symbol \textdaggerdbl (encoding TS1) o
n input line 134.
LaTeX Encoding Info:    Redeclaring text symbol \textbardbl (encoding TS1) on i
nput line 135.
LaTeX Encoding Info:    Redeclaring text symbol \textperthousand (encoding TS1)
 on input line 136.
LaTeX Encoding Info:    Redeclaring text symbol \textbullet (encoding TS1) on i
nput line 137.
LaTeX Encoding Info:    Redeclaring text symbol \textcelsius (encoding TS1) on 
input line 138.
LaTeX Encoding Info:    Redeclaring text symbol \textdollaroldstyle (encoding T
S1) on input line 139.
LaTeX Encoding Info:    Redeclaring text symbol \textcentoldstyle (encoding TS1
) on input line 140.
LaTeX Encoding Info:    Redeclaring text symbol \textflorin (encoding TS1) on i
nput line 141.
LaTeX Encoding Info:    Redeclaring text symbol \textcolonmonetary (encoding TS
1) on input line 142.
LaTeX Encoding Info:    Redeclaring text symbol \textwon (encoding TS1) on inpu
t line 143.
LaTeX Encoding Info:    Redeclaring text symbol \textnaira (encoding TS1) on in
put line 144.
LaTeX Encoding Info:    Redeclaring text symbol \textguarani (encoding TS1) on 
input line 145.
LaTeX Encoding Info:    Redeclaring text symbol \textpeso (encoding TS1) on inp
ut line 146.
LaTeX Encoding Info:    Redeclaring text symbol \textlira (encoding TS1) on inp
ut line 147.
LaTeX Encoding Info:    Redeclaring text symbol \textrecipe (encoding TS1) on i
nput line 148.
LaTeX Encoding Info:    Redeclaring text symbol \textinterrobang (encoding TS1)
 on input line 149.
LaTeX Encoding Info:    Redeclaring text symbol \textinterrobangdown (encoding 
TS1) on input line 150.
LaTeX Encoding Info:    Redeclaring text symbol \textdong (encoding TS1) on inp
ut line 151.
LaTeX Encoding Info:    Redeclaring text symbol \texttrademark (encoding TS1) o
n input line 152.
LaTeX Encoding Info:    Redeclaring text symbol \textpertenthousand (encoding T
S1) on input line 153.
LaTeX Encoding Info:    Redeclaring text symbol \textpilcrow (encoding TS1) on 
input line 154.
LaTeX Encoding Info:    Redeclaring text symbol \textbaht (encoding TS1) on inp
ut line 155.
LaTeX Encoding Info:    Redeclaring text symbol \textnumero (encoding TS1) on i
nput line 156.
LaTeX Encoding Info:    Redeclaring text symbol \textdiscount (encoding TS1) on
 input line 157.
LaTeX Encoding Info:    Redeclaring text symbol \textestimated (encoding TS1) o
n input line 158.
LaTeX Encoding Info:    Redeclaring text symbol \textopenbullet (encoding TS1) 
on input line 159.
LaTeX Encoding Info:    Redeclaring text symbol \textservicemark (encoding TS1)
 on input line 160.
LaTeX Encoding Info:    Redeclaring text symbol \textlquill (encoding TS1) on i
nput line 161.
LaTeX Encoding Info:    Redeclaring text symbol \textrquill (encoding TS1) on i
nput line 162.
LaTeX Encoding Info:    Redeclaring text symbol \textcent (encoding TS1) on inp
ut line 163.
LaTeX Encoding Info:    Redeclaring text symbol \textsterling (encoding TS1) on
 input line 164.
LaTeX Encoding Info:    Redeclaring text symbol \textcurrency (encoding TS1) on
 input line 165.
LaTeX Encoding Info:    Redeclaring text symbol \textyen (encoding TS1) on inpu
t line 166.
LaTeX Encoding Info:    Redeclaring text symbol \textbrokenbar (encoding TS1) o
n input line 167.
LaTeX Encoding Info:    Redeclaring text symbol \textsection (encoding TS1) on 
input line 168.
LaTeX Encoding Info:    Redeclaring text symbol \textasciidieresis (encoding TS
1) on input line 169.
LaTeX Encoding Info:    Redeclaring text symbol \textcopyright (encoding TS1) o
n input line 170.
LaTeX Encoding Info:    Redeclaring text symbol \textordfeminine (encoding TS1)
 on input line 171.
LaTeX Encoding Info:    Redeclaring text symbol \textcopyleft (encoding TS1) on
 input line 172.
LaTeX Encoding Info:    Redeclaring text symbol \textlnot (encoding TS1) on inp
ut line 173.
LaTeX Encoding Info:    Redeclaring text symbol \textcircledP (encoding TS1) on
 input line 174.
LaTeX Encoding Info:    Redeclaring text symbol \textregistered (encoding TS1) 
on input line 175.
LaTeX Encoding Info:    Redeclaring text symbol \textasciimacron (encoding TS1)
 on input line 176.
LaTeX Encoding Info:    Redeclaring text symbol \textdegree (encoding TS1) on i
nput line 177.
LaTeX Encoding Info:    Redeclaring text symbol \textpm (encoding TS1) on input
 line 178.
LaTeX Encoding Info:    Redeclaring text symbol \texttwosuperior (encoding TS1)
 on input line 179.
LaTeX Encoding Info:    Redeclaring text symbol \textthreesuperior (encoding TS
1) on input line 180.
LaTeX Encoding Info:    Redeclaring text symbol \textasciiacute (encoding TS1) 
on input line 181.
LaTeX Encoding Info:    Redeclaring text symbol \textmu (encoding TS1) on input
 line 182.
LaTeX Encoding Info:    Redeclaring text symbol \textparagraph (encoding TS1) o
n input line 183.
LaTeX Encoding Info:    Redeclaring text symbol \textperiodcentered (encoding T
S1) on input line 184.
LaTeX Encoding Info:    Redeclaring text symbol \textreferencemark (encoding TS
1) on input line 185.
LaTeX Encoding Info:    Redeclaring text symbol \textonesuperior (encoding TS1)
 on input line 186.
LaTeX Encoding Info:    Redeclaring text symbol \textordmasculine (encoding TS1
) on input line 187.
LaTeX Encoding Info:    Redeclaring text symbol \textsurd (encoding TS1) on inp
ut line 188.
LaTeX Encoding Info:    Redeclaring text symbol \textonequarter (encoding TS1) 
on input line 189.
LaTeX Encoding Info:    Redeclaring text symbol \textonehalf (encoding TS1) on 
input line 190.
LaTeX Encoding Info:    Redeclaring text symbol \textthreequarters (encoding TS
1) on input line 191.
LaTeX Encoding Info:    Redeclaring text symbol \texteuro (encoding TS1) on inp
ut line 192.
LaTeX Encoding Info:    Redeclaring text symbol \texttimes (encoding TS1) on in
put line 193.
LaTeX Encoding Info:    Redeclaring text symbol \textdiv (encoding TS1) on inpu
t line 194.
))
\l__ctex_tmp_int=\count274
\l__ctex_tmp_box=\box53
\l__ctex_tmp_dim=\dimen148
\g__ctex_section_depth_int=\count275
\g__ctex_font_size_int=\count276

(d:/texlive/2026/texmf-dist/tex/latex/ctex/config/ctexopts.cfg
File: ctexopts.cfg 2022/07/14 v2.5.10 Option configuration file (CTEX)
)
(d:/texlive/2026/texmf-dist/tex/latex/base/book.cls
Document Class: book 2025/01/22 v1.4n Standard LaTeX document class
(d:/texlive/2026/texmf-dist/tex/latex/base/bk12.clo
File: bk12.clo 2025/01/22 v1.4n Standard LaTeX file (size option)
)
\c@part=\count277
\c@chapter=\count278
\c@section=\count279
\c@subsection=\count280
\c@subsubsection=\count281
\c@paragraph=\count282
\c@subparagraph=\count283
\c@figure=\count284
\c@table=\count285
\abovecaptionskip=\skip49
\belowcaptionskip=\skip50
\bibindent=\dimen149
)
(d:/texlive/2026/texmf-dist/tex/latex/ctex/engine/ctex-engine-xetex.def
File: ctex-engine-xetex.def 2022/07/14 v2.5.10 XeLaTeX adapter (CTEX)

(d:/texlive/2026/texmf-dist/tex/xelatex/xecjk/xeCJK.sty
Package: xeCJK 2022/08/05 v3.9.1 Typesetting CJK scripts with XeLaTeX

(d:/texlive/2026/texmf-dist/tex/latex/l3packages/xtemplate/xtemplate.sty
Package: xtemplate 2025-10-09 L3 Experimental prototype document functions
)
\l__xeCJK_tmp_int=\count286
\l__xeCJK_tmp_box=\box54
\l__xeCJK_tmp_dim=\dimen150
\l__xeCJK_tmp_skip=\skip51
\g__xeCJK_space_factor_int=\count287
\l__xeCJK_begin_int=\count288
\l__xeCJK_end_int=\count289
\c__xeCJK_CJK_class_int=\XeTeXcharclass1
\c__xeCJK_FullLeft_class_int=\XeTeXcharclass2
\c__xeCJK_FullRight_class_int=\XeTeXcharclass3
\c__xeCJK_HalfLeft_class_int=\XeTeXcharclass4
\c__xeCJK_HalfRight_class_int=\XeTeXcharclass5
\c__xeCJK_NormalSpace_class_int=\XeTeXcharclass6
\c__xeCJK_CM_class_int=\XeTeXcharclass7
\c__xeCJK_HangulJamo_class_int=\XeTeXcharclass8
\l__xeCJK_last_skip=\skip52
\c__xeCJK_none_node=\count290
\g__xeCJK_node_int=\count291
\c__xeCJK_CJK_node_dim=\dimen151
\c__xeCJK_CJK-space_node_dim=\dimen152
\c__xeCJK_default_node_dim=\dimen153
\c__xeCJK_CJK-widow_node_dim=\dimen154
\c__xeCJK_normalspace_node_dim=\dimen155
\c__xeCJK_default-space_node_skip=\skip53
\l__xeCJK_ccglue_skip=\skip54
\l__xeCJK_ecglue_skip=\skip55
\l__xeCJK_punct_kern_skip=\skip56
\l__xeCJK_indent_box=\box55
\l__xeCJK_last_penalty_int=\count292
\l__xeCJK_last_bound_dim=\dimen156
\l__xeCJK_last_kern_dim=\dimen157
\l__xeCJK_widow_penalty_int=\count293

LaTeX template Info: Declaring template type 'xeCJK/punctuation' taking 0
(template)           argument(s) on line 2396.

\l__xeCJK_fixed_punct_width_dim=\dimen158
\l__xeCJK_mixed_punct_width_dim=\dimen159
\l__xeCJK_middle_punct_width_dim=\dimen160
\l__xeCJK_fixed_margin_width_dim=\dimen161
\l__xeCJK_mixed_margin_width_dim=\dimen162
\l__xeCJK_middle_margin_width_dim=\dimen163
\l__xeCJK_bound_punct_width_dim=\dimen164
\l__xeCJK_bound_margin_width_dim=\dimen165
\l__xeCJK_margin_minimum_dim=\dimen166
\l__xeCJK_kerning_total_width_dim=\dimen167
\l__xeCJK_same_align_margin_dim=\dimen168
\l__xeCJK_different_align_margin_dim=\dimen169
\l__xeCJK_kerning_margin_width_dim=\dimen170
\l__xeCJK_kerning_margin_minimum_dim=\dimen171
\l__xeCJK_bound_dim=\dimen172
\l__xeCJK_reverse_bound_dim=\dimen173
\l__xeCJK_margin_dim=\dimen174
\l__xeCJK_minimum_bound_dim=\dimen175
\l__xeCJK_kerning_margin_dim=\dimen176
\g__xeCJK_family_int=\count294
\l__xeCJK_fam_int=\count295
\g__xeCJK_fam_allocation_int=\count296
\l__xeCJK_verb_case_int=\count297
\l__xeCJK_verb_exspace_skip=\skip57

(d:/texlive/2026/texmf-dist/tex/latex/fontspec/fontspec.sty
(d:/texlive/2026/texmf-dist/tex/latex/l3packages/xparse/xparse.sty
Package: xparse 2025-10-09 L3 Experimental document command parser
)
Package: fontspec 2025/09/29 v2.9g Font selection for XeLaTeX and LuaLaTeX

(d:/texlive/2026/texmf-dist/tex/latex/fontspec/fontspec-xetex.sty
Package: fontspec-xetex 2025/09/29 v2.9g Font selection for XeLaTeX and LuaLaTe
X
\l__fontspec_script_int=\count298
\l__fontspec_language_int=\count299
\l__fontspec_strnum_int=\count300
\l__fontspec_tmp_int=\count301
\l__fontspec_tmpa_int=\count302
\l__fontspec_tmpb_int=\count303
\l__fontspec_tmpc_int=\count304
\l__fontspec_em_int=\count305
\l__fontspec_emdef_int=\count306
\l__fontspec_strong_int=\count307
\l__fontspec_strongdef_int=\count308
\l__fontspec_tmpa_dim=\dimen177
\l__fontspec_tmpb_dim=\dimen178
\l__fontspec_tmpc_dim=\dimen179

(d:/texlive/2026/texmf-dist/tex/latex/base/fontenc.sty
Package: fontenc 2025/07/18 v2.1d Standard LaTeX package
)
(d:/texlive/2026/texmf-dist/tex/latex/fontspec/fontspec.cfg)))
(d:/texlive/2026/texmf-dist/tex/xelatex/xecjk/xeCJK.cfg
File: xeCJK.cfg 2022/08/05 v3.9.1 Configuration file for xeCJK package
))
\ccwd=\dimen180
\l__ctex_ccglue_skip=\skip58
)
\l__ctex_ziju_dim=\dimen181

(d:/texlive/2026/texmf-dist/tex/latex/zhnumber/zhnumber.sty
Package: zhnumber 2022/07/14 v3.0 Typesetting numbers with Chinese glyphs
\l__zhnum_scale_int=\count309
\l__zhnum_tmp_int=\count310

(d:/texlive/2026/texmf-dist/tex/latex/zhnumber/zhnumber-utf8.cfg
File: zhnumber-utf8.cfg 2022/07/14 v3.0 Chinese numerals with UTF8 encoding
))
\l__ctex_heading_skip=\skip59

(d:/texlive/2026/texmf-dist/tex/latex/ctex/scheme/ctex-scheme-chinese-book.def
File: ctex-scheme-chinese-book.def 2022/07/14 v2.5.10 Chinese scheme for book (
CTEX)

(d:/texlive/2026/texmf-dist/tex/latex/ctex/config/ctex-name-utf8.cfg
File: ctex-name-utf8.cfg 2022/07/14 v2.5.10 Caption with encoding UTF-8 (CTEX)
))
(d:/texlive/2026/texmf-dist/tex/latex/ctex/fontset/ctex-fontset-windows.def
File: ctex-fontset-windows.def 2022/07/14 v2.5.10 Windows fonts definition (CTE
X)

Package fontspec Info: 
(fontspec)             Could not resolve font "KaiTi/B" (it probably doesn't
(fontspec)             exist).


Package fontspec Info: 
(fontspec)             Could not resolve font "SimHei/I" (it probably doesn't
(fontspec)             exist).


Package fontspec Info: 
(fontspec)             Could not resolve font "SimSun/BI" (it probably doesn't
(fontspec)             exist).


Package fontspec Info: 
(fontspec)             Font family 'SimSun(0)' created for font 'SimSun' with
(fontspec)             options
(fontspec)             [Script={CJK},BoldFont={SimHei},ItalicFont={KaiTi}].
(fontspec)              
(fontspec)              This font family consists of the following NFSS
(fontspec)             series/shapes:
(fontspec)              
(fontspec)             - 'normal' (m/n) with NFSS spec.:
(fontspec)             <->"SimSun/OT:script=hani;language=dflt;"
(fontspec)             - 'bold' (b/n) with NFSS spec.:
(fontspec)             <->"SimHei/OT:script=hani;language=dflt;"
(fontspec)             - 'italic' (m/it) with NFSS spec.:
(fontspec)             <->"KaiTi/OT:script=hani;language=dflt;"

))
(d:/texlive/2026/texmf-dist/tex/latex/ctex/config/ctex.cfg
File: ctex.cfg 2022/07/14 v2.5.10 Configuration file (CTEX)
)
(d:/texlive/2026/texmf-dist/tex/latex/amsmath/amsmath.sty
Package: amsmath 2025/07/09 v2.17z AMS math features
\@mathmargin=\skip60

For additional information on amsmath, use the `?' option.
(d:/texlive/2026/texmf-dist/tex/latex/amsmath/amstext.sty
Package: amstext 2024/11/17 v2.01 AMS text

(d:/texlive/2026/texmf-dist/tex/latex/amsmath/amsgen.sty
File: amsgen.sty 1999/11/30 v2.0 generic functions
\@emptytoks=\toks17
\ex@=\dimen182
))
(d:/texlive/2026/texmf-dist/tex/latex/amsmath/amsbsy.sty
Package: amsbsy 1999/11/29 v1.2d Bold Symbols
\pmbraise@=\dimen183
)
(d:/texlive/2026/texmf-dist/tex/latex/amsmath/amsopn.sty
Package: amsopn 2022/04/08 v2.04 operator names
)
\inf@bad=\count311
LaTeX Info: Redefining \frac on input line 233.
\uproot@=\count312
\leftroot@=\count313
LaTeX Info: Redefining \overline on input line 398.
LaTeX Info: Redefining \colon on input line 409.
\classnum@=\count314
\DOTSCASE@=\count315
LaTeX Info: Redefining \ldots on input line 495.
LaTeX Info: Redefining \dots on input line 498.
LaTeX Info: Redefining \cdots on input line 619.
\Mathstrutbox@=\box56
\strutbox@=\box57
LaTeX Info: Redefining \big on input line 721.
LaTeX Info: Redefining \Big on input line 722.
LaTeX Info: Redefining \bigg on input line 723.
LaTeX Info: Redefining \Bigg on input line 724.
\big@size=\dimen184
LaTeX Font Info:    Redeclaring font encoding OML on input line 742.
LaTeX Font Info:    Redeclaring font encoding OMS on input line 743.
\macc@depth=\count316
LaTeX Info: Redefining \bmod on input line 904.
LaTeX Info: Redefining \pmod on input line 909.
LaTeX Info: Redefining \smash on input line 939.
LaTeX Info: Redefining \relbar on input line 969.
LaTeX Info: Redefining \Relbar on input line 970.
\c@MaxMatrixCols=\count317
\dotsspace@=\muskip17
\c@parentequation=\count318
\dspbrk@lvl=\count319
\tag@help=\toks18
\row@=\count320
\column@=\count321
\maxfields@=\count322
\andhelp@=\toks19
\eqnshift@=\dimen185
\alignsep@=\dimen186
\tagshift@=\dimen187
\tagwidth@=\dimen188
\totwidth@=\dimen189
\lineht@=\dimen190
\@envbody=\toks20
\multlinegap=\skip61
\multlinetaggap=\skip62
\mathdisplay@stack=\toks21
LaTeX Info: Redefining \[ on input line 2950.
LaTeX Info: Redefining \] on input line 2951.
)
(d:/texlive/2026/texmf-dist/tex/latex/listings/listings.sty
(d:/texlive/2026/texmf-dist/tex/latex/graphics/keyval.sty
Package: keyval 2022/05/29 v1.15 key=value parser (DPC)
\KV@toks@=\toks22
)
\lst@mode=\count323
\lst@gtempboxa=\box58
\lst@token=\toks23
\lst@length=\count324
\lst@currlwidth=\dimen191
\lst@column=\count325
\lst@pos=\count326
\lst@lostspace=\dimen192
\lst@width=\dimen193
\lst@newlines=\count327
\lst@lineno=\count328
\lst@maxwidth=\dimen194

(d:/texlive/2026/texmf-dist/tex/latex/listings/lstpatch.sty
File: lstpatch.sty 2025/11/14 1.11b (Carsten Heinz)
)
(d:/texlive/2026/texmf-dist/tex/latex/listings/lstmisc.sty
File: lstmisc.sty 2025/11/14 1.11b (Carsten Heinz)
\c@lstnumber=\count329
\lst@skipnumbers=\count330
\lst@framebox=\box59
)
(d:/texlive/2026/texmf-dist/tex/latex/listings/listings.cfg
File: listings.cfg 2025/11/14 1.11b listings configuration
))
Package: listings 2025/11/14 1.11b (Carsten Heinz)

(d:/texlive/2026/texmf-dist/tex/xelatex/xecjk/xeCJK-listings.sty
Package: xeCJK-listings 2022/08/05 v3.9.1 xeCJK patch file for listings
\l__xeCJK_listings_max_char_int=\count331
\l__xeCJK_listings_flag_int=\count332
)
==> First Aid for listings.sty no longer applied!
    Expected:
        2024/09/23 1.10c (Carsten Heinz)
    but found:
        2025/11/14 1.11b (Carsten Heinz)
    so I'm assuming it got fixed.
(d:/texlive/2026/texmf-dist/tex/latex/pgf/frontendlayer/tikz.sty
(d:/texlive/2026/texmf-dist/tex/latex/pgf/basiclayer/pgf.sty
(d:/texlive/2026/texmf-dist/tex/latex/pgf/utilities/pgfrcs.sty
(d:/texlive/2026/texmf-dist/tex/generic/pgf/utilities/pgfutil-common.tex
\pgfutil@everybye=\toks24
\pgfutil@tempdima=\dimen195
\pgfutil@tempdimb=\dimen196
)
(d:/texlive/2026/texmf-dist/tex/generic/pgf/utilities/pgfutil-latex.def
\pgfutil@abb=\box60
)
(d:/texlive/2026/texmf-dist/tex/generic/pgf/utilities/pgfrcs.code.tex
(d:/texlive/2026/texmf-dist/tex/generic/pgf/pgf.revision.tex)
Package: pgfrcs 2025-08-29 v3.1.11a (3.1.11a)
))
Package: pgf 2025-08-29 v3.1.11a (3.1.11a)

(d:/texlive/2026/texmf-dist/tex/latex/pgf/basiclayer/pgfcore.sty
(d:/texlive/2026/texmf-dist/tex/latex/graphics/graphicx.sty
Package: graphicx 2024/12/31 v1.2e Enhanced LaTeX Graphics (DPC,SPQR)

(d:/texlive/2026/texmf-dist/tex/latex/graphics/graphics.sty
Package: graphics 2024/08/06 v1.4g Standard LaTeX Graphics (DPC,SPQR)

(d:/texlive/2026/texmf-dist/tex/latex/graphics/trig.sty
Package: trig 2023/12/02 v1.11 sin cos tan (DPC)
)
(d:/texlive/2026/texmf-dist/tex/latex/graphics-cfg/graphics.cfg
File: graphics.cfg 2016/06/04 v1.11 sample graphics configuration
)
Package graphics Info: Driver file: xetex.def on input line 106.

(d:/texlive/2026/texmf-dist/tex/latex/graphics-def/xetex.def
File: xetex.def 2025/11/01 v5.0p Graphics/color driver for xetex
))
\Gin@req@height=\dimen197
\Gin@req@width=\dimen198
)
(d:/texlive/2026/texmf-dist/tex/latex/pgf/systemlayer/pgfsys.sty
(d:/texlive/2026/texmf-dist/tex/generic/pgf/systemlayer/pgfsys.code.tex
Package: pgfsys 2025-08-29 v3.1.11a (3.1.11a)

(d:/texlive/2026/texmf-dist/tex/generic/pgf/utilities/pgfkeys.code.tex
\pgfkeys@pathtoks=\toks25
\pgfkeys@temptoks=\toks26

(d:/texlive/2026/texmf-dist/tex/generic/pgf/utilities/pgfkeyslibraryfiltered.co
de.tex
\pgfkeys@tmptoks=\toks27
))
\pgf@x=\dimen199
\pgf@y=\dimen256
\pgf@xa=\dimen257
\pgf@ya=\dimen258
\pgf@xb=\dimen259
\pgf@yb=\dimen260
\pgf@xc=\dimen261
\pgf@yc=\dimen262
\pgf@xd=\dimen263
\pgf@yd=\dimen264
\w@pgf@writea=\write3
\r@pgf@reada=\read2
\c@pgf@counta=\count333
\c@pgf@countb=\count334
\c@pgf@countc=\count335
\c@pgf@countd=\count336
\t@pgf@toka=\toks28
\t@pgf@tokb=\toks29
\t@pgf@tokc=\toks30
\pgf@sys@id@count=\count337
 (d:/texlive/2026/texmf-dist/tex/generic/pgf/systemlayer/pgf.cfg
File: pgf.cfg 2025-08-29 v3.1.11a (3.1.11a)
)
Driver file for pgf: pgfsys-xetex.def

(d:/texlive/2026/texmf-dist/tex/generic/pgf/systemlayer/pgfsys-xetex.def
File: pgfsys-xetex.def 2025-08-29 v3.1.11a (3.1.11a)

(d:/texlive/2026/texmf-dist/tex/generic/pgf/systemlayer/pgfsys-dvipdfmx.def
File: pgfsys-dvipdfmx.def 2025-08-29 v3.1.11a (3.1.11a)

(d:/texlive/2026/texmf-dist/tex/generic/pgf/systemlayer/pgfsys-common-pdf.def
File: pgfsys-common-pdf.def 2025-08-29 v3.1.11a (3.1.11a)
)
\pgfsys@objnum=\count338
)))
(d:/texlive/2026/texmf-dist/tex/generic/pgf/systemlayer/pgfsyssoftpath.code.tex
File: pgfsyssoftpath.code.tex 2025-08-29 v3.1.11a (3.1.11a)
\pgfsyssoftpath@smallbuffer@items=\count339
\pgfsyssoftpath@bigbuffer@items=\count340
)
(d:/texlive/2026/texmf-dist/tex/generic/pgf/systemlayer/pgfsysprotocol.code.tex
File: pgfsysprotocol.code.tex 2025-08-29 v3.1.11a (3.1.11a)
)) (d:/texlive/2026/texmf-dist/tex/latex/xcolor/xcolor.sty
Package: xcolor 2024/09/29 v3.02 LaTeX color extensions (UK)

(d:/texlive/2026/texmf-dist/tex/latex/graphics-cfg/color.cfg
File: color.cfg 2016/01/02 v1.6 sample color configuration
)
Package xcolor Info: Driver file: xetex.def on input line 274.

(d:/texlive/2026/texmf-dist/tex/latex/graphics/mathcolor.ltx)
Package xcolor Info: Model `cmy' substituted by `cmy0' on input line 1349.
Package xcolor Info: Model `RGB' extended on input line 1365.
Package xcolor Info: Model `HTML' substituted by `rgb' on input line 1367.
Package xcolor Info: Model `Hsb' substituted by `hsb' on input line 1368.
Package xcolor Info: Model `tHsb' substituted by `hsb' on input line 1369.
Package xcolor Info: Model `HSB' substituted by `hsb' on input line 1370.
Package xcolor Info: Model `Gray' substituted by `gray' on input line 1371.
Package xcolor Info: Model `wave' substituted by `hsb' on input line 1372.
)
(d:/texlive/2026/texmf-dist/tex/generic/pgf/basiclayer/pgfcore.code.tex
Package: pgfcore 2025-08-29 v3.1.11a (3.1.11a)

(d:/texlive/2026/texmf-dist/tex/generic/pgf/math/pgfmath.code.tex
(d:/texlive/2026/texmf-dist/tex/generic/pgf/math/pgfmathutil.code.tex)
(d:/texlive/2026/texmf-dist/tex/generic/pgf/math/pgfmathparser.code.tex
\pgfmath@dimen=\dimen265
\pgfmath@count=\count341
\pgfmath@box=\box61
\pgfmath@toks=\toks31
\pgfmath@stack@operand=\toks32
\pgfmath@stack@operation=\toks33
)
(d:/texlive/2026/texmf-dist/tex/generic/pgf/math/pgfmathfunctions.code.tex)
(d:/texlive/2026/texmf-dist/tex/generic/pgf/math/pgfmathfunctions.basic.code.te
x)
(d:/texlive/2026/texmf-dist/tex/generic/pgf/math/pgfmathfunctions.trigonometric
.code.tex)
(d:/texlive/2026/texmf-dist/tex/generic/pgf/math/pgfmathfunctions.random.code.t
ex)
(d:/texlive/2026/texmf-dist/tex/generic/pgf/math/pgfmathfunctions.comparison.co
de.tex)
(d:/texlive/2026/texmf-dist/tex/generic/pgf/math/pgfmathfunctions.base.code.tex
)
(d:/texlive/2026/texmf-dist/tex/generic/pgf/math/pgfmathfunctions.round.code.te
x)
(d:/texlive/2026/texmf-dist/tex/generic/pgf/math/pgfmathfunctions.misc.code.tex
)
(d:/texlive/2026/texmf-dist/tex/generic/pgf/math/pgfmathfunctions.integerarithm
etics.code.tex)
(d:/texlive/2026/texmf-dist/tex/generic/pgf/math/pgfmathcalc.code.tex)
(d:/texlive/2026/texmf-dist/tex/generic/pgf/math/pgfmathfloat.code.tex
\c@pgfmathroundto@lastzeros=\count342
))
(d:/texlive/2026/texmf-dist/tex/generic/pgf/math/pgfint.code.tex)
(d:/texlive/2026/texmf-dist/tex/generic/pgf/basiclayer/pgfcorepoints.code.tex
File: pgfcorepoints.code.tex 2025-08-29 v3.1.11a (3.1.11a)
\pgf@picminx=\dimen266
\pgf@picmaxx=\dimen267
\pgf@picminy=\dimen268
\pgf@picmaxy=\dimen269
\pgf@pathminx=\dimen270
\pgf@pathmaxx=\dimen271
\pgf@pathminy=\dimen272
\pgf@pathmaxy=\dimen273
\pgf@xx=\dimen274
\pgf@xy=\dimen275
\pgf@yx=\dimen276
\pgf@yy=\dimen277
\pgf@zx=\dimen278
\pgf@zy=\dimen279
)
(d:/texlive/2026/texmf-dist/tex/generic/pgf/basiclayer/pgfcorepathconstruct.cod
e.tex
File: pgfcorepathconstruct.code.tex 2025-08-29 v3.1.11a (3.1.11a)
\pgf@path@lastx=\dimen280
\pgf@path@lasty=\dimen281
)
(d:/texlive/2026/texmf-dist/tex/generic/pgf/basiclayer/pgfcorepathusage.code.te
x
File: pgfcorepathusage.code.tex 2025-08-29 v3.1.11a (3.1.11a)
\pgf@shorten@end@additional=\dimen282
\pgf@shorten@start@additional=\dimen283
)
(d:/texlive/2026/texmf-dist/tex/generic/pgf/basiclayer/pgfcorescopes.code.tex
File: pgfcorescopes.code.tex 2025-08-29 v3.1.11a (3.1.11a)
\pgfpic=\box62
\pgf@hbox=\box63
\pgf@layerbox@main=\box64
\pgf@picture@serial@count=\count343
)
(d:/texlive/2026/texmf-dist/tex/generic/pgf/basiclayer/pgfcoregraphicstate.code
.tex
File: pgfcoregraphicstate.code.tex 2025-08-29 v3.1.11a (3.1.11a)
\pgflinewidth=\dimen284
)
(d:/texlive/2026/texmf-dist/tex/generic/pgf/basiclayer/pgfcoretransformations.c
ode.tex
File: pgfcoretransformations.code.tex 2025-08-29 v3.1.11a (3.1.11a)
\pgf@pt@x=\dimen285
\pgf@pt@y=\dimen286
\pgf@pt@temp=\dimen287
)
(d:/texlive/2026/texmf-dist/tex/generic/pgf/basiclayer/pgfcorequick.code.tex
File: pgfcorequick.code.tex 2025-08-29 v3.1.11a (3.1.11a)
)
(d:/texlive/2026/texmf-dist/tex/generic/pgf/basiclayer/pgfcoreobjects.code.tex
File: pgfcoreobjects.code.tex 2025-08-29 v3.1.11a (3.1.11a)
)
(d:/texlive/2026/texmf-dist/tex/generic/pgf/basiclayer/pgfcorepathprocessing.co
de.tex
File: pgfcorepathprocessing.code.tex 2025-08-29 v3.1.11a (3.1.11a)
)
(d:/texlive/2026/texmf-dist/tex/generic/pgf/basiclayer/pgfcorearrows.code.tex
File: pgfcorearrows.code.tex 2025-08-29 v3.1.11a (3.1.11a)
\pgfarrowsep=\dimen288
)
(d:/texlive/2026/texmf-dist/tex/generic/pgf/basiclayer/pgfcoreshade.code.tex
File: pgfcoreshade.code.tex 2025-08-29 v3.1.11a (3.1.11a)
\pgf@max=\dimen289
\pgf@sys@shading@range@num=\count344
\pgf@shadingcount=\count345
)
(d:/texlive/2026/texmf-dist/tex/generic/pgf/basiclayer/pgfcoreimage.code.tex
File: pgfcoreimage.code.tex 2025-08-29 v3.1.11a (3.1.11a)
)
(d:/texlive/2026/texmf-dist/tex/generic/pgf/basiclayer/pgfcoreexternal.code.tex
File: pgfcoreexternal.code.tex 2025-08-29 v3.1.11a (3.1.11a)
\pgfexternal@startupbox=\box65
) (d:/texlive/2026/texmf-dist/tex/generic/pgf/basiclayer/pgfcorelayers.code.tex
File: pgfcorelayers.code.tex 2025-08-29 v3.1.11a (3.1.11a)
)
(d:/texlive/2026/texmf-dist/tex/generic/pgf/basiclayer/pgfcoretransparency.code
.tex
File: pgfcoretransparency.code.tex 2025-08-29 v3.1.11a (3.1.11a)
)
(d:/texlive/2026/texmf-dist/tex/generic/pgf/basiclayer/pgfcorepatterns.code.tex
File: pgfcorepatterns.code.tex 2025-08-29 v3.1.11a (3.1.11a)
) (d:/texlive/2026/texmf-dist/tex/generic/pgf/basiclayer/pgfcorerdf.code.tex
File: pgfcorerdf.code.tex 2025-08-29 v3.1.11a (3.1.11a)
))) (d:/texlive/2026/texmf-dist/tex/generic/pgf/modules/pgfmoduleshapes.code.te
x
File: pgfmoduleshapes.code.tex 2025-08-29 v3.1.11a (3.1.11a)
\pgfnodeparttextbox=\box66
)
(d:/texlive/2026/texmf-dist/tex/generic/pgf/modules/pgfmoduleplot.code.tex
File: pgfmoduleplot.code.tex 2025-08-29 v3.1.11a (3.1.11a)
)
(d:/texlive/2026/texmf-dist/tex/latex/pgf/compatibility/pgfcomp-version-0-65.st
y
Package: pgfcomp-version-0-65 2025-08-29 v3.1.11a (3.1.11a)
\pgf@nodesepstart=\dimen290
\pgf@nodesepend=\dimen291
)
(d:/texlive/2026/texmf-dist/tex/latex/pgf/compatibility/pgfcomp-version-1-18.st
y
Package: pgfcomp-version-1-18 2025-08-29 v3.1.11a (3.1.11a)
)) (d:/texlive/2026/texmf-dist/tex/latex/pgf/utilities/pgffor.sty
(d:/texlive/2026/texmf-dist/tex/latex/pgf/utilities/pgfkeys.sty
(d:/texlive/2026/texmf-dist/tex/generic/pgf/utilities/pgfkeys.code.tex))
(d:/texlive/2026/texmf-dist/tex/latex/pgf/math/pgfmath.sty
(d:/texlive/2026/texmf-dist/tex/generic/pgf/math/pgfmath.code.tex))
(d:/texlive/2026/texmf-dist/tex/generic/pgf/utilities/pgffor.code.tex
Package: pgffor 2025-08-29 v3.1.11a (3.1.11a)
\pgffor@iter=\dimen292
\pgffor@skip=\dimen293
\pgffor@stack=\toks34
\pgffor@toks=\toks35
))
(d:/texlive/2026/texmf-dist/tex/generic/pgf/frontendlayer/tikz/tikz.code.tex
Package: tikz 2025-08-29 v3.1.11a (3.1.11a)

(d:/texlive/2026/texmf-dist/tex/generic/pgf/libraries/pgflibraryplothandlers.co
de.tex
File: pgflibraryplothandlers.code.tex 2025-08-29 v3.1.11a (3.1.11a)
\pgf@plot@mark@count=\count346
\pgfplotmarksize=\dimen294
)
\tikz@lastx=\dimen295
\tikz@lasty=\dimen296
\tikz@lastxsaved=\dimen297
\tikz@lastysaved=\dimen298
\tikz@lastmovetox=\dimen299
\tikz@lastmovetoy=\dimen300
\tikzleveldistance=\dimen301
\tikzsiblingdistance=\dimen302
\tikz@figbox=\box67
\tikz@figbox@bg=\box68
\tikz@tempbox=\box69
\tikz@tempbox@bg=\box70
\tikztreelevel=\count347
\tikznumberofchildren=\count348
\tikznumberofcurrentchild=\count349
\tikz@fig@count=\count350

(d:/texlive/2026/texmf-dist/tex/generic/pgf/modules/pgfmodulematrix.code.tex
File: pgfmodulematrix.code.tex 2025-08-29 v3.1.11a (3.1.11a)
\pgfmatrixcurrentrow=\count351
\pgfmatrixcurrentcolumn=\count352
\pgf@matrix@numberofcolumns=\count353
)
\tikz@expandcount=\count354

(d:/texlive/2026/texmf-dist/tex/generic/pgf/frontendlayer/tikz/libraries/tikzli
brarytopaths.code.tex
File: tikzlibrarytopaths.code.tex 2025-08-29 v3.1.11a (3.1.11a)
)))
(d:/texlive/2026/texmf-dist/tex/latex/geometry/geometry.sty
Package: geometry 2020/01/02 v5.9 Page Geometry

(d:/texlive/2026/texmf-dist/tex/generic/iftex/ifvtex.sty
Package: ifvtex 2019/10/25 v1.7 ifvtex legacy package. Use iftex instead.

(d:/texlive/2026/texmf-dist/tex/generic/iftex/iftex.sty
Package: iftex 2024/12/12 v1.0g TeX engine tests
))
\Gm@cnth=\count355
\Gm@cntv=\count356
\c@Gm@tempcnt=\count357
\Gm@bindingoffset=\dimen303
\Gm@wd@mp=\dimen304
\Gm@odd@mp=\dimen305
\Gm@even@mp=\dimen306
\Gm@layoutwidth=\dimen307
\Gm@layoutheight=\dimen308
\Gm@layouthoffset=\dimen309
\Gm@layoutvoffset=\dimen310
\Gm@dimlist=\toks36
)
(d:/texlive/2026/texmf-dist/tex/latex/fancyhdr/fancyhdr.sty
Package: fancyhdr 2025/02/07 v5.2 Extensive control of page headers and footers

\f@nch@headwidth=\skip63
\f@nch@offset@elh=\skip64
\f@nch@offset@erh=\skip65
\f@nch@offset@olh=\skip66
\f@nch@offset@orh=\skip67
\f@nch@offset@elf=\skip68
\f@nch@offset@erf=\skip69
\f@nch@offset@olf=\skip70
\f@nch@offset@orf=\skip71
\f@nch@height=\skip72
\f@nch@footalignment=\skip73
\f@nch@widthL=\skip74
\f@nch@widthC=\skip75
\f@nch@widthR=\skip76
\@temptokenb=\toks37
)
(d:/texlive/2026/texmf-dist/tex/latex/hyperref/hyperref.sty
Package: hyperref 2026-01-29 v7.01p Hypertext links for LaTeX

(d:/texlive/2026/texmf-dist/tex/latex/kvsetkeys/kvsetkeys.sty
Package: kvsetkeys 2022-10-05 v1.19 Key value parser (HO)
)
(d:/texlive/2026/texmf-dist/tex/generic/kvdefinekeys/kvdefinekeys.sty
Package: kvdefinekeys 2019-12-19 v1.6 Define keys (HO)
)
(d:/texlive/2026/texmf-dist/tex/generic/pdfescape/pdfescape.sty
Package: pdfescape 2019/12/09 v1.15 Implements pdfTeX's escape features (HO)

(d:/texlive/2026/texmf-dist/tex/generic/ltxcmds/ltxcmds.sty
Package: ltxcmds 2023-12-04 v1.26 LaTeX kernel commands for general use (HO)
)
(d:/texlive/2026/texmf-dist/tex/generic/pdftexcmds/pdftexcmds.sty
Package: pdftexcmds 2020-06-27 v0.33 Utility functions of pdfTeX for LuaTeX (HO
)

(d:/texlive/2026/texmf-dist/tex/generic/infwarerr/infwarerr.sty
Package: infwarerr 2019/12/03 v1.5 Providing info/warning/error messages (HO)
)
Package pdftexcmds Info: \pdf@primitive is available.
Package pdftexcmds Info: \pdf@ifprimitive is available.
Package pdftexcmds Info: \pdfdraftmode not found.
))
(d:/texlive/2026/texmf-dist/tex/latex/hycolor/hycolor.sty
Package: hycolor 2020-01-27 v1.10 Color options for hyperref/bookmark (HO)
)
(d:/texlive/2026/texmf-dist/tex/latex/hyperref/nameref.sty
Package: nameref 2026-01-29 v2.58 Cross-referencing by name of section

(d:/texlive/2026/texmf-dist/tex/latex/refcount/refcount.sty
Package: refcount 2019/12/15 v3.6 Data extraction from label references (HO)
)
(d:/texlive/2026/texmf-dist/tex/generic/gettitlestring/gettitlestring.sty
Package: gettitlestring 2019/12/15 v1.6 Cleanup title references (HO)

(d:/texlive/2026/texmf-dist/tex/latex/kvoptions/kvoptions.sty
Package: kvoptions 2022-06-15 v3.15 Key value format for package options (HO)
))
\c@section@level=\count358
)
(d:/texlive/2026/texmf-dist/tex/latex/etoolbox/etoolbox.sty
Package: etoolbox 2025/10/02 v2.5m e-TeX tools for LaTeX (JAW)
\etb@tempcnta=\count359
)
(d:/texlive/2026/texmf-dist/tex/generic/stringenc/stringenc.sty
Package: stringenc 2019/11/29 v1.12 Convert strings between diff. encodings (HO
)
)
\@linkdim=\dimen311
\Hy@linkcounter=\count360
\Hy@pagecounter=\count361

(d:/texlive/2026/texmf-dist/tex/latex/hyperref/pd1enc.def
File: pd1enc.def 2026-01-29 v7.01p Hyperref: PDFDocEncoding definition (HO)
)
(d:/texlive/2026/texmf-dist/tex/generic/intcalc/intcalc.sty
Package: intcalc 2019/12/15 v1.3 Expandable calculations with integers (HO)
)
\Hy@SavedSpaceFactor=\count362

(d:/texlive/2026/texmf-dist/tex/latex/hyperref/puenc.def
File: puenc.def 2026-01-29 v7.01p Hyperref: PDF Unicode definition (HO)
)
Package hyperref Info: Option `unicode' set `true' on input line 4072.
Package hyperref Info: Hyper figures OFF on input line 4201.
Package hyperref Info: Link nesting OFF on input line 4206.
Package hyperref Info: Hyper index ON on input line 4209.
Package hyperref Info: Plain pages OFF on input line 4216.
Package hyperref Info: Backreferencing OFF on input line 4221.
Package hyperref Info: Implicit mode ON; LaTeX internals redefined.
Package hyperref Info: Bookmarks ON on input line 4468.
\c@Hy@tempcnt=\count363

(d:/texlive/2026/texmf-dist/tex/latex/url/url.sty
\Urlmuskip=\muskip18
Package: url 2013/09/16  ver 3.4  Verb mode for urls, etc.
)
LaTeX Info: Redefining \url on input line 4807.
\XeTeXLinkMargin=\dimen312

(d:/texlive/2026/texmf-dist/tex/generic/bitset/bitset.sty
Package: bitset 2019/12/09 v1.3 Handle bit-vector datatype (HO)

(d:/texlive/2026/texmf-dist/tex/generic/bigintcalc/bigintcalc.sty
Package: bigintcalc 2019/12/15 v1.5 Expandable calculations on big integers (HO
)
))
\Fld@menulength=\count364
\Field@Width=\dimen313
\Fld@charsize=\dimen314
Package hyperref Info: Hyper figures OFF on input line 6084.
Package hyperref Info: Link nesting OFF on input line 6089.
Package hyperref Info: Hyper index ON on input line 6092.
Package hyperref Info: backreferencing OFF on input line 6099.
Package hyperref Info: Link coloring OFF on input line 6104.
Package hyperref Info: Link coloring with OCG OFF on input line 6109.
Package hyperref Info: PDF/A mode OFF on input line 6114.
\Hy@abspage=\count365
\c@Item=\count366
\c@Hfootnote=\count367
)
Package hyperref Info: Driver (autodetected): hxetex.

(d:/texlive/2026/texmf-dist/tex/latex/hyperref/hxetex.def
File: hxetex.def 2026-01-29 v7.01p Hyperref driver for XeTeX
\pdfm@box=\box71
\c@Hy@AnnotLevel=\count368
\HyField@AnnotCount=\count369
\Fld@listcount=\count370
\c@bookmark@seq@number=\count371

(d:/texlive/2026/texmf-dist/tex/latex/rerunfilecheck/rerunfilecheck.sty
Package: rerunfilecheck 2025-06-21 v1.11 Rerun checks for auxiliary files (HO)

(d:/texlive/2026/texmf-dist/tex/generic/uniquecounter/uniquecounter.sty
Package: uniquecounter 2019/12/15 v1.4 Provide unlimited unique counter (HO)
)
Package uniquecounter Info: New unique counter `rerunfilecheck' on input line 2
84.
)
\Hy@SectionHShift=\skip77
)
(d:/texlive/2026/texmf-dist/tex/latex/enumitem/enumitem.sty
Package: enumitem 2025/02/06 v3.11 Customized lists
\labelindent=\skip78
\enit@outerparindent=\dimen315
\enit@toks=\toks38
\enit@inbox=\box72
\enit@count@id=\count372
\enitdp@description=\count373
)
(d:/texlive/2026/texmf-dist/tex/latex/framed/framed.sty
Package: framed 2011/10/22 v 0.96: framed or shaded text with page breaks
\OuterFrameSep=\skip79
\fb@frw=\dimen316
\fb@frh=\dimen317
\FrameRule=\dimen318
\FrameSep=\dimen319
)
(d:/texlive/2026/texmf-dist/tex/latex/listings/lstlang1.sty
File: lstlang1.sty 2025/11/14 1.11b listings language file
)
Package hyperref Info: Option `colorlinks' set `true' on input line 49.

(./exam-booklet.aux)
\openout1 = `exam-booklet.aux'.

LaTeX Font Info:    Checking defaults for OML/cmm/m/it on input line 56.
LaTeX Font Info:    ... okay on input line 56.
LaTeX Font Info:    Checking defaults for OMS/cmsy/m/n on input line 56.
LaTeX Font Info:    ... okay on input line 56.
LaTeX Font Info:    Checking defaults for OT1/cmr/m/n on input line 56.
LaTeX Font Info:    ... okay on input line 56.
LaTeX Font Info:    Checking defaults for T1/cmr/m/n on input line 56.
LaTeX Font Info:    ... okay on input line 56.
LaTeX Font Info:    Checking defaults for TS1/cmr/m/n on input line 56.
LaTeX Font Info:    ... okay on input line 56.
LaTeX Font Info:    Checking defaults for TU/lmr/m/n on input line 56.
LaTeX Font Info:    ... okay on input line 56.
LaTeX Font Info:    Checking defaults for OMX/cmex/m/n on input line 56.
LaTeX Font Info:    ... okay on input line 56.
LaTeX Font Info:    Checking defaults for U/cmr/m/n on input line 56.
LaTeX Font Info:    ... okay on input line 56.
LaTeX Font Info:    Checking defaults for PD1/pdf/m/n on input line 56.
LaTeX Font Info:    ... okay on input line 56.
LaTeX Font Info:    Checking defaults for PU/pdf/m/n on input line 56.
LaTeX Font Info:    ... okay on input line 56.

Package fontspec Info: 
(fontspec)             Adjusting the maths setup (use [no-math] to avoid
(fontspec)             this).

\symlegacymaths=\mathgroup4
LaTeX Font Info:    Overwriting symbol font `legacymaths' in version `bold'
(Font)                  OT1/cmr/m/n --> OT1/cmr/bx/n on input line 56.
LaTeX Font Info:    Redeclaring math accent \acute on input line 56.
LaTeX Font Info:    Redeclaring math accent \grave on input line 56.
LaTeX Font Info:    Redeclaring math accent \ddot on input line 56.
LaTeX Font Info:    Redeclaring math accent \tilde on input line 56.
LaTeX Font Info:    Redeclaring math accent \bar on input line 56.
LaTeX Font Info:    Redeclaring math accent \breve on input line 56.
LaTeX Font Info:    Redeclaring math accent \check on input line 56.
LaTeX Font Info:    Redeclaring math accent \hat on input line 56.
LaTeX Font Info:    Redeclaring math accent \dot on input line 56.
LaTeX Font Info:    Redeclaring math accent \mathring on input line 56.
LaTeX Font Info:    Redeclaring math symbol \Gamma on input line 56.
LaTeX Font Info:    Redeclaring math symbol \Delta on input line 56.
LaTeX Font Info:    Redeclaring math symbol \Theta on input line 56.
LaTeX Font Info:    Redeclaring math symbol \Lambda on input line 56.
LaTeX Font Info:    Redeclaring math symbol \Xi on input line 56.
LaTeX Font Info:    Redeclaring math symbol \Pi on input line 56.
LaTeX Font Info:    Redeclaring math symbol \Sigma on input line 56.
LaTeX Font Info:    Redeclaring math symbol \Upsilon on input line 56.
LaTeX Font Info:    Redeclaring math symbol \Phi on input line 56.
LaTeX Font Info:    Redeclaring math symbol \Psi on input line 56.
LaTeX Font Info:    Redeclaring math symbol \Omega on input line 56.
LaTeX Font Info:    Redeclaring math symbol \mathdollar on input line 56.
LaTeX Font Info:    Redeclaring symbol font `operators' on input line 56.
LaTeX Font Info:    Encoding `OT1' has changed to `TU' for symbol font
(Font)              `operators' in the math version `normal' on input line 56.
LaTeX Font Info:    Overwriting symbol font `operators' in version `normal'
(Font)                  OT1/cmr/m/n --> TU/lmr/m/n on input line 56.
LaTeX Font Info:    Encoding `OT1' has changed to `TU' for symbol font
(Font)              `operators' in the math version `bold' on input line 56.
LaTeX Font Info:    Overwriting symbol font `operators' in version `bold'
(Font)                  OT1/cmr/bx/n --> TU/lmr/m/n on input line 56.
LaTeX Font Info:    Overwriting symbol font `operators' in version `normal'
(Font)                  TU/lmr/m/n --> TU/lmr/m/n on input line 56.
LaTeX Font Info:    Overwriting math alphabet `\mathit' in version `normal'
(Font)                  OT1/cmr/m/it --> TU/lmr/m/it on input line 56.
LaTeX Font Info:    Overwriting math alphabet `\mathbf' in version `normal'
(Font)                  OT1/cmr/bx/n --> TU/lmr/b/n on input line 56.
LaTeX Font Info:    Overwriting math alphabet `\mathsf' in version `normal'
(Font)                  OT1/cmss/m/n --> TU/lmss/m/n on input line 56.
LaTeX Font Info:    Overwriting math alphabet `\mathtt' in version `normal'
(Font)                  OT1/cmtt/m/n --> TU/lmtt/m/n on input line 56.
LaTeX Font Info:    Overwriting symbol font `operators' in version `bold'
(Font)                  TU/lmr/m/n --> TU/lmr/b/n on input line 56.
LaTeX Font Info:    Overwriting math alphabet `\mathit' in version `bold'
(Font)                  OT1/cmr/bx/it --> TU/lmr/b/it on input line 56.
LaTeX Font Info:    Overwriting math alphabet `\mathsf' in version `bold'
(Font)                  OT1/cmss/bx/n --> TU/lmss/b/n on input line 56.
LaTeX Font Info:    Overwriting math alphabet `\mathtt' in version `bold'
(Font)                  OT1/cmtt/m/n --> TU/lmtt/b/n on input line 56.
\c@lstlisting=\count374

*geometry* driver: auto-detecting
*geometry* detected driver: xetex
*geometry* verbose mode - [ preamble ] result:
* driver: xetex
* paper: a4paper
* layout: <same size as paper>
* layoutoffset:(h,v)=(0.0pt,0.0pt)
* modes: twoside 
* h-part:(L,W,R)=(71.13188pt, 455.24411pt, 71.13188pt)
* v-part:(T,H,B)=(85.35826pt, 688.5567pt, 71.13188pt)
* \paperwidth=597.50787pt
* \paperheight=845.04684pt
* \textwidth=455.24411pt
* \textheight=688.5567pt
* \oddsidemargin=-1.1381pt
* \evensidemargin=-1.1381pt
* \topmargin=-18.78552pt
* \headheight=12.0pt
* \headsep=19.8738pt
* \topskip=12.0pt
* \footskip=30.0pt
* \marginparwidth=88.0pt
* \marginparsep=7.0pt
* \columnsep=10.0pt
* \skip\footins=10.8pt plus 4.0pt minus 2.0pt
* \hoffset=0.0pt
* \voffset=0.0pt
* \mag=1000
* \@twocolumnfalse
* \@twosidetrue
* \@mparswitchtrue
* \@reversemarginfalse
* (1in=72.27pt=25.4mm, 1cm=28.453pt)

Package hyperref Info: Link coloring ON on input line 56.
(./exam-booklet.out) (./exam-booklet.out)
\@outlinefile=\write4
\openout4 = `exam-booklet.out'.

 [1



]

Package fancyhdr Warning: \headheight is too small (12.0pt): 
(fancyhdr)                Make it at least 14.49998pt, for example:
(fancyhdr)                \setlength{\headheight}{14.49998pt}.
(fancyhdr)                You might also make \topmargin smaller:
(fancyhdr)                \addtolength{\topmargin}{-2.49998pt}.

[2

] (./exam-booklet.toc [3])
\tf@toc=\write5
\openout5 = `exam-booklet.toc'.



Package fancyhdr Warning: \headheight is too small (12.0pt): 
(fancyhdr)                Make it at least 14.49998pt, for example:
(fancyhdr)                \setlength{\headheight}{14.49998pt}.
(fancyhdr)                You might also make \topmargin smaller:
(fancyhdr)                \addtolength{\topmargin}{-2.49998pt}.

[4] (./papers/paper01.tex
第一章
[1


]

Package fancyhdr Warning: \headheight is too small (12.0pt): 
(fancyhdr)                Make it at least 14.49998pt, for example:
(fancyhdr)                \setlength{\headheight}{14.49998pt}.
(fancyhdr)                You might also make \topmargin smaller:
(fancyhdr)                \addtolength{\topmargin}{-2.49998pt}.

[2]
Package hyperref Info: bookmark level for unknown lstlisting defaults to 0 on i
nput line 74.

Package fontspec Info: 
(fontspec)             Could not resolve font "FangSong/BI" (it probably
(fontspec)             doesn't exist).


Package fontspec Info: 
(fontspec)             Could not resolve font "FangSong/B" (it probably
(fontspec)             doesn't exist).


Package fontspec Info: 
(fontspec)             Could not resolve font "FangSong/I" (it probably
(fontspec)             doesn't exist).


Package fontspec Info: 
(fontspec)             Font family 'FangSong(0)' created for font 'FangSong'
(fontspec)             with options [Script={CJK}].
(fontspec)              
(fontspec)              This font family consists of the following NFSS
(fontspec)             series/shapes:
(fontspec)              
(fontspec)             - 'normal' (m/n) with NFSS spec.:
(fontspec)             <->"FangSong/OT:script=hani;language=dflt;"

LaTeX Font Info:    Font shape `TU/lmtt/bx/n' in size <10.95> not available
(Font)              Font shape `TU/lmtt/b/n' tried instead on input line 75.


Package fancyhdr Warning: \headheight is too small (12.0pt): 
(fancyhdr)                Make it at least 14.49998pt, for example:
(fancyhdr)                \setlength{\headheight}{14.49998pt}.
(fancyhdr)                You might also make \topmargin smaller:
(fancyhdr)                \addtolength{\topmargin}{-2.49998pt}.

[3]

Package fancyhdr Warning: \headheight is too small (12.0pt): 
(fancyhdr)                Make it at least 14.49998pt, for example:
(fancyhdr)                \setlength{\headheight}{14.49998pt}.
(fancyhdr)                You might also make \topmargin smaller:
(fancyhdr)                \addtolength{\topmargin}{-2.49998pt}.

[4]

Package fancyhdr Warning: \headheight is too small (12.0pt): 
(fancyhdr)                Make it at least 14.49998pt, for example:
(fancyhdr)                \setlength{\headheight}{14.49998pt}.
(fancyhdr)                You might also make \topmargin smaller:
(fancyhdr)                \addtolength{\topmargin}{-2.49998pt}.

[5]

Package fancyhdr Warning: \headheight is too small (12.0pt): 
(fancyhdr)                Make it at least 14.49998pt, for example:
(fancyhdr)                \setlength{\headheight}{14.49998pt}.
(fancyhdr)                You might also make \topmargin smaller:
(fancyhdr)                \addtolength{\topmargin}{-2.49998pt}.

[6]) (./papers/paper02.tex

Package fancyhdr Warning: \headheight is too small (12.0pt): 
(fancyhdr)                Make it at least 14.49998pt, for example:
(fancyhdr)                \setlength{\headheight}{14.49998pt}.
(fancyhdr)                You might also make \topmargin smaller:
(fancyhdr)                \addtolength{\topmargin}{-2.49998pt}.

[7]

Package fancyhdr Warning: \headheight is too small (12.0pt): 
(fancyhdr)                Make it at least 14.49998pt, for example:
(fancyhdr)                \setlength{\headheight}{14.49998pt}.
(fancyhdr)                You might also make \topmargin smaller:
(fancyhdr)                \addtolength{\topmargin}{-2.49998pt}.

[8

]
第二章
[9]

Package fancyhdr Warning: \headheight is too small (12.0pt): 
(fancyhdr)                Make it at least 14.49998pt, for example:
(fancyhdr)                \setlength{\headheight}{14.49998pt}.
(fancyhdr)                You might also make \topmargin smaller:
(fancyhdr)                \addtolength{\topmargin}{-2.49998pt}.

[10]

Package fancyhdr Warning: \headheight is too small (12.0pt): 
(fancyhdr)                Make it at least 14.49998pt, for example:
(fancyhdr)                \setlength{\headheight}{14.49998pt}.
(fancyhdr)                You might also make \topmargin smaller:
(fancyhdr)                \addtolength{\topmargin}{-2.49998pt}.

[11]

Package fancyhdr Warning: \headheight is too small (12.0pt): 
(fancyhdr)                Make it at least 14.49998pt, for example:
(fancyhdr)                \setlength{\headheight}{14.49998pt}.
(fancyhdr)                You might also make \topmargin smaller:
(fancyhdr)                \addtolength{\topmargin}{-2.49998pt}.

[12]
! Undefined control sequence.
\enit@endenumerate ->\enit@after 
                                 \endlist \ifx \enit@series \relax \else \if...
l.190 \end{enumerate}
                     
The control sequence at the end of the top line
of your error message was never \def'ed. If you have
misspelled it (e.g., `\hobx'), type `I' and the correct
spelling (e.g., `I\hbox'). Otherwise just continue,
and I'll forget about whatever was undefined.

! Undefined control sequence.
\enit@endenumerate ...\else \ifnum \enit@resuming 
                                                  =\@ne \enit@setresumekeys ...
l.190 \end{enumerate}
                     
The control sequence at the end of the top line
of your error message was never \def'ed. If you have
misspelled it (e.g., `\hobx'), type `I' and the correct
spelling (e.g., `I\hbox'). Otherwise just continue,
and I'll forget about whatever was undefined.

! Missing number, treated as zero.
<to be read again> 
                   =
l.190 \end{enumerate}
                     
A number should have been here; I inserted `0'.
(If you can't figure out why I needed to see a number,
look up `weird error' in the index to The TeXbook.)

! Undefined control sequence.
\enit@setresumekeys ...xpandafter {\enit@savekeys 
                                                  }\xdef \enit@afterlist {#2...
l.190 \end{enumerate}
                     
The control sequence at the end of the top line
of your error message was never \def'ed. If you have
misspelled it (e.g., `\hobx'), type `I' and the correct
spelling (e.g., `I\hbox'). Otherwise just continue,
and I'll forget about whatever was undefined.

! Undefined control sequence.
\enit@setresumekeys ...it@toks }\ifnum \enit@type 
                                                  =\z@ #3\def \enit@noexcs {...
l.190 \end{enumerate}
                     
The control sequence at the end of the top line
of your error message was never \def'ed. If you have
misspelled it (e.g., `\hobx'), type `I' and the correct
spelling (e.g., `I\hbox'). Otherwise just continue,
and I'll forget about whatever was undefined.

! Missing number, treated as zero.
<to be read again> 
                   =
l.190 \end{enumerate}
                     
A number should have been here; I inserted `0'.
(If you can't figure out why I needed to see a number,
look up `weird error' in the index to The TeXbook.)

! Undefined control sequence.
<argument> enit@resume@series@\enit@series 
                                           
l.190 \end{enumerate}
                     
The control sequence at the end of the top line
of your error message was never \def'ed. If you have
misspelled it (e.g., `\hobx'), type `I' and the correct
spelling (e.g., `I\hbox'). Otherwise just continue,
and I'll forget about whatever was undefined.

! Undefined control sequence.
\enit@setresumekeys ...me@#1}{\csname c@\@listctr 
                                                  \endcsname \the \csname c@...
l.190 \end{enumerate}
                     
The control sequence at the end of the top line
of your error message was never \def'ed. If you have
misspelled it (e.g., `\hobx'), type `I' and the correct
spelling (e.g., `I\hbox'). Otherwise just continue,
and I'll forget about whatever was undefined.

! Undefined control sequence.
\enit@setresumekeys ...e \the \csname c@\@listctr 
                                                  \endcsname }\fi }
l.190 \end{enumerate}
                     
The control sequence at the end of the top line
of your error message was never \def'ed. If you have
misspelled it (e.g., `\hobx'), type `I' and the correct
spelling (e.g., `I\hbox'). Otherwise just continue,
and I'll forget about whatever was undefined.

! You can't use `\relax' after \the.
<recently read> \c@ 
                    
l.190 \end{enumerate}
                     
I'm forgetting what you said and using zero instead.

! Undefined control sequence.
\enit@endenumerate ...t \fi \ifnum \enit@resuming 
                                                  =\thr@@ \enit@setresumekey...
l.190 \end{enumerate}
                     
The control sequence at the end of the top line
of your error message was never \def'ed. If you have
misspelled it (e.g., `\hobx'), type `I' and the correct
spelling (e.g., `I\hbox'). Otherwise just continue,
and I'll forget about whatever was undefined.

! Missing number, treated as zero.
<to be read again> 
                   =
l.190 \end{enumerate}
                     
A number should have been here; I inserted `0'.
(If you can't figure out why I needed to see a number,
look up `weird error' in the index to The TeXbook.)

! Undefined control sequence.
\enit@setresumekeys ...xpandafter {\enit@savekeys 
                                                  }\xdef \enit@afterlist {#2...
l.190 \end{enumerate}
                     
The control sequence at the end of the top line
of your error message was never \def'ed. If you have
misspelled it (e.g., `\hobx'), type `I' and the correct
spelling (e.g., `I\hbox'). Otherwise just continue,
and I'll forget about whatever was undefined.

! Undefined control sequence.
\enit@setresumekeys ...it@toks }\ifnum \enit@type 
                                                  =\z@ #3\def \enit@noexcs {...
l.190 \end{enumerate}
                     
The control sequence at the end of the top line
of your error message was never \def'ed. If you have
misspelled it (e.g., `\hobx'), type `I' and the correct
spelling (e.g., `I\hbox'). Otherwise just continue,
and I'll forget about whatever was undefined.

! Missing number, treated as zero.
<to be read again> 
                   =
l.190 \end{enumerate}
                     
A number should have been here; I inserted `0'.
(If you can't figure out why I needed to see a number,
look up `weird error' in the index to The TeXbook.)

! Undefined control sequence.
\enit@setresumekeys ...me@#1}{\csname c@\@listctr 
                                                  \endcsname \the \csname c@...
l.190 \end{enumerate}
                     
The control sequence at the end of the top line
of your error message was never \def'ed. If you have
misspelled it (e.g., `\hobx'), type `I' and the correct
spelling (e.g., `I\hbox'). Otherwise just continue,
and I'll forget about whatever was undefined.

! Undefined control sequence.
\enit@setresumekeys ...e \the \csname c@\@listctr 
                                                  \endcsname }\fi }
l.190 \end{enumerate}
                     
The control sequence at the end of the top line
of your error message was never \def'ed. If you have
misspelled it (e.g., `\hobx'), type `I' and the correct
spelling (e.g., `I\hbox'). Otherwise just continue,
and I'll forget about whatever was undefined.

! You can't use `\relax' after \the.
<recently read> \c@ 
                    
l.190 \end{enumerate}
                     
I'm forgetting what you said and using zero instead.


! LaTeX Error: \begin{document} ended by \end{enumerate}.

See the LaTeX manual or LaTeX Companion for explanation.
Type  H <return>  for immediate help.
 ...                                              
                                                  
l.190 \end{enumerate}
                     
Your command was ignored.
Type  I <command> <return>  to replace it with another command,
or  <return>  to continue without it.

! Extra \endgroup.
\end  ...end#1\endcsname \@checkend {#1}\endgroup 
                                                  \UseHook {env/#1/after}\if...
l.190 \end{enumerate}
                     
Things are pretty mixed up, but I think the worst is over.

) (./papers/paper03.tex

Package fancyhdr Warning: \headheight is too small (12.0pt): 
(fancyhdr)                Make it at least 14.49998pt, for example:
(fancyhdr)                \setlength{\headheight}{14.49998pt}.
(fancyhdr)                You might also make \topmargin smaller:
(fancyhdr)                \addtolength{\topmargin}{-2.49998pt}.

[13]

Package fancyhdr Warning: \headheight is too small (12.0pt): 
(fancyhdr)                Make it at least 14.49998pt, for example:
(fancyhdr)                \setlength{\headheight}{14.49998pt}.
(fancyhdr)                You might also make \topmargin smaller:
(fancyhdr)                \addtolength{\topmargin}{-2.49998pt}.

[14

]
第三章
[15]

Package fancyhdr Warning: \headheight is too small (12.0pt): 
(fancyhdr)                Make it at least 14.49998pt, for example:
(fancyhdr)                \setlength{\headheight}{14.49998pt}.
(fancyhdr)                You might also make \topmargin smaller:
(fancyhdr)                \addtolength{\topmargin}{-2.49998pt}.

[16]
Overfull \hbox (31.95589pt too wide) in paragraph at lines 69--70
[]\TU/lmr/m/n/12 VHDL \TU/SimSun(0)/m/n/12 中，|  一 个 完 整 的 设 计 单 元 由 \TU/lmr/bx/
n/12 __________ |\TU/SimSun(0)/m/n/12 （声 明 接 口）|  和 \TU/lmr/bx/n/12 __________
 []


Overfull \hbox (38.04984pt too wide) in paragraph at lines 71--72
[]\TU/lmr/m/n/12 VHDL \TU/SimSun(0)/m/n/12 中，|  信 号 赋 值 使 用 符 号 \TU/lmr/bx/n/12
 __________\TU/SimSun(0)/m/n/12 ，|  变 量 赋 值 使 用 符 号 \TU/lmr/bx/n/12 __________\
TU/SimSun(0)/m/n/12 ；|
 []


Overfull \hbox (119.96123pt too wide) in paragraph at lines 73--74
[]\TU/lmr/m/n/12 IEEE \TU/SimSun(0)/m/n/12 标 准 库 中，|  定 义 了 \TU/lmtt/m/n/12 STD
_LOGIC \TU/SimSun(0)/m/n/12 和 \TU/lmtt/m/n/12 STD_LOGIC_VECTOR \TU/SimSun(0)/m/
n/12 类 型 的 包 名 为 \TU/lmr/bx/n/12 ________________\TU/SimSun(0)/m/n/12 ，|
 []


Overfull \hbox (43.79884pt too wide) in paragraph at lines 75--76
[]\TU/SimSun(0)/m/n/12 在 \TU/lmr/m/n/12 VHDL \TU/SimSun(0)/m/n/12 中，|  可 用 的 端 
口 模 式 有 \TU/lmtt/m/n/12 IN\TU/SimSun(0)/m/n/12 、| \TU/lmtt/m/n/12 OUT\TU/SimSun
(0)/m/n/12 、| \TU/lmr/bx/n/12 __________ |\TU/SimSun(0)/m/n/12 （双 向）|  和 \TU/lm
r/bx/n/12 __________
 []


Package fancyhdr Warning: \headheight is too small (12.0pt): 
(fancyhdr)                Make it at least 14.49998pt, for example:
(fancyhdr)                \setlength{\headheight}{14.49998pt}.
(fancyhdr)                You might also make \topmargin smaller:
(fancyhdr)                \addtolength{\topmargin}{-2.49998pt}.

[17] (d:/texlive/2026/texmf-dist/tex/latex/listings/lstlang1.sty
File: lstlang1.sty 2025/11/14 1.11b listings language file
)
(d:/texlive/2026/texmf-dist/tex/latex/listings/lstlang2.sty
File: lstlang2.sty 2025/11/14 1.11b listings language file
)
(d:/texlive/2026/texmf-dist/tex/latex/listings/lstlang3.sty
File: lstlang3.sty 2025/11/14 1.11b listings language file
)

! Package Listings Error: Couldn't load requested language.

See the Listings package documentation for explanation.
Type  H <return>  for immediate help.
 ...                                              
                                                  
l.85 ...in{lstlisting}[language=VDL, numbers=left]
                                                  
The following languages weren't loadable:
    ,vdl$
This may cause errors in the sequel.


! Package Listings Error: language vdl undefined.

See the Listings package documentation for explanation.
Type  H <return>  for immediate help.
 ...                                              
                                                  
l.85 ...in{lstlisting}[language=VDL, numbers=left]
                                                  
The language is not loadable. Try typing  <return>  to proceed.
If that doesn't work, type  X <return>  to quit.


Package fancyhdr Warning: \headheight is too small (12.0pt): 
(fancyhdr)                Make it at least 14.49998pt, for example:
(fancyhdr)                \setlength{\headheight}{14.49998pt}.
(fancyhdr)                You might also make \topmargin smaller:
(fancyhdr)                \addtolength{\topmargin}{-2.49998pt}.

[18] (d:/texlive/2026/texmf-dist/tex/latex/listings/lstlang1.sty
File: lstlang1.sty 2025/11/14 1.11b listings language file
)
(d:/texlive/2026/texmf-dist/tex/latex/listings/lstlang2.sty
File: lstlang2.sty 2025/11/14 1.11b listings language file
)
(d:/texlive/2026/texmf-dist/tex/latex/listings/lstlang3.sty
File: lstlang3.sty 2025/11/14 1.11b listings language file
)

! Package Listings Error: Couldn't load requested language.

See the Listings package documentation for explanation.
Type  H <return>  for immediate help.
 ...                                              
                                                  
l.130 ...n{lstlisting}[language=VDL, numbers=left]
                                                  
The following languages weren't loadable:
    ,vdl$
This may cause errors in the sequel.


! Package Listings Error: language vdl undefined.

See the Listings package documentation for explanation.
Type  H <return>  for immediate help.
 ...                                              
                                                  
l.130 ...n{lstlisting}[language=VDL, numbers=left]
                                                  
The language is not loadable. Try typing  <return>  to proceed.
If that doesn't work, type  X <return>  to quit.


Package fancyhdr Warning: \headheight is too small (12.0pt): 
(fancyhdr)                Make it at least 14.49998pt, for example:
(fancyhdr)                \setlength{\headheight}{14.49998pt}.
(fancyhdr)                You might also make \topmargin smaller:
(fancyhdr)                \addtolength{\topmargin}{-2.49998pt}.

[19]

Package fancyhdr Warning: \headheight is too small (12.0pt): 
(fancyhdr)                Make it at least 14.49998pt, for example:
(fancyhdr)                \setlength{\headheight}{14.49998pt}.
(fancyhdr)                You might also make \topmargin smaller:
(fancyhdr)                \addtolength{\topmargin}{-2.49998pt}.

[20]) (./papers/paper04.tex

Package fancyhdr Warning: \headheight is too small (12.0pt): 
(fancyhdr)                Make it at least 14.49998pt, for example:
(fancyhdr)                \setlength{\headheight}{14.49998pt}.
(fancyhdr)                You might also make \topmargin smaller:
(fancyhdr)                \addtolength{\topmargin}{-2.49998pt}.

[21]

Package fancyhdr Warning: \headheight is too small (12.0pt): 
(fancyhdr)                Make it at least 14.49998pt, for example:
(fancyhdr)                \setlength{\headheight}{14.49998pt}.
(fancyhdr)                You might also make \topmargin smaller:
(fancyhdr)                \addtolength{\topmargin}{-2.49998pt}.

[22

]
第四章
[23]

Package fancyhdr Warning: \headheight is too small (12.0pt): 
(fancyhdr)                Make it at least 14.49998pt, for example:
(fancyhdr)                \setlength{\headheight}{14.49998pt}.
(fancyhdr)                You might also make \topmargin smaller:
(fancyhdr)                \addtolength{\topmargin}{-2.49998pt}.

[24]

Package fancyhdr Warning: \headheight is too small (12.0pt): 
(fancyhdr)                Make it at least 14.49998pt, for example:
(fancyhdr)                \setlength{\headheight}{14.49998pt}.
(fancyhdr)                You might also make \topmargin smaller:
(fancyhdr)                \addtolength{\topmargin}{-2.49998pt}.

[25]

Package fancyhdr Warning: \headheight is too small (12.0pt): 
(fancyhdr)                Make it at least 14.49998pt, for example:
(fancyhdr)                \setlength{\headheight}{14.49998pt}.
(fancyhdr)                You might also make \topmargin smaller:
(fancyhdr)                \addtolength{\topmargin}{-2.49998pt}.

[26]

Package fancyhdr Warning: \headheight is too small (12.0pt): 
(fancyhdr)                Make it at least 14.49998pt, for example:
(fancyhdr)                \setlength{\headheight}{14.49998pt}.
(fancyhdr)                You might also make \topmargin smaller:
(fancyhdr)                \addtolength{\topmargin}{-2.49998pt}.

[27]) (./papers/paper05.tex

Package fancyhdr Warning: \headheight is too small (12.0pt): 
(fancyhdr)                Make it at least 14.49998pt, for example:
(fancyhdr)                \setlength{\headheight}{14.49998pt}.
(fancyhdr)                You might also make \topmargin smaller:
(fancyhdr)                \addtolength{\topmargin}{-2.49998pt}.

[28]
第五章

Overfull \hbox (5.8714pt too wide) in paragraph at lines 54--55
[]\TU/lmr/m/n/12 IEEE.STD_LOGIC_1164 \TU/SimSun(0)/m/n/12 标 准 中，| \TU/lmr/m/n/1
2 STD_LOGIC \TU/SimSun(0)/m/n/12 数 据 类 型 一 共 包 含 多 少 种 逻 辑 值？ （   ）| 
 []

[29

]
Underfull \hbox (badness 1072) in paragraph at lines 72--72
[]\TU/SimSun(0)/m/n/12 一 个 结 构 体  |（\TU/lmr/m/n/12 ARCHITECTURE\TU/SimSun(0)/m/
n/12 ）|
 []


Package fancyhdr Warning: \headheight is too small (12.0pt): 
(fancyhdr)                Make it at least 14.49998pt, for example:
(fancyhdr)                \setlength{\headheight}{14.49998pt}.
(fancyhdr)                You might also make \topmargin smaller:
(fancyhdr)                \addtolength{\topmargin}{-2.49998pt}.

[30]

Package fancyhdr Warning: \headheight is too small (12.0pt): 
(fancyhdr)                Make it at least 14.49998pt, for example:
(fancyhdr)                \setlength{\headheight}{14.49998pt}.
(fancyhdr)                You might also make \topmargin smaller:
(fancyhdr)                \addtolength{\topmargin}{-2.49998pt}.

[31]

Package fancyhdr Warning: \headheight is too small (12.0pt): 
(fancyhdr)                Make it at least 14.49998pt, for example:
(fancyhdr)                \setlength{\headheight}{14.49998pt}.
(fancyhdr)                You might also make \topmargin smaller:
(fancyhdr)                \addtolength{\topmargin}{-2.49998pt}.

[32]

Package fancyhdr Warning: \headheight is too small (12.0pt): 
(fancyhdr)                Make it at least 14.49998pt, for example:
(fancyhdr)                \setlength{\headheight}{14.49998pt}.
(fancyhdr)                You might also make \topmargin smaller:
(fancyhdr)                \addtolength{\topmargin}{-2.49998pt}.

[33]) (./papers/paper06.tex

Package fancyhdr Warning: \headheight is too small (12.0pt): 
(fancyhdr)                Make it at least 14.49998pt, for example:
(fancyhdr)                \setlength{\headheight}{14.49998pt}.
(fancyhdr)                You might also make \topmargin smaller:
(fancyhdr)                \addtolength{\topmargin}{-2.49998pt}.

[34]
第六章
[35

]

Package fancyhdr Warning: \headheight is too small (12.0pt): 
(fancyhdr)                Make it at least 14.49998pt, for example:
(fancyhdr)                \setlength{\headheight}{14.49998pt}.
(fancyhdr)                You might also make \topmargin smaller:
(fancyhdr)                \addtolength{\topmargin}{-2.49998pt}.

[36]

LaTeX Font Warning: Font shape `TU/FangSong(0)/m/it' undefined
(Font)              using `TU/FangSong(0)/m/n' instead on input line 91.


Package fancyhdr Warning: \headheight is too small (12.0pt): 
(fancyhdr)                Make it at least 14.49998pt, for example:
(fancyhdr)                \setlength{\headheight}{14.49998pt}.
(fancyhdr)                You might also make \topmargin smaller:
(fancyhdr)                \addtolength{\topmargin}{-2.49998pt}.

[37]

Package fancyhdr Warning: \headheight is too small (12.0pt): 
(fancyhdr)                Make it at least 14.49998pt, for example:
(fancyhdr)                \setlength{\headheight}{14.49998pt}.
(fancyhdr)                You might also make \topmargin smaller:
(fancyhdr)                \addtolength{\topmargin}{-2.49998pt}.

[38]

Package fancyhdr Warning: \headheight is too small (12.0pt): 
(fancyhdr)                Make it at least 14.49998pt, for example:
(fancyhdr)                \setlength{\headheight}{14.49998pt}.
(fancyhdr)                You might also make \topmargin smaller:
(fancyhdr)                \addtolength{\topmargin}{-2.49998pt}.

[39]
Overfull \hbox (32.35893pt too wide) in paragraph at lines 196--197
\TU/SimSun(0)/m/n/12 位  |（[][]\TU/lmtt/m/n/12 q <= sir & q(3 downto 1)[]\TU/Sim
Sun(0)/m/n/12 ） ，|  若[][]\TU/lmtt/m/n/12 dir='1'[]\TU/SimSun(0)/m/n/12 则 左 移 一 
位  |（[][]\TU/lmtt/m/n/12 q <= q(2 downto 0) & sil[]\TU/SimSun(0)/m/n/12 ） 。| 
 []


Package fancyhdr Warning: \headheight is too small (12.0pt): 
(fancyhdr)                Make it at least 14.49998pt, for example:
(fancyhdr)                \setlength{\headheight}{14.49998pt}.
(fancyhdr)                You might also make \topmargin smaller:
(fancyhdr)                \addtolength{\topmargin}{-2.49998pt}.

[40]

Package fancyhdr Warning: \headheight is too small (12.0pt): 
(fancyhdr)                Make it at least 14.49998pt, for example:
(fancyhdr)                \setlength{\headheight}{14.49998pt}.
(fancyhdr)                You might also make \topmargin smaller:
(fancyhdr)                \addtolength{\topmargin}{-2.49998pt}.

[41]) (./papers/paper07.tex

Package fancyhdr Warning: \headheight is too small (12.0pt): 
(fancyhdr)                Make it at least 14.49998pt, for example:
(fancyhdr)                \setlength{\headheight}{14.49998pt}.
(fancyhdr)                You might also make \topmargin smaller:
(fancyhdr)                \addtolength{\topmargin}{-2.49998pt}.

[42]
第七章
[43

]

Package fancyhdr Warning: \headheight is too small (12.0pt): 
(fancyhdr)                Make it at least 14.49998pt, for example:
(fancyhdr)                \setlength{\headheight}{14.49998pt}.
(fancyhdr)                You might also make \topmargin smaller:
(fancyhdr)                \addtolength{\topmargin}{-2.49998pt}.

[44]

Package fancyhdr Warning: \headheight is too small (12.0pt): 
(fancyhdr)                Make it at least 14.49998pt, for example:
(fancyhdr)                \setlength{\headheight}{14.49998pt}.
(fancyhdr)                You might also make \topmargin smaller:
(fancyhdr)                \addtolength{\topmargin}{-2.49998pt}.

[45]

Package fancyhdr Warning: \headheight is too small (12.0pt): 
(fancyhdr)                Make it at least 14.49998pt, for example:
(fancyhdr)                \setlength{\headheight}{14.49998pt}.
(fancyhdr)                You might also make \topmargin smaller:
(fancyhdr)                \addtolength{\topmargin}{-2.49998pt}.

[46]

Package fancyhdr Warning: \headheight is too small (12.0pt): 
(fancyhdr)                Make it at least 14.49998pt, for example:
(fancyhdr)                \setlength{\headheight}{14.49998pt}.
(fancyhdr)                You might also make \topmargin smaller:
(fancyhdr)                \addtolength{\topmargin}{-2.49998pt}.

[47]
Overfull \hbox (45.71535pt too wide) in paragraph at lines 169--170
[]\TU/SimSun(0)/m/n/12 设 计 一 个 \TU/lmr/m/n/12 BCD \TU/SimSun(0)/m/n/12 码 到 \TU/
lmr/m/n/12 7 \TU/SimSun(0)/m/n/12 段 共 阳 极 数 码 管 的 译 码 器。|  输 入 为 一 个 \TU/lmr/m/
n/12 4 \TU/SimSun(0)/m/n/12 位 \TU/lmr/m/n/12 BCD \TU/SimSun(0)/m/n/12 码 \TU/lmt
t/m/n/12 bcd(3 downto 0)
 []


Underfull \hbox (badness 1354) in paragraph at lines 179--180
[]\TU/SimSun(0)/b/n/12 提 示：|  \TU/SimSun(0)/m/n/12 共 阳 极 数 码 管，| \TU/lmr/m/n/12
 7 \TU/SimSun(0)/m/n/12 段 \TU/lmr/m/n/12 a$\OMS/cmsy/m/n/12 ^^X$\TU/lmr/m/n/12 
g \TU/SimSun(0)/m/n/12 对 应 \TU/lmtt/m/n/12 seg(6)$\OMS/cmsy/m/n/12 ^^X$\TU/lmtt
/m/n/12 seg(0)\TU/SimSun(0)/m/n/12 。|  数 字 \TU/lmr/m/n/12 0 \TU/SimSun(0)/m/n/1
2 的 段 码
 []


Package fancyhdr Warning: \headheight is too small (12.0pt): 
(fancyhdr)                Make it at least 14.49998pt, for example:
(fancyhdr)                \setlength{\headheight}{14.49998pt}.
(fancyhdr)                You might also make \topmargin smaller:
(fancyhdr)                \addtolength{\topmargin}{-2.49998pt}.

[48]
Overfull \hbox (1.45335pt too wide) in paragraph at lines 210--211
[]\TU/SimSun(0)/m/n/12 使 用 用 户 自 定 义 枚 举 类 型 定 义 状 态  |（如 \TU/lmtt/m/n/12 TYPE 
state_type IS (S0, S1, S2,
 []

) (./papers/paper08.tex

Package fancyhdr Warning: \headheight is too small (12.0pt): 
(fancyhdr)                Make it at least 14.49998pt, for example:
(fancyhdr)                \setlength{\headheight}{14.49998pt}.
(fancyhdr)                You might also make \topmargin smaller:
(fancyhdr)                \addtolength{\topmargin}{-2.49998pt}.

[49]

Package fancyhdr Warning: \headheight is too small (12.0pt): 
(fancyhdr)                Make it at least 14.49998pt, for example:
(fancyhdr)                \setlength{\headheight}{14.49998pt}.
(fancyhdr)                You might also make \topmargin smaller:
(fancyhdr)                \addtolength{\topmargin}{-2.49998pt}.

[50

]
第八章

Overfull \hbox (47.68497pt too wide) in paragraph at lines 19--25
[][] 
 []


Overfull \hbox (47.68497pt too wide) in paragraph at lines 32--38
[][] 
 []


Overfull \hbox (47.68497pt too wide) in paragraph at lines 45--51
[][] 
 []


Overfull \hbox (47.19296pt too wide) in paragraph at lines 58--64
[][] 
 []

[51]
Overfull \hbox (47.68497pt too wide) in paragraph at lines 71--77
[][] 
 []


Underfull \hbox (badness 1237) in paragraph at lines 85--85
[]\TU/lmr/m/n/12 Distributed RAM \TU/SimSun(0)/m/n/12 由 专 用 硬 核 实 现，|
 []


Overfull \hbox (47.68497pt too wide) in paragraph at lines 84--90
[][] 
 []


Package fancyhdr Warning: \headheight is too small (12.0pt): 
(fancyhdr)                Make it at least 14.49998pt, for example:
(fancyhdr)                \setlength{\headheight}{14.49998pt}.
(fancyhdr)                You might also make \topmargin smaller:
(fancyhdr)                \addtolength{\topmargin}{-2.49998pt}.

[52]
Overfull \hbox (25.90877pt too wide) in paragraph at lines 132--133
\TU/SimSun(0)/m/n/12 外 指 定 目 标 位 宽 参 数） ；|  将 \TU/lmtt/m/n/12 STD_LOGIC_VECTOR 
\TU/SimSun(0)/m/n/12 转 换 为 \TU/lmtt/m/n/12 UNSIGNED \TU/SimSun(0)/m/n/12 类 型 使 
用$[]$
 []


Package fancyhdr Warning: \headheight is too small (12.0pt): 
(fancyhdr)                Make it at least 14.49998pt, for example:
(fancyhdr)                \setlength{\headheight}{14.49998pt}.
(fancyhdr)                You might also make \topmargin smaller:
(fancyhdr)                \addtolength{\topmargin}{-2.49998pt}.

[53] (d:/texlive/2026/texmf-dist/tex/latex/listings/lstlang1.sty
File: lstlang1.sty 2025/11/14 1.11b listings language file
)
(d:/texlive/2026/texmf-dist/tex/latex/listings/lstlang2.sty
File: lstlang2.sty 2025/11/14 1.11b listings language file
)
(d:/texlive/2026/texmf-dist/tex/latex/listings/lstlang3.sty
File: lstlang3.sty 2025/11/14 1.11b listings language file
)

! Package Listings Error: Couldn't load requested language.

See the Listings package documentation for explanation.
Type  H <return>  for immediate help.
 ...                                              
                                                  
l.146 ...出5处错误，每处1分）}, language=VDL, numbers=left]
                                                  
The following languages weren't loadable:
    ,vdl$
This may cause errors in the sequel.


! Package Listings Error: language vdl undefined.

See the Listings package documentation for explanation.
Type  H <return>  for immediate help.
 ...                                              
                                                  
l.146 ...出5处错误，每处1分）}, language=VDL, numbers=left]
                                                  
The language is not loadable. Try typing  <return>  to proceed.
If that doesn't work, type  X <return>  to quit.


Package fancyhdr Warning: \headheight is too small (12.0pt): 
(fancyhdr)                Make it at least 14.49998pt, for example:
(fancyhdr)                \setlength{\headheight}{14.49998pt}.
(fancyhdr)                You might also make \topmargin smaller:
(fancyhdr)                \addtolength{\topmargin}{-2.49998pt}.

[54]

Package fancyhdr Warning: \headheight is too small (12.0pt): 
(fancyhdr)                Make it at least 14.49998pt, for example:
(fancyhdr)                \setlength{\headheight}{14.49998pt}.
(fancyhdr)                You might also make \topmargin smaller:
(fancyhdr)                \addtolength{\topmargin}{-2.49998pt}.

[55] (d:/texlive/2026/texmf-dist/tex/latex/listings/lstlang1.sty
File: lstlang1.sty 2025/11/14 1.11b listings language file
)
(d:/texlive/2026/texmf-dist/tex/latex/listings/lstlang2.sty
File: lstlang2.sty 2025/11/14 1.11b listings language file
)
(d:/texlive/2026/texmf-dist/tex/latex/listings/lstlang3.sty
File: lstlang3.sty 2025/11/14 1.11b listings language file
)

! Package Listings Error: Couldn't load requested language.

See the Listings package documentation for explanation.
Type  H <return>  for immediate help.
 ...                                              
                                                  
l.198 ...DL程序——环形计数器}, language=VDL, numbers=left]
                                                  
The following languages weren't loadable:
    ,vdl$
This may cause errors in the sequel.


! Package Listings Error: language vdl undefined.

See the Listings package documentation for explanation.
Type  H <return>  for immediate help.
 ...                                              
                                                  
l.198 ...DL程序——环形计数器}, language=VDL, numbers=left]
                                                  
The language is not loadable. Try typing  <return>  to proceed.
If that doesn't work, type  X <return>  to quit.


Package fancyhdr Warning: \headheight is too small (12.0pt): 
(fancyhdr)                Make it at least 14.49998pt, for example:
(fancyhdr)                \setlength{\headheight}{14.49998pt}.
(fancyhdr)                You might also make \topmargin smaller:
(fancyhdr)                \addtolength{\topmargin}{-2.49998pt}.

[56]

Package fancyhdr Warning: \headheight is too small (12.0pt): 
(fancyhdr)                Make it at least 14.49998pt, for example:
(fancyhdr)                \setlength{\headheight}{14.49998pt}.
(fancyhdr)                You might also make \topmargin smaller:
(fancyhdr)                \addtolength{\topmargin}{-2.49998pt}.

[57]

Package fancyhdr Warning: \headheight is too small (12.0pt): 
(fancyhdr)                Make it at least 14.49998pt, for example:
(fancyhdr)                \setlength{\headheight}{14.49998pt}.
(fancyhdr)                You might also make \topmargin smaller:
(fancyhdr)                \addtolength{\topmargin}{-2.49998pt}.

[58]

Package fancyhdr Warning: \headheight is too small (12.0pt): 
(fancyhdr)                Make it at least 14.49998pt, for example:
(fancyhdr)                \setlength{\headheight}{14.49998pt}.
(fancyhdr)                You might also make \topmargin smaller:
(fancyhdr)                \addtolength{\topmargin}{-2.49998pt}.

[59]

Package fancyhdr Warning: \headheight is too small (12.0pt): 
(fancyhdr)                Make it at least 14.49998pt, for example:
(fancyhdr)                \setlength{\headheight}{14.49998pt}.
(fancyhdr)                You might also make \topmargin smaller:
(fancyhdr)                \addtolength{\topmargin}{-2.49998pt}.

[60]
Underfull \hbox (badness 10000) in paragraph at lines 346--347
[]\TU/lmr/m/n/12 GENERATE \TU/SimSun(0)/m/n/12 用 法 示 例：| \TU/lmtt/m/n/12 G1: FO
R i IN 0 TO N-1 GENERATE ... END
 []


Package fancyhdr Warning: \headheight is too small (12.0pt): 
(fancyhdr)                Make it at least 14.49998pt, for example:
(fancyhdr)                \setlength{\headheight}{14.49998pt}.
(fancyhdr)                You might also make \topmargin smaller:
(fancyhdr)                \addtolength{\topmargin}{-2.49998pt}.

[61]

Package fancyhdr Warning: \headheight is too small (12.0pt): 
(fancyhdr)                Make it at least 14.49998pt, for example:
(fancyhdr)                \setlength{\headheight}{14.49998pt}.
(fancyhdr)                You might also make \topmargin smaller:
(fancyhdr)                \addtolength{\topmargin}{-2.49998pt}.

[62]

Package fancyhdr Warning: \headheight is too small (12.0pt): 
(fancyhdr)                Make it at least 14.49998pt, for example:
(fancyhdr)                \setlength{\headheight}{14.49998pt}.
(fancyhdr)                You might also make \topmargin smaller:
(fancyhdr)                \addtolength{\topmargin}{-2.49998pt}.

[63]) (./papers/paper09.tex

Package fancyhdr Warning: \headheight is too small (12.0pt): 
(fancyhdr)                Make it at least 14.49998pt, for example:
(fancyhdr)                \setlength{\headheight}{14.49998pt}.
(fancyhdr)                You might also make \topmargin smaller:
(fancyhdr)                \addtolength{\topmargin}{-2.49998pt}.

[64]
第九章

Overfull \hbox (47.68497pt too wide) in paragraph at lines 19--25
[][] 
 []


Overfull \hbox (47.68497pt too wide) in paragraph at lines 32--38
[][] 
 []


Overfull \hbox (47.68497pt too wide) in paragraph at lines 45--51
[][] 
 []


Underfull \hbox (badness 4132) in paragraph at lines 62--63
[]\TU/lmr/m/n/12 Mealy \TU/SimSun(0)/m/n/12 型 的 输 出 在 时 钟 边 沿 变 化，|
 []


Overfull \hbox (47.68497pt too wide) in paragraph at lines 58--64
[][] 
 []

[65

]
Overfull \hbox (47.68497pt too wide) in paragraph at lines 71--77
[][] 
 []


Overfull \hbox (47.68497pt too wide) in paragraph at lines 84--90
[][] 
 []


Package fancyhdr Warning: \headheight is too small (12.0pt): 
(fancyhdr)                Make it at least 14.49998pt, for example:
(fancyhdr)                \setlength{\headheight}{14.49998pt}.
(fancyhdr)                You might also make \topmargin smaller:
(fancyhdr)                \addtolength{\topmargin}{-2.49998pt}.

[66]
Overfull \hbox (53.96341pt too wide) in paragraph at lines 104--105
[]\TU/lmr/bx/n/12 VARIABLE |\TU/SimSun(0)/m/n/12 （变 量）|  只 能 在$[]$ 内 部 或 子 程 序 
 |（\TU/lmr/m/n/12 FUNCTION/PROCEDURE\TU/SimSun(0)/m/n/12 ）|
 []


Overfull \hbox (4.66902pt too wide) in paragraph at lines 130--131
[]\TU/SimSun(0)/m/n/12 若 漏 写 敏 感 信 号 列 表 中 的 某 个 输 入 信 号，|  综 合 工 具 通 常 会 推 断 出
$[]$
 []


Package fancyhdr Warning: \headheight is too small (12.0pt): 
(fancyhdr)                Make it at least 14.49998pt, for example:
(fancyhdr)                \setlength{\headheight}{14.49998pt}.
(fancyhdr)                You might also make \topmargin smaller:
(fancyhdr)                \addtolength{\topmargin}{-2.49998pt}.

[67] (d:/texlive/2026/texmf-dist/tex/latex/listings/lstlang1.sty
File: lstlang1.sty 2025/11/14 1.11b listings language file
)
(d:/texlive/2026/texmf-dist/tex/latex/listings/lstlang2.sty
File: lstlang2.sty 2025/11/14 1.11b listings language file
)
(d:/texlive/2026/texmf-dist/tex/latex/listings/lstlang3.sty
File: lstlang3.sty 2025/11/14 1.11b listings language file
)

! Package Listings Error: Couldn't load requested language.

See the Listings package documentation for explanation.
Type  H <return>  for immediate help.
 ...                                              
                                                  
l.145 ...出5处错误，每处1分）}, language=VDL, numbers=left]
                                                  
The following languages weren't loadable:
    ,vdl$
This may cause errors in the sequel.


! Package Listings Error: language vdl undefined.

See the Listings package documentation for explanation.
Type  H <return>  for immediate help.
 ...                                              
                                                  
l.145 ...出5处错误，每处1分）}, language=VDL, numbers=left]
                                                  
The language is not loadable. Try typing  <return>  to proceed.
If that doesn't work, type  X <return>  to quit.


Package fancyhdr Warning: \headheight is too small (12.0pt): 
(fancyhdr)                Make it at least 14.49998pt, for example:
(fancyhdr)                \setlength{\headheight}{14.49998pt}.
(fancyhdr)                You might also make \topmargin smaller:
(fancyhdr)                \addtolength{\topmargin}{-2.49998pt}.

[68]

Package fancyhdr Warning: \headheight is too small (12.0pt): 
(fancyhdr)                Make it at least 14.49998pt, for example:
(fancyhdr)                \setlength{\headheight}{14.49998pt}.
(fancyhdr)                You might also make \topmargin smaller:
(fancyhdr)                \addtolength{\topmargin}{-2.49998pt}.

[69] (d:/texlive/2026/texmf-dist/tex/latex/listings/lstlang1.sty
File: lstlang1.sty 2025/11/14 1.11b listings language file
)
(d:/texlive/2026/texmf-dist/tex/latex/listings/lstlang2.sty
File: lstlang2.sty 2025/11/14 1.11b listings language file
)
(d:/texlive/2026/texmf-dist/tex/latex/listings/lstlang3.sty
File: lstlang3.sty 2025/11/14 1.11b listings language file
)

! Package Listings Error: Couldn't load requested language.

See the Listings package documentation for explanation.
Type  H <return>  for immediate help.
 ...                                              
                                                  
l.198 ...VHDL程序——分频器}, language=VDL, numbers=left]
                                                  
The following languages weren't loadable:
    ,vdl$
This may cause errors in the sequel.


! Package Listings Error: language vdl undefined.

See the Listings package documentation for explanation.
Type  H <return>  for immediate help.
 ...                                              
                                                  
l.198 ...VHDL程序——分频器}, language=VDL, numbers=left]
                                                  
The language is not loadable. Try typing  <return>  to proceed.
If that doesn't work, type  X <return>  to quit.


Package fancyhdr Warning: \headheight is too small (12.0pt): 
(fancyhdr)                Make it at least 14.49998pt, for example:
(fancyhdr)                \setlength{\headheight}{14.49998pt}.
(fancyhdr)                You might also make \topmargin smaller:
(fancyhdr)                \addtolength{\topmargin}{-2.49998pt}.

[70]

Package fancyhdr Warning: \headheight is too small (12.0pt): 
(fancyhdr)                Make it at least 14.49998pt, for example:
(fancyhdr)                \setlength{\headheight}{14.49998pt}.
(fancyhdr)                You might also make \topmargin smaller:
(fancyhdr)                \addtolength{\topmargin}{-2.49998pt}.

[71]

Package fancyhdr Warning: \headheight is too small (12.0pt): 
(fancyhdr)                Make it at least 14.49998pt, for example:
(fancyhdr)                \setlength{\headheight}{14.49998pt}.
(fancyhdr)                You might also make \topmargin smaller:
(fancyhdr)                \addtolength{\topmargin}{-2.49998pt}.

[72]

Package fancyhdr Warning: \headheight is too small (12.0pt): 
(fancyhdr)                Make it at least 14.49998pt, for example:
(fancyhdr)                \setlength{\headheight}{14.49998pt}.
(fancyhdr)                You might also make \topmargin smaller:
(fancyhdr)                \addtolength{\topmargin}{-2.49998pt}.

[73]
Underfull \hbox (badness 10000) in paragraph at lines 341--342
[]\TU/lmr/m/n/12 GENERATE \TU/SimSun(0)/m/n/12 语 句 示 例：| \TU/lmtt/m/n/12 G1: FO
R i IN 0 TO 3 GENERATE ... END
 []


Package fancyhdr Warning: \headheight is too small (12.0pt): 
(fancyhdr)                Make it at least 14.49998pt, for example:
(fancyhdr)                \setlength{\headheight}{14.49998pt}.
(fancyhdr)                You might also make \topmargin smaller:
(fancyhdr)                \addtolength{\topmargin}{-2.49998pt}.

[74]
Overfull \hbox (1.45335pt too wide) in paragraph at lines 387--388
[]\TU/SimSun(0)/m/n/12 使 用 用 户 自 定 义 枚 举 类 型 定 义 状 态  |（如 \TU/lmtt/m/n/12 TYPE 
state_type IS (S0, S1, S2,
 []


Package fancyhdr Warning: \headheight is too small (12.0pt): 
(fancyhdr)                Make it at least 14.49998pt, for example:
(fancyhdr)                \setlength{\headheight}{14.49998pt}.
(fancyhdr)                You might also make \topmargin smaller:
(fancyhdr)                \addtolength{\topmargin}{-2.49998pt}.

[75]) (./papers/paper10.tex

Package fancyhdr Warning: \headheight is too small (12.0pt): 
(fancyhdr)                Make it at least 14.49998pt, for example:
(fancyhdr)                \setlength{\headheight}{14.49998pt}.
(fancyhdr)                You might also make \topmargin smaller:
(fancyhdr)                \addtolength{\topmargin}{-2.49998pt}.

[76]
第十章
[77

]

Package fancyhdr Warning: \headheight is too small (12.0pt): 
(fancyhdr)                Make it at least 14.49998pt, for example:
(fancyhdr)                \setlength{\headheight}{14.49998pt}.
(fancyhdr)                You might also make \topmargin smaller:
(fancyhdr)                \addtolength{\topmargin}{-2.49998pt}.

[78]

Package fancyhdr Warning: \headheight is too small (12.0pt): 
(fancyhdr)                Make it at least 14.49998pt, for example:
(fancyhdr)                \setlength{\headheight}{14.49998pt}.
(fancyhdr)                You might also make \topmargin smaller:
(fancyhdr)                \addtolength{\topmargin}{-2.49998pt}.

[79]

Package fancyhdr Warning: \headheight is too small (12.0pt): 
(fancyhdr)                Make it at least 14.49998pt, for example:
(fancyhdr)                \setlength{\headheight}{14.49998pt}.
(fancyhdr)                You might also make \topmargin smaller:
(fancyhdr)                \addtolength{\topmargin}{-2.49998pt}.

[80]

Package fancyhdr Warning: \headheight is too small (12.0pt): 
(fancyhdr)                Make it at least 14.49998pt, for example:
(fancyhdr)                \setlength{\headheight}{14.49998pt}.
(fancyhdr)                You might also make \topmargin smaller:
(fancyhdr)                \addtolength{\topmargin}{-2.49998pt}.

[81]

Package fancyhdr Warning: \headheight is too small (12.0pt): 
(fancyhdr)                Make it at least 14.49998pt, for example:
(fancyhdr)                \setlength{\headheight}{14.49998pt}.
(fancyhdr)                You might also make \topmargin smaller:
(fancyhdr)                \addtolength{\topmargin}{-2.49998pt}.

[82]

Package fancyhdr Warning: \headheight is too small (12.0pt): 
(fancyhdr)                Make it at least 14.49998pt, for example:
(fancyhdr)                \setlength{\headheight}{14.49998pt}.
(fancyhdr)                You might also make \topmargin smaller:
(fancyhdr)                \addtolength{\topmargin}{-2.49998pt}.

[83]
Overfull \hbox (41.33833pt too wide) in paragraph at lines 241--242
[]\TU/SimSun(0)/m/n/12 使 用 用 户 自 定 义 枚 举 类 型 定 义 状 态  |（[][]\TU/lmtt/m/n/12 TYP
E state_type IS (S0, S1, S2, S3, S4)[]\TU/SimSun(0)/m/n/12 ） ；| 
 []


Package fancyhdr Warning: \headheight is too small (12.0pt): 
(fancyhdr)                Make it at least 14.49998pt, for example:
(fancyhdr)                \setlength{\headheight}{14.49998pt}.
(fancyhdr)                You might also make \topmargin smaller:
(fancyhdr)                \addtolength{\topmargin}{-2.49998pt}.

[84]) (./papers/paper11.tex

Package fancyhdr Warning: \headheight is too small (12.0pt): 
(fancyhdr)                Make it at least 14.49998pt, for example:
(fancyhdr)                \setlength{\headheight}{14.49998pt}.
(fancyhdr)                You might also make \topmargin smaller:
(fancyhdr)                \addtolength{\topmargin}{-2.49998pt}.

[85]

Package fancyhdr Warning: \headheight is too small (12.0pt): 
(fancyhdr)                Make it at least 14.49998pt, for example:
(fancyhdr)                \setlength{\headheight}{14.49998pt}.
(fancyhdr)                You might also make \topmargin smaller:
(fancyhdr)                \addtolength{\topmargin}{-2.49998pt}.

[86

]
第十一章
[87]
Overfull \hbox (60.59416pt too wide) in paragraph at lines 69--70
[]\TU/lmr/m/n/12 VHDL \TU/SimSun(0)/m/n/12 中，|  用 于 生 成 重 复 结 构 的 语 句 是$[]$，|  
它 分 为 两 种 形 式：| $[]$\TU/lmr/m/n/12 GENERATE
 []


Package fancyhdr Warning: \headheight is too small (12.0pt): 
(fancyhdr)                Make it at least 14.49998pt, for example:
(fancyhdr)                \setlength{\headheight}{14.49998pt}.
(fancyhdr)                You might also make \topmargin smaller:
(fancyhdr)                \addtolength{\topmargin}{-2.49998pt}.

[88]

Package fancyhdr Warning: \headheight is too small (12.0pt): 
(fancyhdr)                Make it at least 14.49998pt, for example:
(fancyhdr)                \setlength{\headheight}{14.49998pt}.
(fancyhdr)                You might also make \topmargin smaller:
(fancyhdr)                \addtolength{\topmargin}{-2.49998pt}.

[89]

Package fancyhdr Warning: \headheight is too small (12.0pt): 
(fancyhdr)                Make it at least 14.49998pt, for example:
(fancyhdr)                \setlength{\headheight}{14.49998pt}.
(fancyhdr)                You might also make \topmargin smaller:
(fancyhdr)                \addtolength{\topmargin}{-2.49998pt}.

[90]

Package fancyhdr Warning: \headheight is too small (12.0pt): 
(fancyhdr)                Make it at least 14.49998pt, for example:
(fancyhdr)                \setlength{\headheight}{14.49998pt}.
(fancyhdr)                You might also make \topmargin smaller:
(fancyhdr)                \addtolength{\topmargin}{-2.49998pt}.

[91]

Package fancyhdr Warning: \headheight is too small (12.0pt): 
(fancyhdr)                Make it at least 14.49998pt, for example:
(fancyhdr)                \setlength{\headheight}{14.49998pt}.
(fancyhdr)                You might also make \topmargin smaller:
(fancyhdr)                \addtolength{\topmargin}{-2.49998pt}.

[92]
Missing character: There is no ≥ (U+2265) in font [lmroman12-regular]:mapping=t
ex-text;!
) (./papers/paper12.tex

Package fancyhdr Warning: \headheight is too small (12.0pt): 
(fancyhdr)                Make it at least 14.49998pt, for example:
(fancyhdr)                \setlength{\headheight}{14.49998pt}.
(fancyhdr)                You might also make \topmargin smaller:
(fancyhdr)                \addtolength{\topmargin}{-2.49998pt}.

[93]

Package fancyhdr Warning: \headheight is too small (12.0pt): 
(fancyhdr)                Make it at least 14.49998pt, for example:
(fancyhdr)                \setlength{\headheight}{14.49998pt}.
(fancyhdr)                You might also make \topmargin smaller:
(fancyhdr)                \addtolength{\topmargin}{-2.49998pt}.

[94

]
第十二章

Overfull \hbox (47.68497pt too wide) in paragraph at lines 11--17
[][] 
 []


Overfull \hbox (47.68497pt too wide) in paragraph at lines 24--30
[][] 
 []


Underfull \hbox (badness 10000) in paragraph at lines 39--40
[]\TU/SimSun(0)/m/n/12 结 构 体  |（\TU/lmr/m/n/12 ARCHITECTURE\TU/SimSun(0)/m/n/12
 ）|  中，|
 []


Underfull \hbox (badness 10000) in paragraph at lines 39--40
\TU/lmr/m/n/12 PROCESS \TU/SimSun(0)/m/n/12 外 部 的 信 号 赋 值 语 句
 []


Overfull \hbox (47.68497pt too wide) in paragraph at lines 37--43
[][] 
 []


Overfull \hbox (47.68497pt too wide) in paragraph at lines 50--56
[][] 
 []

[95]
Overfull \hbox (47.68497pt too wide) in paragraph at lines 63--69
[][] 
 []


Overfull \hbox (47.68497pt too wide) in paragraph at lines 76--82
[][] 
 []


Package fancyhdr Warning: \headheight is too small (12.0pt): 
(fancyhdr)                Make it at least 14.49998pt, for example:
(fancyhdr)                \setlength{\headheight}{14.49998pt}.
(fancyhdr)                You might also make \topmargin smaller:
(fancyhdr)                \addtolength{\topmargin}{-2.49998pt}.

[96]
Overfull \hbox (23.96341pt too wide) in paragraph at lines 91--94
\TU/lmr/bx/n/12 VARIABLE |\TU/SimSun(0)/m/n/12 （变 量）|  只 能 在$[]$ 内 部 或 子 程 序  |
（\TU/lmr/m/n/12 FUNCTION/PROCEDURE\TU/SimSun(0)/m/n/12 ）|
 []


Package fancyhdr Warning: \headheight is too small (12.0pt): 
(fancyhdr)                Make it at least 14.49998pt, for example:
(fancyhdr)                \setlength{\headheight}{14.49998pt}.
(fancyhdr)                You might also make \topmargin smaller:
(fancyhdr)                \addtolength{\topmargin}{-2.49998pt}.

[97] (d:/texlive/2026/texmf-dist/tex/latex/listings/lstlang1.sty
File: lstlang1.sty 2025/11/14 1.11b listings language file
)
(d:/texlive/2026/texmf-dist/tex/latex/listings/lstlang2.sty
File: lstlang2.sty 2025/11/14 1.11b listings language file
)
(d:/texlive/2026/texmf-dist/tex/latex/listings/lstlang3.sty
File: lstlang3.sty 2025/11/14 1.11b listings language file
)

! Package Listings Error: Couldn't load requested language.

See the Listings package documentation for explanation.
Type  H <return>  for immediate help.
 ...                                              
                                                  
l.115 ...5处错误的VHDL代码}, language=VDL, numbers=left]
                                                  
The following languages weren't loadable:
    ,vdl$
This may cause errors in the sequel.


! Package Listings Error: language vdl undefined.

See the Listings package documentation for explanation.
Type  H <return>  for immediate help.
 ...                                              
                                                  
l.115 ...5处错误的VHDL代码}, language=VDL, numbers=left]
                                                  
The language is not loadable. Try typing  <return>  to proceed.
If that doesn't work, type  X <return>  to quit.


Package fancyhdr Warning: \headheight is too small (12.0pt): 
(fancyhdr)                Make it at least 14.49998pt, for example:
(fancyhdr)                \setlength{\headheight}{14.49998pt}.
(fancyhdr)                You might also make \topmargin smaller:
(fancyhdr)                \addtolength{\topmargin}{-2.49998pt}.

[98]

Package fancyhdr Warning: \headheight is too small (12.0pt): 
(fancyhdr)                Make it at least 14.49998pt, for example:
(fancyhdr)                \setlength{\headheight}{14.49998pt}.
(fancyhdr)                You might also make \topmargin smaller:
(fancyhdr)                \addtolength{\topmargin}{-2.49998pt}.

[99] (d:/texlive/2026/texmf-dist/tex/latex/listings/lstlang1.sty
File: lstlang1.sty 2025/11/14 1.11b listings language file
)
(d:/texlive/2026/texmf-dist/tex/latex/listings/lstlang2.sty
File: lstlang2.sty 2025/11/14 1.11b listings language file
)
(d:/texlive/2026/texmf-dist/tex/latex/listings/lstlang3.sty
File: lstlang3.sty 2025/11/14 1.11b listings language file
)

! Package Listings Error: Couldn't load requested language.

See the Listings package documentation for explanation.
Type  H <return>  for immediate help.
 ...                                              
                                                  
l.174 ...DL代码——移位寄存器}, language=VDL, numbers=left]
                                                  
The following languages weren't loadable:
    ,vdl$
This may cause errors in the sequel.


! Package Listings Error: language vdl undefined.

See the Listings package documentation for explanation.
Type  H <return>  for immediate help.
 ...                                              
                                                  
l.174 ...DL代码——移位寄存器}, language=VDL, numbers=left]
                                                  
The language is not loadable. Try typing  <return>  to proceed.
If that doesn't work, type  X <return>  to quit.


Package fancyhdr Warning: \headheight is too small (12.0pt): 
(fancyhdr)                Make it at least 14.49998pt, for example:
(fancyhdr)                \setlength{\headheight}{14.49998pt}.
(fancyhdr)                You might also make \topmargin smaller:
(fancyhdr)                \addtolength{\topmargin}{-2.49998pt}.

[100]

Package fancyhdr Warning: \headheight is too small (12.0pt): 
(fancyhdr)                Make it at least 14.49998pt, for example:
(fancyhdr)                \setlength{\headheight}{14.49998pt}.
(fancyhdr)                You might also make \topmargin smaller:
(fancyhdr)                \addtolength{\topmargin}{-2.49998pt}.

[101]
Overfull \hbox (15.70139pt too wide) in paragraph at lines 250--251
[]\TU/SimSun(0)/m/n/12 使 用 \TU/lmtt/m/n/12 IEEE.NUMERIC_STD.ALL \TU/SimSun(0)/m
/n/12 包 中 的 类 型 转 换 函 数 处 理 加 减 法  |（例 如 \TU/lmtt/m/n/12 UNSIGNED
 []


Package fancyhdr Warning: \headheight is too small (12.0pt): 
(fancyhdr)                Make it at least 14.49998pt, for example:
(fancyhdr)                \setlength{\headheight}{14.49998pt}.
(fancyhdr)                You might also make \topmargin smaller:
(fancyhdr)                \addtolength{\topmargin}{-2.49998pt}.

[102]

Package fancyhdr Warning: \headheight is too small (12.0pt): 
(fancyhdr)                Make it at least 14.49998pt, for example:
(fancyhdr)                \setlength{\headheight}{14.49998pt}.
(fancyhdr)                You might also make \topmargin smaller:
(fancyhdr)                \addtolength{\topmargin}{-2.49998pt}.

[103]

Package fancyhdr Warning: \headheight is too small (12.0pt): 
(fancyhdr)                Make it at least 14.49998pt, for example:
(fancyhdr)                \setlength{\headheight}{14.49998pt}.
(fancyhdr)                You might also make \topmargin smaller:
(fancyhdr)                \addtolength{\topmargin}{-2.49998pt}.

[104]
Underfull \hbox (badness 5161) in paragraph at lines 307--308
[]\TU/SimSun(0)/m/n/12 内 部 计 数 信 号 可 使 用 \TU/lmtt/m/n/12 INTEGER RANGE 0 TO N-1
 \TU/SimSun(0)/m/n/12 类 型，|  输 出 时 转 换 为
 []


Package fancyhdr Warning: \headheight is too small (12.0pt): 
(fancyhdr)                Make it at least 14.49998pt, for example:
(fancyhdr)                \setlength{\headheight}{14.49998pt}.
(fancyhdr)                You might also make \topmargin smaller:
(fancyhdr)                \addtolength{\topmargin}{-2.49998pt}.

[105]

Package fancyhdr Warning: \headheight is too small (12.0pt): 
(fancyhdr)                Make it at least 14.49998pt, for example:
(fancyhdr)                \setlength{\headheight}{14.49998pt}.
(fancyhdr)                You might also make \topmargin smaller:
(fancyhdr)                \addtolength{\topmargin}{-2.49998pt}.

[106]
Overfull \hbox (0.73337pt too wide) in paragraph at lines 355--356
[]\TU/SimSun(0)/m/n/12 使 用 用 户 自 定 义 枚 举 类 型 定 义 所 有 状 态  |（如 \TU/lmtt/m/n/12 T
YPE lock_state IS (S0, S1,
 []

) (./papers/paper13.tex

Package fancyhdr Warning: \headheight is too small (12.0pt): 
(fancyhdr)                Make it at least 14.49998pt, for example:
(fancyhdr)                \setlength{\headheight}{14.49998pt}.
(fancyhdr)                You might also make \topmargin smaller:
(fancyhdr)                \addtolength{\topmargin}{-2.49998pt}.

[107]

Package fancyhdr Warning: \headheight is too small (12.0pt): 
(fancyhdr)                Make it at least 14.49998pt, for example:
(fancyhdr)                \setlength{\headheight}{14.49998pt}.
(fancyhdr)                You might also make \topmargin smaller:
(fancyhdr)                \addtolength{\topmargin}{-2.49998pt}.

[108

]
第十三章
[109]
Overfull \hbox (41.5948pt too wide) in paragraph at lines 71--73
[]\TU/SimSun(0)/m/n/12 在 \TU/lmr/m/n/12 VHDL \TU/SimSun(0)/m/n/12 中，| \TU/lmtt/
m/n/12 GENERIC \TU/SimSun(0)/m/n/12 关 键 字 的 作 用 是 \TU/lmr/m/n/12 ______________
________________\TU/SimSun(0)/m/n/12 ；|
 []


Package fancyhdr Warning: \headheight is too small (12.0pt): 
(fancyhdr)                Make it at least 14.49998pt, for example:
(fancyhdr)                \setlength{\headheight}{14.49998pt}.
(fancyhdr)                You might also make \topmargin smaller:
(fancyhdr)                \addtolength{\topmargin}{-2.49998pt}.

[110]

Package fancyhdr Warning: \headheight is too small (12.0pt): 
(fancyhdr)                Make it at least 14.49998pt, for example:
(fancyhdr)                \setlength{\headheight}{14.49998pt}.
(fancyhdr)                You might also make \topmargin smaller:
(fancyhdr)                \addtolength{\topmargin}{-2.49998pt}.

[111]

Package fancyhdr Warning: \headheight is too small (12.0pt): 
(fancyhdr)                Make it at least 14.49998pt, for example:
(fancyhdr)                \setlength{\headheight}{14.49998pt}.
(fancyhdr)                You might also make \topmargin smaller:
(fancyhdr)                \addtolength{\topmargin}{-2.49998pt}.

[112]

Package fancyhdr Warning: \headheight is too small (12.0pt): 
(fancyhdr)                Make it at least 14.49998pt, for example:
(fancyhdr)                \setlength{\headheight}{14.49998pt}.
(fancyhdr)                You might also make \topmargin smaller:
(fancyhdr)                \addtolength{\topmargin}{-2.49998pt}.

[113]

Package fancyhdr Warning: \headheight is too small (12.0pt): 
(fancyhdr)                Make it at least 14.49998pt, for example:
(fancyhdr)                \setlength{\headheight}{14.49998pt}.
(fancyhdr)                You might also make \topmargin smaller:
(fancyhdr)                \addtolength{\topmargin}{-2.49998pt}.

[114]

Package fancyhdr Warning: \headheight is too small (12.0pt): 
(fancyhdr)                Make it at least 14.49998pt, for example:
(fancyhdr)                \setlength{\headheight}{14.49998pt}.
(fancyhdr)                You might also make \topmargin smaller:
(fancyhdr)                \addtolength{\topmargin}{-2.49998pt}.

[115]) (./papers/paper14.tex

Package fancyhdr Warning: \headheight is too small (12.0pt): 
(fancyhdr)                Make it at least 14.49998pt, for example:
(fancyhdr)                \setlength{\headheight}{14.49998pt}.
(fancyhdr)                You might also make \topmargin smaller:
(fancyhdr)                \addtolength{\topmargin}{-2.49998pt}.

[116]
第十四章
[117

]
Overfull \hbox (27.88364pt too wide) in paragraph at lines 65--66
[]\TU/SimSun(0)/m/n/12 生 成 语 句 中，| $[]$\TU/lmtt/m/n/12 -GENERATE \TU/SimSun(0)/
m/n/12 按 迭 代 次 数 重 复 生 成 硬 件 电 路；| $[]$\TU/lmtt/m/n/12 -GENERATE
 []


Package fancyhdr Warning: \headheight is too small (12.0pt): 
(fancyhdr)                Make it at least 14.49998pt, for example:
(fancyhdr)                \setlength{\headheight}{14.49998pt}.
(fancyhdr)                You might also make \topmargin smaller:
(fancyhdr)                \addtolength{\topmargin}{-2.49998pt}.

[118]

Package fancyhdr Warning: \headheight is too small (12.0pt): 
(fancyhdr)                Make it at least 14.49998pt, for example:
(fancyhdr)                \setlength{\headheight}{14.49998pt}.
(fancyhdr)                You might also make \topmargin smaller:
(fancyhdr)                \addtolength{\topmargin}{-2.49998pt}.

[119]

Package fancyhdr Warning: \headheight is too small (12.0pt): 
(fancyhdr)                Make it at least 14.49998pt, for example:
(fancyhdr)                \setlength{\headheight}{14.49998pt}.
(fancyhdr)                You might also make \topmargin smaller:
(fancyhdr)                \addtolength{\topmargin}{-2.49998pt}.

[120]

Package fancyhdr Warning: \headheight is too small (12.0pt): 
(fancyhdr)                Make it at least 14.49998pt, for example:
(fancyhdr)                \setlength{\headheight}{14.49998pt}.
(fancyhdr)                You might also make \topmargin smaller:
(fancyhdr)                \addtolength{\topmargin}{-2.49998pt}.

[121]

Package fancyhdr Warning: \headheight is too small (12.0pt): 
(fancyhdr)                Make it at least 14.49998pt, for example:
(fancyhdr)                \setlength{\headheight}{14.49998pt}.
(fancyhdr)                You might also make \topmargin smaller:
(fancyhdr)                \addtolength{\topmargin}{-2.49998pt}.

[122]

Package fancyhdr Warning: \headheight is too small (12.0pt): 
(fancyhdr)                Make it at least 14.49998pt, for example:
(fancyhdr)                \setlength{\headheight}{14.49998pt}.
(fancyhdr)                You might also make \topmargin smaller:
(fancyhdr)                \addtolength{\topmargin}{-2.49998pt}.

[123]
Overfull \hbox (32.28778pt too wide) in paragraph at lines 204--205
[]\TU/SimSun(0)/m/n/12 画 出 状 态 转 移 图，|  标 注 所 有 状 态 名 称、|  转 移 条 件  |（含 输 入 条 件
）|  和 输 出 值  |（\TU/lmtt/m/n/12 give/change\TU/SimSun(0)/m/n/12 ） 。 （\TU/lmr/m/n
/12 8
 []

) (./papers/paper15.tex

Package fancyhdr Warning: \headheight is too small (12.0pt): 
(fancyhdr)                Make it at least 14.49998pt, for example:
(fancyhdr)                \setlength{\headheight}{14.49998pt}.
(fancyhdr)                You might also make \topmargin smaller:
(fancyhdr)                \addtolength{\topmargin}{-2.49998pt}.

[124]
第十五章
[125

]

Package fancyhdr Warning: \headheight is too small (12.0pt): 
(fancyhdr)                Make it at least 14.49998pt, for example:
(fancyhdr)                \setlength{\headheight}{14.49998pt}.
(fancyhdr)                You might also make \topmargin smaller:
(fancyhdr)                \addtolength{\topmargin}{-2.49998pt}.

[126]

Package fancyhdr Warning: \headheight is too small (12.0pt): 
(fancyhdr)                Make it at least 14.49998pt, for example:
(fancyhdr)                \setlength{\headheight}{14.49998pt}.
(fancyhdr)                You might also make \topmargin smaller:
(fancyhdr)                \addtolength{\topmargin}{-2.49998pt}.

[127]

Package fancyhdr Warning: \headheight is too small (12.0pt): 
(fancyhdr)                Make it at least 14.49998pt, for example:
(fancyhdr)                \setlength{\headheight}{14.49998pt}.
(fancyhdr)                You might also make \topmargin smaller:
(fancyhdr)                \addtolength{\topmargin}{-2.49998pt}.

[128]

Package fancyhdr Warning: \headheight is too small (12.0pt): 
(fancyhdr)                Make it at least 14.49998pt, for example:
(fancyhdr)                \setlength{\headheight}{14.49998pt}.
(fancyhdr)                You might also make \topmargin smaller:
(fancyhdr)                \addtolength{\topmargin}{-2.49998pt}.

[129]

Package fancyhdr Warning: \headheight is too small (12.0pt): 
(fancyhdr)                Make it at least 14.49998pt, for example:
(fancyhdr)                \setlength{\headheight}{14.49998pt}.
(fancyhdr)                You might also make \topmargin smaller:
(fancyhdr)                \addtolength{\topmargin}{-2.49998pt}.

[130]

Package fancyhdr Warning: \headheight is too small (12.0pt): 
(fancyhdr)                Make it at least 14.49998pt, for example:
(fancyhdr)                \setlength{\headheight}{14.49998pt}.
(fancyhdr)                You might also make \topmargin smaller:
(fancyhdr)                \addtolength{\topmargin}{-2.49998pt}.

[131]) (./papers/paper16.tex

Package fancyhdr Warning: \headheight is too small (12.0pt): 
(fancyhdr)                Make it at least 14.49998pt, for example:
(fancyhdr)                \setlength{\headheight}{14.49998pt}.
(fancyhdr)                You might also make \topmargin smaller:
(fancyhdr)                \addtolength{\topmargin}{-2.49998pt}.

[132]
第十六章

Overfull \hbox (47.68497pt too wide) in paragraph at lines 19--25
[][] 
 []


Overfull \hbox (47.68497pt too wide) in paragraph at lines 32--38
[][] 
 []


Overfull \hbox (47.68497pt too wide) in paragraph at lines 45--51
[][] 
 []

[133

]
Overfull \hbox (47.68497pt too wide) in paragraph at lines 58--64
[][] 
 []


Overfull \hbox (47.68497pt too wide) in paragraph at lines 71--77
[][] 
 []


Overfull \hbox (47.68497pt too wide) in paragraph at lines 84--90
[][] 
 []


Package fancyhdr Warning: \headheight is too small (12.0pt): 
(fancyhdr)                Make it at least 14.49998pt, for example:
(fancyhdr)                \setlength{\headheight}{14.49998pt}.
(fancyhdr)                You might also make \topmargin smaller:
(fancyhdr)                \addtolength{\topmargin}{-2.49998pt}.

[134]
Overfull \hbox (17.4342pt too wide) in paragraph at lines 105--106
[]\TU/SimSun(0)/m/n/12 在 \TU/lmr/m/n/12 VHDL \TU/SimSun(0)/m/n/12 中，|  信 号  |（\
TU/lmr/m/n/12 SIGNAL\TU/SimSun(0)/m/n/12 ）|  使 用$[]$ |（填 符 号）|  进 行 赋 值，|  其 值 
在 进 程$[]$
 []


Package fancyhdr Warning: \headheight is too small (12.0pt): 
(fancyhdr)                Make it at least 14.49998pt, for example:
(fancyhdr)                \setlength{\headheight}{14.49998pt}.
(fancyhdr)                You might also make \topmargin smaller:
(fancyhdr)                \addtolength{\topmargin}{-2.49998pt}.

[135] (d:/texlive/2026/texmf-dist/tex/latex/listings/lstlang1.sty
File: lstlang1.sty 2025/11/14 1.11b listings language file
)
(d:/texlive/2026/texmf-dist/tex/latex/listings/lstlang2.sty
File: lstlang2.sty 2025/11/14 1.11b listings language file
)
(d:/texlive/2026/texmf-dist/tex/latex/listings/lstlang3.sty
File: lstlang3.sty 2025/11/14 1.11b listings language file
)

! Package Listings Error: Couldn't load requested language.

See the Listings package documentation for explanation.
Type  H <return>  for immediate help.
 ...                                              
                                                  
l.125 ...aption={含错误的3--8译码器VHDL代码（6处错误，找出5处即满分）}]
                                                  
The following languages weren't loadable:
    ,vdl$
This may cause errors in the sequel.


! Package Listings Error: language vdl undefined.

See the Listings package documentation for explanation.
Type  H <return>  for immediate help.
 ...                                              
                                                  
l.125 ...aption={含错误的3--8译码器VHDL代码（6处错误，找出5处即满分）}]
                                                  
The language is not loadable. Try typing  <return>  to proceed.
If that doesn't work, type  X <return>  to quit.


Package fancyhdr Warning: \headheight is too small (12.0pt): 
(fancyhdr)                Make it at least 14.49998pt, for example:
(fancyhdr)                \setlength{\headheight}{14.49998pt}.
(fancyhdr)                You might also make \topmargin smaller:
(fancyhdr)                \addtolength{\topmargin}{-2.49998pt}.

[136]
Underfull \hbox (badness 10000) in paragraph at lines 160--166
\TU/SimSun(0)/m/n/12 错 误 \TU/lmr/m/n/12 1 |\TU/SimSun(0)/m/n/12 （第 \TU/lmr/m/n/
12 __ \TU/SimSun(0)/m/n/12 行） ：| \TU/lmr/m/n/12 ___________________ \TU/SimSun(
0)/m/n/12 原 因：|
 []


Underfull \hbox (badness 10000) in paragraph at lines 160--166
\TU/SimSun(0)/m/n/12 错 误 \TU/lmr/m/n/12 2 |\TU/SimSun(0)/m/n/12 （第 \TU/lmr/m/n/
12 __ \TU/SimSun(0)/m/n/12 行） ：| \TU/lmr/m/n/12 ___________________ \TU/SimSun(
0)/m/n/12 原 因：|
 []


Underfull \hbox (badness 10000) in paragraph at lines 160--166
\TU/SimSun(0)/m/n/12 错 误 \TU/lmr/m/n/12 3 |\TU/SimSun(0)/m/n/12 （第 \TU/lmr/m/n/
12 __ \TU/SimSun(0)/m/n/12 行） ：| \TU/lmr/m/n/12 ___________________ \TU/SimSun(
0)/m/n/12 原 因：|
 []


Underfull \hbox (badness 10000) in paragraph at lines 160--166
\TU/SimSun(0)/m/n/12 错 误 \TU/lmr/m/n/12 4 |\TU/SimSun(0)/m/n/12 （第 \TU/lmr/m/n/
12 __ \TU/SimSun(0)/m/n/12 行） ：| \TU/lmr/m/n/12 ___________________ \TU/SimSun(
0)/m/n/12 原 因：|
 []


Underfull \hbox (badness 10000) in paragraph at lines 160--166
\TU/SimSun(0)/m/n/12 错 误 \TU/lmr/m/n/12 5 |\TU/SimSun(0)/m/n/12 （第 \TU/lmr/m/n/
12 __ \TU/SimSun(0)/m/n/12 行） ：| \TU/lmr/m/n/12 ___________________ \TU/SimSun(
0)/m/n/12 原 因：|
 []


Package fancyhdr Warning: \headheight is too small (12.0pt): 
(fancyhdr)                Make it at least 14.49998pt, for example:
(fancyhdr)                \setlength{\headheight}{14.49998pt}.
(fancyhdr)                You might also make \topmargin smaller:
(fancyhdr)                \addtolength{\topmargin}{-2.49998pt}.

[137] (d:/texlive/2026/texmf-dist/tex/latex/listings/lstlang1.sty
File: lstlang1.sty 2025/11/14 1.11b listings language file
)
(d:/texlive/2026/texmf-dist/tex/latex/listings/lstlang2.sty
File: lstlang2.sty 2025/11/14 1.11b listings language file
)
(d:/texlive/2026/texmf-dist/tex/latex/listings/lstlang3.sty
File: lstlang3.sty 2025/11/14 1.11b listings language file
)

! Package Listings Error: Couldn't load requested language.

See the Listings package documentation for explanation.
Type  H <return>  for immediate help.
 ...                                              
                                                  
l.179 ... numbers=left, caption={分析用VHDL代码——6分频器}]
                                                  
The following languages weren't loadable:
    ,vdl$
This may cause errors in the sequel.


! Package Listings Error: language vdl undefined.

See the Listings package documentation for explanation.
Type  H <return>  for immediate help.
 ...                                              
                                                  
l.179 ... numbers=left, caption={分析用VHDL代码——6分频器}]
                                                  
The language is not loadable. Try typing  <return>  to proceed.
If that doesn't work, type  X <return>  to quit.


Package fancyhdr Warning: \headheight is too small (12.0pt): 
(fancyhdr)                Make it at least 14.49998pt, for example:
(fancyhdr)                \setlength{\headheight}{14.49998pt}.
(fancyhdr)                You might also make \topmargin smaller:
(fancyhdr)                \addtolength{\topmargin}{-2.49998pt}.

[138]

Package fancyhdr Warning: \headheight is too small (12.0pt): 
(fancyhdr)                Make it at least 14.49998pt, for example:
(fancyhdr)                \setlength{\headheight}{14.49998pt}.
(fancyhdr)                You might also make \topmargin smaller:
(fancyhdr)                \addtolength{\topmargin}{-2.49998pt}.

[139]

Package fancyhdr Warning: \headheight is too small (12.0pt): 
(fancyhdr)                Make it at least 14.49998pt, for example:
(fancyhdr)                \setlength{\headheight}{14.49998pt}.
(fancyhdr)                You might also make \topmargin smaller:
(fancyhdr)                \addtolength{\topmargin}{-2.49998pt}.

[140]

Package fancyhdr Warning: \headheight is too small (12.0pt): 
(fancyhdr)                Make it at least 14.49998pt, for example:
(fancyhdr)                \setlength{\headheight}{14.49998pt}.
(fancyhdr)                You might also make \topmargin smaller:
(fancyhdr)                \addtolength{\topmargin}{-2.49998pt}.

[141]

Package fancyhdr Warning: \headheight is too small (12.0pt): 
(fancyhdr)                Make it at least 14.49998pt, for example:
(fancyhdr)                \setlength{\headheight}{14.49998pt}.
(fancyhdr)                You might also make \topmargin smaller:
(fancyhdr)                \addtolength{\topmargin}{-2.49998pt}.

[142]

Package fancyhdr Warning: \headheight is too small (12.0pt): 
(fancyhdr)                Make it at least 14.49998pt, for example:
(fancyhdr)                \setlength{\headheight}{14.49998pt}.
(fancyhdr)                You might also make \topmargin smaller:
(fancyhdr)                \addtolength{\topmargin}{-2.49998pt}.

[143]

Package fancyhdr Warning: \headheight is too small (12.0pt): 
(fancyhdr)                Make it at least 14.49998pt, for example:
(fancyhdr)                \setlength{\headheight}{14.49998pt}.
(fancyhdr)                You might also make \topmargin smaller:
(fancyhdr)                \addtolength{\topmargin}{-2.49998pt}.

[144]) (./papers/paper17.tex

Package fancyhdr Warning: \headheight is too small (12.0pt): 
(fancyhdr)                Make it at least 14.49998pt, for example:
(fancyhdr)                \setlength{\headheight}{14.49998pt}.
(fancyhdr)                You might also make \topmargin smaller:
(fancyhdr)                \addtolength{\topmargin}{-2.49998pt}.

[145]

Package fancyhdr Warning: \headheight is too small (12.0pt): 
(fancyhdr)                Make it at least 14.49998pt, for example:
(fancyhdr)                \setlength{\headheight}{14.49998pt}.
(fancyhdr)                You might also make \topmargin smaller:
(fancyhdr)                \addtolength{\topmargin}{-2.49998pt}.

[146

]
第十七章

Overfull \hbox (47.68497pt too wide) in paragraph at lines 19--25
[][] 
 []


Overfull \hbox (47.68497pt too wide) in paragraph at lines 32--38
[][] 
 []


Underfull \hbox (badness 5374) in paragraph at lines 46--46
[]\TU/lmr/m/n/12 COMPONENT \TU/SimSun(0)/m/n/12 声 明 位 于 \TU/lmr/m/n/12 ARCHI-
 []


Overfull \hbox (47.68497pt too wide) in paragraph at lines 45--51
[][] 
 []


Underfull \vbox (badness 1642) has occurred while \output is active []

 [147]
Underfull \hbox (badness 1616) in paragraph at lines 59--59
[]\TU/lmr/m/n/12 GENERIC \TU/SimSun(0)/m/n/12 声 明 必 须 位 于 \TU/lmr/m/n/12 ENTITY

 []


Underfull \hbox (badness 6658) in paragraph at lines 60--61
\TU/SimSun(0)/m/n/12 声 明，|  底 层 模 块 不 能 拥 有 自 己 的
 []


Overfull \hbox (47.68497pt too wide) in paragraph at lines 58--64
[][] 
 []


Overfull \hbox (47.68497pt too wide) in paragraph at lines 71--77
[][] 
 []


Overfull \hbox (47.68497pt too wide) in paragraph at lines 84--90
[][] 
 []


Underfull \vbox (badness 10000) has occurred while \output is active []



Package fancyhdr Warning: \headheight is too small (12.0pt): 
(fancyhdr)                Make it at least 14.49998pt, for example:
(fancyhdr)                \setlength{\headheight}{14.49998pt}.
(fancyhdr)                You might also make \topmargin smaller:
(fancyhdr)                \addtolength{\topmargin}{-2.49998pt}.

[148]

Package fancyhdr Warning: \headheight is too small (12.0pt): 
(fancyhdr)                Make it at least 14.49998pt, for example:
(fancyhdr)                \setlength{\headheight}{14.49998pt}.
(fancyhdr)                You might also make \topmargin smaller:
(fancyhdr)                \addtolength{\topmargin}{-2.49998pt}.

[149]

Package fancyhdr Warning: \headheight is too small (12.0pt): 
(fancyhdr)                Make it at least 14.49998pt, for example:
(fancyhdr)                \setlength{\headheight}{14.49998pt}.
(fancyhdr)                You might also make \topmargin smaller:
(fancyhdr)                \addtolength{\topmargin}{-2.49998pt}.

[150] (d:/texlive/2026/texmf-dist/tex/latex/listings/lstlang1.sty
File: lstlang1.sty 2025/11/14 1.11b listings language file
)
(d:/texlive/2026/texmf-dist/tex/latex/listings/lstlang2.sty
File: lstlang2.sty 2025/11/14 1.11b listings language file
)
(d:/texlive/2026/texmf-dist/tex/latex/listings/lstlang3.sty
File: lstlang3.sty 2025/11/14 1.11b listings language file
)

! Package Listings Error: Couldn't load requested language.

See the Listings package documentation for explanation.
Type  H <return>  for immediate help.
 ...                                              
                                                  
l.125 ...错误，找出5处即满分）}, language=VDL, numbers=left]
                                                  
The following languages weren't loadable:
    ,vdl$
This may cause errors in the sequel.


! Package Listings Error: language vdl undefined.

See the Listings package documentation for explanation.
Type  H <return>  for immediate help.
 ...                                              
                                                  
l.125 ...错误，找出5处即满分）}, language=VDL, numbers=left]
                                                  
The language is not loadable. Try typing  <return>  to proceed.
If that doesn't work, type  X <return>  to quit.


Package fancyhdr Warning: \headheight is too small (12.0pt): 
(fancyhdr)                Make it at least 14.49998pt, for example:
(fancyhdr)                \setlength{\headheight}{14.49998pt}.
(fancyhdr)                You might also make \topmargin smaller:
(fancyhdr)                \addtolength{\topmargin}{-2.49998pt}.

[151]
Underfull \hbox (badness 10000) in paragraph at lines 182--188
\TU/SimSun(0)/m/n/12 错 误 \TU/lmr/m/n/12 1 |\TU/SimSun(0)/m/n/12 （第 \TU/lmr/m/n/
12 __ \TU/SimSun(0)/m/n/12 行） ：| \TU/lmr/m/n/12 ___________________ \TU/SimSun(
0)/m/n/12 正 确 写 法：|
 []


Underfull \hbox (badness 10000) in paragraph at lines 182--188
\TU/SimSun(0)/m/n/12 错 误 \TU/lmr/m/n/12 2 |\TU/SimSun(0)/m/n/12 （第 \TU/lmr/m/n/
12 __ \TU/SimSun(0)/m/n/12 行） ：| \TU/lmr/m/n/12 ___________________ \TU/SimSun(
0)/m/n/12 正 确 写 法：|
 []


Underfull \hbox (badness 10000) in paragraph at lines 182--188
\TU/SimSun(0)/m/n/12 错 误 \TU/lmr/m/n/12 3 |\TU/SimSun(0)/m/n/12 （第 \TU/lmr/m/n/
12 __ \TU/SimSun(0)/m/n/12 行） ：| \TU/lmr/m/n/12 ___________________ \TU/SimSun(
0)/m/n/12 正 确 写 法：|
 []


Underfull \hbox (badness 10000) in paragraph at lines 182--188
\TU/SimSun(0)/m/n/12 错 误 \TU/lmr/m/n/12 4 |\TU/SimSun(0)/m/n/12 （第 \TU/lmr/m/n/
12 __ \TU/SimSun(0)/m/n/12 行） ：| \TU/lmr/m/n/12 ___________________ \TU/SimSun(
0)/m/n/12 正 确 写 法：|
 []


Underfull \hbox (badness 10000) in paragraph at lines 182--188
\TU/SimSun(0)/m/n/12 错 误 \TU/lmr/m/n/12 5 |\TU/SimSun(0)/m/n/12 （第 \TU/lmr/m/n/
12 __ \TU/SimSun(0)/m/n/12 行） ：| \TU/lmr/m/n/12 ___________________ \TU/SimSun(
0)/m/n/12 正 确 写 法：|
 []


Package fancyhdr Warning: \headheight is too small (12.0pt): 
(fancyhdr)                Make it at least 14.49998pt, for example:
(fancyhdr)                \setlength{\headheight}{14.49998pt}.
(fancyhdr)                You might also make \topmargin smaller:
(fancyhdr)                \addtolength{\topmargin}{-2.49998pt}.

[152]

Package fancyhdr Warning: \headheight is too small (12.0pt): 
(fancyhdr)                Make it at least 14.49998pt, for example:
(fancyhdr)                \setlength{\headheight}{14.49998pt}.
(fancyhdr)                You might also make \topmargin smaller:
(fancyhdr)                \addtolength{\topmargin}{-2.49998pt}.

[153] (d:/texlive/2026/texmf-dist/tex/latex/listings/lstlang1.sty
File: lstlang1.sty 2025/11/14 1.11b listings language file
)
(d:/texlive/2026/texmf-dist/tex/latex/listings/lstlang2.sty
File: lstlang2.sty 2025/11/14 1.11b listings language file
)
(d:/texlive/2026/texmf-dist/tex/latex/listings/lstlang3.sty
File: lstlang3.sty 2025/11/14 1.11b listings language file
)

! Package Listings Error: Couldn't load requested language.

See the Listings package documentation for explanation.
Type  H <return>  for immediate help.
 ...                                              
                                                  
l.201 ...—模60 BCD计数器}, language=VDL, numbers=left]
                                                  
The following languages weren't loadable:
    ,vdl$
This may cause errors in the sequel.


! Package Listings Error: language vdl undefined.

See the Listings package documentation for explanation.
Type  H <return>  for immediate help.
 ...                                              
                                                  
l.201 ...—模60 BCD计数器}, language=VDL, numbers=left]
                                                  
The language is not loadable. Try typing  <return>  to proceed.
If that doesn't work, type  X <return>  to quit.


Package fancyhdr Warning: \headheight is too small (12.0pt): 
(fancyhdr)                Make it at least 14.49998pt, for example:
(fancyhdr)                \setlength{\headheight}{14.49998pt}.
(fancyhdr)                You might also make \topmargin smaller:
(fancyhdr)                \addtolength{\topmargin}{-2.49998pt}.

[154]

Package fancyhdr Warning: \headheight is too small (12.0pt): 
(fancyhdr)                Make it at least 14.49998pt, for example:
(fancyhdr)                \setlength{\headheight}{14.49998pt}.
(fancyhdr)                You might also make \topmargin smaller:
(fancyhdr)                \addtolength{\topmargin}{-2.49998pt}.

[155]

Package fancyhdr Warning: \headheight is too small (12.0pt): 
(fancyhdr)                Make it at least 14.49998pt, for example:
(fancyhdr)                \setlength{\headheight}{14.49998pt}.
(fancyhdr)                You might also make \topmargin smaller:
(fancyhdr)                \addtolength{\topmargin}{-2.49998pt}.

[156]

Package fancyhdr Warning: \headheight is too small (12.0pt): 
(fancyhdr)                Make it at least 14.49998pt, for example:
(fancyhdr)                \setlength{\headheight}{14.49998pt}.
(fancyhdr)                You might also make \topmargin smaller:
(fancyhdr)                \addtolength{\topmargin}{-2.49998pt}.

[157]

Package fancyhdr Warning: \headheight is too small (12.0pt): 
(fancyhdr)                Make it at least 14.49998pt, for example:
(fancyhdr)                \setlength{\headheight}{14.49998pt}.
(fancyhdr)                You might also make \topmargin smaller:
(fancyhdr)                \addtolength{\topmargin}{-2.49998pt}.

[158]
Underfull \hbox (badness 1048) in paragraph at lines 362--363
[]\TU/SimSun(0)/m/n/12 终 端 计 数 逻 辑：| \TU/lmtt/m/n/12 tc <= '1' WHEN (tens = 5 A
ND ones = 9 AND en = '1')
 []


Package fancyhdr Warning: \headheight is too small (12.0pt): 
(fancyhdr)                Make it at least 14.49998pt, for example:
(fancyhdr)                \setlength{\headheight}{14.49998pt}.
(fancyhdr)                You might also make \topmargin smaller:
(fancyhdr)                \addtolength{\topmargin}{-2.49998pt}.

[159]
Overfull \hbox (60.45093pt too wide) in paragraph at lines 402--403
[]\TU/SimSun(0)/m/n/12 写 出 所 有 \TU/lmr/m/n/12 18 \TU/SimSun(0)/m/n/12 个 状 态 的 \
TU/lmr/m/n/12 One-Hot \TU/SimSun(0)/m/n/12 编 码  |（每 个 状 态 对 应 一 个 \TU/lmr/m/n/1
2 18 \TU/SimSun(0)/m/n/12 位 \TU/lmr/m/n/12 STD_LOGIC_VECTOR\TU/SimSun(0)/m/n/12
 ，|
 []


Package fancyhdr Warning: \headheight is too small (12.0pt): 
(fancyhdr)                Make it at least 14.49998pt, for example:
(fancyhdr)                \setlength{\headheight}{14.49998pt}.
(fancyhdr)                You might also make \topmargin smaller:
(fancyhdr)                \addtolength{\topmargin}{-2.49998pt}.

[160]

Package fancyhdr Warning: \headheight is too small (12.0pt): 
(fancyhdr)                Make it at least 14.49998pt, for example:
(fancyhdr)                \setlength{\headheight}{14.49998pt}.
(fancyhdr)                You might also make \topmargin smaller:
(fancyhdr)                \addtolength{\topmargin}{-2.49998pt}.

[161]) (./papers/paper18.tex

Package fancyhdr Warning: \headheight is too small (12.0pt): 
(fancyhdr)                Make it at least 14.49998pt, for example:
(fancyhdr)                \setlength{\headheight}{14.49998pt}.
(fancyhdr)                You might also make \topmargin smaller:
(fancyhdr)                \addtolength{\topmargin}{-2.49998pt}.

[162]
第十八章

Overfull \hbox (47.68497pt too wide) in paragraph at lines 22--28
[][] 
 []

[163

]

Package fancyhdr Warning: \headheight is too small (12.0pt): 
(fancyhdr)                Make it at least 14.49998pt, for example:
(fancyhdr)                \setlength{\headheight}{14.49998pt}.
(fancyhdr)                You might also make \topmargin smaller:
(fancyhdr)                \addtolength{\topmargin}{-2.49998pt}.

[164]

Package fancyhdr Warning: \headheight is too small (12.0pt): 
(fancyhdr)                Make it at least 14.49998pt, for example:
(fancyhdr)                \setlength{\headheight}{14.49998pt}.
(fancyhdr)                You might also make \topmargin smaller:
(fancyhdr)                \addtolength{\topmargin}{-2.49998pt}.

[165]
Overfull \hbox (52.54498pt too wide) in paragraph at lines 116--118
[]\TU/SimSun(0)/b/n/12 进 程 敏 感 信 号 列 表 规 则：|  \TU/SimSun(0)/m/n/12 描 述 组 合 逻 辑 
的 \TU/lmr/m/n/12 PROCESS\TU/SimSun(0)/m/n/12 ，|  其 敏 感 信 号 列 表 应 包 含$[]$
 []


Package fancyhdr Warning: \headheight is too small (12.0pt): 
(fancyhdr)                Make it at least 14.49998pt, for example:
(fancyhdr)                \setlength{\headheight}{14.49998pt}.
(fancyhdr)                You might also make \topmargin smaller:
(fancyhdr)                \addtolength{\topmargin}{-2.49998pt}.

[166] (d:/texlive/2026/texmf-dist/tex/latex/listings/lstlang1.sty
File: lstlang1.sty 2025/11/14 1.11b listings language file
)
(d:/texlive/2026/texmf-dist/tex/latex/listings/lstlang2.sty
File: lstlang2.sty 2025/11/14 1.11b listings language file
)
(d:/texlive/2026/texmf-dist/tex/latex/listings/lstlang3.sty
File: lstlang3.sty 2025/11/14 1.11b listings language file
)

! Package Listings Error: Couldn't load requested language.

See the Listings package documentation for explanation.
Type  H <return>  for immediate help.
 ...                                              
                                                  
l.141 ...处即满分（共6处错误）}, language=VDL, numbers=left]
                                                  
The following languages weren't loadable:
    ,vdl$
This may cause errors in the sequel.


! Package Listings Error: language vdl undefined.

See the Listings package documentation for explanation.
Type  H <return>  for immediate help.
 ...                                              
                                                  
l.141 ...处即满分（共6处错误）}, language=VDL, numbers=left]
                                                  
The language is not loadable. Try typing  <return>  to proceed.
If that doesn't work, type  X <return>  to quit.


Package fancyhdr Warning: \headheight is too small (12.0pt): 
(fancyhdr)                Make it at least 14.49998pt, for example:
(fancyhdr)                \setlength{\headheight}{14.49998pt}.
(fancyhdr)                You might also make \topmargin smaller:
(fancyhdr)                \addtolength{\topmargin}{-2.49998pt}.

[167]
Underfull \hbox (badness 10000) in paragraph at lines 201--207
\TU/SimSun(0)/m/n/12 错 误 \TU/lmr/m/n/12 1 |\TU/SimSun(0)/m/n/12 （第 \TU/lmr/m/n/
12 __ \TU/SimSun(0)/m/n/12 行） ：| \TU/lmr/m/n/12 ___________________ \TU/SimSun(
0)/m/n/12 原 因：|
 []


Underfull \hbox (badness 10000) in paragraph at lines 201--207
\TU/SimSun(0)/m/n/12 错 误 \TU/lmr/m/n/12 2 |\TU/SimSun(0)/m/n/12 （第 \TU/lmr/m/n/
12 __ \TU/SimSun(0)/m/n/12 行） ：| \TU/lmr/m/n/12 ___________________ \TU/SimSun(
0)/m/n/12 原 因：|
 []


Underfull \hbox (badness 10000) in paragraph at lines 201--207
\TU/SimSun(0)/m/n/12 错 误 \TU/lmr/m/n/12 3 |\TU/SimSun(0)/m/n/12 （第 \TU/lmr/m/n/
12 __ \TU/SimSun(0)/m/n/12 行） ：| \TU/lmr/m/n/12 ___________________ \TU/SimSun(
0)/m/n/12 原 因：|
 []


Underfull \hbox (badness 10000) in paragraph at lines 201--207
\TU/SimSun(0)/m/n/12 错 误 \TU/lmr/m/n/12 4 |\TU/SimSun(0)/m/n/12 （第 \TU/lmr/m/n/
12 __ \TU/SimSun(0)/m/n/12 行） ：| \TU/lmr/m/n/12 ___________________ \TU/SimSun(
0)/m/n/12 原 因：|
 []


Underfull \hbox (badness 10000) in paragraph at lines 201--207
\TU/SimSun(0)/m/n/12 错 误 \TU/lmr/m/n/12 5 |\TU/SimSun(0)/m/n/12 （第 \TU/lmr/m/n/
12 __ \TU/SimSun(0)/m/n/12 行） ：| \TU/lmr/m/n/12 ___________________ \TU/SimSun(
0)/m/n/12 原 因：|
 []


Package fancyhdr Warning: \headheight is too small (12.0pt): 
(fancyhdr)                Make it at least 14.49998pt, for example:
(fancyhdr)                \setlength{\headheight}{14.49998pt}.
(fancyhdr)                You might also make \topmargin smaller:
(fancyhdr)                \addtolength{\topmargin}{-2.49998pt}.

[168]

Package fancyhdr Warning: \headheight is too small (12.0pt): 
(fancyhdr)                Make it at least 14.49998pt, for example:
(fancyhdr)                \setlength{\headheight}{14.49998pt}.
(fancyhdr)                You might also make \topmargin smaller:
(fancyhdr)                \addtolength{\topmargin}{-2.49998pt}.

[169] (d:/texlive/2026/texmf-dist/tex/latex/listings/lstlang1.sty
File: lstlang1.sty 2025/11/14 1.11b listings language file
)
(d:/texlive/2026/texmf-dist/tex/latex/listings/lstlang2.sty
File: lstlang2.sty 2025/11/14 1.11b listings language file
)
(d:/texlive/2026/texmf-dist/tex/latex/listings/lstlang3.sty
File: lstlang3.sty 2025/11/14 1.11b listings language file
)

! Package Listings Error: Couldn't load requested language.

See the Listings package documentation for explanation.
Type  H <return>  for immediate help.
 ...                                              
                                                  
l.222 ...——待分析VHDL程序}, language=VDL, numbers=left]
                                                  
The following languages weren't loadable:
    ,vdl$
This may cause errors in the sequel.


! Package Listings Error: language vdl undefined.

See the Listings package documentation for explanation.
Type  H <return>  for immediate help.
 ...                                              
                                                  
l.222 ...——待分析VHDL程序}, language=VDL, numbers=left]
                                                  
The language is not loadable. Try typing  <return>  to proceed.
If that doesn't work, type  X <return>  to quit.


Package fancyhdr Warning: \headheight is too small (12.0pt): 
(fancyhdr)                Make it at least 14.49998pt, for example:
(fancyhdr)                \setlength{\headheight}{14.49998pt}.
(fancyhdr)                You might also make \topmargin smaller:
(fancyhdr)                \addtolength{\topmargin}{-2.49998pt}.

[170]

Package fancyhdr Warning: \headheight is too small (12.0pt): 
(fancyhdr)                Make it at least 14.49998pt, for example:
(fancyhdr)                \setlength{\headheight}{14.49998pt}.
(fancyhdr)                You might also make \topmargin smaller:
(fancyhdr)                \addtolength{\topmargin}{-2.49998pt}.

[171]

Package fancyhdr Warning: \headheight is too small (12.0pt): 
(fancyhdr)                Make it at least 14.49998pt, for example:
(fancyhdr)                \setlength{\headheight}{14.49998pt}.
(fancyhdr)                You might also make \topmargin smaller:
(fancyhdr)                \addtolength{\topmargin}{-2.49998pt}.

[172]

Package fancyhdr Warning: \headheight is too small (12.0pt): 
(fancyhdr)                Make it at least 14.49998pt, for example:
(fancyhdr)                \setlength{\headheight}{14.49998pt}.
(fancyhdr)                You might also make \topmargin smaller:
(fancyhdr)                \addtolength{\topmargin}{-2.49998pt}.

[173]

Package fancyhdr Warning: \headheight is too small (12.0pt): 
(fancyhdr)                Make it at least 14.49998pt, for example:
(fancyhdr)                \setlength{\headheight}{14.49998pt}.
(fancyhdr)                You might also make \topmargin smaller:
(fancyhdr)                \addtolength{\topmargin}{-2.49998pt}.

[174]

Package fancyhdr Warning: \headheight is too small (12.0pt): 
(fancyhdr)                Make it at least 14.49998pt, for example:
(fancyhdr)                \setlength{\headheight}{14.49998pt}.
(fancyhdr)                You might also make \topmargin smaller:
(fancyhdr)                \addtolength{\topmargin}{-2.49998pt}.

[175]

Package fancyhdr Warning: \headheight is too small (12.0pt): 
(fancyhdr)                Make it at least 14.49998pt, for example:
(fancyhdr)                \setlength{\headheight}{14.49998pt}.
(fancyhdr)                You might also make \topmargin smaller:
(fancyhdr)                \addtolength{\topmargin}{-2.49998pt}.

[176]
Overfull \hbox (70.83331pt too wide) in paragraph at lines 472--482
 [] 
 []


Package fancyhdr Warning: \headheight is too small (12.0pt): 
(fancyhdr)                Make it at least 14.49998pt, for example:
(fancyhdr)                \setlength{\headheight}{14.49998pt}.
(fancyhdr)                You might also make \topmargin smaller:
(fancyhdr)                \addtolength{\topmargin}{-2.49998pt}.

[177]

Package fancyhdr Warning: \headheight is too small (12.0pt): 
(fancyhdr)                Make it at least 14.49998pt, for example:
(fancyhdr)                \setlength{\headheight}{14.49998pt}.
(fancyhdr)                You might also make \topmargin smaller:
(fancyhdr)                \addtolength{\topmargin}{-2.49998pt}.

[178]) (./papers/paper19.tex

Package fancyhdr Warning: \headheight is too small (12.0pt): 
(fancyhdr)                Make it at least 14.49998pt, for example:
(fancyhdr)                \setlength{\headheight}{14.49998pt}.
(fancyhdr)                You might also make \topmargin smaller:
(fancyhdr)                \addtolength{\topmargin}{-2.49998pt}.

[179]

Package fancyhdr Warning: \headheight is too small (12.0pt): 
(fancyhdr)                Make it at least 14.49998pt, for example:
(fancyhdr)                \setlength{\headheight}{14.49998pt}.
(fancyhdr)                You might also make \topmargin smaller:
(fancyhdr)                \addtolength{\topmargin}{-2.49998pt}.

[180

]
第十九章

Underfull \hbox (badness 10000) in paragraph at lines 23--23
[]\TU/lmtt/m/n/12 STD_LOGIC \TU/SimSun(0)/m/n/12 有 \TU/lmr/m/n/12 9 \TU/SimSun(
0)/m/n/12 种 取 值
 []


Underfull \hbox (badness 10000) in paragraph at lines 23--23
|\TU/SimSun(0)/m/n/12 （\TU/lmr/m/n/12 ’U’,’X’,’0’,’1’,’Z’,’W’,’L’,’H’,’-’\TU/Si
mSun(0)/m/n/12 ） ，|
 []


Underfull \hbox (badness 10000) in paragraph at lines 23--23
\TU/SimSun(0)/m/n/12 而 \TU/lmtt/m/n/12 STD_ULOGIC \TU/SimSun(0)/m/n/12 只 有 \TU/
lmr/m/n/12 4 \TU/SimSun(0)/m/n/12 种 取 值
 []


Underfull \hbox (badness 10000) in paragraph at lines 24--25
[]\TU/lmtt/m/n/12 STD_LOGIC \TU/SimSun(0)/m/n/12 是 决 断 类 型  |（\TU/lmr/m/n/12 Re
solved
 []


Overfull \hbox (47.19296pt too wide) in paragraph at lines 22--28
[][] 
 []


Underfull \hbox (badness 10000) in paragraph at lines 39--40
[]\TU/SimSun(0)/m/n/12 使 用 \TU/lmtt/m/n/12 NUMERIC_STD \TU/SimSun(0)/m/n/12 包 替
 代 过 时 的
 []


Overfull \hbox (9.8115pt too wide) in paragraph at lines 39--40
\TU/lmtt/m/n/12 STD_LOGIC_ARITH/STD_LOGIC_UNSIGNED
 []


Underfull \vbox (badness 10000) has occurred while \output is active []

 [181]
Underfull \hbox (badness 1924) in paragraph at lines 64--65
\TU/SimSun(0)/m/n/12 写 时 钟 信 号 \TU/lmtt/m/n/12 clk\TU/SimSun(0)/m/n/12 ，|  但 进 
程 中 使 用 了
 []


Underfull \hbox (badness 1275) in paragraph at lines 65--66
\TU/lmr/m/n/12 WAIT \TU/SimSun(0)/m/n/12 语 句）|  与 带 敏 感 信 号 列 表 的
 []


Underfull \vbox (badness 10000) has occurred while \output is active []



Package fancyhdr Warning: \headheight is too small (12.0pt): 
(fancyhdr)                Make it at least 14.49998pt, for example:
(fancyhdr)                \setlength{\headheight}{14.49998pt}.
(fancyhdr)                You might also make \topmargin smaller:
(fancyhdr)                \addtolength{\topmargin}{-2.49998pt}.

[182]
Underfull \hbox (badness 10000) in paragraph at lines 78--79
[]\TU/SimSun(0)/m/n/12 主 并 模 式  |（\TU/lmr/m/n/12 Master Paral-
 []


Underfull \hbox (badness 4686) in paragraph at lines 78--79
\TU/lmr/m/n/12 lel/SelectMAP\TU/SimSun(0)/m/n/12 ） ：| \TU/lmr/m/n/12 FPGA \TU/S
imSun(0)/m/n/12 产 生 控
 []


Package fancyhdr Warning: \headheight is too small (12.0pt): 
(fancyhdr)                Make it at least 14.49998pt, for example:
(fancyhdr)                \setlength{\headheight}{14.49998pt}.
(fancyhdr)                You might also make \topmargin smaller:
(fancyhdr)                \addtolength{\topmargin}{-2.49998pt}.

[183]

Package fancyhdr Warning: \headheight is too small (12.0pt): 
(fancyhdr)                Make it at least 14.49998pt, for example:
(fancyhdr)                \setlength{\headheight}{14.49998pt}.
(fancyhdr)                You might also make \topmargin smaller:
(fancyhdr)                \addtolength{\topmargin}{-2.49998pt}.

[184]
Overfull \hbox (3.34427pt too wide) in paragraph at lines 104--105
[]\TU/lmr/bx/n/12 std_logic \TU/SimSun(0)/b/n/12 的 \TU/lmr/bx/n/12 9 \TU/SimSun
(0)/b/n/12 值 系 统：| \TU/lmr/m/n/12 VHDL \TU/SimSun(0)/m/n/12 中 \TU/lmtt/m/n/12 S
TD_LOGIC \TU/SimSun(0)/m/n/12 类 型  |（定 义 于 \TU/lmtt/m/n/12 IEEE.STD_LOGIC_1164
 []


Overfull \hbox (9.99924pt too wide) in paragraph at lines 139--140
[]\TU/SimSun(0)/m/n/12 一 个 完 整 的 \TU/lmr/m/n/12 VHDL \TU/SimSun(0)/m/n/12 程 序 包
 由 \TU/SimSun(0)/b/n/12 两 个 \TU/SimSun(0)/m/n/12 设 计 单 元 组 成：|  第 一 部 分 称 为$[]$

 []


Package fancyhdr Warning: \headheight is too small (12.0pt): 
(fancyhdr)                Make it at least 14.49998pt, for example:
(fancyhdr)                \setlength{\headheight}{14.49998pt}.
(fancyhdr)                You might also make \topmargin smaller:
(fancyhdr)                \addtolength{\topmargin}{-2.49998pt}.

[185]
Overfull \hbox (21.5036pt too wide) in paragraph at lines 147--148
[]\TU/SimSun(0)/m/n/12 出 现 在 \TU/lmr/m/n/12 ARCHITECTURE |\TU/SimSun(0)/m/n/12 
（结 构 体）|  中、| \TU/lmr/m/n/12 PROCESS \TU/SimSun(0)/b/n/12 之 外 \TU/SimSun(0)/m/n
/12 的 语 句 属 于$[]$
 []


Overfull \hbox (22.9764pt too wide) in paragraph at lines 147--148
\TU/SimSun(0)/m/n/12 语 句  |（\TU/lmr/m/n/12 Concurrent Statement\TU/SimSun(0)/m/
n/12 ） 。|  它 们 的 执 行 顺 序 与 代 码 中 的 书 写 顺 序$[]$
 []


Overfull \hbox (20.09131pt too wide) in paragraph at lines 148--149
[]\TU/SimSun(0)/m/n/12 出 现 在 \TU/lmr/m/n/12 PROCESS\TU/SimSun(0)/m/n/12 、| \TU/
lmr/m/n/12 FUNCTION \TU/SimSun(0)/m/n/12 或 \TU/lmr/m/n/12 PROCEDURE \TU/SimSun(
0)/b/n/12 内 部 \TU/SimSun(0)/m/n/12 的 语 句 属 于$[]$
 []


Package fancyhdr Warning: \headheight is too small (12.0pt): 
(fancyhdr)                Make it at least 14.49998pt, for example:
(fancyhdr)                \setlength{\headheight}{14.49998pt}.
(fancyhdr)                You might also make \topmargin smaller:
(fancyhdr)                \addtolength{\topmargin}{-2.49998pt}.

[186] (d:/texlive/2026/texmf-dist/tex/latex/listings/lstlang1.sty
File: lstlang1.sty 2025/11/14 1.11b listings language file
)
(d:/texlive/2026/texmf-dist/tex/latex/listings/lstlang2.sty
File: lstlang2.sty 2025/11/14 1.11b listings language file
)
(d:/texlive/2026/texmf-dist/tex/latex/listings/lstlang3.sty
File: lstlang3.sty 2025/11/14 1.11b listings language file
)

! Package Listings Error: Couldn't load requested language.

See the Listings package documentation for explanation.
Type  H <return>  for immediate help.
 ...                                              
                                                  
l.164 ...处即满分（共6处错误）}, language=VDL, numbers=left]
                                                  
The following languages weren't loadable:
    ,vdl$
This may cause errors in the sequel.


! Package Listings Error: language vdl undefined.

See the Listings package documentation for explanation.
Type  H <return>  for immediate help.
 ...                                              
                                                  
l.164 ...处即满分（共6处错误）}, language=VDL, numbers=left]
                                                  
The language is not loadable. Try typing  <return>  to proceed.
If that doesn't work, type  X <return>  to quit.


Package fancyhdr Warning: \headheight is too small (12.0pt): 
(fancyhdr)                Make it at least 14.49998pt, for example:
(fancyhdr)                \setlength{\headheight}{14.49998pt}.
(fancyhdr)                You might also make \topmargin smaller:
(fancyhdr)                \addtolength{\topmargin}{-2.49998pt}.

[187]
Underfull \hbox (badness 10000) in paragraph at lines 232--242
\TU/SimSun(0)/m/n/12 错 误 \TU/lmr/m/n/12 1 |\TU/SimSun(0)/m/n/12 （第 \TU/lmr/m/n/
12 __ \TU/SimSun(0)/m/n/12 行） ：| \TU/lmr/m/n/12 __________________ \TU/SimSun(0
)/m/n/12 改 正 为
 []


Overfull \hbox (5.44044pt too wide) in paragraph at lines 232--242
|\TU/SimSun(0)/m/n/12 （错 误 原 因：| \TU/lmr/m/n/12 _______________________________
____________\TU/SimSun(0)/m/n/12 ）| 
 []


Underfull \hbox (badness 10000) in paragraph at lines 232--242
\TU/SimSun(0)/m/n/12 错 误 \TU/lmr/m/n/12 2 |\TU/SimSun(0)/m/n/12 （第 \TU/lmr/m/n/
12 __ \TU/SimSun(0)/m/n/12 行） ：| \TU/lmr/m/n/12 __________________ \TU/SimSun(0
)/m/n/12 改 正 为
 []


Overfull \hbox (5.44044pt too wide) in paragraph at lines 232--242
|\TU/SimSun(0)/m/n/12 （错 误 原 因：| \TU/lmr/m/n/12 _______________________________
____________\TU/SimSun(0)/m/n/12 ）| 
 []


Underfull \hbox (badness 10000) in paragraph at lines 232--242
\TU/SimSun(0)/m/n/12 错 误 \TU/lmr/m/n/12 3 |\TU/SimSun(0)/m/n/12 （第 \TU/lmr/m/n/
12 __ \TU/SimSun(0)/m/n/12 行） ：| \TU/lmr/m/n/12 __________________ \TU/SimSun(0
)/m/n/12 改 正 为
 []


Overfull \hbox (5.44044pt too wide) in paragraph at lines 232--242
|\TU/SimSun(0)/m/n/12 （错 误 原 因：| \TU/lmr/m/n/12 _______________________________
____________\TU/SimSun(0)/m/n/12 ）| 
 []


Underfull \hbox (badness 10000) in paragraph at lines 232--242
\TU/SimSun(0)/m/n/12 错 误 \TU/lmr/m/n/12 4 |\TU/SimSun(0)/m/n/12 （第 \TU/lmr/m/n/
12 __ \TU/SimSun(0)/m/n/12 行） ：| \TU/lmr/m/n/12 __________________ \TU/SimSun(0
)/m/n/12 改 正 为
 []


Overfull \hbox (5.44044pt too wide) in paragraph at lines 232--242
|\TU/SimSun(0)/m/n/12 （错 误 原 因：| \TU/lmr/m/n/12 _______________________________
____________\TU/SimSun(0)/m/n/12 ）| 
 []


Underfull \hbox (badness 10000) in paragraph at lines 232--242
\TU/SimSun(0)/m/n/12 错 误 \TU/lmr/m/n/12 5 |\TU/SimSun(0)/m/n/12 （第 \TU/lmr/m/n/
12 __ \TU/SimSun(0)/m/n/12 行） ：| \TU/lmr/m/n/12 __________________ \TU/SimSun(0
)/m/n/12 改 正 为
 []


Overfull \hbox (5.44044pt too wide) in paragraph at lines 232--242
|\TU/SimSun(0)/m/n/12 （错 误 原 因：| \TU/lmr/m/n/12 _______________________________
____________\TU/SimSun(0)/m/n/12 ）| 
 []


Package fancyhdr Warning: \headheight is too small (12.0pt): 
(fancyhdr)                Make it at least 14.49998pt, for example:
(fancyhdr)                \setlength{\headheight}{14.49998pt}.
(fancyhdr)                You might also make \topmargin smaller:
(fancyhdr)                \addtolength{\topmargin}{-2.49998pt}.

[188]

Package fancyhdr Warning: \headheight is too small (12.0pt): 
(fancyhdr)                Make it at least 14.49998pt, for example:
(fancyhdr)                \setlength{\headheight}{14.49998pt}.
(fancyhdr)                You might also make \topmargin smaller:
(fancyhdr)                \addtolength{\topmargin}{-2.49998pt}.

[189] (d:/texlive/2026/texmf-dist/tex/latex/listings/lstlang1.sty
File: lstlang1.sty 2025/11/14 1.11b listings language file
)
(d:/texlive/2026/texmf-dist/tex/latex/listings/lstlang2.sty
File: lstlang2.sty 2025/11/14 1.11b listings language file
)
(d:/texlive/2026/texmf-dist/tex/latex/listings/lstlang3.sty
File: lstlang3.sty 2025/11/14 1.11b listings language file
)

! Package Listings Error: Couldn't load requested language.

See the Listings package documentation for explanation.
Type  H <return>  for immediate help.
 ...                                              
                                                  
l.257 ...——待分析VHDL程序}, language=VDL, numbers=left]
                                                  
The following languages weren't loadable:
    ,vdl$
This may cause errors in the sequel.


! Package Listings Error: language vdl undefined.

See the Listings package documentation for explanation.
Type  H <return>  for immediate help.
 ...                                              
                                                  
l.257 ...——待分析VHDL程序}, language=VDL, numbers=left]
                                                  
The language is not loadable. Try typing  <return>  to proceed.
If that doesn't work, type  X <return>  to quit.


Package fancyhdr Warning: \headheight is too small (12.0pt): 
(fancyhdr)                Make it at least 14.49998pt, for example:
(fancyhdr)                \setlength{\headheight}{14.49998pt}.
(fancyhdr)                You might also make \topmargin smaller:
(fancyhdr)                \addtolength{\topmargin}{-2.49998pt}.

[190]

Package fancyhdr Warning: \headheight is too small (12.0pt): 
(fancyhdr)                Make it at least 14.49998pt, for example:
(fancyhdr)                \setlength{\headheight}{14.49998pt}.
(fancyhdr)                You might also make \topmargin smaller:
(fancyhdr)                \addtolength{\topmargin}{-2.49998pt}.

[191]

Package fancyhdr Warning: \headheight is too small (12.0pt): 
(fancyhdr)                Make it at least 14.49998pt, for example:
(fancyhdr)                \setlength{\headheight}{14.49998pt}.
(fancyhdr)                You might also make \topmargin smaller:
(fancyhdr)                \addtolength{\topmargin}{-2.49998pt}.

[192]

Package fancyhdr Warning: \headheight is too small (12.0pt): 
(fancyhdr)                Make it at least 14.49998pt, for example:
(fancyhdr)                \setlength{\headheight}{14.49998pt}.
(fancyhdr)                You might also make \topmargin smaller:
(fancyhdr)                \addtolength{\topmargin}{-2.49998pt}.

[193]
Overfull \hbox (4.70816pt too wide) in paragraph at lines 407--408
[]\TU/SimSun(0)/m/n/12 加 法\TU/lmr/m/n/12 /\TU/SimSun(0)/m/n/12 减 法 分 支 中，|  使 用
 \TU/lmr/bx/n/12 VARIABLE |\TU/SimSun(0)/m/n/12 （变 量）|  定 义 \TU/lmr/m/n/12 5 \T
U/SimSun(0)/m/n/12 位 中 间 结 果  |（如 \TU/lmtt/m/n/12 VARIABLE
 []


Overfull \hbox (6.60661pt too wide) in paragraph at lines 408--409
[]\TU/SimSun(0)/m/n/12 按 位 与\TU/lmr/m/n/12 /\TU/SimSun(0)/m/n/12 或\TU/lmr/m/n/1
2 /\TU/SimSun(0)/m/n/12 异 或\TU/lmr/m/n/12 /\TU/SimSun(0)/m/n/12 取 反 使 用 \TU/lmr
/m/n/12 VHDL \TU/SimSun(0)/m/n/12 内 置 逻 辑 运 算 符 直 接 对 \TU/lmtt/m/n/12 STD_LOGIC
_VECTOR
 []


Underfull \hbox (badness 10000) in paragraph at lines 425--426
[]\TU/SimSun(0)/m/n/12 减 法 借 位 检 测 思 路：| \TU/lmtt/m/n/12 tmp := ('0' & a_uns) -
 ('0' & b_uns); \TU/SimSun(0)/m/n/12 结 果
 []


Underfull \hbox (badness 10000) in paragraph at lines 427--428
[]\TU/SimSun(0)/m/n/12 输 出 赋 值：|  最 终 将 中 间 变 量 的 低 \TU/lmr/m/n/12 4 \TU/SimSun
(0)/m/n/12 位 赋 值 给 \TU/lmtt/m/n/12 result |\TU/SimSun(0)/m/n/12 （\TU/lmtt/m/n/1
2 result <=
 []


Package fancyhdr Warning: \headheight is too small (12.0pt): 
(fancyhdr)                Make it at least 14.49998pt, for example:
(fancyhdr)                \setlength{\headheight}{14.49998pt}.
(fancyhdr)                You might also make \topmargin smaller:
(fancyhdr)                \addtolength{\topmargin}{-2.49998pt}.

[194]

Package fancyhdr Warning: \headheight is too small (12.0pt): 
(fancyhdr)                Make it at least 14.49998pt, for example:
(fancyhdr)                \setlength{\headheight}{14.49998pt}.
(fancyhdr)                You might also make \topmargin smaller:
(fancyhdr)                \addtolength{\topmargin}{-2.49998pt}.

[195]
Overfull \hbox (33.4934pt too wide) in paragraph at lines 484--486
[]\TU/SimSun(0)/m/n/12 采 用 单 进 程 时 序 描 述 风 格  |（\TU/lmtt/m/n/12 PROCESS(clk_in)
\TU/SimSun(0)/m/n/12 ） ，|  内 部 仅 响 应 \TU/lmtt/m/n/12 rising_edge(clk_in)\TU/Sim
Sun(0)/m/n/12 ：| 
 []


Overfull \hbox (13.06511pt too wide) in paragraph at lines 487--488
[]\TU/lmtt/m/n/12 en='1' \TU/SimSun(0)/m/n/12 时 计 数 器 自 增，|  并 在 达 到 翻 转 阈 值 和 
清 零 阈 值 时 分 别 执 行 \TU/lmtt/m/n/12 clk_out
 []


Package fancyhdr Warning: \headheight is too small (12.0pt): 
(fancyhdr)                Make it at least 14.49998pt, for example:
(fancyhdr)                \setlength{\headheight}{14.49998pt}.
(fancyhdr)                You might also make \topmargin smaller:
(fancyhdr)                \addtolength{\topmargin}{-2.49998pt}.

[196]

Package fancyhdr Warning: \headheight is too small (12.0pt): 
(fancyhdr)                Make it at least 14.49998pt, for example:
(fancyhdr)                \setlength{\headheight}{14.49998pt}.
(fancyhdr)                You might also make \topmargin smaller:
(fancyhdr)                \addtolength{\topmargin}{-2.49998pt}.

[197]

Package fancyhdr Warning: \headheight is too small (12.0pt): 
(fancyhdr)                Make it at least 14.49998pt, for example:
(fancyhdr)                \setlength{\headheight}{14.49998pt}.
(fancyhdr)                You might also make \topmargin smaller:
(fancyhdr)                \addtolength{\topmargin}{-2.49998pt}.

[198]
! Extra alignment tab has been changed to \cr.
<recently read> \endtemplate 
                             
l.596   当前状态 & 输入条件 & 次态 & up & down &
                                       stop \\
You have given more \span or & marks than there were
in the preamble to the \halign or \valign now in progress.
So I'll assume that you meant to type \cr instead.

! Extra alignment tab has been changed to \cr.
<recently read> \endtemplate 
                             
l.598 ...} & \hspace{2.5cm} & \hspace{1.5cm} & & &
                                                   \\
You have given more \span or & marks than there were
in the preamble to the \halign or \valign now in progress.
So I'll assume that you meant to type \cr instead.


Package fancyhdr Warning: \headheight is too small (12.0pt): 
(fancyhdr)                Make it at least 14.49998pt, for example:
(fancyhdr)                \setlength{\headheight}{14.49998pt}.
(fancyhdr)                You might also make \topmargin smaller:
(fancyhdr)                \addtolength{\topmargin}{-2.49998pt}.

[199]
Overfull \hbox (21.71837pt too wide) in paragraph at lines 610--611
[]\TU/SimSun(0)/m/n/12 使 用 用 户 自 定 义 枚 举 类 型 定 义 所 有 状 态  |（如 \TU/lmtt/m/n/12 T
YPE elevator_state IS (...);\TU/SimSun(0)/m/n/12 ） ；| 
 []


Package fancyhdr Warning: \headheight is too small (12.0pt): 
(fancyhdr)                Make it at least 14.49998pt, for example:
(fancyhdr)                \setlength{\headheight}{14.49998pt}.
(fancyhdr)                You might also make \topmargin smaller:
(fancyhdr)                \addtolength{\topmargin}{-2.49998pt}.

[200]
Underfull \hbox (badness 10000) in paragraph at lines 638--639
[]\TU/SimSun(0)/m/n/12 停 止\TU/lmr/m/n/12 /\TU/SimSun(0)/m/n/12 开 门：| \TU/lmtt/m
/n/12 motor_up <= '0'; motor_down <= '0'; motor_stop <=
 []

) (./papers/paper20.tex

Package fancyhdr Warning: \headheight is too small (12.0pt): 
(fancyhdr)                Make it at least 14.49998pt, for example:
(fancyhdr)                \setlength{\headheight}{14.49998pt}.
(fancyhdr)                You might also make \topmargin smaller:
(fancyhdr)                \addtolength{\topmargin}{-2.49998pt}.

[201]

Package fancyhdr Warning: \headheight is too small (12.0pt): 
(fancyhdr)                Make it at least 14.49998pt, for example:
(fancyhdr)                \setlength{\headheight}{14.49998pt}.
(fancyhdr)                You might also make \topmargin smaller:
(fancyhdr)                \addtolength{\topmargin}{-2.49998pt}.

[202

]
第二十章

Overfull \hbox (47.68497pt too wide) in paragraph at lines 20--26
[][] 
 []


Overfull \hbox (47.68497pt too wide) in paragraph at lines 33--39
[][] 
 []

[203]
Overfull \hbox (47.19296pt too wide) in paragraph at lines 46--52
[][] 
 []


Underfull \hbox (badness 2922) in paragraph at lines 60--60
[]\TU/lmr/m/n/12 Testbench \TU/SimSun(0)/m/n/12 是 一 个 顶 层 无 端 口 实 体
 []


Overfull \hbox (47.68497pt too wide) in paragraph at lines 59--65
[][] 
 []


Underfull \hbox (badness 10000) in paragraph at lines 74--75
[]\TU/lmr/m/n/12 FOR-GENERATE \TU/SimSun(0)/m/n/12 只 能 在 \TU/lmr/m/n/12 PRO-
 []


Underfull \hbox (badness 10000) in paragraph at lines 74--75
\TU/lmr/m/n/12 CESS \TU/SimSun(0)/m/n/12 内 部 作 为 顺 序 循 环 使 用，|
 []


Overfull \hbox (47.19296pt too wide) in paragraph at lines 72--78
[][] 
 []


Underfull \vbox (badness 10000) has occurred while \output is active []



Package fancyhdr Warning: \headheight is too small (12.0pt): 
(fancyhdr)                Make it at least 14.49998pt, for example:
(fancyhdr)                \setlength{\headheight}{14.49998pt}.
(fancyhdr)                You might also make \topmargin smaller:
(fancyhdr)                \addtolength{\topmargin}{-2.49998pt}.

[204]
Underfull \hbox (badness 4441) in paragraph at lines 87--88
[]\TU/lmr/m/n/12 VHDL \TU/SimSun(0)/m/n/12 仅 支 持 预 定 义 的 固 定 属 性
 []


Underfull \hbox (badness 3826) in paragraph at lines 89--90
[]\TU/lmr/m/n/12 ATTRIBUTE \TU/SimSun(0)/m/n/12 只 能 在 \TU/lmr/m/n/12 ARCHITEC-
 []


Package fancyhdr Warning: \headheight is too small (12.0pt): 
(fancyhdr)                Make it at least 14.49998pt, for example:
(fancyhdr)                \setlength{\headheight}{14.49998pt}.
(fancyhdr)                You might also make \topmargin smaller:
(fancyhdr)                \addtolength{\topmargin}{-2.49998pt}.

[205]
Overfull \hbox (31.17548pt too wide) in paragraph at lines 115--115
 []         \TU/lmtt/m/n/12 USE ENTITY  \TU/FangSong(0)/m/n/12 库 名 \TU/lmtt/m/n
/12 . \TU/FangSong(0)/m/n/12 实 体 名 \TU/lmtt/m/n/12 ( \TU/FangSong(0)/m/n/12 结 构
 体 名 \TU/lmtt/m/n/12 );  --  \TU/FangSong(0)/m/n/12 为 特 定 实 例 绑 定 具 体 实 现 [] 
 []


Package fancyhdr Warning: \headheight is too small (12.0pt): 
(fancyhdr)                Make it at least 14.49998pt, for example:
(fancyhdr)                \setlength{\headheight}{14.49998pt}.
(fancyhdr)                You might also make \topmargin smaller:
(fancyhdr)                \addtolength{\topmargin}{-2.49998pt}.

[206]
Overfull \hbox (0.61514pt too wide) in paragraph at lines 139--140
[]\TU/SimSun(0)/m/n/12 激 励  |（\TU/lmr/m/n/12 Stimulus\TU/SimSun(0)/m/n/12 ）|  信
 号 通 常 在 单 独 的$[]$ 语 句 块 中 生 成，|  使 用$[]$
 []


Package fancyhdr Warning: \headheight is too small (12.0pt): 
(fancyhdr)                Make it at least 14.49998pt, for example:
(fancyhdr)                \setlength{\headheight}{14.49998pt}.
(fancyhdr)                You might also make \topmargin smaller:
(fancyhdr)                \addtolength{\topmargin}{-2.49998pt}.

[207] (d:/texlive/2026/texmf-dist/tex/latex/listings/lstlang1.sty
File: lstlang1.sty 2025/11/14 1.11b listings language file
)
(d:/texlive/2026/texmf-dist/tex/latex/listings/lstlang2.sty
File: lstlang2.sty 2025/11/14 1.11b listings language file
)
(d:/texlive/2026/texmf-dist/tex/latex/listings/lstlang3.sty
File: lstlang3.sty 2025/11/14 1.11b listings language file
)

! Package Listings Error: Couldn't load requested language.

See the Listings package documentation for explanation.
Type  H <return>  for immediate help.
 ...                                              
                                                  
l.169 ...错误，找出5处即满分）}, language=VDL, numbers=left]
                                                  
The following languages weren't loadable:
    ,vdl$
This may cause errors in the sequel.


! Package Listings Error: language vdl undefined.

See the Listings package documentation for explanation.
Type  H <return>  for immediate help.
 ...                                              
                                                  
l.169 ...错误，找出5处即满分）}, language=VDL, numbers=left]
                                                  
The language is not loadable. Try typing  <return>  to proceed.
If that doesn't work, type  X <return>  to quit.


Package fancyhdr Warning: \headheight is too small (12.0pt): 
(fancyhdr)                Make it at least 14.49998pt, for example:
(fancyhdr)                \setlength{\headheight}{14.49998pt}.
(fancyhdr)                You might also make \topmargin smaller:
(fancyhdr)                \addtolength{\topmargin}{-2.49998pt}.

[208]

Package fancyhdr Warning: \headheight is too small (12.0pt): 
(fancyhdr)                Make it at least 14.49998pt, for example:
(fancyhdr)                \setlength{\headheight}{14.49998pt}.
(fancyhdr)                You might also make \topmargin smaller:
(fancyhdr)                \addtolength{\topmargin}{-2.49998pt}.

[209]

Package fancyhdr Warning: \headheight is too small (12.0pt): 
(fancyhdr)                Make it at least 14.49998pt, for example:
(fancyhdr)                \setlength{\headheight}{14.49998pt}.
(fancyhdr)                You might also make \topmargin smaller:
(fancyhdr)                \addtolength{\topmargin}{-2.49998pt}.

[210] (d:/texlive/2026/texmf-dist/tex/latex/listings/lstlang1.sty
File: lstlang1.sty 2025/11/14 1.11b listings language file
)
(d:/texlive/2026/texmf-dist/tex/latex/listings/lstlang2.sty
File: lstlang2.sty 2025/11/14 1.11b listings language file
)
(d:/texlive/2026/texmf-dist/tex/latex/listings/lstlang3.sty
File: lstlang3.sty 2025/11/14 1.11b listings language file
)

! Package Listings Error: Couldn't load requested language.

See the Listings package documentation for explanation.
Type  H <return>  for immediate help.
 ...                                              
                                                  
l.257 ...VHDL代码——待分析}, language=VDL, numbers=left]
                                                  
The following languages weren't loadable:
    ,vdl$
This may cause errors in the sequel.


! Package Listings Error: language vdl undefined.

See the Listings package documentation for explanation.
Type  H <return>  for immediate help.
 ...                                              
                                                  
l.257 ...VHDL代码——待分析}, language=VDL, numbers=left]
                                                  
The language is not loadable. Try typing  <return>  to proceed.
If that doesn't work, type  X <return>  to quit.


Package fancyhdr Warning: \headheight is too small (12.0pt): 
(fancyhdr)                Make it at least 14.49998pt, for example:
(fancyhdr)                \setlength{\headheight}{14.49998pt}.
(fancyhdr)                You might also make \topmargin smaller:
(fancyhdr)                \addtolength{\topmargin}{-2.49998pt}.

[211]
Underfull \hbox (badness 2189) in paragraph at lines 328--329
[]|\TU/SimSun(0)/m/n/12 （\TU/lmr/m/n/12 1 \TU/SimSun(0)/m/n/12 分）|  当 \TU/lmtt/
m/n/12 op_sel="001" |\TU/SimSun(0)/m/n/12 （减 法 操 作） ，|  且 \TU/lmtt/m/n/12 a = "
00001010" \TU/lmr/m/n/12 (10)\TU/SimSun(0)/m/n/12 、| \TU/lmtt/m/n/12 b =
 []


Package fancyhdr Warning: \headheight is too small (12.0pt): 
(fancyhdr)                Make it at least 14.49998pt, for example:
(fancyhdr)                \setlength{\headheight}{14.49998pt}.
(fancyhdr)                You might also make \topmargin smaller:
(fancyhdr)                \addtolength{\topmargin}{-2.49998pt}.

[212]

Package fancyhdr Warning: \headheight is too small (12.0pt): 
(fancyhdr)                Make it at least 14.49998pt, for example:
(fancyhdr)                \setlength{\headheight}{14.49998pt}.
(fancyhdr)                You might also make \topmargin smaller:
(fancyhdr)                \addtolength{\topmargin}{-2.49998pt}.

[213]

Package fancyhdr Warning: \headheight is too small (12.0pt): 
(fancyhdr)                Make it at least 14.49998pt, for example:
(fancyhdr)                \setlength{\headheight}{14.49998pt}.
(fancyhdr)                You might also make \topmargin smaller:
(fancyhdr)                \addtolength{\topmargin}{-2.49998pt}.

[214]
Overfull \hbox (14.559pt too wide) in paragraph at lines 388--389
[]|\TU/SimSun(0)/m/n/12 （\TU/lmr/m/n/12 2 \TU/SimSun(0)/m/n/12 分）|  分 析：|  若 将 
\TU/lmr/m/n/12 8 \TU/SimSun(0)/m/n/12 位 加 法 器 扩 展 为 \TU/lmr/m/n/12 32 \TU/SimSu
n(0)/m/n/12 位 加 法 器  |（\TU/lmtt/m/n/12 a(31 downto 0)\TU/SimSun(0)/m/n/12 、| \T
U/lmtt/m/n/12 b(31 downto 0)\TU/SimSun(0)/m/n/12 ） ，|
 []


Package fancyhdr Warning: \headheight is too small (12.0pt): 
(fancyhdr)                Make it at least 14.49998pt, for example:
(fancyhdr)                \setlength{\headheight}{14.49998pt}.
(fancyhdr)                You might also make \topmargin smaller:
(fancyhdr)                \addtolength{\topmargin}{-2.49998pt}.

[215]

Package fancyhdr Warning: \headheight is too small (12.0pt): 
(fancyhdr)                Make it at least 14.49998pt, for example:
(fancyhdr)                \setlength{\headheight}{14.49998pt}.
(fancyhdr)                You might also make \topmargin smaller:
(fancyhdr)                \addtolength{\topmargin}{-2.49998pt}.

[216]

Package fancyhdr Warning: \headheight is too small (12.0pt): 
(fancyhdr)                Make it at least 14.49998pt, for example:
(fancyhdr)                \setlength{\headheight}{14.49998pt}.
(fancyhdr)                You might also make \topmargin smaller:
(fancyhdr)                \addtolength{\topmargin}{-2.49998pt}.

[217]
Overfull \hbox (60.175pt too wide) in paragraph at lines 480--481
[]\TU/SimSun(0)/m/n/12 结 构 体 采 用 \TU/SimSun(0)/b/n/12 行 为 描 述 风 格  |\TU/SimSun(
0)/m/n/12 （\TU/lmr/m/n/12 PROCESS\TU/SimSun(0)/m/n/12 ） ，|  内 部 使 用 一 个 \TU/lmt
t/m/n/12 STD_LOGIC_VECTOR(3 DOWNTO 0)
 []


Package fancyhdr Warning: \headheight is too small (12.0pt): 
(fancyhdr)                Make it at least 14.49998pt, for example:
(fancyhdr)                \setlength{\headheight}{14.49998pt}.
(fancyhdr)                You might also make \topmargin smaller:
(fancyhdr)                \addtolength{\topmargin}{-2.49998pt}.

[218]

Package fancyhdr Warning: \headheight is too small (12.0pt): 
(fancyhdr)                Make it at least 14.49998pt, for example:
(fancyhdr)                \setlength{\headheight}{14.49998pt}.
(fancyhdr)                You might also make \topmargin smaller:
(fancyhdr)                \addtolength{\topmargin}{-2.49998pt}.

[219]

Package fancyhdr Warning: \headheight is too small (12.0pt): 
(fancyhdr)                Make it at least 14.49998pt, for example:
(fancyhdr)                \setlength{\headheight}{14.49998pt}.
(fancyhdr)                You might also make \topmargin smaller:
(fancyhdr)                \addtolength{\topmargin}{-2.49998pt}.

[220]

Package fancyhdr Warning: \headheight is too small (12.0pt): 
(fancyhdr)                Make it at least 14.49998pt, for example:
(fancyhdr)                \setlength{\headheight}{14.49998pt}.
(fancyhdr)                You might also make \topmargin smaller:
(fancyhdr)                \addtolength{\topmargin}{-2.49998pt}.

[221]
Overfull \hbox (43.26512pt too wide) in paragraph at lines 607--608
[]\TU/SimSun(0)/m/n/12 如 果 希 望 输 出 模 式 不 是 固 定 的\TU/lmr/m/n/12 ”10011001”\TU/Si
mSun(0)/m/n/12 ，|  而 是 可 由 外 部 输 入 \TU/lmtt/m/n/12 pattern(7 downto 0)
 []


Package fancyhdr Warning: \headheight is too small (12.0pt): 
(fancyhdr)                Make it at least 14.49998pt, for example:
(fancyhdr)                \setlength{\headheight}{14.49998pt}.
(fancyhdr)                You might also make \topmargin smaller:
(fancyhdr)                \addtolength{\topmargin}{-2.49998pt}.

[222])

Package fancyhdr Warning: \headheight is too small (12.0pt): 
(fancyhdr)                Make it at least 14.49998pt, for example:
(fancyhdr)                \setlength{\headheight}{14.49998pt}.
(fancyhdr)                You might also make \topmargin smaller:
(fancyhdr)                \addtolength{\topmargin}{-2.49998pt}.

[223]

Package fancyhdr Warning: \headheight is too small (12.0pt): 
(fancyhdr)                Make it at least 14.49998pt, for example:
(fancyhdr)                \setlength{\headheight}{14.49998pt}.
(fancyhdr)                You might also make \topmargin smaller:
(fancyhdr)                \addtolength{\topmargin}{-2.49998pt}.

[224

] (./exam-booklet.aux)
 ***********
LaTeX2e <2025-11-01>
L3 programming layer <2022/08/05>
 ***********


LaTeX Font Warning: Some font shapes were not available, defaults substituted.


Package rerunfilecheck Warning: File `exam-booklet.out' has changed.
(rerunfilecheck)                Rerun to get outlines right
(rerunfilecheck)                or use package `bookmark'.

Package rerunfilecheck Info: Checksums for `exam-booklet.out':
(rerunfilecheck)             Before: 7E366791F38464DFB7570088578E3436;5002
(rerunfilecheck)             After:  044ACF12269A4462C5E05AF10A60892B;1677.
 ) 
Here is how much of TeX's memory you used:
 29063 strings out of 470139
 655041 string characters out of 5477717
 1445537 words of memory out of 5000000
 57031 multiletter control sequences out of 15000+600000
 634849 words of font info for 104 fonts, out of 8000000 for 9000
 36 hyphenation exceptions out of 8191
 102i,13n,111p,1198b,1845s stack positions out of 10000i,1000n,20000p,200000b,200000s

Output written on exam-booklet.pdf (228 pages).
