TimeQuest Timing Analyzer report for Traffic_Light_Controller
Tue Jun 16 18:08:59 2026
Quartus II 64-Bit Version 13.1.0 Build 162 10/23/2013 SJ Full Version


---------------------
; Table of Contents ;
---------------------
  1. Legal Notice
  2. TimeQuest Timing Analyzer Summary
  3. Parallel Compilation
  4. Clocks
  5. Slow 1200mV 85C Model Fmax Summary
  6. Timing Closure Recommendations
  7. Slow 1200mV 85C Model Setup Summary
  8. Slow 1200mV 85C Model Hold Summary
  9. Slow 1200mV 85C Model Recovery Summary
 10. Slow 1200mV 85C Model Removal Summary
 11. Slow 1200mV 85C Model Minimum Pulse Width Summary
 12. Slow 1200mV 85C Model Setup: 'clk_50MHz'
 13. Slow 1200mV 85C Model Setup: 'Clock_Generator:U_CLK_GEN|clk_int'
 14. Slow 1200mV 85C Model Hold: 'clk_50MHz'
 15. Slow 1200mV 85C Model Hold: 'Clock_Generator:U_CLK_GEN|clk_int'
 16. Slow 1200mV 85C Model Minimum Pulse Width: 'clk_50MHz'
 17. Slow 1200mV 85C Model Minimum Pulse Width: 'Clock_Generator:U_CLK_GEN|clk_int'
 18. Setup Times
 19. Hold Times
 20. Clock to Output Times
 21. Minimum Clock to Output Times
 22. Slow 1200mV 85C Model Metastability Report
 23. Slow 1200mV 0C Model Fmax Summary
 24. Slow 1200mV 0C Model Setup Summary
 25. Slow 1200mV 0C Model Hold Summary
 26. Slow 1200mV 0C Model Recovery Summary
 27. Slow 1200mV 0C Model Removal Summary
 28. Slow 1200mV 0C Model Minimum Pulse Width Summary
 29. Slow 1200mV 0C Model Setup: 'clk_50MHz'
 30. Slow 1200mV 0C Model Setup: 'Clock_Generator:U_CLK_GEN|clk_int'
 31. Slow 1200mV 0C Model Hold: 'clk_50MHz'
 32. Slow 1200mV 0C Model Hold: 'Clock_Generator:U_CLK_GEN|clk_int'
 33. Slow 1200mV 0C Model Minimum Pulse Width: 'clk_50MHz'
 34. Slow 1200mV 0C Model Minimum Pulse Width: 'Clock_Generator:U_CLK_GEN|clk_int'
 35. Setup Times
 36. Hold Times
 37. Clock to Output Times
 38. Minimum Clock to Output Times
 39. Slow 1200mV 0C Model Metastability Report
 40. Fast 1200mV 0C Model Setup Summary
 41. Fast 1200mV 0C Model Hold Summary
 42. Fast 1200mV 0C Model Recovery Summary
 43. Fast 1200mV 0C Model Removal Summary
 44. Fast 1200mV 0C Model Minimum Pulse Width Summary
 45. Fast 1200mV 0C Model Setup: 'clk_50MHz'
 46. Fast 1200mV 0C Model Setup: 'Clock_Generator:U_CLK_GEN|clk_int'
 47. Fast 1200mV 0C Model Hold: 'clk_50MHz'
 48. Fast 1200mV 0C Model Hold: 'Clock_Generator:U_CLK_GEN|clk_int'
 49. Fast 1200mV 0C Model Minimum Pulse Width: 'clk_50MHz'
 50. Fast 1200mV 0C Model Minimum Pulse Width: 'Clock_Generator:U_CLK_GEN|clk_int'
 51. Setup Times
 52. Hold Times
 53. Clock to Output Times
 54. Minimum Clock to Output Times
 55. Fast 1200mV 0C Model Metastability Report
 56. Multicorner Timing Analysis Summary
 57. Setup Times
 58. Hold Times
 59. Clock to Output Times
 60. Minimum Clock to Output Times
 61. Board Trace Model Assignments
 62. Input Transition Times
 63. Signal Integrity Metrics (Slow 1200mv 0c Model)
 64. Signal Integrity Metrics (Slow 1200mv 85c Model)
 65. Signal Integrity Metrics (Fast 1200mv 0c Model)
 66. Setup Transfers
 67. Hold Transfers
 68. Report TCCS
 69. Report RSKM
 70. Unconstrained Paths
 71. TimeQuest Timing Analyzer Messages



----------------
; Legal Notice ;
----------------
Copyright (C) 1991-2013 Altera Corporation
Your use of Altera Corporation's design tools, logic functions 
and other software and tools, and its AMPP partner logic 
functions, and any output files from any of the foregoing 
(including device programming or simulation files), and any 
associated documentation or information are expressly subject 
to the terms and conditions of the Altera Program License 
Subscription Agreement, Altera MegaCore Function License 
Agreement, or other applicable license agreement, including, 
without limitation, that your use is for the sole purpose of 
programming logic devices manufactured by Altera and sold by 
Altera or its authorized distributors.  Please refer to the 
applicable agreement for further details.



+--------------------------------------------------------------------------+
; TimeQuest Timing Analyzer Summary                                        ;
+--------------------+-----------------------------------------------------+
; Quartus II Version ; Version 13.1.0 Build 162 10/23/2013 SJ Full Version ;
; Revision Name      ; Traffic_Light_Controller                            ;
; Device Family      ; Cyclone IV E                                        ;
; Device Name        ; EP4CE6E22C8                                         ;
; Timing Models      ; Final                                               ;
; Delay Model        ; Combined                                            ;
; Rise/Fall Delays   ; Enabled                                             ;
+--------------------+-----------------------------------------------------+


+------------------------------------------+
; Parallel Compilation                     ;
+----------------------------+-------------+
; Processors                 ; Number      ;
+----------------------------+-------------+
; Number detected on machine ; 16          ;
; Maximum allowed            ; 10          ;
;                            ;             ;
; Average used               ; 1.00        ;
; Maximum used               ; 10          ;
;                            ;             ;
; Usage by Processor         ; % Time Used ;
;     Processor 1            ; 100.0%      ;
;     Processors 2-10        ; < 0.1%      ;
;     Processors 11-16       ;   0.0%      ;
+----------------------------+-------------+


+--------------------------------------------------------------------------------------------------------------------------------------------------------------------------------------------------------------------------------------+
; Clocks                                                                                                                                                                                                                               ;
+-----------------------------------+------+--------+------------+-------+-------+------------+-----------+-------------+-------+--------+-----------+------------+----------+--------+--------+---------------------------------------+
; Clock Name                        ; Type ; Period ; Frequency  ; Rise  ; Fall  ; Duty Cycle ; Divide by ; Multiply by ; Phase ; Offset ; Edge List ; Edge Shift ; Inverted ; Master ; Source ; Targets                               ;
+-----------------------------------+------+--------+------------+-------+-------+------------+-----------+-------------+-------+--------+-----------+------------+----------+--------+--------+---------------------------------------+
; clk_50MHz                         ; Base ; 1.000  ; 1000.0 MHz ; 0.000 ; 0.500 ;            ;           ;             ;       ;        ;           ;            ;          ;        ;        ; { clk_50MHz }                         ;
; Clock_Generator:U_CLK_GEN|clk_int ; Base ; 1.000  ; 1000.0 MHz ; 0.000 ; 0.500 ;            ;           ;             ;       ;        ;           ;            ;          ;        ;        ; { Clock_Generator:U_CLK_GEN|clk_int } ;
+-----------------------------------+------+--------+------------+-------+-------+------------+-----------+-------------+-------+--------+-----------+------------+----------+--------+--------+---------------------------------------+


+-------------------------------------------------------------------------+
; Slow 1200mV 85C Model Fmax Summary                                      ;
+------------+-----------------+-----------------------------------+------+
; Fmax       ; Restricted Fmax ; Clock Name                        ; Note ;
+------------+-----------------+-----------------------------------+------+
; 225.33 MHz ; 225.33 MHz      ; clk_50MHz                         ;      ;
; 340.6 MHz  ; 340.6 MHz       ; Clock_Generator:U_CLK_GEN|clk_int ;      ;
+------------+-----------------+-----------------------------------+------+
This panel reports FMAX for every clock in the design, regardless of the user-specified clock periods.  FMAX is only computed for paths where the source and destination registers or ports are driven by the same clock.  Paths of different clocks, including generated clocks, are ignored.  For paths between a clock and its inversion, FMAX is computed as if the rising and falling edges are scaled along with FMAX, such that the duty cycle (in terms of a percentage) is maintained. Altera recommends that you always use clock constraints and other slack reports for sign-off analysis.


----------------------------------
; Timing Closure Recommendations ;
----------------------------------
HTML report is unavailable in plain text report export.


+------------------------------------------------------------+
; Slow 1200mV 85C Model Setup Summary                        ;
+-----------------------------------+--------+---------------+
; Clock                             ; Slack  ; End Point TNS ;
+-----------------------------------+--------+---------------+
; clk_50MHz                         ; -3.438 ; -51.401       ;
; Clock_Generator:U_CLK_GEN|clk_int ; -1.936 ; -22.239       ;
+-----------------------------------+--------+---------------+


+-----------------------------------------------------------+
; Slow 1200mV 85C Model Hold Summary                        ;
+-----------------------------------+-------+---------------+
; Clock                             ; Slack ; End Point TNS ;
+-----------------------------------+-------+---------------+
; clk_50MHz                         ; 0.136 ; 0.000         ;
; Clock_Generator:U_CLK_GEN|clk_int ; 0.454 ; 0.000         ;
+-----------------------------------+-------+---------------+


------------------------------------------
; Slow 1200mV 85C Model Recovery Summary ;
------------------------------------------
No paths to report.


-----------------------------------------
; Slow 1200mV 85C Model Removal Summary ;
-----------------------------------------
No paths to report.


+------------------------------------------------------------+
; Slow 1200mV 85C Model Minimum Pulse Width Summary          ;
+-----------------------------------+--------+---------------+
; Clock                             ; Slack  ; End Point TNS ;
+-----------------------------------+--------+---------------+
; clk_50MHz                         ; -3.000 ; -43.149       ;
; Clock_Generator:U_CLK_GEN|clk_int ; -1.487 ; -31.227       ;
+-----------------------------------+--------+---------------+


+--------------------------------------------------------------------------------------------------------------------------------------------------------------+
; Slow 1200mV 85C Model Setup: 'clk_50MHz'                                                                                                                     ;
+--------+---------------------------------------+---------------------------------------+--------------+-------------+--------------+------------+------------+
; Slack  ; From Node                             ; To Node                               ; Launch Clock ; Latch Clock ; Relationship ; Clock Skew ; Data Delay ;
+--------+---------------------------------------+---------------------------------------+--------------+-------------+--------------+------------+------------+
; -3.438 ; Clock_Generator:U_CLK_GEN|counter[16] ; Clock_Generator:U_CLK_GEN|clk_int     ; clk_50MHz    ; clk_50MHz   ; 1.000        ; -0.081     ; 4.358      ;
; -3.429 ; Clock_Generator:U_CLK_GEN|counter[15] ; Clock_Generator:U_CLK_GEN|clk_int     ; clk_50MHz    ; clk_50MHz   ; 1.000        ; -0.081     ; 4.349      ;
; -3.227 ; Clock_Generator:U_CLK_GEN|counter[17] ; Clock_Generator:U_CLK_GEN|clk_int     ; clk_50MHz    ; clk_50MHz   ; 1.000        ; -0.081     ; 4.147      ;
; -3.095 ; Clock_Generator:U_CLK_GEN|counter[14] ; Clock_Generator:U_CLK_GEN|clk_int     ; clk_50MHz    ; clk_50MHz   ; 1.000        ; -0.081     ; 4.015      ;
; -3.089 ; Clock_Generator:U_CLK_GEN|counter[19] ; Clock_Generator:U_CLK_GEN|clk_int     ; clk_50MHz    ; clk_50MHz   ; 1.000        ; -0.081     ; 4.009      ;
; -3.079 ; Clock_Generator:U_CLK_GEN|counter[21] ; Clock_Generator:U_CLK_GEN|clk_int     ; clk_50MHz    ; clk_50MHz   ; 1.000        ; -0.081     ; 3.999      ;
; -2.964 ; Clock_Generator:U_CLK_GEN|counter[24] ; Clock_Generator:U_CLK_GEN|clk_int     ; clk_50MHz    ; clk_50MHz   ; 1.000        ; -0.081     ; 3.884      ;
; -2.955 ; Clock_Generator:U_CLK_GEN|counter[22] ; Clock_Generator:U_CLK_GEN|clk_int     ; clk_50MHz    ; clk_50MHz   ; 1.000        ; -0.081     ; 3.875      ;
; -2.921 ; Clock_Generator:U_CLK_GEN|counter[25] ; Clock_Generator:U_CLK_GEN|clk_int     ; clk_50MHz    ; clk_50MHz   ; 1.000        ; -0.081     ; 3.841      ;
; -2.879 ; Clock_Generator:U_CLK_GEN|counter[20] ; Clock_Generator:U_CLK_GEN|clk_int     ; clk_50MHz    ; clk_50MHz   ; 1.000        ; -0.081     ; 3.799      ;
; -2.867 ; Clock_Generator:U_CLK_GEN|counter[16] ; Clock_Generator:U_CLK_GEN|counter[1]  ; clk_50MHz    ; clk_50MHz   ; 1.000        ; -0.081     ; 3.787      ;
; -2.862 ; Clock_Generator:U_CLK_GEN|counter[10] ; Clock_Generator:U_CLK_GEN|clk_int     ; clk_50MHz    ; clk_50MHz   ; 1.000        ; -0.081     ; 3.782      ;
; -2.858 ; Clock_Generator:U_CLK_GEN|counter[15] ; Clock_Generator:U_CLK_GEN|counter[1]  ; clk_50MHz    ; clk_50MHz   ; 1.000        ; -0.081     ; 3.778      ;
; -2.798 ; Clock_Generator:U_CLK_GEN|counter[12] ; Clock_Generator:U_CLK_GEN|clk_int     ; clk_50MHz    ; clk_50MHz   ; 1.000        ; -0.081     ; 3.718      ;
; -2.786 ; Clock_Generator:U_CLK_GEN|counter[11] ; Clock_Generator:U_CLK_GEN|clk_int     ; clk_50MHz    ; clk_50MHz   ; 1.000        ; -0.081     ; 3.706      ;
; -2.746 ; Clock_Generator:U_CLK_GEN|counter[18] ; Clock_Generator:U_CLK_GEN|clk_int     ; clk_50MHz    ; clk_50MHz   ; 1.000        ; -0.081     ; 3.666      ;
; -2.738 ; Clock_Generator:U_CLK_GEN|counter[13] ; Clock_Generator:U_CLK_GEN|clk_int     ; clk_50MHz    ; clk_50MHz   ; 1.000        ; -0.081     ; 3.658      ;
; -2.681 ; Clock_Generator:U_CLK_GEN|counter[0]  ; Clock_Generator:U_CLK_GEN|counter[25] ; clk_50MHz    ; clk_50MHz   ; 1.000        ; -0.081     ; 3.601      ;
; -2.656 ; Clock_Generator:U_CLK_GEN|counter[17] ; Clock_Generator:U_CLK_GEN|counter[1]  ; clk_50MHz    ; clk_50MHz   ; 1.000        ; -0.081     ; 3.576      ;
; -2.652 ; Clock_Generator:U_CLK_GEN|counter[1]  ; Clock_Generator:U_CLK_GEN|counter[24] ; clk_50MHz    ; clk_50MHz   ; 1.000        ; -0.081     ; 3.572      ;
; -2.622 ; Clock_Generator:U_CLK_GEN|counter[1]  ; Clock_Generator:U_CLK_GEN|counter[25] ; clk_50MHz    ; clk_50MHz   ; 1.000        ; -0.081     ; 3.542      ;
; -2.621 ; Clock_Generator:U_CLK_GEN|counter[23] ; Clock_Generator:U_CLK_GEN|clk_int     ; clk_50MHz    ; clk_50MHz   ; 1.000        ; -0.081     ; 3.541      ;
; -2.592 ; Clock_Generator:U_CLK_GEN|counter[2]  ; Clock_Generator:U_CLK_GEN|clk_int     ; clk_50MHz    ; clk_50MHz   ; 1.000        ; -0.081     ; 3.512      ;
; -2.585 ; Clock_Generator:U_CLK_GEN|counter[5]  ; Clock_Generator:U_CLK_GEN|clk_int     ; clk_50MHz    ; clk_50MHz   ; 1.000        ; -0.081     ; 3.505      ;
; -2.562 ; Clock_Generator:U_CLK_GEN|counter[0]  ; Clock_Generator:U_CLK_GEN|counter[24] ; clk_50MHz    ; clk_50MHz   ; 1.000        ; -0.081     ; 3.482      ;
; -2.535 ; Clock_Generator:U_CLK_GEN|counter[0]  ; Clock_Generator:U_CLK_GEN|counter[23] ; clk_50MHz    ; clk_50MHz   ; 1.000        ; -0.081     ; 3.455      ;
; -2.524 ; Clock_Generator:U_CLK_GEN|counter[14] ; Clock_Generator:U_CLK_GEN|counter[1]  ; clk_50MHz    ; clk_50MHz   ; 1.000        ; -0.081     ; 3.444      ;
; -2.518 ; Clock_Generator:U_CLK_GEN|counter[19] ; Clock_Generator:U_CLK_GEN|counter[1]  ; clk_50MHz    ; clk_50MHz   ; 1.000        ; -0.081     ; 3.438      ;
; -2.518 ; Clock_Generator:U_CLK_GEN|counter[2]  ; Clock_Generator:U_CLK_GEN|counter[25] ; clk_50MHz    ; clk_50MHz   ; 1.000        ; -0.081     ; 3.438      ;
; -2.508 ; Clock_Generator:U_CLK_GEN|counter[21] ; Clock_Generator:U_CLK_GEN|counter[1]  ; clk_50MHz    ; clk_50MHz   ; 1.000        ; -0.081     ; 3.428      ;
; -2.506 ; Clock_Generator:U_CLK_GEN|counter[1]  ; Clock_Generator:U_CLK_GEN|counter[22] ; clk_50MHz    ; clk_50MHz   ; 1.000        ; -0.081     ; 3.426      ;
; -2.489 ; Clock_Generator:U_CLK_GEN|counter[3]  ; Clock_Generator:U_CLK_GEN|counter[24] ; clk_50MHz    ; clk_50MHz   ; 1.000        ; -0.081     ; 3.409      ;
; -2.476 ; Clock_Generator:U_CLK_GEN|counter[1]  ; Clock_Generator:U_CLK_GEN|counter[23] ; clk_50MHz    ; clk_50MHz   ; 1.000        ; -0.081     ; 3.396      ;
; -2.459 ; Clock_Generator:U_CLK_GEN|counter[3]  ; Clock_Generator:U_CLK_GEN|counter[25] ; clk_50MHz    ; clk_50MHz   ; 1.000        ; -0.081     ; 3.379      ;
; -2.416 ; Clock_Generator:U_CLK_GEN|counter[0]  ; Clock_Generator:U_CLK_GEN|counter[22] ; clk_50MHz    ; clk_50MHz   ; 1.000        ; -0.081     ; 3.336      ;
; -2.412 ; Clock_Generator:U_CLK_GEN|counter[8]  ; Clock_Generator:U_CLK_GEN|clk_int     ; clk_50MHz    ; clk_50MHz   ; 1.000        ; -0.081     ; 3.332      ;
; -2.405 ; Clock_Generator:U_CLK_GEN|counter[2]  ; Clock_Generator:U_CLK_GEN|counter[24] ; clk_50MHz    ; clk_50MHz   ; 1.000        ; -0.081     ; 3.325      ;
; -2.403 ; Clock_Generator:U_CLK_GEN|counter[6]  ; Clock_Generator:U_CLK_GEN|clk_int     ; clk_50MHz    ; clk_50MHz   ; 1.000        ; -0.081     ; 3.323      ;
; -2.393 ; Clock_Generator:U_CLK_GEN|counter[24] ; Clock_Generator:U_CLK_GEN|counter[1]  ; clk_50MHz    ; clk_50MHz   ; 1.000        ; -0.081     ; 3.313      ;
; -2.389 ; Clock_Generator:U_CLK_GEN|counter[0]  ; Clock_Generator:U_CLK_GEN|counter[21] ; clk_50MHz    ; clk_50MHz   ; 1.000        ; -0.081     ; 3.309      ;
; -2.384 ; Clock_Generator:U_CLK_GEN|counter[22] ; Clock_Generator:U_CLK_GEN|counter[1]  ; clk_50MHz    ; clk_50MHz   ; 1.000        ; -0.081     ; 3.304      ;
; -2.383 ; Clock_Generator:U_CLK_GEN|counter[4]  ; Clock_Generator:U_CLK_GEN|clk_int     ; clk_50MHz    ; clk_50MHz   ; 1.000        ; -0.081     ; 3.303      ;
; -2.376 ; Clock_Generator:U_CLK_GEN|counter[4]  ; Clock_Generator:U_CLK_GEN|counter[25] ; clk_50MHz    ; clk_50MHz   ; 1.000        ; -0.081     ; 3.296      ;
; -2.372 ; Clock_Generator:U_CLK_GEN|counter[2]  ; Clock_Generator:U_CLK_GEN|counter[23] ; clk_50MHz    ; clk_50MHz   ; 1.000        ; -0.081     ; 3.292      ;
; -2.371 ; Clock_Generator:U_CLK_GEN|counter[9]  ; Clock_Generator:U_CLK_GEN|clk_int     ; clk_50MHz    ; clk_50MHz   ; 1.000        ; -0.081     ; 3.291      ;
; -2.360 ; Clock_Generator:U_CLK_GEN|counter[1]  ; Clock_Generator:U_CLK_GEN|counter[20] ; clk_50MHz    ; clk_50MHz   ; 1.000        ; -0.081     ; 3.280      ;
; -2.350 ; Clock_Generator:U_CLK_GEN|counter[5]  ; Clock_Generator:U_CLK_GEN|counter[24] ; clk_50MHz    ; clk_50MHz   ; 1.000        ; -0.081     ; 3.270      ;
; -2.350 ; Clock_Generator:U_CLK_GEN|counter[25] ; Clock_Generator:U_CLK_GEN|counter[1]  ; clk_50MHz    ; clk_50MHz   ; 1.000        ; -0.081     ; 3.270      ;
; -2.343 ; Clock_Generator:U_CLK_GEN|counter[3]  ; Clock_Generator:U_CLK_GEN|counter[22] ; clk_50MHz    ; clk_50MHz   ; 1.000        ; -0.081     ; 3.263      ;
; -2.330 ; Clock_Generator:U_CLK_GEN|counter[1]  ; Clock_Generator:U_CLK_GEN|counter[21] ; clk_50MHz    ; clk_50MHz   ; 1.000        ; -0.081     ; 3.250      ;
; -2.320 ; Clock_Generator:U_CLK_GEN|counter[5]  ; Clock_Generator:U_CLK_GEN|counter[25] ; clk_50MHz    ; clk_50MHz   ; 1.000        ; -0.081     ; 3.240      ;
; -2.315 ; Clock_Generator:U_CLK_GEN|counter[0]  ; Clock_Generator:U_CLK_GEN|clk_int     ; clk_50MHz    ; clk_50MHz   ; 1.000        ; -0.081     ; 3.235      ;
; -2.313 ; Clock_Generator:U_CLK_GEN|counter[3]  ; Clock_Generator:U_CLK_GEN|counter[23] ; clk_50MHz    ; clk_50MHz   ; 1.000        ; -0.081     ; 3.233      ;
; -2.308 ; Clock_Generator:U_CLK_GEN|counter[20] ; Clock_Generator:U_CLK_GEN|counter[1]  ; clk_50MHz    ; clk_50MHz   ; 1.000        ; -0.081     ; 3.228      ;
; -2.270 ; Clock_Generator:U_CLK_GEN|counter[0]  ; Clock_Generator:U_CLK_GEN|counter[20] ; clk_50MHz    ; clk_50MHz   ; 1.000        ; -0.081     ; 3.190      ;
; -2.259 ; Clock_Generator:U_CLK_GEN|counter[2]  ; Clock_Generator:U_CLK_GEN|counter[22] ; clk_50MHz    ; clk_50MHz   ; 1.000        ; -0.081     ; 3.179      ;
; -2.256 ; Clock_Generator:U_CLK_GEN|counter[10] ; Clock_Generator:U_CLK_GEN|counter[1]  ; clk_50MHz    ; clk_50MHz   ; 1.000        ; -0.081     ; 3.176      ;
; -2.250 ; Clock_Generator:U_CLK_GEN|counter[4]  ; Clock_Generator:U_CLK_GEN|counter[24] ; clk_50MHz    ; clk_50MHz   ; 1.000        ; -0.081     ; 3.170      ;
; -2.249 ; Clock_Generator:U_CLK_GEN|counter[3]  ; Clock_Generator:U_CLK_GEN|clk_int     ; clk_50MHz    ; clk_50MHz   ; 1.000        ; -0.081     ; 3.169      ;
; -2.243 ; Clock_Generator:U_CLK_GEN|counter[0]  ; Clock_Generator:U_CLK_GEN|counter[19] ; clk_50MHz    ; clk_50MHz   ; 1.000        ; -0.081     ; 3.163      ;
; -2.231 ; Clock_Generator:U_CLK_GEN|counter[1]  ; Clock_Generator:U_CLK_GEN|clk_int     ; clk_50MHz    ; clk_50MHz   ; 1.000        ; -0.081     ; 3.151      ;
; -2.230 ; Clock_Generator:U_CLK_GEN|counter[4]  ; Clock_Generator:U_CLK_GEN|counter[23] ; clk_50MHz    ; clk_50MHz   ; 1.000        ; -0.081     ; 3.150      ;
; -2.229 ; Clock_Generator:U_CLK_GEN|counter[6]  ; Clock_Generator:U_CLK_GEN|counter[25] ; clk_50MHz    ; clk_50MHz   ; 1.000        ; -0.081     ; 3.149      ;
; -2.226 ; Clock_Generator:U_CLK_GEN|counter[2]  ; Clock_Generator:U_CLK_GEN|counter[21] ; clk_50MHz    ; clk_50MHz   ; 1.000        ; -0.081     ; 3.146      ;
; -2.214 ; Clock_Generator:U_CLK_GEN|counter[1]  ; Clock_Generator:U_CLK_GEN|counter[18] ; clk_50MHz    ; clk_50MHz   ; 1.000        ; -0.081     ; 3.134      ;
; -2.208 ; Clock_Generator:U_CLK_GEN|counter[12] ; Clock_Generator:U_CLK_GEN|counter[1]  ; clk_50MHz    ; clk_50MHz   ; 1.000        ; -0.081     ; 3.128      ;
; -2.204 ; Clock_Generator:U_CLK_GEN|counter[5]  ; Clock_Generator:U_CLK_GEN|counter[22] ; clk_50MHz    ; clk_50MHz   ; 1.000        ; -0.081     ; 3.124      ;
; -2.200 ; Clock_Generator:U_CLK_GEN|counter[7]  ; Clock_Generator:U_CLK_GEN|counter[24] ; clk_50MHz    ; clk_50MHz   ; 1.000        ; -0.081     ; 3.120      ;
; -2.197 ; Clock_Generator:U_CLK_GEN|counter[3]  ; Clock_Generator:U_CLK_GEN|counter[20] ; clk_50MHz    ; clk_50MHz   ; 1.000        ; -0.081     ; 3.117      ;
; -2.184 ; Clock_Generator:U_CLK_GEN|counter[1]  ; Clock_Generator:U_CLK_GEN|counter[19] ; clk_50MHz    ; clk_50MHz   ; 1.000        ; -0.081     ; 3.104      ;
; -2.180 ; Clock_Generator:U_CLK_GEN|counter[11] ; Clock_Generator:U_CLK_GEN|counter[1]  ; clk_50MHz    ; clk_50MHz   ; 1.000        ; -0.081     ; 3.100      ;
; -2.175 ; Clock_Generator:U_CLK_GEN|counter[18] ; Clock_Generator:U_CLK_GEN|counter[1]  ; clk_50MHz    ; clk_50MHz   ; 1.000        ; -0.081     ; 3.095      ;
; -2.174 ; Clock_Generator:U_CLK_GEN|counter[5]  ; Clock_Generator:U_CLK_GEN|counter[23] ; clk_50MHz    ; clk_50MHz   ; 1.000        ; -0.081     ; 3.094      ;
; -2.170 ; Clock_Generator:U_CLK_GEN|counter[7]  ; Clock_Generator:U_CLK_GEN|counter[25] ; clk_50MHz    ; clk_50MHz   ; 1.000        ; -0.081     ; 3.090      ;
; -2.167 ; Clock_Generator:U_CLK_GEN|counter[3]  ; Clock_Generator:U_CLK_GEN|counter[21] ; clk_50MHz    ; clk_50MHz   ; 1.000        ; -0.081     ; 3.087      ;
; -2.132 ; Clock_Generator:U_CLK_GEN|counter[13] ; Clock_Generator:U_CLK_GEN|counter[1]  ; clk_50MHz    ; clk_50MHz   ; 1.000        ; -0.081     ; 3.052      ;
; -2.124 ; Clock_Generator:U_CLK_GEN|counter[0]  ; Clock_Generator:U_CLK_GEN|counter[18] ; clk_50MHz    ; clk_50MHz   ; 1.000        ; -0.081     ; 3.044      ;
; -2.113 ; Clock_Generator:U_CLK_GEN|counter[2]  ; Clock_Generator:U_CLK_GEN|counter[20] ; clk_50MHz    ; clk_50MHz   ; 1.000        ; -0.081     ; 3.033      ;
; -2.105 ; Clock_Generator:U_CLK_GEN|counter[6]  ; Clock_Generator:U_CLK_GEN|counter[24] ; clk_50MHz    ; clk_50MHz   ; 1.000        ; -0.081     ; 3.025      ;
; -2.104 ; Clock_Generator:U_CLK_GEN|counter[4]  ; Clock_Generator:U_CLK_GEN|counter[22] ; clk_50MHz    ; clk_50MHz   ; 1.000        ; -0.081     ; 3.024      ;
; -2.097 ; Clock_Generator:U_CLK_GEN|counter[0]  ; Clock_Generator:U_CLK_GEN|counter[17] ; clk_50MHz    ; clk_50MHz   ; 1.000        ; -0.081     ; 3.017      ;
; -2.084 ; Clock_Generator:U_CLK_GEN|counter[4]  ; Clock_Generator:U_CLK_GEN|counter[21] ; clk_50MHz    ; clk_50MHz   ; 1.000        ; -0.081     ; 3.004      ;
; -2.083 ; Clock_Generator:U_CLK_GEN|counter[6]  ; Clock_Generator:U_CLK_GEN|counter[23] ; clk_50MHz    ; clk_50MHz   ; 1.000        ; -0.081     ; 3.003      ;
; -2.080 ; Clock_Generator:U_CLK_GEN|counter[2]  ; Clock_Generator:U_CLK_GEN|counter[19] ; clk_50MHz    ; clk_50MHz   ; 1.000        ; -0.081     ; 3.000      ;
; -2.079 ; Clock_Generator:U_CLK_GEN|counter[8]  ; Clock_Generator:U_CLK_GEN|counter[25] ; clk_50MHz    ; clk_50MHz   ; 1.000        ; -0.081     ; 2.999      ;
; -2.069 ; Clock_Generator:U_CLK_GEN|counter[9]  ; Clock_Generator:U_CLK_GEN|counter[24] ; clk_50MHz    ; clk_50MHz   ; 1.000        ; -0.081     ; 2.989      ;
; -2.068 ; Clock_Generator:U_CLK_GEN|counter[1]  ; Clock_Generator:U_CLK_GEN|counter[16] ; clk_50MHz    ; clk_50MHz   ; 1.000        ; -0.081     ; 2.988      ;
; -2.068 ; Clock_Generator:U_CLK_GEN|counter[7]  ; Clock_Generator:U_CLK_GEN|clk_int     ; clk_50MHz    ; clk_50MHz   ; 1.000        ; -0.081     ; 2.988      ;
; -2.058 ; Clock_Generator:U_CLK_GEN|counter[5]  ; Clock_Generator:U_CLK_GEN|counter[20] ; clk_50MHz    ; clk_50MHz   ; 1.000        ; -0.081     ; 2.978      ;
; -2.054 ; Clock_Generator:U_CLK_GEN|counter[7]  ; Clock_Generator:U_CLK_GEN|counter[22] ; clk_50MHz    ; clk_50MHz   ; 1.000        ; -0.081     ; 2.974      ;
; -2.051 ; Clock_Generator:U_CLK_GEN|counter[3]  ; Clock_Generator:U_CLK_GEN|counter[18] ; clk_50MHz    ; clk_50MHz   ; 1.000        ; -0.081     ; 2.971      ;
; -2.050 ; Clock_Generator:U_CLK_GEN|counter[23] ; Clock_Generator:U_CLK_GEN|counter[1]  ; clk_50MHz    ; clk_50MHz   ; 1.000        ; -0.081     ; 2.970      ;
; -2.039 ; Clock_Generator:U_CLK_GEN|counter[9]  ; Clock_Generator:U_CLK_GEN|counter[25] ; clk_50MHz    ; clk_50MHz   ; 1.000        ; -0.081     ; 2.959      ;
; -2.038 ; Clock_Generator:U_CLK_GEN|counter[1]  ; Clock_Generator:U_CLK_GEN|counter[17] ; clk_50MHz    ; clk_50MHz   ; 1.000        ; -0.081     ; 2.958      ;
; -2.028 ; Clock_Generator:U_CLK_GEN|counter[5]  ; Clock_Generator:U_CLK_GEN|counter[21] ; clk_50MHz    ; clk_50MHz   ; 1.000        ; -0.081     ; 2.948      ;
; -2.024 ; Clock_Generator:U_CLK_GEN|counter[7]  ; Clock_Generator:U_CLK_GEN|counter[23] ; clk_50MHz    ; clk_50MHz   ; 1.000        ; -0.081     ; 2.944      ;
; -2.021 ; Clock_Generator:U_CLK_GEN|counter[2]  ; Clock_Generator:U_CLK_GEN|counter[1]  ; clk_50MHz    ; clk_50MHz   ; 1.000        ; -0.081     ; 2.941      ;
; -2.021 ; Clock_Generator:U_CLK_GEN|counter[3]  ; Clock_Generator:U_CLK_GEN|counter[19] ; clk_50MHz    ; clk_50MHz   ; 1.000        ; -0.081     ; 2.941      ;
; -2.014 ; Clock_Generator:U_CLK_GEN|counter[5]  ; Clock_Generator:U_CLK_GEN|counter[1]  ; clk_50MHz    ; clk_50MHz   ; 1.000        ; -0.081     ; 2.934      ;
; -1.978 ; Clock_Generator:U_CLK_GEN|counter[0]  ; Clock_Generator:U_CLK_GEN|counter[16] ; clk_50MHz    ; clk_50MHz   ; 1.000        ; -0.081     ; 2.898      ;
+--------+---------------------------------------+---------------------------------------+--------------+-------------+--------------+------------+------------+


+-------------------------------------------------------------------------------------------------------------------------------------------------------------------------------------------------------------------------------------------+
; Slow 1200mV 85C Model Setup: 'Clock_Generator:U_CLK_GEN|clk_int'                                                                                                                                                                          ;
+--------+--------------------------------------------------------+--------------------------------------------------------+-----------------------------------+-----------------------------------+--------------+------------+------------+
; Slack  ; From Node                                              ; To Node                                                ; Launch Clock                      ; Latch Clock                       ; Relationship ; Clock Skew ; Data Delay ;
+--------+--------------------------------------------------------+--------------------------------------------------------+-----------------------------------+-----------------------------------+--------------+------------+------------+
; -1.936 ; BCD_Down_Counter:U_COUNTER|low_bcd[0]                  ; BCD_Down_Counter:U_COUNTER|high_bcd[0]                 ; Clock_Generator:U_CLK_GEN|clk_int ; Clock_Generator:U_CLK_GEN|clk_int ; 1.000        ; -0.080     ; 2.857      ;
; -1.936 ; BCD_Down_Counter:U_COUNTER|low_bcd[0]                  ; BCD_Down_Counter:U_COUNTER|high_bcd[1]                 ; Clock_Generator:U_CLK_GEN|clk_int ; Clock_Generator:U_CLK_GEN|clk_int ; 1.000        ; -0.080     ; 2.857      ;
; -1.936 ; BCD_Down_Counter:U_COUNTER|low_bcd[0]                  ; BCD_Down_Counter:U_COUNTER|high_bcd[2]                 ; Clock_Generator:U_CLK_GEN|clk_int ; Clock_Generator:U_CLK_GEN|clk_int ; 1.000        ; -0.080     ; 2.857      ;
; -1.934 ; BCD_Down_Counter:U_COUNTER|low_bcd[1]                  ; BCD_Down_Counter:U_COUNTER|high_bcd[0]                 ; Clock_Generator:U_CLK_GEN|clk_int ; Clock_Generator:U_CLK_GEN|clk_int ; 1.000        ; -0.080     ; 2.855      ;
; -1.934 ; BCD_Down_Counter:U_COUNTER|low_bcd[1]                  ; BCD_Down_Counter:U_COUNTER|high_bcd[1]                 ; Clock_Generator:U_CLK_GEN|clk_int ; Clock_Generator:U_CLK_GEN|clk_int ; 1.000        ; -0.080     ; 2.855      ;
; -1.934 ; BCD_Down_Counter:U_COUNTER|low_bcd[1]                  ; BCD_Down_Counter:U_COUNTER|high_bcd[2]                 ; Clock_Generator:U_CLK_GEN|clk_int ; Clock_Generator:U_CLK_GEN|clk_int ; 1.000        ; -0.080     ; 2.855      ;
; -1.919 ; BCD_Down_Counter:U_COUNTER|low_bcd[0]                  ; Traffic_Light_FSM:U_FSM|current_state.ST_BRANCH_YELLOW ; Clock_Generator:U_CLK_GEN|clk_int ; Clock_Generator:U_CLK_GEN|clk_int ; 1.000        ; -0.080     ; 2.840      ;
; -1.919 ; BCD_Down_Counter:U_COUNTER|low_bcd[0]                  ; Traffic_Light_FSM:U_FSM|current_state.ST_BRANCH_GREEN  ; Clock_Generator:U_CLK_GEN|clk_int ; Clock_Generator:U_CLK_GEN|clk_int ; 1.000        ; -0.080     ; 2.840      ;
; -1.919 ; BCD_Down_Counter:U_COUNTER|low_bcd[0]                  ; Traffic_Light_FSM:U_FSM|current_state.ST_MAIN_YELLOW   ; Clock_Generator:U_CLK_GEN|clk_int ; Clock_Generator:U_CLK_GEN|clk_int ; 1.000        ; -0.080     ; 2.840      ;
; -1.917 ; BCD_Down_Counter:U_COUNTER|low_bcd[1]                  ; Traffic_Light_FSM:U_FSM|current_state.ST_BRANCH_YELLOW ; Clock_Generator:U_CLK_GEN|clk_int ; Clock_Generator:U_CLK_GEN|clk_int ; 1.000        ; -0.080     ; 2.838      ;
; -1.917 ; BCD_Down_Counter:U_COUNTER|low_bcd[1]                  ; Traffic_Light_FSM:U_FSM|current_state.ST_BRANCH_GREEN  ; Clock_Generator:U_CLK_GEN|clk_int ; Clock_Generator:U_CLK_GEN|clk_int ; 1.000        ; -0.080     ; 2.838      ;
; -1.917 ; BCD_Down_Counter:U_COUNTER|low_bcd[1]                  ; Traffic_Light_FSM:U_FSM|current_state.ST_MAIN_YELLOW   ; Clock_Generator:U_CLK_GEN|clk_int ; Clock_Generator:U_CLK_GEN|clk_int ; 1.000        ; -0.080     ; 2.838      ;
; -1.750 ; BCD_Down_Counter:U_COUNTER|low_bcd[2]                  ; BCD_Down_Counter:U_COUNTER|high_bcd[0]                 ; Clock_Generator:U_CLK_GEN|clk_int ; Clock_Generator:U_CLK_GEN|clk_int ; 1.000        ; -0.080     ; 2.671      ;
; -1.750 ; BCD_Down_Counter:U_COUNTER|low_bcd[2]                  ; BCD_Down_Counter:U_COUNTER|high_bcd[1]                 ; Clock_Generator:U_CLK_GEN|clk_int ; Clock_Generator:U_CLK_GEN|clk_int ; 1.000        ; -0.080     ; 2.671      ;
; -1.750 ; BCD_Down_Counter:U_COUNTER|low_bcd[2]                  ; BCD_Down_Counter:U_COUNTER|high_bcd[2]                 ; Clock_Generator:U_CLK_GEN|clk_int ; Clock_Generator:U_CLK_GEN|clk_int ; 1.000        ; -0.080     ; 2.671      ;
; -1.733 ; BCD_Down_Counter:U_COUNTER|low_bcd[2]                  ; Traffic_Light_FSM:U_FSM|current_state.ST_BRANCH_YELLOW ; Clock_Generator:U_CLK_GEN|clk_int ; Clock_Generator:U_CLK_GEN|clk_int ; 1.000        ; -0.080     ; 2.654      ;
; -1.733 ; BCD_Down_Counter:U_COUNTER|low_bcd[2]                  ; Traffic_Light_FSM:U_FSM|current_state.ST_BRANCH_GREEN  ; Clock_Generator:U_CLK_GEN|clk_int ; Clock_Generator:U_CLK_GEN|clk_int ; 1.000        ; -0.080     ; 2.654      ;
; -1.733 ; BCD_Down_Counter:U_COUNTER|low_bcd[2]                  ; Traffic_Light_FSM:U_FSM|current_state.ST_MAIN_YELLOW   ; Clock_Generator:U_CLK_GEN|clk_int ; Clock_Generator:U_CLK_GEN|clk_int ; 1.000        ; -0.080     ; 2.654      ;
; -1.706 ; BCD_Down_Counter:U_COUNTER|high_bcd[0]                 ; Traffic_Light_FSM:U_FSM|current_state.ST_BRANCH_YELLOW ; Clock_Generator:U_CLK_GEN|clk_int ; Clock_Generator:U_CLK_GEN|clk_int ; 1.000        ; -0.080     ; 2.627      ;
; -1.706 ; BCD_Down_Counter:U_COUNTER|high_bcd[0]                 ; Traffic_Light_FSM:U_FSM|current_state.ST_BRANCH_GREEN  ; Clock_Generator:U_CLK_GEN|clk_int ; Clock_Generator:U_CLK_GEN|clk_int ; 1.000        ; -0.080     ; 2.627      ;
; -1.706 ; BCD_Down_Counter:U_COUNTER|high_bcd[0]                 ; Traffic_Light_FSM:U_FSM|current_state.ST_MAIN_YELLOW   ; Clock_Generator:U_CLK_GEN|clk_int ; Clock_Generator:U_CLK_GEN|clk_int ; 1.000        ; -0.080     ; 2.627      ;
; -1.698 ; BCD_Down_Counter:U_COUNTER|high_bcd[1]                 ; Traffic_Light_FSM:U_FSM|current_state.ST_BRANCH_YELLOW ; Clock_Generator:U_CLK_GEN|clk_int ; Clock_Generator:U_CLK_GEN|clk_int ; 1.000        ; -0.080     ; 2.619      ;
; -1.698 ; BCD_Down_Counter:U_COUNTER|high_bcd[1]                 ; Traffic_Light_FSM:U_FSM|current_state.ST_BRANCH_GREEN  ; Clock_Generator:U_CLK_GEN|clk_int ; Clock_Generator:U_CLK_GEN|clk_int ; 1.000        ; -0.080     ; 2.619      ;
; -1.698 ; BCD_Down_Counter:U_COUNTER|high_bcd[1]                 ; Traffic_Light_FSM:U_FSM|current_state.ST_MAIN_YELLOW   ; Clock_Generator:U_CLK_GEN|clk_int ; Clock_Generator:U_CLK_GEN|clk_int ; 1.000        ; -0.080     ; 2.619      ;
; -1.586 ; BCD_Down_Counter:U_COUNTER|low_bcd[3]                  ; Traffic_Light_FSM:U_FSM|current_state.ST_BRANCH_YELLOW ; Clock_Generator:U_CLK_GEN|clk_int ; Clock_Generator:U_CLK_GEN|clk_int ; 1.000        ; -0.080     ; 2.507      ;
; -1.586 ; BCD_Down_Counter:U_COUNTER|low_bcd[3]                  ; Traffic_Light_FSM:U_FSM|current_state.ST_BRANCH_GREEN  ; Clock_Generator:U_CLK_GEN|clk_int ; Clock_Generator:U_CLK_GEN|clk_int ; 1.000        ; -0.080     ; 2.507      ;
; -1.586 ; BCD_Down_Counter:U_COUNTER|low_bcd[3]                  ; Traffic_Light_FSM:U_FSM|current_state.ST_MAIN_YELLOW   ; Clock_Generator:U_CLK_GEN|clk_int ; Clock_Generator:U_CLK_GEN|clk_int ; 1.000        ; -0.080     ; 2.507      ;
; -1.581 ; BCD_Down_Counter:U_COUNTER|low_bcd[3]                  ; BCD_Down_Counter:U_COUNTER|high_bcd[0]                 ; Clock_Generator:U_CLK_GEN|clk_int ; Clock_Generator:U_CLK_GEN|clk_int ; 1.000        ; -0.080     ; 2.502      ;
; -1.581 ; BCD_Down_Counter:U_COUNTER|low_bcd[3]                  ; BCD_Down_Counter:U_COUNTER|high_bcd[1]                 ; Clock_Generator:U_CLK_GEN|clk_int ; Clock_Generator:U_CLK_GEN|clk_int ; 1.000        ; -0.080     ; 2.502      ;
; -1.581 ; BCD_Down_Counter:U_COUNTER|low_bcd[3]                  ; BCD_Down_Counter:U_COUNTER|high_bcd[2]                 ; Clock_Generator:U_CLK_GEN|clk_int ; Clock_Generator:U_CLK_GEN|clk_int ; 1.000        ; -0.080     ; 2.502      ;
; -1.532 ; BCD_Down_Counter:U_COUNTER|high_bcd[2]                 ; Traffic_Light_FSM:U_FSM|current_state.ST_BRANCH_YELLOW ; Clock_Generator:U_CLK_GEN|clk_int ; Clock_Generator:U_CLK_GEN|clk_int ; 1.000        ; -0.080     ; 2.453      ;
; -1.532 ; BCD_Down_Counter:U_COUNTER|high_bcd[2]                 ; Traffic_Light_FSM:U_FSM|current_state.ST_BRANCH_GREEN  ; Clock_Generator:U_CLK_GEN|clk_int ; Clock_Generator:U_CLK_GEN|clk_int ; 1.000        ; -0.080     ; 2.453      ;
; -1.532 ; BCD_Down_Counter:U_COUNTER|high_bcd[2]                 ; Traffic_Light_FSM:U_FSM|current_state.ST_MAIN_YELLOW   ; Clock_Generator:U_CLK_GEN|clk_int ; Clock_Generator:U_CLK_GEN|clk_int ; 1.000        ; -0.080     ; 2.453      ;
; -1.417 ; BCD_Down_Counter:U_COUNTER|high_bcd[1]                 ; BCD_Down_Counter:U_COUNTER|high_bcd[1]                 ; Clock_Generator:U_CLK_GEN|clk_int ; Clock_Generator:U_CLK_GEN|clk_int ; 1.000        ; -0.080     ; 2.338      ;
; -1.406 ; BCD_Down_Counter:U_COUNTER|high_bcd[0]                 ; BCD_Down_Counter:U_COUNTER|high_bcd[1]                 ; Clock_Generator:U_CLK_GEN|clk_int ; Clock_Generator:U_CLK_GEN|clk_int ; 1.000        ; -0.080     ; 2.327      ;
; -1.393 ; BCD_Down_Counter:U_COUNTER|low_bcd[0]                  ; Traffic_Light_FSM:U_FSM|current_state.ST_IDLE          ; Clock_Generator:U_CLK_GEN|clk_int ; Clock_Generator:U_CLK_GEN|clk_int ; 1.000        ; -0.080     ; 2.314      ;
; -1.393 ; BCD_Down_Counter:U_COUNTER|low_bcd[0]                  ; Traffic_Light_FSM:U_FSM|current_state.ST_MAIN_GREEN    ; Clock_Generator:U_CLK_GEN|clk_int ; Clock_Generator:U_CLK_GEN|clk_int ; 1.000        ; -0.080     ; 2.314      ;
; -1.387 ; BCD_Down_Counter:U_COUNTER|low_bcd[1]                  ; Traffic_Light_FSM:U_FSM|current_state.ST_MAIN_GREEN    ; Clock_Generator:U_CLK_GEN|clk_int ; Clock_Generator:U_CLK_GEN|clk_int ; 1.000        ; -0.080     ; 2.308      ;
; -1.386 ; BCD_Down_Counter:U_COUNTER|low_bcd[1]                  ; Traffic_Light_FSM:U_FSM|current_state.ST_IDLE          ; Clock_Generator:U_CLK_GEN|clk_int ; Clock_Generator:U_CLK_GEN|clk_int ; 1.000        ; -0.080     ; 2.307      ;
; -1.210 ; BCD_Down_Counter:U_COUNTER|low_bcd[0]                  ; BCD_Down_Counter:U_COUNTER|low_bcd[2]                  ; Clock_Generator:U_CLK_GEN|clk_int ; Clock_Generator:U_CLK_GEN|clk_int ; 1.000        ; -0.080     ; 2.131      ;
; -1.208 ; BCD_Down_Counter:U_COUNTER|low_bcd[1]                  ; BCD_Down_Counter:U_COUNTER|low_bcd[2]                  ; Clock_Generator:U_CLK_GEN|clk_int ; Clock_Generator:U_CLK_GEN|clk_int ; 1.000        ; -0.080     ; 2.129      ;
; -1.206 ; BCD_Down_Counter:U_COUNTER|low_bcd[0]                  ; BCD_Down_Counter:U_COUNTER|low_bcd[0]                  ; Clock_Generator:U_CLK_GEN|clk_int ; Clock_Generator:U_CLK_GEN|clk_int ; 1.000        ; -0.080     ; 2.127      ;
; -1.205 ; BCD_Down_Counter:U_COUNTER|low_bcd[0]                  ; BCD_Down_Counter:U_COUNTER|low_bcd[1]                  ; Clock_Generator:U_CLK_GEN|clk_int ; Clock_Generator:U_CLK_GEN|clk_int ; 1.000        ; -0.080     ; 2.126      ;
; -1.204 ; BCD_Down_Counter:U_COUNTER|low_bcd[1]                  ; BCD_Down_Counter:U_COUNTER|low_bcd[0]                  ; Clock_Generator:U_CLK_GEN|clk_int ; Clock_Generator:U_CLK_GEN|clk_int ; 1.000        ; -0.080     ; 2.125      ;
; -1.203 ; BCD_Down_Counter:U_COUNTER|low_bcd[2]                  ; Traffic_Light_FSM:U_FSM|current_state.ST_MAIN_GREEN    ; Clock_Generator:U_CLK_GEN|clk_int ; Clock_Generator:U_CLK_GEN|clk_int ; 1.000        ; -0.080     ; 2.124      ;
; -1.203 ; BCD_Down_Counter:U_COUNTER|low_bcd[1]                  ; BCD_Down_Counter:U_COUNTER|low_bcd[1]                  ; Clock_Generator:U_CLK_GEN|clk_int ; Clock_Generator:U_CLK_GEN|clk_int ; 1.000        ; -0.080     ; 2.124      ;
; -1.202 ; BCD_Down_Counter:U_COUNTER|low_bcd[2]                  ; Traffic_Light_FSM:U_FSM|current_state.ST_IDLE          ; Clock_Generator:U_CLK_GEN|clk_int ; Clock_Generator:U_CLK_GEN|clk_int ; 1.000        ; -0.080     ; 2.123      ;
; -1.181 ; BCD_Down_Counter:U_COUNTER|high_bcd[0]                 ; Traffic_Light_FSM:U_FSM|current_state.ST_IDLE          ; Clock_Generator:U_CLK_GEN|clk_int ; Clock_Generator:U_CLK_GEN|clk_int ; 1.000        ; -0.080     ; 2.102      ;
; -1.181 ; BCD_Down_Counter:U_COUNTER|high_bcd[0]                 ; Traffic_Light_FSM:U_FSM|current_state.ST_MAIN_GREEN    ; Clock_Generator:U_CLK_GEN|clk_int ; Clock_Generator:U_CLK_GEN|clk_int ; 1.000        ; -0.080     ; 2.102      ;
; -1.173 ; BCD_Down_Counter:U_COUNTER|high_bcd[1]                 ; Traffic_Light_FSM:U_FSM|current_state.ST_IDLE          ; Clock_Generator:U_CLK_GEN|clk_int ; Clock_Generator:U_CLK_GEN|clk_int ; 1.000        ; -0.080     ; 2.094      ;
; -1.173 ; BCD_Down_Counter:U_COUNTER|high_bcd[1]                 ; Traffic_Light_FSM:U_FSM|current_state.ST_MAIN_GREEN    ; Clock_Generator:U_CLK_GEN|clk_int ; Clock_Generator:U_CLK_GEN|clk_int ; 1.000        ; -0.080     ; 2.094      ;
; -1.136 ; BCD_Down_Counter:U_COUNTER|low_bcd[0]                  ; BCD_Down_Counter:U_COUNTER|low_bcd[3]                  ; Clock_Generator:U_CLK_GEN|clk_int ; Clock_Generator:U_CLK_GEN|clk_int ; 1.000        ; -0.080     ; 2.057      ;
; -1.134 ; BCD_Down_Counter:U_COUNTER|low_bcd[1]                  ; BCD_Down_Counter:U_COUNTER|low_bcd[3]                  ; Clock_Generator:U_CLK_GEN|clk_int ; Clock_Generator:U_CLK_GEN|clk_int ; 1.000        ; -0.080     ; 2.055      ;
; -1.096 ; Traffic_Light_FSM:U_FSM|load_value[0]                  ; BCD_Down_Counter:U_COUNTER|high_bcd[0]                 ; Clock_Generator:U_CLK_GEN|clk_int ; Clock_Generator:U_CLK_GEN|clk_int ; 1.000        ; -0.080     ; 2.017      ;
; -1.096 ; Traffic_Light_FSM:U_FSM|load_value[0]                  ; BCD_Down_Counter:U_COUNTER|high_bcd[1]                 ; Clock_Generator:U_CLK_GEN|clk_int ; Clock_Generator:U_CLK_GEN|clk_int ; 1.000        ; -0.080     ; 2.017      ;
; -1.096 ; Traffic_Light_FSM:U_FSM|load_value[0]                  ; BCD_Down_Counter:U_COUNTER|high_bcd[2]                 ; Clock_Generator:U_CLK_GEN|clk_int ; Clock_Generator:U_CLK_GEN|clk_int ; 1.000        ; -0.080     ; 2.017      ;
; -1.085 ; BCD_Down_Counter:U_COUNTER|high_bcd[2]                 ; BCD_Down_Counter:U_COUNTER|low_bcd[0]                  ; Clock_Generator:U_CLK_GEN|clk_int ; Clock_Generator:U_CLK_GEN|clk_int ; 1.000        ; -0.080     ; 2.006      ;
; -1.082 ; BCD_Down_Counter:U_COUNTER|high_bcd[2]                 ; BCD_Down_Counter:U_COUNTER|low_bcd[3]                  ; Clock_Generator:U_CLK_GEN|clk_int ; Clock_Generator:U_CLK_GEN|clk_int ; 1.000        ; -0.080     ; 2.003      ;
; -1.075 ; BCD_Down_Counter:U_COUNTER|high_bcd[1]                 ; BCD_Down_Counter:U_COUNTER|low_bcd[0]                  ; Clock_Generator:U_CLK_GEN|clk_int ; Clock_Generator:U_CLK_GEN|clk_int ; 1.000        ; -0.080     ; 1.996      ;
; -1.072 ; BCD_Down_Counter:U_COUNTER|high_bcd[1]                 ; BCD_Down_Counter:U_COUNTER|low_bcd[3]                  ; Clock_Generator:U_CLK_GEN|clk_int ; Clock_Generator:U_CLK_GEN|clk_int ; 1.000        ; -0.080     ; 1.993      ;
; -1.061 ; BCD_Down_Counter:U_COUNTER|low_bcd[3]                  ; Traffic_Light_FSM:U_FSM|current_state.ST_IDLE          ; Clock_Generator:U_CLK_GEN|clk_int ; Clock_Generator:U_CLK_GEN|clk_int ; 1.000        ; -0.080     ; 1.982      ;
; -1.061 ; BCD_Down_Counter:U_COUNTER|low_bcd[3]                  ; Traffic_Light_FSM:U_FSM|current_state.ST_MAIN_GREEN    ; Clock_Generator:U_CLK_GEN|clk_int ; Clock_Generator:U_CLK_GEN|clk_int ; 1.000        ; -0.080     ; 1.982      ;
; -1.038 ; BCD_Down_Counter:U_COUNTER|low_bcd[2]                  ; BCD_Down_Counter:U_COUNTER|low_bcd[3]                  ; Clock_Generator:U_CLK_GEN|clk_int ; Clock_Generator:U_CLK_GEN|clk_int ; 1.000        ; -0.080     ; 1.959      ;
; -1.033 ; BCD_Down_Counter:U_COUNTER|high_bcd[2]                 ; BCD_Down_Counter:U_COUNTER|high_bcd[1]                 ; Clock_Generator:U_CLK_GEN|clk_int ; Clock_Generator:U_CLK_GEN|clk_int ; 1.000        ; -0.080     ; 1.954      ;
; -1.024 ; BCD_Down_Counter:U_COUNTER|low_bcd[2]                  ; BCD_Down_Counter:U_COUNTER|low_bcd[2]                  ; Clock_Generator:U_CLK_GEN|clk_int ; Clock_Generator:U_CLK_GEN|clk_int ; 1.000        ; -0.080     ; 1.945      ;
; -1.020 ; BCD_Down_Counter:U_COUNTER|low_bcd[2]                  ; BCD_Down_Counter:U_COUNTER|low_bcd[0]                  ; Clock_Generator:U_CLK_GEN|clk_int ; Clock_Generator:U_CLK_GEN|clk_int ; 1.000        ; -0.080     ; 1.941      ;
; -1.019 ; BCD_Down_Counter:U_COUNTER|low_bcd[2]                  ; BCD_Down_Counter:U_COUNTER|low_bcd[1]                  ; Clock_Generator:U_CLK_GEN|clk_int ; Clock_Generator:U_CLK_GEN|clk_int ; 1.000        ; -0.080     ; 1.940      ;
; -1.007 ; BCD_Down_Counter:U_COUNTER|high_bcd[2]                 ; Traffic_Light_FSM:U_FSM|current_state.ST_IDLE          ; Clock_Generator:U_CLK_GEN|clk_int ; Clock_Generator:U_CLK_GEN|clk_int ; 1.000        ; -0.080     ; 1.928      ;
; -1.007 ; BCD_Down_Counter:U_COUNTER|high_bcd[2]                 ; Traffic_Light_FSM:U_FSM|current_state.ST_MAIN_GREEN    ; Clock_Generator:U_CLK_GEN|clk_int ; Clock_Generator:U_CLK_GEN|clk_int ; 1.000        ; -0.080     ; 1.928      ;
; -0.876 ; BCD_Down_Counter:U_COUNTER|high_bcd[0]                 ; BCD_Down_Counter:U_COUNTER|low_bcd[0]                  ; Clock_Generator:U_CLK_GEN|clk_int ; Clock_Generator:U_CLK_GEN|clk_int ; 1.000        ; -0.080     ; 1.797      ;
; -0.873 ; BCD_Down_Counter:U_COUNTER|high_bcd[0]                 ; BCD_Down_Counter:U_COUNTER|low_bcd[3]                  ; Clock_Generator:U_CLK_GEN|clk_int ; Clock_Generator:U_CLK_GEN|clk_int ; 1.000        ; -0.080     ; 1.794      ;
; -0.866 ; Traffic_Light_FSM:U_FSM|load_value[0]                  ; BCD_Down_Counter:U_COUNTER|low_bcd[1]                  ; Clock_Generator:U_CLK_GEN|clk_int ; Clock_Generator:U_CLK_GEN|clk_int ; 1.000        ; -0.080     ; 1.787      ;
; -0.855 ; BCD_Down_Counter:U_COUNTER|low_bcd[3]                  ; BCD_Down_Counter:U_COUNTER|low_bcd[2]                  ; Clock_Generator:U_CLK_GEN|clk_int ; Clock_Generator:U_CLK_GEN|clk_int ; 1.000        ; -0.080     ; 1.776      ;
; -0.851 ; BCD_Down_Counter:U_COUNTER|low_bcd[3]                  ; BCD_Down_Counter:U_COUNTER|low_bcd[0]                  ; Clock_Generator:U_CLK_GEN|clk_int ; Clock_Generator:U_CLK_GEN|clk_int ; 1.000        ; -0.080     ; 1.772      ;
; -0.850 ; BCD_Down_Counter:U_COUNTER|low_bcd[3]                  ; BCD_Down_Counter:U_COUNTER|low_bcd[1]                  ; Clock_Generator:U_CLK_GEN|clk_int ; Clock_Generator:U_CLK_GEN|clk_int ; 1.000        ; -0.080     ; 1.771      ;
; -0.850 ; Traffic_Light_FSM:U_FSM|load_value[0]                  ; BCD_Down_Counter:U_COUNTER|low_bcd[3]                  ; Clock_Generator:U_CLK_GEN|clk_int ; Clock_Generator:U_CLK_GEN|clk_int ; 1.000        ; -0.080     ; 1.771      ;
; -0.829 ; Traffic_Light_FSM:U_FSM|load_value[0]                  ; BCD_Down_Counter:U_COUNTER|low_bcd[0]                  ; Clock_Generator:U_CLK_GEN|clk_int ; Clock_Generator:U_CLK_GEN|clk_int ; 1.000        ; -0.080     ; 1.750      ;
; -0.825 ; Traffic_Light_FSM:U_FSM|load_value[0]                  ; BCD_Down_Counter:U_COUNTER|low_bcd[2]                  ; Clock_Generator:U_CLK_GEN|clk_int ; Clock_Generator:U_CLK_GEN|clk_int ; 1.000        ; -0.080     ; 1.746      ;
; -0.809 ; Traffic_Light_FSM:U_FSM|current_state.ST_BRANCH_YELLOW ; Traffic_Light_FSM:U_FSM|main_red                       ; Clock_Generator:U_CLK_GEN|clk_int ; Clock_Generator:U_CLK_GEN|clk_int ; 1.000        ; -0.081     ; 1.729      ;
; -0.806 ; BCD_Down_Counter:U_COUNTER|high_bcd[1]                 ; BCD_Down_Counter:U_COUNTER|high_bcd[2]                 ; Clock_Generator:U_CLK_GEN|clk_int ; Clock_Generator:U_CLK_GEN|clk_int ; 1.000        ; -0.080     ; 1.727      ;
; -0.794 ; Traffic_Light_FSM:U_FSM|current_state.ST_BRANCH_GREEN  ; Traffic_Light_FSM:U_FSM|main_red                       ; Clock_Generator:U_CLK_GEN|clk_int ; Clock_Generator:U_CLK_GEN|clk_int ; 1.000        ; -0.081     ; 1.714      ;
; -0.793 ; BCD_Down_Counter:U_COUNTER|high_bcd[0]                 ; BCD_Down_Counter:U_COUNTER|high_bcd[2]                 ; Clock_Generator:U_CLK_GEN|clk_int ; Clock_Generator:U_CLK_GEN|clk_int ; 1.000        ; -0.080     ; 1.714      ;
; -0.781 ; BCD_Down_Counter:U_COUNTER|low_bcd[3]                  ; BCD_Down_Counter:U_COUNTER|low_bcd[3]                  ; Clock_Generator:U_CLK_GEN|clk_int ; Clock_Generator:U_CLK_GEN|clk_int ; 1.000        ; -0.080     ; 1.702      ;
; -0.646 ; Traffic_Light_FSM:U_FSM|current_state.ST_IDLE          ; Traffic_Light_FSM:U_FSM|load_value[0]                  ; Clock_Generator:U_CLK_GEN|clk_int ; Clock_Generator:U_CLK_GEN|clk_int ; 1.000        ; -0.080     ; 1.567      ;
; -0.634 ; Traffic_Light_FSM:U_FSM|current_state.ST_BRANCH_GREEN  ; Traffic_Light_FSM:U_FSM|branch_red                     ; Clock_Generator:U_CLK_GEN|clk_int ; Clock_Generator:U_CLK_GEN|clk_int ; 1.000        ; -0.080     ; 1.555      ;
; -0.588 ; Traffic_Light_FSM:U_FSM|current_state.ST_BRANCH_YELLOW ; Traffic_Light_FSM:U_FSM|branch_red                     ; Clock_Generator:U_CLK_GEN|clk_int ; Clock_Generator:U_CLK_GEN|clk_int ; 1.000        ; -0.080     ; 1.509      ;
; -0.524 ; BCD_Down_Counter:U_COUNTER|high_bcd[2]                 ; BCD_Down_Counter:U_COUNTER|high_bcd[2]                 ; Clock_Generator:U_CLK_GEN|clk_int ; Clock_Generator:U_CLK_GEN|clk_int ; 1.000        ; -0.080     ; 1.445      ;
; -0.510 ; Traffic_Light_FSM:U_FSM|load_value[6]                  ; BCD_Down_Counter:U_COUNTER|high_bcd[2]                 ; Clock_Generator:U_CLK_GEN|clk_int ; Clock_Generator:U_CLK_GEN|clk_int ; 1.000        ; -0.080     ; 1.431      ;
; -0.507 ; BCD_Down_Counter:U_COUNTER|high_bcd[2]                 ; BCD_Down_Counter:U_COUNTER|high_bcd[0]                 ; Clock_Generator:U_CLK_GEN|clk_int ; Clock_Generator:U_CLK_GEN|clk_int ; 1.000        ; -0.080     ; 1.428      ;
; -0.499 ; BCD_Down_Counter:U_COUNTER|high_bcd[1]                 ; BCD_Down_Counter:U_COUNTER|high_bcd[0]                 ; Clock_Generator:U_CLK_GEN|clk_int ; Clock_Generator:U_CLK_GEN|clk_int ; 1.000        ; -0.080     ; 1.420      ;
; -0.430 ; Traffic_Light_FSM:U_FSM|load_value[5]                  ; BCD_Down_Counter:U_COUNTER|high_bcd[1]                 ; Clock_Generator:U_CLK_GEN|clk_int ; Clock_Generator:U_CLK_GEN|clk_int ; 1.000        ; -0.080     ; 1.351      ;
; -0.389 ; Traffic_Light_FSM:U_FSM|current_state.ST_IDLE          ; Traffic_Light_FSM:U_FSM|main_green                     ; Clock_Generator:U_CLK_GEN|clk_int ; Clock_Generator:U_CLK_GEN|clk_int ; 1.000        ; -0.080     ; 1.310      ;
; -0.388 ; Traffic_Light_FSM:U_FSM|current_state.ST_IDLE          ; Traffic_Light_FSM:U_FSM|current_state.ST_MAIN_GREEN    ; Clock_Generator:U_CLK_GEN|clk_int ; Clock_Generator:U_CLK_GEN|clk_int ; 1.000        ; -0.080     ; 1.309      ;
; -0.375 ; Traffic_Light_FSM:U_FSM|current_state.ST_BRANCH_YELLOW ; Traffic_Light_FSM:U_FSM|current_state.ST_IDLE          ; Clock_Generator:U_CLK_GEN|clk_int ; Clock_Generator:U_CLK_GEN|clk_int ; 1.000        ; -0.080     ; 1.296      ;
; -0.204 ; Traffic_Light_FSM:U_FSM|current_state.ST_BRANCH_GREEN  ; Traffic_Light_FSM:U_FSM|branch_green                   ; Clock_Generator:U_CLK_GEN|clk_int ; Clock_Generator:U_CLK_GEN|clk_int ; 1.000        ; -0.080     ; 1.125      ;
; -0.202 ; Traffic_Light_FSM:U_FSM|current_state.ST_BRANCH_GREEN  ; Traffic_Light_FSM:U_FSM|current_state.ST_BRANCH_YELLOW ; Clock_Generator:U_CLK_GEN|clk_int ; Clock_Generator:U_CLK_GEN|clk_int ; 1.000        ; -0.080     ; 1.123      ;
; -0.185 ; Traffic_Light_FSM:U_FSM|current_state.ST_MAIN_GREEN    ; Traffic_Light_FSM:U_FSM|current_state.ST_MAIN_YELLOW   ; Clock_Generator:U_CLK_GEN|clk_int ; Clock_Generator:U_CLK_GEN|clk_int ; 1.000        ; -0.080     ; 1.106      ;
; -0.184 ; Traffic_Light_FSM:U_FSM|current_state.ST_MAIN_GREEN    ; Traffic_Light_FSM:U_FSM|main_green                     ; Clock_Generator:U_CLK_GEN|clk_int ; Clock_Generator:U_CLK_GEN|clk_int ; 1.000        ; -0.080     ; 1.105      ;
; -0.157 ; Traffic_Light_FSM:U_FSM|current_state.ST_BRANCH_YELLOW ; Traffic_Light_FSM:U_FSM|branch_yellow                  ; Clock_Generator:U_CLK_GEN|clk_int ; Clock_Generator:U_CLK_GEN|clk_int ; 1.000        ; -0.080     ; 1.078      ;
; -0.154 ; Traffic_Light_FSM:U_FSM|current_state.ST_MAIN_GREEN    ; Traffic_Light_FSM:U_FSM|load_value[6]                  ; Clock_Generator:U_CLK_GEN|clk_int ; Clock_Generator:U_CLK_GEN|clk_int ; 1.000        ; -0.080     ; 1.075      ;
+--------+--------------------------------------------------------+--------------------------------------------------------+-----------------------------------+-----------------------------------+--------------+------------+------------+


+----------------------------------------------------------------------------------------------------------------------------------------------------------------------------------+
; Slow 1200mV 85C Model Hold: 'clk_50MHz'                                                                                                                                          ;
+-------+---------------------------------------+---------------------------------------+-----------------------------------+-------------+--------------+------------+------------+
; Slack ; From Node                             ; To Node                               ; Launch Clock                      ; Latch Clock ; Relationship ; Clock Skew ; Data Delay ;
+-------+---------------------------------------+---------------------------------------+-----------------------------------+-------------+--------------+------------+------------+
; 0.136 ; Clock_Generator:U_CLK_GEN|clk_int     ; Clock_Generator:U_CLK_GEN|clk_int     ; Clock_Generator:U_CLK_GEN|clk_int ; clk_50MHz   ; 0.000        ; 2.586      ; 3.225      ;
; 0.509 ; Clock_Generator:U_CLK_GEN|counter[25] ; Clock_Generator:U_CLK_GEN|counter[25] ; clk_50MHz                         ; clk_50MHz   ; 0.000        ; 0.081      ; 0.802      ;
; 0.527 ; Clock_Generator:U_CLK_GEN|clk_int     ; Clock_Generator:U_CLK_GEN|clk_int     ; Clock_Generator:U_CLK_GEN|clk_int ; clk_50MHz   ; -0.500       ; 2.586      ; 3.116      ;
; 0.744 ; Clock_Generator:U_CLK_GEN|counter[15] ; Clock_Generator:U_CLK_GEN|counter[15] ; clk_50MHz                         ; clk_50MHz   ; 0.000        ; 0.081      ; 1.037      ;
; 0.744 ; Clock_Generator:U_CLK_GEN|counter[3]  ; Clock_Generator:U_CLK_GEN|counter[3]  ; clk_50MHz                         ; clk_50MHz   ; 0.000        ; 0.081      ; 1.037      ;
; 0.745 ; Clock_Generator:U_CLK_GEN|counter[19] ; Clock_Generator:U_CLK_GEN|counter[19] ; clk_50MHz                         ; clk_50MHz   ; 0.000        ; 0.081      ; 1.038      ;
; 0.745 ; Clock_Generator:U_CLK_GEN|counter[17] ; Clock_Generator:U_CLK_GEN|counter[17] ; clk_50MHz                         ; clk_50MHz   ; 0.000        ; 0.081      ; 1.038      ;
; 0.745 ; Clock_Generator:U_CLK_GEN|counter[16] ; Clock_Generator:U_CLK_GEN|counter[16] ; clk_50MHz                         ; clk_50MHz   ; 0.000        ; 0.081      ; 1.038      ;
; 0.745 ; Clock_Generator:U_CLK_GEN|counter[8]  ; Clock_Generator:U_CLK_GEN|counter[8]  ; clk_50MHz                         ; clk_50MHz   ; 0.000        ; 0.081      ; 1.038      ;
; 0.745 ; Clock_Generator:U_CLK_GEN|counter[7]  ; Clock_Generator:U_CLK_GEN|counter[7]  ; clk_50MHz                         ; clk_50MHz   ; 0.000        ; 0.081      ; 1.038      ;
; 0.745 ; Clock_Generator:U_CLK_GEN|counter[5]  ; Clock_Generator:U_CLK_GEN|counter[5]  ; clk_50MHz                         ; clk_50MHz   ; 0.000        ; 0.081      ; 1.038      ;
; 0.746 ; Clock_Generator:U_CLK_GEN|counter[14] ; Clock_Generator:U_CLK_GEN|counter[14] ; clk_50MHz                         ; clk_50MHz   ; 0.000        ; 0.081      ; 1.039      ;
; 0.746 ; Clock_Generator:U_CLK_GEN|counter[2]  ; Clock_Generator:U_CLK_GEN|counter[2]  ; clk_50MHz                         ; clk_50MHz   ; 0.000        ; 0.081      ; 1.039      ;
; 0.747 ; Clock_Generator:U_CLK_GEN|counter[23] ; Clock_Generator:U_CLK_GEN|counter[23] ; clk_50MHz                         ; clk_50MHz   ; 0.000        ; 0.081      ; 1.040      ;
; 0.747 ; Clock_Generator:U_CLK_GEN|counter[21] ; Clock_Generator:U_CLK_GEN|counter[21] ; clk_50MHz                         ; clk_50MHz   ; 0.000        ; 0.081      ; 1.040      ;
; 0.747 ; Clock_Generator:U_CLK_GEN|counter[18] ; Clock_Generator:U_CLK_GEN|counter[18] ; clk_50MHz                         ; clk_50MHz   ; 0.000        ; 0.081      ; 1.040      ;
; 0.747 ; Clock_Generator:U_CLK_GEN|counter[6]  ; Clock_Generator:U_CLK_GEN|counter[6]  ; clk_50MHz                         ; clk_50MHz   ; 0.000        ; 0.081      ; 1.040      ;
; 0.748 ; Clock_Generator:U_CLK_GEN|counter[24] ; Clock_Generator:U_CLK_GEN|counter[24] ; clk_50MHz                         ; clk_50MHz   ; 0.000        ; 0.081      ; 1.041      ;
; 0.748 ; Clock_Generator:U_CLK_GEN|counter[4]  ; Clock_Generator:U_CLK_GEN|counter[4]  ; clk_50MHz                         ; clk_50MHz   ; 0.000        ; 0.081      ; 1.041      ;
; 0.749 ; Clock_Generator:U_CLK_GEN|counter[22] ; Clock_Generator:U_CLK_GEN|counter[22] ; clk_50MHz                         ; clk_50MHz   ; 0.000        ; 0.081      ; 1.042      ;
; 0.749 ; Clock_Generator:U_CLK_GEN|counter[20] ; Clock_Generator:U_CLK_GEN|counter[20] ; clk_50MHz                         ; clk_50MHz   ; 0.000        ; 0.081      ; 1.042      ;
; 0.762 ; Clock_Generator:U_CLK_GEN|counter[13] ; Clock_Generator:U_CLK_GEN|counter[13] ; clk_50MHz                         ; clk_50MHz   ; 0.000        ; 0.081      ; 1.055      ;
; 0.762 ; Clock_Generator:U_CLK_GEN|counter[12] ; Clock_Generator:U_CLK_GEN|counter[12] ; clk_50MHz                         ; clk_50MHz   ; 0.000        ; 0.081      ; 1.055      ;
; 0.762 ; Clock_Generator:U_CLK_GEN|counter[11] ; Clock_Generator:U_CLK_GEN|counter[11] ; clk_50MHz                         ; clk_50MHz   ; 0.000        ; 0.081      ; 1.055      ;
; 0.763 ; Clock_Generator:U_CLK_GEN|counter[10] ; Clock_Generator:U_CLK_GEN|counter[10] ; clk_50MHz                         ; clk_50MHz   ; 0.000        ; 0.081      ; 1.056      ;
; 0.763 ; Clock_Generator:U_CLK_GEN|counter[9]  ; Clock_Generator:U_CLK_GEN|counter[9]  ; clk_50MHz                         ; clk_50MHz   ; 0.000        ; 0.081      ; 1.056      ;
; 0.780 ; Clock_Generator:U_CLK_GEN|counter[0]  ; Clock_Generator:U_CLK_GEN|counter[0]  ; clk_50MHz                         ; clk_50MHz   ; 0.000        ; 0.081      ; 1.073      ;
; 1.098 ; Clock_Generator:U_CLK_GEN|counter[15] ; Clock_Generator:U_CLK_GEN|counter[16] ; clk_50MHz                         ; clk_50MHz   ; 0.000        ; 0.081      ; 1.391      ;
; 1.099 ; Clock_Generator:U_CLK_GEN|counter[7]  ; Clock_Generator:U_CLK_GEN|counter[8]  ; clk_50MHz                         ; clk_50MHz   ; 0.000        ; 0.081      ; 1.392      ;
; 1.099 ; Clock_Generator:U_CLK_GEN|counter[17] ; Clock_Generator:U_CLK_GEN|counter[18] ; clk_50MHz                         ; clk_50MHz   ; 0.000        ; 0.081      ; 1.392      ;
; 1.099 ; Clock_Generator:U_CLK_GEN|counter[5]  ; Clock_Generator:U_CLK_GEN|counter[6]  ; clk_50MHz                         ; clk_50MHz   ; 0.000        ; 0.081      ; 1.392      ;
; 1.099 ; Clock_Generator:U_CLK_GEN|counter[3]  ; Clock_Generator:U_CLK_GEN|counter[4]  ; clk_50MHz                         ; clk_50MHz   ; 0.000        ; 0.081      ; 1.392      ;
; 1.100 ; Clock_Generator:U_CLK_GEN|counter[19] ; Clock_Generator:U_CLK_GEN|counter[20] ; clk_50MHz                         ; clk_50MHz   ; 0.000        ; 0.081      ; 1.393      ;
; 1.101 ; Clock_Generator:U_CLK_GEN|counter[23] ; Clock_Generator:U_CLK_GEN|counter[24] ; clk_50MHz                         ; clk_50MHz   ; 0.000        ; 0.081      ; 1.394      ;
; 1.101 ; Clock_Generator:U_CLK_GEN|counter[21] ; Clock_Generator:U_CLK_GEN|counter[22] ; clk_50MHz                         ; clk_50MHz   ; 0.000        ; 0.081      ; 1.394      ;
; 1.106 ; Clock_Generator:U_CLK_GEN|counter[16] ; Clock_Generator:U_CLK_GEN|counter[17] ; clk_50MHz                         ; clk_50MHz   ; 0.000        ; 0.081      ; 1.399      ;
; 1.106 ; Clock_Generator:U_CLK_GEN|counter[8]  ; Clock_Generator:U_CLK_GEN|counter[9]  ; clk_50MHz                         ; clk_50MHz   ; 0.000        ; 0.081      ; 1.399      ;
; 1.107 ; Clock_Generator:U_CLK_GEN|counter[2]  ; Clock_Generator:U_CLK_GEN|counter[3]  ; clk_50MHz                         ; clk_50MHz   ; 0.000        ; 0.081      ; 1.400      ;
; 1.107 ; Clock_Generator:U_CLK_GEN|counter[14] ; Clock_Generator:U_CLK_GEN|counter[15] ; clk_50MHz                         ; clk_50MHz   ; 0.000        ; 0.081      ; 1.400      ;
; 1.108 ; Clock_Generator:U_CLK_GEN|counter[18] ; Clock_Generator:U_CLK_GEN|counter[19] ; clk_50MHz                         ; clk_50MHz   ; 0.000        ; 0.081      ; 1.401      ;
; 1.108 ; Clock_Generator:U_CLK_GEN|counter[6]  ; Clock_Generator:U_CLK_GEN|counter[7]  ; clk_50MHz                         ; clk_50MHz   ; 0.000        ; 0.081      ; 1.401      ;
; 1.109 ; Clock_Generator:U_CLK_GEN|counter[24] ; Clock_Generator:U_CLK_GEN|counter[25] ; clk_50MHz                         ; clk_50MHz   ; 0.000        ; 0.081      ; 1.402      ;
; 1.109 ; Clock_Generator:U_CLK_GEN|counter[4]  ; Clock_Generator:U_CLK_GEN|counter[5]  ; clk_50MHz                         ; clk_50MHz   ; 0.000        ; 0.081      ; 1.402      ;
; 1.110 ; Clock_Generator:U_CLK_GEN|counter[22] ; Clock_Generator:U_CLK_GEN|counter[23] ; clk_50MHz                         ; clk_50MHz   ; 0.000        ; 0.081      ; 1.403      ;
; 1.110 ; Clock_Generator:U_CLK_GEN|counter[20] ; Clock_Generator:U_CLK_GEN|counter[21] ; clk_50MHz                         ; clk_50MHz   ; 0.000        ; 0.081      ; 1.403      ;
; 1.115 ; Clock_Generator:U_CLK_GEN|counter[8]  ; Clock_Generator:U_CLK_GEN|counter[10] ; clk_50MHz                         ; clk_50MHz   ; 0.000        ; 0.081      ; 1.408      ;
; 1.115 ; Clock_Generator:U_CLK_GEN|counter[16] ; Clock_Generator:U_CLK_GEN|counter[18] ; clk_50MHz                         ; clk_50MHz   ; 0.000        ; 0.081      ; 1.408      ;
; 1.116 ; Clock_Generator:U_CLK_GEN|counter[13] ; Clock_Generator:U_CLK_GEN|counter[14] ; clk_50MHz                         ; clk_50MHz   ; 0.000        ; 0.081      ; 1.409      ;
; 1.116 ; Clock_Generator:U_CLK_GEN|counter[1]  ; Clock_Generator:U_CLK_GEN|counter[2]  ; clk_50MHz                         ; clk_50MHz   ; 0.000        ; 0.081      ; 1.409      ;
; 1.116 ; Clock_Generator:U_CLK_GEN|counter[11] ; Clock_Generator:U_CLK_GEN|counter[12] ; clk_50MHz                         ; clk_50MHz   ; 0.000        ; 0.081      ; 1.409      ;
; 1.116 ; Clock_Generator:U_CLK_GEN|counter[14] ; Clock_Generator:U_CLK_GEN|counter[16] ; clk_50MHz                         ; clk_50MHz   ; 0.000        ; 0.081      ; 1.409      ;
; 1.116 ; Clock_Generator:U_CLK_GEN|counter[2]  ; Clock_Generator:U_CLK_GEN|counter[4]  ; clk_50MHz                         ; clk_50MHz   ; 0.000        ; 0.081      ; 1.409      ;
; 1.117 ; Clock_Generator:U_CLK_GEN|counter[6]  ; Clock_Generator:U_CLK_GEN|counter[8]  ; clk_50MHz                         ; clk_50MHz   ; 0.000        ; 0.081      ; 1.410      ;
; 1.117 ; Clock_Generator:U_CLK_GEN|counter[18] ; Clock_Generator:U_CLK_GEN|counter[20] ; clk_50MHz                         ; clk_50MHz   ; 0.000        ; 0.081      ; 1.410      ;
; 1.117 ; Clock_Generator:U_CLK_GEN|counter[9]  ; Clock_Generator:U_CLK_GEN|counter[10] ; clk_50MHz                         ; clk_50MHz   ; 0.000        ; 0.081      ; 1.410      ;
; 1.118 ; Clock_Generator:U_CLK_GEN|counter[4]  ; Clock_Generator:U_CLK_GEN|counter[6]  ; clk_50MHz                         ; clk_50MHz   ; 0.000        ; 0.081      ; 1.411      ;
; 1.119 ; Clock_Generator:U_CLK_GEN|counter[22] ; Clock_Generator:U_CLK_GEN|counter[24] ; clk_50MHz                         ; clk_50MHz   ; 0.000        ; 0.081      ; 1.412      ;
; 1.119 ; Clock_Generator:U_CLK_GEN|counter[20] ; Clock_Generator:U_CLK_GEN|counter[22] ; clk_50MHz                         ; clk_50MHz   ; 0.000        ; 0.081      ; 1.412      ;
; 1.123 ; Clock_Generator:U_CLK_GEN|counter[12] ; Clock_Generator:U_CLK_GEN|counter[13] ; clk_50MHz                         ; clk_50MHz   ; 0.000        ; 0.081      ; 1.416      ;
; 1.124 ; Clock_Generator:U_CLK_GEN|counter[10] ; Clock_Generator:U_CLK_GEN|counter[11] ; clk_50MHz                         ; clk_50MHz   ; 0.000        ; 0.081      ; 1.417      ;
; 1.132 ; Clock_Generator:U_CLK_GEN|counter[12] ; Clock_Generator:U_CLK_GEN|counter[14] ; clk_50MHz                         ; clk_50MHz   ; 0.000        ; 0.081      ; 1.425      ;
; 1.133 ; Clock_Generator:U_CLK_GEN|counter[0]  ; Clock_Generator:U_CLK_GEN|counter[2]  ; clk_50MHz                         ; clk_50MHz   ; 0.000        ; 0.081      ; 1.426      ;
; 1.133 ; Clock_Generator:U_CLK_GEN|counter[10] ; Clock_Generator:U_CLK_GEN|counter[12] ; clk_50MHz                         ; clk_50MHz   ; 0.000        ; 0.081      ; 1.426      ;
; 1.229 ; Clock_Generator:U_CLK_GEN|counter[15] ; Clock_Generator:U_CLK_GEN|counter[17] ; clk_50MHz                         ; clk_50MHz   ; 0.000        ; 0.081      ; 1.522      ;
; 1.230 ; Clock_Generator:U_CLK_GEN|counter[7]  ; Clock_Generator:U_CLK_GEN|counter[9]  ; clk_50MHz                         ; clk_50MHz   ; 0.000        ; 0.081      ; 1.523      ;
; 1.230 ; Clock_Generator:U_CLK_GEN|counter[17] ; Clock_Generator:U_CLK_GEN|counter[19] ; clk_50MHz                         ; clk_50MHz   ; 0.000        ; 0.081      ; 1.523      ;
; 1.230 ; Clock_Generator:U_CLK_GEN|counter[5]  ; Clock_Generator:U_CLK_GEN|counter[7]  ; clk_50MHz                         ; clk_50MHz   ; 0.000        ; 0.081      ; 1.523      ;
; 1.230 ; Clock_Generator:U_CLK_GEN|counter[3]  ; Clock_Generator:U_CLK_GEN|counter[5]  ; clk_50MHz                         ; clk_50MHz   ; 0.000        ; 0.081      ; 1.523      ;
; 1.231 ; Clock_Generator:U_CLK_GEN|counter[19] ; Clock_Generator:U_CLK_GEN|counter[21] ; clk_50MHz                         ; clk_50MHz   ; 0.000        ; 0.081      ; 1.524      ;
; 1.232 ; Clock_Generator:U_CLK_GEN|counter[23] ; Clock_Generator:U_CLK_GEN|counter[25] ; clk_50MHz                         ; clk_50MHz   ; 0.000        ; 0.081      ; 1.525      ;
; 1.232 ; Clock_Generator:U_CLK_GEN|counter[21] ; Clock_Generator:U_CLK_GEN|counter[23] ; clk_50MHz                         ; clk_50MHz   ; 0.000        ; 0.081      ; 1.525      ;
; 1.238 ; Clock_Generator:U_CLK_GEN|counter[15] ; Clock_Generator:U_CLK_GEN|counter[18] ; clk_50MHz                         ; clk_50MHz   ; 0.000        ; 0.081      ; 1.531      ;
; 1.239 ; Clock_Generator:U_CLK_GEN|counter[7]  ; Clock_Generator:U_CLK_GEN|counter[10] ; clk_50MHz                         ; clk_50MHz   ; 0.000        ; 0.081      ; 1.532      ;
; 1.239 ; Clock_Generator:U_CLK_GEN|counter[5]  ; Clock_Generator:U_CLK_GEN|counter[8]  ; clk_50MHz                         ; clk_50MHz   ; 0.000        ; 0.081      ; 1.532      ;
; 1.239 ; Clock_Generator:U_CLK_GEN|counter[17] ; Clock_Generator:U_CLK_GEN|counter[20] ; clk_50MHz                         ; clk_50MHz   ; 0.000        ; 0.081      ; 1.532      ;
; 1.239 ; Clock_Generator:U_CLK_GEN|counter[3]  ; Clock_Generator:U_CLK_GEN|counter[6]  ; clk_50MHz                         ; clk_50MHz   ; 0.000        ; 0.081      ; 1.532      ;
; 1.240 ; Clock_Generator:U_CLK_GEN|counter[19] ; Clock_Generator:U_CLK_GEN|counter[22] ; clk_50MHz                         ; clk_50MHz   ; 0.000        ; 0.081      ; 1.533      ;
; 1.241 ; Clock_Generator:U_CLK_GEN|counter[21] ; Clock_Generator:U_CLK_GEN|counter[24] ; clk_50MHz                         ; clk_50MHz   ; 0.000        ; 0.081      ; 1.534      ;
; 1.246 ; Clock_Generator:U_CLK_GEN|counter[8]  ; Clock_Generator:U_CLK_GEN|counter[11] ; clk_50MHz                         ; clk_50MHz   ; 0.000        ; 0.081      ; 1.539      ;
; 1.246 ; Clock_Generator:U_CLK_GEN|counter[16] ; Clock_Generator:U_CLK_GEN|counter[19] ; clk_50MHz                         ; clk_50MHz   ; 0.000        ; 0.081      ; 1.539      ;
; 1.247 ; Clock_Generator:U_CLK_GEN|counter[1]  ; Clock_Generator:U_CLK_GEN|counter[3]  ; clk_50MHz                         ; clk_50MHz   ; 0.000        ; 0.081      ; 1.540      ;
; 1.247 ; Clock_Generator:U_CLK_GEN|counter[13] ; Clock_Generator:U_CLK_GEN|counter[15] ; clk_50MHz                         ; clk_50MHz   ; 0.000        ; 0.081      ; 1.540      ;
; 1.247 ; Clock_Generator:U_CLK_GEN|counter[11] ; Clock_Generator:U_CLK_GEN|counter[13] ; clk_50MHz                         ; clk_50MHz   ; 0.000        ; 0.081      ; 1.540      ;
; 1.247 ; Clock_Generator:U_CLK_GEN|counter[14] ; Clock_Generator:U_CLK_GEN|counter[17] ; clk_50MHz                         ; clk_50MHz   ; 0.000        ; 0.081      ; 1.540      ;
; 1.247 ; Clock_Generator:U_CLK_GEN|counter[2]  ; Clock_Generator:U_CLK_GEN|counter[5]  ; clk_50MHz                         ; clk_50MHz   ; 0.000        ; 0.081      ; 1.540      ;
; 1.248 ; Clock_Generator:U_CLK_GEN|counter[6]  ; Clock_Generator:U_CLK_GEN|counter[9]  ; clk_50MHz                         ; clk_50MHz   ; 0.000        ; 0.081      ; 1.541      ;
; 1.248 ; Clock_Generator:U_CLK_GEN|counter[18] ; Clock_Generator:U_CLK_GEN|counter[21] ; clk_50MHz                         ; clk_50MHz   ; 0.000        ; 0.081      ; 1.541      ;
; 1.248 ; Clock_Generator:U_CLK_GEN|counter[9]  ; Clock_Generator:U_CLK_GEN|counter[11] ; clk_50MHz                         ; clk_50MHz   ; 0.000        ; 0.081      ; 1.541      ;
; 1.249 ; Clock_Generator:U_CLK_GEN|counter[4]  ; Clock_Generator:U_CLK_GEN|counter[7]  ; clk_50MHz                         ; clk_50MHz   ; 0.000        ; 0.081      ; 1.542      ;
; 1.250 ; Clock_Generator:U_CLK_GEN|counter[22] ; Clock_Generator:U_CLK_GEN|counter[25] ; clk_50MHz                         ; clk_50MHz   ; 0.000        ; 0.081      ; 1.543      ;
; 1.250 ; Clock_Generator:U_CLK_GEN|counter[20] ; Clock_Generator:U_CLK_GEN|counter[23] ; clk_50MHz                         ; clk_50MHz   ; 0.000        ; 0.081      ; 1.543      ;
; 1.255 ; Clock_Generator:U_CLK_GEN|counter[8]  ; Clock_Generator:U_CLK_GEN|counter[12] ; clk_50MHz                         ; clk_50MHz   ; 0.000        ; 0.081      ; 1.548      ;
; 1.255 ; Clock_Generator:U_CLK_GEN|counter[16] ; Clock_Generator:U_CLK_GEN|counter[20] ; clk_50MHz                         ; clk_50MHz   ; 0.000        ; 0.081      ; 1.548      ;
; 1.256 ; Clock_Generator:U_CLK_GEN|counter[13] ; Clock_Generator:U_CLK_GEN|counter[16] ; clk_50MHz                         ; clk_50MHz   ; 0.000        ; 0.081      ; 1.549      ;
; 1.256 ; Clock_Generator:U_CLK_GEN|counter[1]  ; Clock_Generator:U_CLK_GEN|counter[4]  ; clk_50MHz                         ; clk_50MHz   ; 0.000        ; 0.081      ; 1.549      ;
; 1.256 ; Clock_Generator:U_CLK_GEN|counter[11] ; Clock_Generator:U_CLK_GEN|counter[14] ; clk_50MHz                         ; clk_50MHz   ; 0.000        ; 0.081      ; 1.549      ;
; 1.256 ; Clock_Generator:U_CLK_GEN|counter[14] ; Clock_Generator:U_CLK_GEN|counter[18] ; clk_50MHz                         ; clk_50MHz   ; 0.000        ; 0.081      ; 1.549      ;
; 1.256 ; Clock_Generator:U_CLK_GEN|counter[2]  ; Clock_Generator:U_CLK_GEN|counter[6]  ; clk_50MHz                         ; clk_50MHz   ; 0.000        ; 0.081      ; 1.549      ;
; 1.257 ; Clock_Generator:U_CLK_GEN|counter[6]  ; Clock_Generator:U_CLK_GEN|counter[10] ; clk_50MHz                         ; clk_50MHz   ; 0.000        ; 0.081      ; 1.550      ;
; 1.257 ; Clock_Generator:U_CLK_GEN|counter[18] ; Clock_Generator:U_CLK_GEN|counter[22] ; clk_50MHz                         ; clk_50MHz   ; 0.000        ; 0.081      ; 1.550      ;
+-------+---------------------------------------+---------------------------------------+-----------------------------------+-------------+--------------+------------+------------+


+------------------------------------------------------------------------------------------------------------------------------------------------------------------------------------------------------------------------------------------+
; Slow 1200mV 85C Model Hold: 'Clock_Generator:U_CLK_GEN|clk_int'                                                                                                                                                                          ;
+-------+--------------------------------------------------------+--------------------------------------------------------+-----------------------------------+-----------------------------------+--------------+------------+------------+
; Slack ; From Node                                              ; To Node                                                ; Launch Clock                      ; Latch Clock                       ; Relationship ; Clock Skew ; Data Delay ;
+-------+--------------------------------------------------------+--------------------------------------------------------+-----------------------------------+-----------------------------------+--------------+------------+------------+
; 0.454 ; Traffic_Light_FSM:U_FSM|current_state.ST_IDLE          ; Traffic_Light_FSM:U_FSM|current_state.ST_IDLE          ; Clock_Generator:U_CLK_GEN|clk_int ; Clock_Generator:U_CLK_GEN|clk_int ; 0.000        ; 0.080      ; 0.746      ;
; 0.454 ; Traffic_Light_FSM:U_FSM|current_state.ST_MAIN_GREEN    ; Traffic_Light_FSM:U_FSM|current_state.ST_MAIN_GREEN    ; Clock_Generator:U_CLK_GEN|clk_int ; Clock_Generator:U_CLK_GEN|clk_int ; 0.000        ; 0.080      ; 0.746      ;
; 0.454 ; BCD_Down_Counter:U_COUNTER|low_bcd[1]                  ; BCD_Down_Counter:U_COUNTER|low_bcd[1]                  ; Clock_Generator:U_CLK_GEN|clk_int ; Clock_Generator:U_CLK_GEN|clk_int ; 0.000        ; 0.080      ; 0.746      ;
; 0.466 ; BCD_Down_Counter:U_COUNTER|high_bcd[0]                 ; BCD_Down_Counter:U_COUNTER|high_bcd[0]                 ; Clock_Generator:U_CLK_GEN|clk_int ; Clock_Generator:U_CLK_GEN|clk_int ; 0.000        ; 0.080      ; 0.758      ;
; 0.466 ; BCD_Down_Counter:U_COUNTER|low_bcd[0]                  ; BCD_Down_Counter:U_COUNTER|low_bcd[0]                  ; Clock_Generator:U_CLK_GEN|clk_int ; Clock_Generator:U_CLK_GEN|clk_int ; 0.000        ; 0.080      ; 0.758      ;
; 0.508 ; Traffic_Light_FSM:U_FSM|current_state.ST_MAIN_YELLOW   ; Traffic_Light_FSM:U_FSM|current_state.ST_BRANCH_GREEN  ; Clock_Generator:U_CLK_GEN|clk_int ; Clock_Generator:U_CLK_GEN|clk_int ; 0.000        ; 0.080      ; 0.800      ;
; 0.512 ; Traffic_Light_FSM:U_FSM|current_state.ST_MAIN_YELLOW   ; Traffic_Light_FSM:U_FSM|main_yellow                    ; Clock_Generator:U_CLK_GEN|clk_int ; Clock_Generator:U_CLK_GEN|clk_int ; 0.000        ; 0.080      ; 0.804      ;
; 0.518 ; BCD_Down_Counter:U_COUNTER|low_bcd[0]                  ; BCD_Down_Counter:U_COUNTER|low_bcd[1]                  ; Clock_Generator:U_CLK_GEN|clk_int ; Clock_Generator:U_CLK_GEN|clk_int ; 0.000        ; 0.080      ; 0.810      ;
; 0.676 ; Traffic_Light_FSM:U_FSM|current_state.ST_MAIN_GREEN    ; Traffic_Light_FSM:U_FSM|current_state.ST_MAIN_YELLOW   ; Clock_Generator:U_CLK_GEN|clk_int ; Clock_Generator:U_CLK_GEN|clk_int ; 0.000        ; 0.080      ; 0.968      ;
; 0.676 ; Traffic_Light_FSM:U_FSM|current_state.ST_MAIN_GREEN    ; Traffic_Light_FSM:U_FSM|main_green                     ; Clock_Generator:U_CLK_GEN|clk_int ; Clock_Generator:U_CLK_GEN|clk_int ; 0.000        ; 0.080      ; 0.968      ;
; 0.686 ; Traffic_Light_FSM:U_FSM|current_state.ST_BRANCH_GREEN  ; Traffic_Light_FSM:U_FSM|current_state.ST_BRANCH_YELLOW ; Clock_Generator:U_CLK_GEN|clk_int ; Clock_Generator:U_CLK_GEN|clk_int ; 0.000        ; 0.080      ; 0.978      ;
; 0.686 ; Traffic_Light_FSM:U_FSM|load_value[0]                  ; BCD_Down_Counter:U_COUNTER|high_bcd[2]                 ; Clock_Generator:U_CLK_GEN|clk_int ; Clock_Generator:U_CLK_GEN|clk_int ; 0.000        ; 0.080      ; 0.978      ;
; 0.688 ; Traffic_Light_FSM:U_FSM|current_state.ST_BRANCH_GREEN  ; Traffic_Light_FSM:U_FSM|branch_green                   ; Clock_Generator:U_CLK_GEN|clk_int ; Clock_Generator:U_CLK_GEN|clk_int ; 0.000        ; 0.080      ; 0.980      ;
; 0.703 ; Traffic_Light_FSM:U_FSM|current_state.ST_BRANCH_GREEN  ; Traffic_Light_FSM:U_FSM|load_value[5]                  ; Clock_Generator:U_CLK_GEN|clk_int ; Clock_Generator:U_CLK_GEN|clk_int ; 0.000        ; 0.080      ; 0.995      ;
; 0.715 ; Traffic_Light_FSM:U_FSM|current_state.ST_MAIN_GREEN    ; Traffic_Light_FSM:U_FSM|load_value[6]                  ; Clock_Generator:U_CLK_GEN|clk_int ; Clock_Generator:U_CLK_GEN|clk_int ; 0.000        ; 0.080      ; 1.007      ;
; 0.725 ; Traffic_Light_FSM:U_FSM|current_state.ST_BRANCH_YELLOW ; Traffic_Light_FSM:U_FSM|branch_yellow                  ; Clock_Generator:U_CLK_GEN|clk_int ; Clock_Generator:U_CLK_GEN|clk_int ; 0.000        ; 0.080      ; 1.017      ;
; 0.725 ; Traffic_Light_FSM:U_FSM|load_value[0]                  ; BCD_Down_Counter:U_COUNTER|high_bcd[0]                 ; Clock_Generator:U_CLK_GEN|clk_int ; Clock_Generator:U_CLK_GEN|clk_int ; 0.000        ; 0.080      ; 1.017      ;
; 0.731 ; Traffic_Light_FSM:U_FSM|load_value[0]                  ; BCD_Down_Counter:U_COUNTER|high_bcd[1]                 ; Clock_Generator:U_CLK_GEN|clk_int ; Clock_Generator:U_CLK_GEN|clk_int ; 0.000        ; 0.080      ; 1.023      ;
; 0.797 ; Traffic_Light_FSM:U_FSM|current_state.ST_IDLE          ; Traffic_Light_FSM:U_FSM|current_state.ST_MAIN_GREEN    ; Clock_Generator:U_CLK_GEN|clk_int ; Clock_Generator:U_CLK_GEN|clk_int ; 0.000        ; 0.080      ; 1.089      ;
; 0.804 ; Traffic_Light_FSM:U_FSM|current_state.ST_IDLE          ; Traffic_Light_FSM:U_FSM|main_green                     ; Clock_Generator:U_CLK_GEN|clk_int ; Clock_Generator:U_CLK_GEN|clk_int ; 0.000        ; 0.080      ; 1.096      ;
; 0.846 ; Traffic_Light_FSM:U_FSM|current_state.ST_BRANCH_YELLOW ; Traffic_Light_FSM:U_FSM|current_state.ST_IDLE          ; Clock_Generator:U_CLK_GEN|clk_int ; Clock_Generator:U_CLK_GEN|clk_int ; 0.000        ; 0.080      ; 1.138      ;
; 0.932 ; BCD_Down_Counter:U_COUNTER|high_bcd[1]                 ; BCD_Down_Counter:U_COUNTER|high_bcd[0]                 ; Clock_Generator:U_CLK_GEN|clk_int ; Clock_Generator:U_CLK_GEN|clk_int ; 0.000        ; 0.080      ; 1.224      ;
; 0.935 ; BCD_Down_Counter:U_COUNTER|high_bcd[2]                 ; BCD_Down_Counter:U_COUNTER|high_bcd[0]                 ; Clock_Generator:U_CLK_GEN|clk_int ; Clock_Generator:U_CLK_GEN|clk_int ; 0.000        ; 0.080      ; 1.227      ;
; 0.945 ; Traffic_Light_FSM:U_FSM|load_value[5]                  ; BCD_Down_Counter:U_COUNTER|high_bcd[1]                 ; Clock_Generator:U_CLK_GEN|clk_int ; Clock_Generator:U_CLK_GEN|clk_int ; 0.000        ; 0.080      ; 1.237      ;
; 1.004 ; BCD_Down_Counter:U_COUNTER|high_bcd[2]                 ; BCD_Down_Counter:U_COUNTER|high_bcd[2]                 ; Clock_Generator:U_CLK_GEN|clk_int ; Clock_Generator:U_CLK_GEN|clk_int ; 0.000        ; 0.080      ; 1.296      ;
; 1.033 ; Traffic_Light_FSM:U_FSM|load_value[6]                  ; BCD_Down_Counter:U_COUNTER|high_bcd[2]                 ; Clock_Generator:U_CLK_GEN|clk_int ; Clock_Generator:U_CLK_GEN|clk_int ; 0.000        ; 0.080      ; 1.325      ;
; 1.079 ; BCD_Down_Counter:U_COUNTER|low_bcd[3]                  ; BCD_Down_Counter:U_COUNTER|low_bcd[3]                  ; Clock_Generator:U_CLK_GEN|clk_int ; Clock_Generator:U_CLK_GEN|clk_int ; 0.000        ; 0.080      ; 1.371      ;
; 1.096 ; Traffic_Light_FSM:U_FSM|current_state.ST_BRANCH_GREEN  ; Traffic_Light_FSM:U_FSM|branch_red                     ; Clock_Generator:U_CLK_GEN|clk_int ; Clock_Generator:U_CLK_GEN|clk_int ; 0.000        ; 0.080      ; 1.388      ;
; 1.141 ; Traffic_Light_FSM:U_FSM|current_state.ST_BRANCH_YELLOW ; Traffic_Light_FSM:U_FSM|branch_red                     ; Clock_Generator:U_CLK_GEN|clk_int ; Clock_Generator:U_CLK_GEN|clk_int ; 0.000        ; 0.080      ; 1.433      ;
; 1.172 ; Traffic_Light_FSM:U_FSM|current_state.ST_IDLE          ; Traffic_Light_FSM:U_FSM|load_value[0]                  ; Clock_Generator:U_CLK_GEN|clk_int ; Clock_Generator:U_CLK_GEN|clk_int ; 0.000        ; 0.080      ; 1.464      ;
; 1.255 ; BCD_Down_Counter:U_COUNTER|low_bcd[2]                  ; BCD_Down_Counter:U_COUNTER|low_bcd[2]                  ; Clock_Generator:U_CLK_GEN|clk_int ; Clock_Generator:U_CLK_GEN|clk_int ; 0.000        ; 0.080      ; 1.547      ;
; 1.259 ; BCD_Down_Counter:U_COUNTER|high_bcd[0]                 ; BCD_Down_Counter:U_COUNTER|high_bcd[2]                 ; Clock_Generator:U_CLK_GEN|clk_int ; Clock_Generator:U_CLK_GEN|clk_int ; 0.000        ; 0.080      ; 1.551      ;
; 1.263 ; Traffic_Light_FSM:U_FSM|load_value[0]                  ; BCD_Down_Counter:U_COUNTER|low_bcd[2]                  ; Clock_Generator:U_CLK_GEN|clk_int ; Clock_Generator:U_CLK_GEN|clk_int ; 0.000        ; 0.080      ; 1.555      ;
; 1.263 ; BCD_Down_Counter:U_COUNTER|high_bcd[1]                 ; BCD_Down_Counter:U_COUNTER|high_bcd[2]                 ; Clock_Generator:U_CLK_GEN|clk_int ; Clock_Generator:U_CLK_GEN|clk_int ; 0.000        ; 0.080      ; 1.555      ;
; 1.268 ; BCD_Down_Counter:U_COUNTER|low_bcd[3]                  ; BCD_Down_Counter:U_COUNTER|low_bcd[1]                  ; Clock_Generator:U_CLK_GEN|clk_int ; Clock_Generator:U_CLK_GEN|clk_int ; 0.000        ; 0.080      ; 1.560      ;
; 1.271 ; BCD_Down_Counter:U_COUNTER|low_bcd[3]                  ; BCD_Down_Counter:U_COUNTER|low_bcd[2]                  ; Clock_Generator:U_CLK_GEN|clk_int ; Clock_Generator:U_CLK_GEN|clk_int ; 0.000        ; 0.080      ; 1.563      ;
; 1.273 ; BCD_Down_Counter:U_COUNTER|low_bcd[3]                  ; BCD_Down_Counter:U_COUNTER|low_bcd[0]                  ; Clock_Generator:U_CLK_GEN|clk_int ; Clock_Generator:U_CLK_GEN|clk_int ; 0.000        ; 0.080      ; 1.565      ;
; 1.286 ; Traffic_Light_FSM:U_FSM|load_value[0]                  ; BCD_Down_Counter:U_COUNTER|low_bcd[3]                  ; Clock_Generator:U_CLK_GEN|clk_int ; Clock_Generator:U_CLK_GEN|clk_int ; 0.000        ; 0.080      ; 1.578      ;
; 1.291 ; Traffic_Light_FSM:U_FSM|current_state.ST_BRANCH_YELLOW ; Traffic_Light_FSM:U_FSM|main_red                       ; Clock_Generator:U_CLK_GEN|clk_int ; Clock_Generator:U_CLK_GEN|clk_int ; 0.000        ; 0.080      ; 1.583      ;
; 1.296 ; Traffic_Light_FSM:U_FSM|load_value[0]                  ; BCD_Down_Counter:U_COUNTER|low_bcd[0]                  ; Clock_Generator:U_CLK_GEN|clk_int ; Clock_Generator:U_CLK_GEN|clk_int ; 0.000        ; 0.080      ; 1.588      ;
; 1.318 ; Traffic_Light_FSM:U_FSM|current_state.ST_BRANCH_GREEN  ; Traffic_Light_FSM:U_FSM|main_red                       ; Clock_Generator:U_CLK_GEN|clk_int ; Clock_Generator:U_CLK_GEN|clk_int ; 0.000        ; 0.080      ; 1.610      ;
; 1.320 ; Traffic_Light_FSM:U_FSM|load_value[0]                  ; BCD_Down_Counter:U_COUNTER|low_bcd[1]                  ; Clock_Generator:U_CLK_GEN|clk_int ; Clock_Generator:U_CLK_GEN|clk_int ; 0.000        ; 0.080      ; 1.612      ;
; 1.351 ; BCD_Down_Counter:U_COUNTER|high_bcd[0]                 ; BCD_Down_Counter:U_COUNTER|low_bcd[3]                  ; Clock_Generator:U_CLK_GEN|clk_int ; Clock_Generator:U_CLK_GEN|clk_int ; 0.000        ; 0.080      ; 1.643      ;
; 1.353 ; BCD_Down_Counter:U_COUNTER|high_bcd[0]                 ; BCD_Down_Counter:U_COUNTER|low_bcd[0]                  ; Clock_Generator:U_CLK_GEN|clk_int ; Clock_Generator:U_CLK_GEN|clk_int ; 0.000        ; 0.080      ; 1.645      ;
; 1.402 ; BCD_Down_Counter:U_COUNTER|low_bcd[2]                  ; BCD_Down_Counter:U_COUNTER|low_bcd[1]                  ; Clock_Generator:U_CLK_GEN|clk_int ; Clock_Generator:U_CLK_GEN|clk_int ; 0.000        ; 0.080      ; 1.694      ;
; 1.407 ; BCD_Down_Counter:U_COUNTER|low_bcd[2]                  ; BCD_Down_Counter:U_COUNTER|low_bcd[0]                  ; Clock_Generator:U_CLK_GEN|clk_int ; Clock_Generator:U_CLK_GEN|clk_int ; 0.000        ; 0.080      ; 1.699      ;
; 1.413 ; BCD_Down_Counter:U_COUNTER|low_bcd[2]                  ; BCD_Down_Counter:U_COUNTER|low_bcd[3]                  ; Clock_Generator:U_CLK_GEN|clk_int ; Clock_Generator:U_CLK_GEN|clk_int ; 0.000        ; 0.080      ; 1.705      ;
; 1.476 ; BCD_Down_Counter:U_COUNTER|high_bcd[1]                 ; BCD_Down_Counter:U_COUNTER|low_bcd[3]                  ; Clock_Generator:U_CLK_GEN|clk_int ; Clock_Generator:U_CLK_GEN|clk_int ; 0.000        ; 0.080      ; 1.768      ;
; 1.478 ; BCD_Down_Counter:U_COUNTER|low_bcd[0]                  ; BCD_Down_Counter:U_COUNTER|low_bcd[3]                  ; Clock_Generator:U_CLK_GEN|clk_int ; Clock_Generator:U_CLK_GEN|clk_int ; 0.000        ; 0.080      ; 1.770      ;
; 1.478 ; BCD_Down_Counter:U_COUNTER|high_bcd[1]                 ; BCD_Down_Counter:U_COUNTER|low_bcd[0]                  ; Clock_Generator:U_CLK_GEN|clk_int ; Clock_Generator:U_CLK_GEN|clk_int ; 0.000        ; 0.080      ; 1.770      ;
; 1.479 ; BCD_Down_Counter:U_COUNTER|high_bcd[2]                 ; BCD_Down_Counter:U_COUNTER|low_bcd[3]                  ; Clock_Generator:U_CLK_GEN|clk_int ; Clock_Generator:U_CLK_GEN|clk_int ; 0.000        ; 0.080      ; 1.771      ;
; 1.481 ; BCD_Down_Counter:U_COUNTER|high_bcd[2]                 ; BCD_Down_Counter:U_COUNTER|low_bcd[0]                  ; Clock_Generator:U_CLK_GEN|clk_int ; Clock_Generator:U_CLK_GEN|clk_int ; 0.000        ; 0.080      ; 1.773      ;
; 1.508 ; BCD_Down_Counter:U_COUNTER|high_bcd[2]                 ; Traffic_Light_FSM:U_FSM|current_state.ST_IDLE          ; Clock_Generator:U_CLK_GEN|clk_int ; Clock_Generator:U_CLK_GEN|clk_int ; 0.000        ; 0.080      ; 1.800      ;
; 1.509 ; BCD_Down_Counter:U_COUNTER|high_bcd[2]                 ; Traffic_Light_FSM:U_FSM|current_state.ST_MAIN_GREEN    ; Clock_Generator:U_CLK_GEN|clk_int ; Clock_Generator:U_CLK_GEN|clk_int ; 0.000        ; 0.080      ; 1.801      ;
; 1.546 ; BCD_Down_Counter:U_COUNTER|high_bcd[2]                 ; BCD_Down_Counter:U_COUNTER|high_bcd[1]                 ; Clock_Generator:U_CLK_GEN|clk_int ; Clock_Generator:U_CLK_GEN|clk_int ; 0.000        ; 0.080      ; 1.838      ;
; 1.566 ; BCD_Down_Counter:U_COUNTER|low_bcd[3]                  ; Traffic_Light_FSM:U_FSM|current_state.ST_IDLE          ; Clock_Generator:U_CLK_GEN|clk_int ; Clock_Generator:U_CLK_GEN|clk_int ; 0.000        ; 0.080      ; 1.858      ;
; 1.567 ; BCD_Down_Counter:U_COUNTER|low_bcd[3]                  ; Traffic_Light_FSM:U_FSM|current_state.ST_MAIN_GREEN    ; Clock_Generator:U_CLK_GEN|clk_int ; Clock_Generator:U_CLK_GEN|clk_int ; 0.000        ; 0.080      ; 1.859      ;
; 1.583 ; BCD_Down_Counter:U_COUNTER|low_bcd[1]                  ; BCD_Down_Counter:U_COUNTER|low_bcd[2]                  ; Clock_Generator:U_CLK_GEN|clk_int ; Clock_Generator:U_CLK_GEN|clk_int ; 0.000        ; 0.080      ; 1.875      ;
; 1.585 ; BCD_Down_Counter:U_COUNTER|low_bcd[1]                  ; BCD_Down_Counter:U_COUNTER|low_bcd[0]                  ; Clock_Generator:U_CLK_GEN|clk_int ; Clock_Generator:U_CLK_GEN|clk_int ; 0.000        ; 0.080      ; 1.877      ;
; 1.591 ; BCD_Down_Counter:U_COUNTER|low_bcd[0]                  ; BCD_Down_Counter:U_COUNTER|low_bcd[2]                  ; Clock_Generator:U_CLK_GEN|clk_int ; Clock_Generator:U_CLK_GEN|clk_int ; 0.000        ; 0.080      ; 1.883      ;
; 1.591 ; BCD_Down_Counter:U_COUNTER|low_bcd[1]                  ; BCD_Down_Counter:U_COUNTER|low_bcd[3]                  ; Clock_Generator:U_CLK_GEN|clk_int ; Clock_Generator:U_CLK_GEN|clk_int ; 0.000        ; 0.080      ; 1.883      ;
; 1.659 ; BCD_Down_Counter:U_COUNTER|high_bcd[1]                 ; Traffic_Light_FSM:U_FSM|current_state.ST_IDLE          ; Clock_Generator:U_CLK_GEN|clk_int ; Clock_Generator:U_CLK_GEN|clk_int ; 0.000        ; 0.080      ; 1.951      ;
; 1.660 ; BCD_Down_Counter:U_COUNTER|high_bcd[1]                 ; Traffic_Light_FSM:U_FSM|current_state.ST_MAIN_GREEN    ; Clock_Generator:U_CLK_GEN|clk_int ; Clock_Generator:U_CLK_GEN|clk_int ; 0.000        ; 0.080      ; 1.952      ;
; 1.674 ; BCD_Down_Counter:U_COUNTER|high_bcd[0]                 ; Traffic_Light_FSM:U_FSM|current_state.ST_IDLE          ; Clock_Generator:U_CLK_GEN|clk_int ; Clock_Generator:U_CLK_GEN|clk_int ; 0.000        ; 0.080      ; 1.966      ;
; 1.675 ; BCD_Down_Counter:U_COUNTER|high_bcd[0]                 ; Traffic_Light_FSM:U_FSM|current_state.ST_MAIN_GREEN    ; Clock_Generator:U_CLK_GEN|clk_int ; Clock_Generator:U_CLK_GEN|clk_int ; 0.000        ; 0.080      ; 1.967      ;
; 1.728 ; BCD_Down_Counter:U_COUNTER|low_bcd[2]                  ; Traffic_Light_FSM:U_FSM|current_state.ST_IDLE          ; Clock_Generator:U_CLK_GEN|clk_int ; Clock_Generator:U_CLK_GEN|clk_int ; 0.000        ; 0.080      ; 2.020      ;
; 1.729 ; BCD_Down_Counter:U_COUNTER|low_bcd[2]                  ; Traffic_Light_FSM:U_FSM|current_state.ST_MAIN_GREEN    ; Clock_Generator:U_CLK_GEN|clk_int ; Clock_Generator:U_CLK_GEN|clk_int ; 0.000        ; 0.080      ; 2.021      ;
; 1.736 ; BCD_Down_Counter:U_COUNTER|high_bcd[0]                 ; BCD_Down_Counter:U_COUNTER|high_bcd[1]                 ; Clock_Generator:U_CLK_GEN|clk_int ; Clock_Generator:U_CLK_GEN|clk_int ; 0.000        ; 0.080      ; 2.028      ;
; 1.738 ; BCD_Down_Counter:U_COUNTER|high_bcd[1]                 ; BCD_Down_Counter:U_COUNTER|high_bcd[1]                 ; Clock_Generator:U_CLK_GEN|clk_int ; Clock_Generator:U_CLK_GEN|clk_int ; 0.000        ; 0.080      ; 2.030      ;
; 1.905 ; BCD_Down_Counter:U_COUNTER|low_bcd[1]                  ; Traffic_Light_FSM:U_FSM|current_state.ST_IDLE          ; Clock_Generator:U_CLK_GEN|clk_int ; Clock_Generator:U_CLK_GEN|clk_int ; 0.000        ; 0.080      ; 2.197      ;
; 1.906 ; BCD_Down_Counter:U_COUNTER|low_bcd[1]                  ; Traffic_Light_FSM:U_FSM|current_state.ST_MAIN_GREEN    ; Clock_Generator:U_CLK_GEN|clk_int ; Clock_Generator:U_CLK_GEN|clk_int ; 0.000        ; 0.080      ; 2.198      ;
; 1.907 ; BCD_Down_Counter:U_COUNTER|low_bcd[0]                  ; Traffic_Light_FSM:U_FSM|current_state.ST_IDLE          ; Clock_Generator:U_CLK_GEN|clk_int ; Clock_Generator:U_CLK_GEN|clk_int ; 0.000        ; 0.080      ; 2.199      ;
; 1.908 ; BCD_Down_Counter:U_COUNTER|low_bcd[0]                  ; Traffic_Light_FSM:U_FSM|current_state.ST_MAIN_GREEN    ; Clock_Generator:U_CLK_GEN|clk_int ; Clock_Generator:U_CLK_GEN|clk_int ; 0.000        ; 0.080      ; 2.200      ;
; 2.188 ; BCD_Down_Counter:U_COUNTER|high_bcd[2]                 ; Traffic_Light_FSM:U_FSM|current_state.ST_BRANCH_YELLOW ; Clock_Generator:U_CLK_GEN|clk_int ; Clock_Generator:U_CLK_GEN|clk_int ; 0.000        ; 0.080      ; 2.480      ;
; 2.188 ; BCD_Down_Counter:U_COUNTER|high_bcd[2]                 ; Traffic_Light_FSM:U_FSM|current_state.ST_BRANCH_GREEN  ; Clock_Generator:U_CLK_GEN|clk_int ; Clock_Generator:U_CLK_GEN|clk_int ; 0.000        ; 0.080      ; 2.480      ;
; 2.188 ; BCD_Down_Counter:U_COUNTER|high_bcd[2]                 ; Traffic_Light_FSM:U_FSM|current_state.ST_MAIN_YELLOW   ; Clock_Generator:U_CLK_GEN|clk_int ; Clock_Generator:U_CLK_GEN|clk_int ; 0.000        ; 0.080      ; 2.480      ;
; 2.222 ; BCD_Down_Counter:U_COUNTER|low_bcd[3]                  ; BCD_Down_Counter:U_COUNTER|high_bcd[0]                 ; Clock_Generator:U_CLK_GEN|clk_int ; Clock_Generator:U_CLK_GEN|clk_int ; 0.000        ; 0.080      ; 2.514      ;
; 2.222 ; BCD_Down_Counter:U_COUNTER|low_bcd[3]                  ; BCD_Down_Counter:U_COUNTER|high_bcd[1]                 ; Clock_Generator:U_CLK_GEN|clk_int ; Clock_Generator:U_CLK_GEN|clk_int ; 0.000        ; 0.080      ; 2.514      ;
; 2.222 ; BCD_Down_Counter:U_COUNTER|low_bcd[3]                  ; BCD_Down_Counter:U_COUNTER|high_bcd[2]                 ; Clock_Generator:U_CLK_GEN|clk_int ; Clock_Generator:U_CLK_GEN|clk_int ; 0.000        ; 0.080      ; 2.514      ;
; 2.246 ; BCD_Down_Counter:U_COUNTER|low_bcd[3]                  ; Traffic_Light_FSM:U_FSM|current_state.ST_BRANCH_YELLOW ; Clock_Generator:U_CLK_GEN|clk_int ; Clock_Generator:U_CLK_GEN|clk_int ; 0.000        ; 0.080      ; 2.538      ;
; 2.246 ; BCD_Down_Counter:U_COUNTER|low_bcd[3]                  ; Traffic_Light_FSM:U_FSM|current_state.ST_BRANCH_GREEN  ; Clock_Generator:U_CLK_GEN|clk_int ; Clock_Generator:U_CLK_GEN|clk_int ; 0.000        ; 0.080      ; 2.538      ;
; 2.246 ; BCD_Down_Counter:U_COUNTER|low_bcd[3]                  ; Traffic_Light_FSM:U_FSM|current_state.ST_MAIN_YELLOW   ; Clock_Generator:U_CLK_GEN|clk_int ; Clock_Generator:U_CLK_GEN|clk_int ; 0.000        ; 0.080      ; 2.538      ;
; 2.339 ; BCD_Down_Counter:U_COUNTER|high_bcd[1]                 ; Traffic_Light_FSM:U_FSM|current_state.ST_BRANCH_YELLOW ; Clock_Generator:U_CLK_GEN|clk_int ; Clock_Generator:U_CLK_GEN|clk_int ; 0.000        ; 0.080      ; 2.631      ;
; 2.339 ; BCD_Down_Counter:U_COUNTER|high_bcd[1]                 ; Traffic_Light_FSM:U_FSM|current_state.ST_BRANCH_GREEN  ; Clock_Generator:U_CLK_GEN|clk_int ; Clock_Generator:U_CLK_GEN|clk_int ; 0.000        ; 0.080      ; 2.631      ;
; 2.339 ; BCD_Down_Counter:U_COUNTER|high_bcd[1]                 ; Traffic_Light_FSM:U_FSM|current_state.ST_MAIN_YELLOW   ; Clock_Generator:U_CLK_GEN|clk_int ; Clock_Generator:U_CLK_GEN|clk_int ; 0.000        ; 0.080      ; 2.631      ;
; 2.354 ; BCD_Down_Counter:U_COUNTER|high_bcd[0]                 ; Traffic_Light_FSM:U_FSM|current_state.ST_BRANCH_YELLOW ; Clock_Generator:U_CLK_GEN|clk_int ; Clock_Generator:U_CLK_GEN|clk_int ; 0.000        ; 0.080      ; 2.646      ;
; 2.354 ; BCD_Down_Counter:U_COUNTER|high_bcd[0]                 ; Traffic_Light_FSM:U_FSM|current_state.ST_BRANCH_GREEN  ; Clock_Generator:U_CLK_GEN|clk_int ; Clock_Generator:U_CLK_GEN|clk_int ; 0.000        ; 0.080      ; 2.646      ;
; 2.354 ; BCD_Down_Counter:U_COUNTER|high_bcd[0]                 ; Traffic_Light_FSM:U_FSM|current_state.ST_MAIN_YELLOW   ; Clock_Generator:U_CLK_GEN|clk_int ; Clock_Generator:U_CLK_GEN|clk_int ; 0.000        ; 0.080      ; 2.646      ;
; 2.356 ; BCD_Down_Counter:U_COUNTER|low_bcd[2]                  ; BCD_Down_Counter:U_COUNTER|high_bcd[0]                 ; Clock_Generator:U_CLK_GEN|clk_int ; Clock_Generator:U_CLK_GEN|clk_int ; 0.000        ; 0.080      ; 2.648      ;
; 2.356 ; BCD_Down_Counter:U_COUNTER|low_bcd[2]                  ; BCD_Down_Counter:U_COUNTER|high_bcd[1]                 ; Clock_Generator:U_CLK_GEN|clk_int ; Clock_Generator:U_CLK_GEN|clk_int ; 0.000        ; 0.080      ; 2.648      ;
; 2.356 ; BCD_Down_Counter:U_COUNTER|low_bcd[2]                  ; BCD_Down_Counter:U_COUNTER|high_bcd[2]                 ; Clock_Generator:U_CLK_GEN|clk_int ; Clock_Generator:U_CLK_GEN|clk_int ; 0.000        ; 0.080      ; 2.648      ;
; 2.401 ; BCD_Down_Counter:U_COUNTER|low_bcd[2]                  ; Traffic_Light_FSM:U_FSM|current_state.ST_BRANCH_YELLOW ; Clock_Generator:U_CLK_GEN|clk_int ; Clock_Generator:U_CLK_GEN|clk_int ; 0.000        ; 0.080      ; 2.693      ;
; 2.401 ; BCD_Down_Counter:U_COUNTER|low_bcd[2]                  ; Traffic_Light_FSM:U_FSM|current_state.ST_BRANCH_GREEN  ; Clock_Generator:U_CLK_GEN|clk_int ; Clock_Generator:U_CLK_GEN|clk_int ; 0.000        ; 0.080      ; 2.693      ;
; 2.401 ; BCD_Down_Counter:U_COUNTER|low_bcd[2]                  ; Traffic_Light_FSM:U_FSM|current_state.ST_MAIN_YELLOW   ; Clock_Generator:U_CLK_GEN|clk_int ; Clock_Generator:U_CLK_GEN|clk_int ; 0.000        ; 0.080      ; 2.693      ;
; 2.534 ; BCD_Down_Counter:U_COUNTER|low_bcd[1]                  ; BCD_Down_Counter:U_COUNTER|high_bcd[0]                 ; Clock_Generator:U_CLK_GEN|clk_int ; Clock_Generator:U_CLK_GEN|clk_int ; 0.000        ; 0.080      ; 2.826      ;
; 2.534 ; BCD_Down_Counter:U_COUNTER|low_bcd[1]                  ; BCD_Down_Counter:U_COUNTER|high_bcd[1]                 ; Clock_Generator:U_CLK_GEN|clk_int ; Clock_Generator:U_CLK_GEN|clk_int ; 0.000        ; 0.080      ; 2.826      ;
; 2.534 ; BCD_Down_Counter:U_COUNTER|low_bcd[1]                  ; BCD_Down_Counter:U_COUNTER|high_bcd[2]                 ; Clock_Generator:U_CLK_GEN|clk_int ; Clock_Generator:U_CLK_GEN|clk_int ; 0.000        ; 0.080      ; 2.826      ;
; 2.542 ; BCD_Down_Counter:U_COUNTER|low_bcd[0]                  ; BCD_Down_Counter:U_COUNTER|high_bcd[0]                 ; Clock_Generator:U_CLK_GEN|clk_int ; Clock_Generator:U_CLK_GEN|clk_int ; 0.000        ; 0.080      ; 2.834      ;
; 2.542 ; BCD_Down_Counter:U_COUNTER|low_bcd[0]                  ; BCD_Down_Counter:U_COUNTER|high_bcd[1]                 ; Clock_Generator:U_CLK_GEN|clk_int ; Clock_Generator:U_CLK_GEN|clk_int ; 0.000        ; 0.080      ; 2.834      ;
; 2.542 ; BCD_Down_Counter:U_COUNTER|low_bcd[0]                  ; BCD_Down_Counter:U_COUNTER|high_bcd[2]                 ; Clock_Generator:U_CLK_GEN|clk_int ; Clock_Generator:U_CLK_GEN|clk_int ; 0.000        ; 0.080      ; 2.834      ;
+-------+--------------------------------------------------------+--------------------------------------------------------+-----------------------------------+-----------------------------------+--------------+------------+------------+


+----------------------------------------------------------------------------------------------------------------------------+
; Slow 1200mV 85C Model Minimum Pulse Width: 'clk_50MHz'                                                                     ;
+--------+--------------+----------------+------------------+-----------+------------+---------------------------------------+
; Slack  ; Actual Width ; Required Width ; Type             ; Clock     ; Clock Edge ; Target                                ;
+--------+--------------+----------------+------------------+-----------+------------+---------------------------------------+
; -3.000 ; 1.000        ; 4.000          ; Port Rate        ; clk_50MHz ; Rise       ; clk_50MHz                             ;
; -1.487 ; 1.000        ; 2.487          ; Min Period       ; clk_50MHz ; Rise       ; Clock_Generator:U_CLK_GEN|clk_int     ;
; -1.487 ; 1.000        ; 2.487          ; Min Period       ; clk_50MHz ; Rise       ; Clock_Generator:U_CLK_GEN|counter[0]  ;
; -1.487 ; 1.000        ; 2.487          ; Min Period       ; clk_50MHz ; Rise       ; Clock_Generator:U_CLK_GEN|counter[10] ;
; -1.487 ; 1.000        ; 2.487          ; Min Period       ; clk_50MHz ; Rise       ; Clock_Generator:U_CLK_GEN|counter[11] ;
; -1.487 ; 1.000        ; 2.487          ; Min Period       ; clk_50MHz ; Rise       ; Clock_Generator:U_CLK_GEN|counter[12] ;
; -1.487 ; 1.000        ; 2.487          ; Min Period       ; clk_50MHz ; Rise       ; Clock_Generator:U_CLK_GEN|counter[13] ;
; -1.487 ; 1.000        ; 2.487          ; Min Period       ; clk_50MHz ; Rise       ; Clock_Generator:U_CLK_GEN|counter[14] ;
; -1.487 ; 1.000        ; 2.487          ; Min Period       ; clk_50MHz ; Rise       ; Clock_Generator:U_CLK_GEN|counter[15] ;
; -1.487 ; 1.000        ; 2.487          ; Min Period       ; clk_50MHz ; Rise       ; Clock_Generator:U_CLK_GEN|counter[16] ;
; -1.487 ; 1.000        ; 2.487          ; Min Period       ; clk_50MHz ; Rise       ; Clock_Generator:U_CLK_GEN|counter[17] ;
; -1.487 ; 1.000        ; 2.487          ; Min Period       ; clk_50MHz ; Rise       ; Clock_Generator:U_CLK_GEN|counter[18] ;
; -1.487 ; 1.000        ; 2.487          ; Min Period       ; clk_50MHz ; Rise       ; Clock_Generator:U_CLK_GEN|counter[19] ;
; -1.487 ; 1.000        ; 2.487          ; Min Period       ; clk_50MHz ; Rise       ; Clock_Generator:U_CLK_GEN|counter[1]  ;
; -1.487 ; 1.000        ; 2.487          ; Min Period       ; clk_50MHz ; Rise       ; Clock_Generator:U_CLK_GEN|counter[20] ;
; -1.487 ; 1.000        ; 2.487          ; Min Period       ; clk_50MHz ; Rise       ; Clock_Generator:U_CLK_GEN|counter[21] ;
; -1.487 ; 1.000        ; 2.487          ; Min Period       ; clk_50MHz ; Rise       ; Clock_Generator:U_CLK_GEN|counter[22] ;
; -1.487 ; 1.000        ; 2.487          ; Min Period       ; clk_50MHz ; Rise       ; Clock_Generator:U_CLK_GEN|counter[23] ;
; -1.487 ; 1.000        ; 2.487          ; Min Period       ; clk_50MHz ; Rise       ; Clock_Generator:U_CLK_GEN|counter[24] ;
; -1.487 ; 1.000        ; 2.487          ; Min Period       ; clk_50MHz ; Rise       ; Clock_Generator:U_CLK_GEN|counter[25] ;
; -1.487 ; 1.000        ; 2.487          ; Min Period       ; clk_50MHz ; Rise       ; Clock_Generator:U_CLK_GEN|counter[2]  ;
; -1.487 ; 1.000        ; 2.487          ; Min Period       ; clk_50MHz ; Rise       ; Clock_Generator:U_CLK_GEN|counter[3]  ;
; -1.487 ; 1.000        ; 2.487          ; Min Period       ; clk_50MHz ; Rise       ; Clock_Generator:U_CLK_GEN|counter[4]  ;
; -1.487 ; 1.000        ; 2.487          ; Min Period       ; clk_50MHz ; Rise       ; Clock_Generator:U_CLK_GEN|counter[5]  ;
; -1.487 ; 1.000        ; 2.487          ; Min Period       ; clk_50MHz ; Rise       ; Clock_Generator:U_CLK_GEN|counter[6]  ;
; -1.487 ; 1.000        ; 2.487          ; Min Period       ; clk_50MHz ; Rise       ; Clock_Generator:U_CLK_GEN|counter[7]  ;
; -1.487 ; 1.000        ; 2.487          ; Min Period       ; clk_50MHz ; Rise       ; Clock_Generator:U_CLK_GEN|counter[8]  ;
; -1.487 ; 1.000        ; 2.487          ; Min Period       ; clk_50MHz ; Rise       ; Clock_Generator:U_CLK_GEN|counter[9]  ;
; 0.245  ; 0.433        ; 0.188          ; Low Pulse Width  ; clk_50MHz ; Rise       ; Clock_Generator:U_CLK_GEN|clk_int     ;
; 0.245  ; 0.433        ; 0.188          ; Low Pulse Width  ; clk_50MHz ; Rise       ; Clock_Generator:U_CLK_GEN|counter[0]  ;
; 0.245  ; 0.433        ; 0.188          ; Low Pulse Width  ; clk_50MHz ; Rise       ; Clock_Generator:U_CLK_GEN|counter[10] ;
; 0.245  ; 0.433        ; 0.188          ; Low Pulse Width  ; clk_50MHz ; Rise       ; Clock_Generator:U_CLK_GEN|counter[11] ;
; 0.245  ; 0.433        ; 0.188          ; Low Pulse Width  ; clk_50MHz ; Rise       ; Clock_Generator:U_CLK_GEN|counter[12] ;
; 0.245  ; 0.433        ; 0.188          ; Low Pulse Width  ; clk_50MHz ; Rise       ; Clock_Generator:U_CLK_GEN|counter[13] ;
; 0.245  ; 0.433        ; 0.188          ; Low Pulse Width  ; clk_50MHz ; Rise       ; Clock_Generator:U_CLK_GEN|counter[14] ;
; 0.245  ; 0.433        ; 0.188          ; Low Pulse Width  ; clk_50MHz ; Rise       ; Clock_Generator:U_CLK_GEN|counter[15] ;
; 0.245  ; 0.433        ; 0.188          ; Low Pulse Width  ; clk_50MHz ; Rise       ; Clock_Generator:U_CLK_GEN|counter[16] ;
; 0.245  ; 0.433        ; 0.188          ; Low Pulse Width  ; clk_50MHz ; Rise       ; Clock_Generator:U_CLK_GEN|counter[17] ;
; 0.245  ; 0.433        ; 0.188          ; Low Pulse Width  ; clk_50MHz ; Rise       ; Clock_Generator:U_CLK_GEN|counter[18] ;
; 0.245  ; 0.433        ; 0.188          ; Low Pulse Width  ; clk_50MHz ; Rise       ; Clock_Generator:U_CLK_GEN|counter[19] ;
; 0.245  ; 0.433        ; 0.188          ; Low Pulse Width  ; clk_50MHz ; Rise       ; Clock_Generator:U_CLK_GEN|counter[1]  ;
; 0.245  ; 0.433        ; 0.188          ; Low Pulse Width  ; clk_50MHz ; Rise       ; Clock_Generator:U_CLK_GEN|counter[20] ;
; 0.245  ; 0.433        ; 0.188          ; Low Pulse Width  ; clk_50MHz ; Rise       ; Clock_Generator:U_CLK_GEN|counter[21] ;
; 0.245  ; 0.433        ; 0.188          ; Low Pulse Width  ; clk_50MHz ; Rise       ; Clock_Generator:U_CLK_GEN|counter[22] ;
; 0.245  ; 0.433        ; 0.188          ; Low Pulse Width  ; clk_50MHz ; Rise       ; Clock_Generator:U_CLK_GEN|counter[23] ;
; 0.245  ; 0.433        ; 0.188          ; Low Pulse Width  ; clk_50MHz ; Rise       ; Clock_Generator:U_CLK_GEN|counter[24] ;
; 0.245  ; 0.433        ; 0.188          ; Low Pulse Width  ; clk_50MHz ; Rise       ; Clock_Generator:U_CLK_GEN|counter[25] ;
; 0.245  ; 0.433        ; 0.188          ; Low Pulse Width  ; clk_50MHz ; Rise       ; Clock_Generator:U_CLK_GEN|counter[2]  ;
; 0.245  ; 0.433        ; 0.188          ; Low Pulse Width  ; clk_50MHz ; Rise       ; Clock_Generator:U_CLK_GEN|counter[3]  ;
; 0.245  ; 0.433        ; 0.188          ; Low Pulse Width  ; clk_50MHz ; Rise       ; Clock_Generator:U_CLK_GEN|counter[4]  ;
; 0.245  ; 0.433        ; 0.188          ; Low Pulse Width  ; clk_50MHz ; Rise       ; Clock_Generator:U_CLK_GEN|counter[5]  ;
; 0.245  ; 0.433        ; 0.188          ; Low Pulse Width  ; clk_50MHz ; Rise       ; Clock_Generator:U_CLK_GEN|counter[6]  ;
; 0.245  ; 0.433        ; 0.188          ; Low Pulse Width  ; clk_50MHz ; Rise       ; Clock_Generator:U_CLK_GEN|counter[7]  ;
; 0.245  ; 0.433        ; 0.188          ; Low Pulse Width  ; clk_50MHz ; Rise       ; Clock_Generator:U_CLK_GEN|counter[8]  ;
; 0.245  ; 0.433        ; 0.188          ; Low Pulse Width  ; clk_50MHz ; Rise       ; Clock_Generator:U_CLK_GEN|counter[9]  ;
; 0.346  ; 0.566        ; 0.220          ; High Pulse Width ; clk_50MHz ; Rise       ; Clock_Generator:U_CLK_GEN|clk_int     ;
; 0.346  ; 0.566        ; 0.220          ; High Pulse Width ; clk_50MHz ; Rise       ; Clock_Generator:U_CLK_GEN|counter[0]  ;
; 0.346  ; 0.566        ; 0.220          ; High Pulse Width ; clk_50MHz ; Rise       ; Clock_Generator:U_CLK_GEN|counter[10] ;
; 0.346  ; 0.566        ; 0.220          ; High Pulse Width ; clk_50MHz ; Rise       ; Clock_Generator:U_CLK_GEN|counter[11] ;
; 0.346  ; 0.566        ; 0.220          ; High Pulse Width ; clk_50MHz ; Rise       ; Clock_Generator:U_CLK_GEN|counter[12] ;
; 0.346  ; 0.566        ; 0.220          ; High Pulse Width ; clk_50MHz ; Rise       ; Clock_Generator:U_CLK_GEN|counter[13] ;
; 0.346  ; 0.566        ; 0.220          ; High Pulse Width ; clk_50MHz ; Rise       ; Clock_Generator:U_CLK_GEN|counter[14] ;
; 0.346  ; 0.566        ; 0.220          ; High Pulse Width ; clk_50MHz ; Rise       ; Clock_Generator:U_CLK_GEN|counter[15] ;
; 0.346  ; 0.566        ; 0.220          ; High Pulse Width ; clk_50MHz ; Rise       ; Clock_Generator:U_CLK_GEN|counter[16] ;
; 0.346  ; 0.566        ; 0.220          ; High Pulse Width ; clk_50MHz ; Rise       ; Clock_Generator:U_CLK_GEN|counter[17] ;
; 0.346  ; 0.566        ; 0.220          ; High Pulse Width ; clk_50MHz ; Rise       ; Clock_Generator:U_CLK_GEN|counter[18] ;
; 0.346  ; 0.566        ; 0.220          ; High Pulse Width ; clk_50MHz ; Rise       ; Clock_Generator:U_CLK_GEN|counter[19] ;
; 0.346  ; 0.566        ; 0.220          ; High Pulse Width ; clk_50MHz ; Rise       ; Clock_Generator:U_CLK_GEN|counter[1]  ;
; 0.346  ; 0.566        ; 0.220          ; High Pulse Width ; clk_50MHz ; Rise       ; Clock_Generator:U_CLK_GEN|counter[20] ;
; 0.346  ; 0.566        ; 0.220          ; High Pulse Width ; clk_50MHz ; Rise       ; Clock_Generator:U_CLK_GEN|counter[21] ;
; 0.346  ; 0.566        ; 0.220          ; High Pulse Width ; clk_50MHz ; Rise       ; Clock_Generator:U_CLK_GEN|counter[22] ;
; 0.346  ; 0.566        ; 0.220          ; High Pulse Width ; clk_50MHz ; Rise       ; Clock_Generator:U_CLK_GEN|counter[23] ;
; 0.346  ; 0.566        ; 0.220          ; High Pulse Width ; clk_50MHz ; Rise       ; Clock_Generator:U_CLK_GEN|counter[24] ;
; 0.346  ; 0.566        ; 0.220          ; High Pulse Width ; clk_50MHz ; Rise       ; Clock_Generator:U_CLK_GEN|counter[25] ;
; 0.346  ; 0.566        ; 0.220          ; High Pulse Width ; clk_50MHz ; Rise       ; Clock_Generator:U_CLK_GEN|counter[2]  ;
; 0.346  ; 0.566        ; 0.220          ; High Pulse Width ; clk_50MHz ; Rise       ; Clock_Generator:U_CLK_GEN|counter[3]  ;
; 0.346  ; 0.566        ; 0.220          ; High Pulse Width ; clk_50MHz ; Rise       ; Clock_Generator:U_CLK_GEN|counter[4]  ;
; 0.346  ; 0.566        ; 0.220          ; High Pulse Width ; clk_50MHz ; Rise       ; Clock_Generator:U_CLK_GEN|counter[5]  ;
; 0.346  ; 0.566        ; 0.220          ; High Pulse Width ; clk_50MHz ; Rise       ; Clock_Generator:U_CLK_GEN|counter[6]  ;
; 0.346  ; 0.566        ; 0.220          ; High Pulse Width ; clk_50MHz ; Rise       ; Clock_Generator:U_CLK_GEN|counter[7]  ;
; 0.346  ; 0.566        ; 0.220          ; High Pulse Width ; clk_50MHz ; Rise       ; Clock_Generator:U_CLK_GEN|counter[8]  ;
; 0.346  ; 0.566        ; 0.220          ; High Pulse Width ; clk_50MHz ; Rise       ; Clock_Generator:U_CLK_GEN|counter[9]  ;
; 0.385  ; 0.385        ; 0.000          ; Low Pulse Width  ; clk_50MHz ; Rise       ; U_CLK_GEN|clk_int|clk                 ;
; 0.385  ; 0.385        ; 0.000          ; Low Pulse Width  ; clk_50MHz ; Rise       ; U_CLK_GEN|counter[0]|clk              ;
; 0.385  ; 0.385        ; 0.000          ; Low Pulse Width  ; clk_50MHz ; Rise       ; U_CLK_GEN|counter[10]|clk             ;
; 0.385  ; 0.385        ; 0.000          ; Low Pulse Width  ; clk_50MHz ; Rise       ; U_CLK_GEN|counter[11]|clk             ;
; 0.385  ; 0.385        ; 0.000          ; Low Pulse Width  ; clk_50MHz ; Rise       ; U_CLK_GEN|counter[12]|clk             ;
; 0.385  ; 0.385        ; 0.000          ; Low Pulse Width  ; clk_50MHz ; Rise       ; U_CLK_GEN|counter[13]|clk             ;
; 0.385  ; 0.385        ; 0.000          ; Low Pulse Width  ; clk_50MHz ; Rise       ; U_CLK_GEN|counter[14]|clk             ;
; 0.385  ; 0.385        ; 0.000          ; Low Pulse Width  ; clk_50MHz ; Rise       ; U_CLK_GEN|counter[15]|clk             ;
; 0.385  ; 0.385        ; 0.000          ; Low Pulse Width  ; clk_50MHz ; Rise       ; U_CLK_GEN|counter[16]|clk             ;
; 0.385  ; 0.385        ; 0.000          ; Low Pulse Width  ; clk_50MHz ; Rise       ; U_CLK_GEN|counter[17]|clk             ;
; 0.385  ; 0.385        ; 0.000          ; Low Pulse Width  ; clk_50MHz ; Rise       ; U_CLK_GEN|counter[18]|clk             ;
; 0.385  ; 0.385        ; 0.000          ; Low Pulse Width  ; clk_50MHz ; Rise       ; U_CLK_GEN|counter[19]|clk             ;
; 0.385  ; 0.385        ; 0.000          ; Low Pulse Width  ; clk_50MHz ; Rise       ; U_CLK_GEN|counter[1]|clk              ;
; 0.385  ; 0.385        ; 0.000          ; Low Pulse Width  ; clk_50MHz ; Rise       ; U_CLK_GEN|counter[20]|clk             ;
; 0.385  ; 0.385        ; 0.000          ; Low Pulse Width  ; clk_50MHz ; Rise       ; U_CLK_GEN|counter[21]|clk             ;
; 0.385  ; 0.385        ; 0.000          ; Low Pulse Width  ; clk_50MHz ; Rise       ; U_CLK_GEN|counter[22]|clk             ;
; 0.385  ; 0.385        ; 0.000          ; Low Pulse Width  ; clk_50MHz ; Rise       ; U_CLK_GEN|counter[23]|clk             ;
; 0.385  ; 0.385        ; 0.000          ; Low Pulse Width  ; clk_50MHz ; Rise       ; U_CLK_GEN|counter[24]|clk             ;
+--------+--------------+----------------+------------------+-----------+------------+---------------------------------------+


+---------------------------------------------------------------------------------------------------------------------------------------------------------------------+
; Slow 1200mV 85C Model Minimum Pulse Width: 'Clock_Generator:U_CLK_GEN|clk_int'                                                                                      ;
+--------+--------------+----------------+------------------+-----------------------------------+------------+--------------------------------------------------------+
; Slack  ; Actual Width ; Required Width ; Type             ; Clock                             ; Clock Edge ; Target                                                 ;
+--------+--------------+----------------+------------------+-----------------------------------+------------+--------------------------------------------------------+
; -1.487 ; 1.000        ; 2.487          ; Min Period       ; Clock_Generator:U_CLK_GEN|clk_int ; Rise       ; BCD_Down_Counter:U_COUNTER|high_bcd[0]                 ;
; -1.487 ; 1.000        ; 2.487          ; Min Period       ; Clock_Generator:U_CLK_GEN|clk_int ; Rise       ; BCD_Down_Counter:U_COUNTER|high_bcd[1]                 ;
; -1.487 ; 1.000        ; 2.487          ; Min Period       ; Clock_Generator:U_CLK_GEN|clk_int ; Rise       ; BCD_Down_Counter:U_COUNTER|high_bcd[2]                 ;
; -1.487 ; 1.000        ; 2.487          ; Min Period       ; Clock_Generator:U_CLK_GEN|clk_int ; Rise       ; BCD_Down_Counter:U_COUNTER|low_bcd[0]                  ;
; -1.487 ; 1.000        ; 2.487          ; Min Period       ; Clock_Generator:U_CLK_GEN|clk_int ; Rise       ; BCD_Down_Counter:U_COUNTER|low_bcd[1]                  ;
; -1.487 ; 1.000        ; 2.487          ; Min Period       ; Clock_Generator:U_CLK_GEN|clk_int ; Rise       ; BCD_Down_Counter:U_COUNTER|low_bcd[2]                  ;
; -1.487 ; 1.000        ; 2.487          ; Min Period       ; Clock_Generator:U_CLK_GEN|clk_int ; Rise       ; BCD_Down_Counter:U_COUNTER|low_bcd[3]                  ;
; -1.487 ; 1.000        ; 2.487          ; Min Period       ; Clock_Generator:U_CLK_GEN|clk_int ; Rise       ; Traffic_Light_FSM:U_FSM|branch_green                   ;
; -1.487 ; 1.000        ; 2.487          ; Min Period       ; Clock_Generator:U_CLK_GEN|clk_int ; Rise       ; Traffic_Light_FSM:U_FSM|branch_red                     ;
; -1.487 ; 1.000        ; 2.487          ; Min Period       ; Clock_Generator:U_CLK_GEN|clk_int ; Rise       ; Traffic_Light_FSM:U_FSM|branch_yellow                  ;
; -1.487 ; 1.000        ; 2.487          ; Min Period       ; Clock_Generator:U_CLK_GEN|clk_int ; Rise       ; Traffic_Light_FSM:U_FSM|current_state.ST_BRANCH_GREEN  ;
; -1.487 ; 1.000        ; 2.487          ; Min Period       ; Clock_Generator:U_CLK_GEN|clk_int ; Rise       ; Traffic_Light_FSM:U_FSM|current_state.ST_BRANCH_YELLOW ;
; -1.487 ; 1.000        ; 2.487          ; Min Period       ; Clock_Generator:U_CLK_GEN|clk_int ; Rise       ; Traffic_Light_FSM:U_FSM|current_state.ST_IDLE          ;
; -1.487 ; 1.000        ; 2.487          ; Min Period       ; Clock_Generator:U_CLK_GEN|clk_int ; Rise       ; Traffic_Light_FSM:U_FSM|current_state.ST_MAIN_GREEN    ;
; -1.487 ; 1.000        ; 2.487          ; Min Period       ; Clock_Generator:U_CLK_GEN|clk_int ; Rise       ; Traffic_Light_FSM:U_FSM|current_state.ST_MAIN_YELLOW   ;
; -1.487 ; 1.000        ; 2.487          ; Min Period       ; Clock_Generator:U_CLK_GEN|clk_int ; Rise       ; Traffic_Light_FSM:U_FSM|load_value[0]                  ;
; -1.487 ; 1.000        ; 2.487          ; Min Period       ; Clock_Generator:U_CLK_GEN|clk_int ; Rise       ; Traffic_Light_FSM:U_FSM|load_value[5]                  ;
; -1.487 ; 1.000        ; 2.487          ; Min Period       ; Clock_Generator:U_CLK_GEN|clk_int ; Rise       ; Traffic_Light_FSM:U_FSM|load_value[6]                  ;
; -1.487 ; 1.000        ; 2.487          ; Min Period       ; Clock_Generator:U_CLK_GEN|clk_int ; Rise       ; Traffic_Light_FSM:U_FSM|main_green                     ;
; -1.487 ; 1.000        ; 2.487          ; Min Period       ; Clock_Generator:U_CLK_GEN|clk_int ; Rise       ; Traffic_Light_FSM:U_FSM|main_red                       ;
; -1.487 ; 1.000        ; 2.487          ; Min Period       ; Clock_Generator:U_CLK_GEN|clk_int ; Rise       ; Traffic_Light_FSM:U_FSM|main_yellow                    ;
; 0.238  ; 0.458        ; 0.220          ; High Pulse Width ; Clock_Generator:U_CLK_GEN|clk_int ; Rise       ; Traffic_Light_FSM:U_FSM|branch_green                   ;
; 0.238  ; 0.458        ; 0.220          ; High Pulse Width ; Clock_Generator:U_CLK_GEN|clk_int ; Rise       ; Traffic_Light_FSM:U_FSM|branch_red                     ;
; 0.238  ; 0.458        ; 0.220          ; High Pulse Width ; Clock_Generator:U_CLK_GEN|clk_int ; Rise       ; Traffic_Light_FSM:U_FSM|branch_yellow                  ;
; 0.238  ; 0.458        ; 0.220          ; High Pulse Width ; Clock_Generator:U_CLK_GEN|clk_int ; Rise       ; Traffic_Light_FSM:U_FSM|current_state.ST_BRANCH_GREEN  ;
; 0.238  ; 0.458        ; 0.220          ; High Pulse Width ; Clock_Generator:U_CLK_GEN|clk_int ; Rise       ; Traffic_Light_FSM:U_FSM|current_state.ST_BRANCH_YELLOW ;
; 0.238  ; 0.458        ; 0.220          ; High Pulse Width ; Clock_Generator:U_CLK_GEN|clk_int ; Rise       ; Traffic_Light_FSM:U_FSM|current_state.ST_IDLE          ;
; 0.238  ; 0.458        ; 0.220          ; High Pulse Width ; Clock_Generator:U_CLK_GEN|clk_int ; Rise       ; Traffic_Light_FSM:U_FSM|current_state.ST_MAIN_GREEN    ;
; 0.238  ; 0.458        ; 0.220          ; High Pulse Width ; Clock_Generator:U_CLK_GEN|clk_int ; Rise       ; Traffic_Light_FSM:U_FSM|current_state.ST_MAIN_YELLOW   ;
; 0.238  ; 0.458        ; 0.220          ; High Pulse Width ; Clock_Generator:U_CLK_GEN|clk_int ; Rise       ; Traffic_Light_FSM:U_FSM|main_green                     ;
; 0.238  ; 0.458        ; 0.220          ; High Pulse Width ; Clock_Generator:U_CLK_GEN|clk_int ; Rise       ; Traffic_Light_FSM:U_FSM|main_red                       ;
; 0.238  ; 0.458        ; 0.220          ; High Pulse Width ; Clock_Generator:U_CLK_GEN|clk_int ; Rise       ; Traffic_Light_FSM:U_FSM|main_yellow                    ;
; 0.239  ; 0.459        ; 0.220          ; High Pulse Width ; Clock_Generator:U_CLK_GEN|clk_int ; Rise       ; BCD_Down_Counter:U_COUNTER|high_bcd[0]                 ;
; 0.239  ; 0.459        ; 0.220          ; High Pulse Width ; Clock_Generator:U_CLK_GEN|clk_int ; Rise       ; BCD_Down_Counter:U_COUNTER|high_bcd[1]                 ;
; 0.239  ; 0.459        ; 0.220          ; High Pulse Width ; Clock_Generator:U_CLK_GEN|clk_int ; Rise       ; BCD_Down_Counter:U_COUNTER|high_bcd[2]                 ;
; 0.239  ; 0.459        ; 0.220          ; High Pulse Width ; Clock_Generator:U_CLK_GEN|clk_int ; Rise       ; BCD_Down_Counter:U_COUNTER|low_bcd[0]                  ;
; 0.239  ; 0.459        ; 0.220          ; High Pulse Width ; Clock_Generator:U_CLK_GEN|clk_int ; Rise       ; BCD_Down_Counter:U_COUNTER|low_bcd[1]                  ;
; 0.239  ; 0.459        ; 0.220          ; High Pulse Width ; Clock_Generator:U_CLK_GEN|clk_int ; Rise       ; BCD_Down_Counter:U_COUNTER|low_bcd[2]                  ;
; 0.239  ; 0.459        ; 0.220          ; High Pulse Width ; Clock_Generator:U_CLK_GEN|clk_int ; Rise       ; BCD_Down_Counter:U_COUNTER|low_bcd[3]                  ;
; 0.239  ; 0.459        ; 0.220          ; High Pulse Width ; Clock_Generator:U_CLK_GEN|clk_int ; Rise       ; Traffic_Light_FSM:U_FSM|load_value[0]                  ;
; 0.239  ; 0.459        ; 0.220          ; High Pulse Width ; Clock_Generator:U_CLK_GEN|clk_int ; Rise       ; Traffic_Light_FSM:U_FSM|load_value[5]                  ;
; 0.239  ; 0.459        ; 0.220          ; High Pulse Width ; Clock_Generator:U_CLK_GEN|clk_int ; Rise       ; Traffic_Light_FSM:U_FSM|load_value[6]                  ;
; 0.352  ; 0.540        ; 0.188          ; Low Pulse Width  ; Clock_Generator:U_CLK_GEN|clk_int ; Rise       ; Traffic_Light_FSM:U_FSM|main_red                       ;
; 0.353  ; 0.541        ; 0.188          ; Low Pulse Width  ; Clock_Generator:U_CLK_GEN|clk_int ; Rise       ; BCD_Down_Counter:U_COUNTER|high_bcd[0]                 ;
; 0.353  ; 0.541        ; 0.188          ; Low Pulse Width  ; Clock_Generator:U_CLK_GEN|clk_int ; Rise       ; BCD_Down_Counter:U_COUNTER|high_bcd[1]                 ;
; 0.353  ; 0.541        ; 0.188          ; Low Pulse Width  ; Clock_Generator:U_CLK_GEN|clk_int ; Rise       ; BCD_Down_Counter:U_COUNTER|high_bcd[2]                 ;
; 0.353  ; 0.541        ; 0.188          ; Low Pulse Width  ; Clock_Generator:U_CLK_GEN|clk_int ; Rise       ; BCD_Down_Counter:U_COUNTER|low_bcd[0]                  ;
; 0.353  ; 0.541        ; 0.188          ; Low Pulse Width  ; Clock_Generator:U_CLK_GEN|clk_int ; Rise       ; BCD_Down_Counter:U_COUNTER|low_bcd[1]                  ;
; 0.353  ; 0.541        ; 0.188          ; Low Pulse Width  ; Clock_Generator:U_CLK_GEN|clk_int ; Rise       ; BCD_Down_Counter:U_COUNTER|low_bcd[2]                  ;
; 0.353  ; 0.541        ; 0.188          ; Low Pulse Width  ; Clock_Generator:U_CLK_GEN|clk_int ; Rise       ; BCD_Down_Counter:U_COUNTER|low_bcd[3]                  ;
; 0.353  ; 0.541        ; 0.188          ; Low Pulse Width  ; Clock_Generator:U_CLK_GEN|clk_int ; Rise       ; Traffic_Light_FSM:U_FSM|branch_green                   ;
; 0.353  ; 0.541        ; 0.188          ; Low Pulse Width  ; Clock_Generator:U_CLK_GEN|clk_int ; Rise       ; Traffic_Light_FSM:U_FSM|branch_red                     ;
; 0.353  ; 0.541        ; 0.188          ; Low Pulse Width  ; Clock_Generator:U_CLK_GEN|clk_int ; Rise       ; Traffic_Light_FSM:U_FSM|branch_yellow                  ;
; 0.353  ; 0.541        ; 0.188          ; Low Pulse Width  ; Clock_Generator:U_CLK_GEN|clk_int ; Rise       ; Traffic_Light_FSM:U_FSM|current_state.ST_BRANCH_GREEN  ;
; 0.353  ; 0.541        ; 0.188          ; Low Pulse Width  ; Clock_Generator:U_CLK_GEN|clk_int ; Rise       ; Traffic_Light_FSM:U_FSM|current_state.ST_BRANCH_YELLOW ;
; 0.353  ; 0.541        ; 0.188          ; Low Pulse Width  ; Clock_Generator:U_CLK_GEN|clk_int ; Rise       ; Traffic_Light_FSM:U_FSM|current_state.ST_IDLE          ;
; 0.353  ; 0.541        ; 0.188          ; Low Pulse Width  ; Clock_Generator:U_CLK_GEN|clk_int ; Rise       ; Traffic_Light_FSM:U_FSM|current_state.ST_MAIN_GREEN    ;
; 0.353  ; 0.541        ; 0.188          ; Low Pulse Width  ; Clock_Generator:U_CLK_GEN|clk_int ; Rise       ; Traffic_Light_FSM:U_FSM|current_state.ST_MAIN_YELLOW   ;
; 0.353  ; 0.541        ; 0.188          ; Low Pulse Width  ; Clock_Generator:U_CLK_GEN|clk_int ; Rise       ; Traffic_Light_FSM:U_FSM|load_value[0]                  ;
; 0.353  ; 0.541        ; 0.188          ; Low Pulse Width  ; Clock_Generator:U_CLK_GEN|clk_int ; Rise       ; Traffic_Light_FSM:U_FSM|load_value[5]                  ;
; 0.353  ; 0.541        ; 0.188          ; Low Pulse Width  ; Clock_Generator:U_CLK_GEN|clk_int ; Rise       ; Traffic_Light_FSM:U_FSM|load_value[6]                  ;
; 0.353  ; 0.541        ; 0.188          ; Low Pulse Width  ; Clock_Generator:U_CLK_GEN|clk_int ; Rise       ; Traffic_Light_FSM:U_FSM|main_green                     ;
; 0.353  ; 0.541        ; 0.188          ; Low Pulse Width  ; Clock_Generator:U_CLK_GEN|clk_int ; Rise       ; Traffic_Light_FSM:U_FSM|main_yellow                    ;
; 0.484  ; 0.484        ; 0.000          ; High Pulse Width ; Clock_Generator:U_CLK_GEN|clk_int ; Rise       ; U_CLK_GEN|clk_int~clkctrl|inclk[0]                     ;
; 0.484  ; 0.484        ; 0.000          ; High Pulse Width ; Clock_Generator:U_CLK_GEN|clk_int ; Rise       ; U_CLK_GEN|clk_int~clkctrl|outclk                       ;
; 0.492  ; 0.492        ; 0.000          ; Low Pulse Width  ; Clock_Generator:U_CLK_GEN|clk_int ; Rise       ; U_COUNTER|high_bcd[0]|clk                              ;
; 0.492  ; 0.492        ; 0.000          ; Low Pulse Width  ; Clock_Generator:U_CLK_GEN|clk_int ; Rise       ; U_COUNTER|high_bcd[1]|clk                              ;
; 0.492  ; 0.492        ; 0.000          ; Low Pulse Width  ; Clock_Generator:U_CLK_GEN|clk_int ; Rise       ; U_COUNTER|high_bcd[2]|clk                              ;
; 0.492  ; 0.492        ; 0.000          ; Low Pulse Width  ; Clock_Generator:U_CLK_GEN|clk_int ; Rise       ; U_COUNTER|low_bcd[0]|clk                               ;
; 0.492  ; 0.492        ; 0.000          ; Low Pulse Width  ; Clock_Generator:U_CLK_GEN|clk_int ; Rise       ; U_COUNTER|low_bcd[1]|clk                               ;
; 0.492  ; 0.492        ; 0.000          ; Low Pulse Width  ; Clock_Generator:U_CLK_GEN|clk_int ; Rise       ; U_COUNTER|low_bcd[2]|clk                               ;
; 0.492  ; 0.492        ; 0.000          ; Low Pulse Width  ; Clock_Generator:U_CLK_GEN|clk_int ; Rise       ; U_COUNTER|low_bcd[3]|clk                               ;
; 0.492  ; 0.492        ; 0.000          ; Low Pulse Width  ; Clock_Generator:U_CLK_GEN|clk_int ; Rise       ; U_FSM|load_value[0]|clk                                ;
; 0.492  ; 0.492        ; 0.000          ; Low Pulse Width  ; Clock_Generator:U_CLK_GEN|clk_int ; Rise       ; U_FSM|load_value[5]|clk                                ;
; 0.492  ; 0.492        ; 0.000          ; Low Pulse Width  ; Clock_Generator:U_CLK_GEN|clk_int ; Rise       ; U_FSM|load_value[6]|clk                                ;
; 0.492  ; 0.492        ; 0.000          ; Low Pulse Width  ; Clock_Generator:U_CLK_GEN|clk_int ; Rise       ; U_FSM|main_red|clk                                     ;
; 0.493  ; 0.493        ; 0.000          ; Low Pulse Width  ; Clock_Generator:U_CLK_GEN|clk_int ; Rise       ; U_FSM|branch_green|clk                                 ;
; 0.493  ; 0.493        ; 0.000          ; Low Pulse Width  ; Clock_Generator:U_CLK_GEN|clk_int ; Rise       ; U_FSM|branch_red|clk                                   ;
; 0.493  ; 0.493        ; 0.000          ; Low Pulse Width  ; Clock_Generator:U_CLK_GEN|clk_int ; Rise       ; U_FSM|branch_yellow|clk                                ;
; 0.493  ; 0.493        ; 0.000          ; Low Pulse Width  ; Clock_Generator:U_CLK_GEN|clk_int ; Rise       ; U_FSM|current_state.ST_BRANCH_GREEN|clk                ;
; 0.493  ; 0.493        ; 0.000          ; Low Pulse Width  ; Clock_Generator:U_CLK_GEN|clk_int ; Rise       ; U_FSM|current_state.ST_BRANCH_YELLOW|clk               ;
; 0.493  ; 0.493        ; 0.000          ; Low Pulse Width  ; Clock_Generator:U_CLK_GEN|clk_int ; Rise       ; U_FSM|current_state.ST_IDLE|clk                        ;
; 0.493  ; 0.493        ; 0.000          ; Low Pulse Width  ; Clock_Generator:U_CLK_GEN|clk_int ; Rise       ; U_FSM|current_state.ST_MAIN_GREEN|clk                  ;
; 0.493  ; 0.493        ; 0.000          ; Low Pulse Width  ; Clock_Generator:U_CLK_GEN|clk_int ; Rise       ; U_FSM|current_state.ST_MAIN_YELLOW|clk                 ;
; 0.493  ; 0.493        ; 0.000          ; Low Pulse Width  ; Clock_Generator:U_CLK_GEN|clk_int ; Rise       ; U_FSM|main_green|clk                                   ;
; 0.493  ; 0.493        ; 0.000          ; Low Pulse Width  ; Clock_Generator:U_CLK_GEN|clk_int ; Rise       ; U_FSM|main_yellow|clk                                  ;
; 0.500  ; 0.500        ; 0.000          ; High Pulse Width ; Clock_Generator:U_CLK_GEN|clk_int ; Rise       ; U_CLK_GEN|clk_int|q                                    ;
; 0.500  ; 0.500        ; 0.000          ; Low Pulse Width  ; Clock_Generator:U_CLK_GEN|clk_int ; Rise       ; U_CLK_GEN|clk_int|q                                    ;
; 0.507  ; 0.507        ; 0.000          ; High Pulse Width ; Clock_Generator:U_CLK_GEN|clk_int ; Rise       ; U_COUNTER|high_bcd[0]|clk                              ;
; 0.507  ; 0.507        ; 0.000          ; High Pulse Width ; Clock_Generator:U_CLK_GEN|clk_int ; Rise       ; U_COUNTER|high_bcd[1]|clk                              ;
; 0.507  ; 0.507        ; 0.000          ; High Pulse Width ; Clock_Generator:U_CLK_GEN|clk_int ; Rise       ; U_COUNTER|high_bcd[2]|clk                              ;
; 0.507  ; 0.507        ; 0.000          ; High Pulse Width ; Clock_Generator:U_CLK_GEN|clk_int ; Rise       ; U_COUNTER|low_bcd[0]|clk                               ;
; 0.507  ; 0.507        ; 0.000          ; High Pulse Width ; Clock_Generator:U_CLK_GEN|clk_int ; Rise       ; U_COUNTER|low_bcd[1]|clk                               ;
; 0.507  ; 0.507        ; 0.000          ; High Pulse Width ; Clock_Generator:U_CLK_GEN|clk_int ; Rise       ; U_COUNTER|low_bcd[2]|clk                               ;
; 0.507  ; 0.507        ; 0.000          ; High Pulse Width ; Clock_Generator:U_CLK_GEN|clk_int ; Rise       ; U_COUNTER|low_bcd[3]|clk                               ;
; 0.507  ; 0.507        ; 0.000          ; High Pulse Width ; Clock_Generator:U_CLK_GEN|clk_int ; Rise       ; U_FSM|branch_green|clk                                 ;
; 0.507  ; 0.507        ; 0.000          ; High Pulse Width ; Clock_Generator:U_CLK_GEN|clk_int ; Rise       ; U_FSM|branch_red|clk                                   ;
; 0.507  ; 0.507        ; 0.000          ; High Pulse Width ; Clock_Generator:U_CLK_GEN|clk_int ; Rise       ; U_FSM|branch_yellow|clk                                ;
; 0.507  ; 0.507        ; 0.000          ; High Pulse Width ; Clock_Generator:U_CLK_GEN|clk_int ; Rise       ; U_FSM|current_state.ST_BRANCH_GREEN|clk                ;
; 0.507  ; 0.507        ; 0.000          ; High Pulse Width ; Clock_Generator:U_CLK_GEN|clk_int ; Rise       ; U_FSM|current_state.ST_BRANCH_YELLOW|clk               ;
+--------+--------------+----------------+------------------+-----------------------------------+------------+--------------------------------------------------------+


+-----------------------------------------------------------------------------------------------------------------------+
; Setup Times                                                                                                           ;
+------------------+-----------------------------------+-------+-------+------------+-----------------------------------+
; Data Port        ; Clock Port                        ; Rise  ; Fall  ; Clock Edge ; Clock Reference                   ;
+------------------+-----------------------------------+-------+-------+------------+-----------------------------------+
; vehicle_detected ; Clock_Generator:U_CLK_GEN|clk_int ; 2.548 ; 2.871 ; Rise       ; Clock_Generator:U_CLK_GEN|clk_int ;
+------------------+-----------------------------------+-------+-------+------------+-----------------------------------+


+-------------------------------------------------------------------------------------------------------------------------+
; Hold Times                                                                                                              ;
+------------------+-----------------------------------+--------+--------+------------+-----------------------------------+
; Data Port        ; Clock Port                        ; Rise   ; Fall   ; Clock Edge ; Clock Reference                   ;
+------------------+-----------------------------------+--------+--------+------------+-----------------------------------+
; vehicle_detected ; Clock_Generator:U_CLK_GEN|clk_int ; -1.942 ; -2.244 ; Rise       ; Clock_Generator:U_CLK_GEN|clk_int ;
+------------------+-----------------------------------+--------+--------+------------+-----------------------------------+


+--------------------------------------------------------------------------------------------------------------------+
; Clock to Output Times                                                                                              ;
+---------------+-----------------------------------+-------+-------+------------+-----------------------------------+
; Data Port     ; Clock Port                        ; Rise  ; Fall  ; Clock Edge ; Clock Reference                   ;
+---------------+-----------------------------------+-------+-------+------------+-----------------------------------+
; branch_green  ; Clock_Generator:U_CLK_GEN|clk_int ; 6.830 ; 6.664 ; Rise       ; Clock_Generator:U_CLK_GEN|clk_int ;
; branch_red    ; Clock_Generator:U_CLK_GEN|clk_int ; 7.416 ; 7.206 ; Rise       ; Clock_Generator:U_CLK_GEN|clk_int ;
; branch_yellow ; Clock_Generator:U_CLK_GEN|clk_int ; 7.161 ; 6.987 ; Rise       ; Clock_Generator:U_CLK_GEN|clk_int ;
; main_green    ; Clock_Generator:U_CLK_GEN|clk_int ; 7.425 ; 7.205 ; Rise       ; Clock_Generator:U_CLK_GEN|clk_int ;
; main_red      ; Clock_Generator:U_CLK_GEN|clk_int ; 7.409 ; 7.196 ; Rise       ; Clock_Generator:U_CLK_GEN|clk_int ;
; main_yellow   ; Clock_Generator:U_CLK_GEN|clk_int ; 7.341 ; 7.151 ; Rise       ; Clock_Generator:U_CLK_GEN|clk_int ;
; seg_high[*]   ; Clock_Generator:U_CLK_GEN|clk_int ; 9.971 ; 9.418 ; Rise       ; Clock_Generator:U_CLK_GEN|clk_int ;
;  seg_high[0]  ; Clock_Generator:U_CLK_GEN|clk_int ; 7.649 ; 7.415 ; Rise       ; Clock_Generator:U_CLK_GEN|clk_int ;
;  seg_high[1]  ; Clock_Generator:U_CLK_GEN|clk_int ; 8.097 ; 7.907 ; Rise       ; Clock_Generator:U_CLK_GEN|clk_int ;
;  seg_high[2]  ; Clock_Generator:U_CLK_GEN|clk_int ; 9.971 ; 9.418 ; Rise       ; Clock_Generator:U_CLK_GEN|clk_int ;
;  seg_high[3]  ; Clock_Generator:U_CLK_GEN|clk_int ; 8.310 ; 8.071 ; Rise       ; Clock_Generator:U_CLK_GEN|clk_int ;
;  seg_high[4]  ; Clock_Generator:U_CLK_GEN|clk_int ; 7.551 ; 7.357 ; Rise       ; Clock_Generator:U_CLK_GEN|clk_int ;
;  seg_high[5]  ; Clock_Generator:U_CLK_GEN|clk_int ; 7.552 ; 7.358 ; Rise       ; Clock_Generator:U_CLK_GEN|clk_int ;
;  seg_high[6]  ; Clock_Generator:U_CLK_GEN|clk_int ; 7.372 ; 7.541 ; Rise       ; Clock_Generator:U_CLK_GEN|clk_int ;
; seg_low[*]    ; Clock_Generator:U_CLK_GEN|clk_int ; 9.239 ; 8.958 ; Rise       ; Clock_Generator:U_CLK_GEN|clk_int ;
;  seg_low[0]   ; Clock_Generator:U_CLK_GEN|clk_int ; 8.861 ; 8.612 ; Rise       ; Clock_Generator:U_CLK_GEN|clk_int ;
;  seg_low[1]   ; Clock_Generator:U_CLK_GEN|clk_int ; 9.202 ; 8.832 ; Rise       ; Clock_Generator:U_CLK_GEN|clk_int ;
;  seg_low[2]   ; Clock_Generator:U_CLK_GEN|clk_int ; 8.718 ; 8.441 ; Rise       ; Clock_Generator:U_CLK_GEN|clk_int ;
;  seg_low[3]   ; Clock_Generator:U_CLK_GEN|clk_int ; 9.239 ; 8.958 ; Rise       ; Clock_Generator:U_CLK_GEN|clk_int ;
;  seg_low[4]   ; Clock_Generator:U_CLK_GEN|clk_int ; 8.626 ; 8.330 ; Rise       ; Clock_Generator:U_CLK_GEN|clk_int ;
;  seg_low[5]   ; Clock_Generator:U_CLK_GEN|clk_int ; 8.630 ; 8.406 ; Rise       ; Clock_Generator:U_CLK_GEN|clk_int ;
;  seg_low[6]   ; Clock_Generator:U_CLK_GEN|clk_int ; 8.260 ; 8.468 ; Rise       ; Clock_Generator:U_CLK_GEN|clk_int ;
+---------------+-----------------------------------+-------+-------+------------+-----------------------------------+


+--------------------------------------------------------------------------------------------------------------------+
; Minimum Clock to Output Times                                                                                      ;
+---------------+-----------------------------------+-------+-------+------------+-----------------------------------+
; Data Port     ; Clock Port                        ; Rise  ; Fall  ; Clock Edge ; Clock Reference                   ;
+---------------+-----------------------------------+-------+-------+------------+-----------------------------------+
; branch_green  ; Clock_Generator:U_CLK_GEN|clk_int ; 6.564 ; 6.400 ; Rise       ; Clock_Generator:U_CLK_GEN|clk_int ;
; branch_red    ; Clock_Generator:U_CLK_GEN|clk_int ; 7.127 ; 6.920 ; Rise       ; Clock_Generator:U_CLK_GEN|clk_int ;
; branch_yellow ; Clock_Generator:U_CLK_GEN|clk_int ; 6.882 ; 6.710 ; Rise       ; Clock_Generator:U_CLK_GEN|clk_int ;
; main_green    ; Clock_Generator:U_CLK_GEN|clk_int ; 7.130 ; 6.914 ; Rise       ; Clock_Generator:U_CLK_GEN|clk_int ;
; main_red      ; Clock_Generator:U_CLK_GEN|clk_int ; 7.118 ; 6.910 ; Rise       ; Clock_Generator:U_CLK_GEN|clk_int ;
; main_yellow   ; Clock_Generator:U_CLK_GEN|clk_int ; 7.049 ; 6.862 ; Rise       ; Clock_Generator:U_CLK_GEN|clk_int ;
; seg_high[*]   ; Clock_Generator:U_CLK_GEN|clk_int ; 6.736 ; 6.774 ; Rise       ; Clock_Generator:U_CLK_GEN|clk_int ;
;  seg_high[0]  ; Clock_Generator:U_CLK_GEN|clk_int ; 6.992 ; 6.774 ; Rise       ; Clock_Generator:U_CLK_GEN|clk_int ;
;  seg_high[1]  ; Clock_Generator:U_CLK_GEN|clk_int ; 7.441 ; 7.228 ; Rise       ; Clock_Generator:U_CLK_GEN|clk_int ;
;  seg_high[2]  ; Clock_Generator:U_CLK_GEN|clk_int ; 9.402 ; 8.775 ; Rise       ; Clock_Generator:U_CLK_GEN|clk_int ;
;  seg_high[3]  ; Clock_Generator:U_CLK_GEN|clk_int ; 7.631 ; 7.408 ; Rise       ; Clock_Generator:U_CLK_GEN|clk_int ;
;  seg_high[4]  ; Clock_Generator:U_CLK_GEN|clk_int ; 6.909 ; 6.859 ; Rise       ; Clock_Generator:U_CLK_GEN|clk_int ;
;  seg_high[5]  ; Clock_Generator:U_CLK_GEN|clk_int ; 6.907 ; 6.860 ; Rise       ; Clock_Generator:U_CLK_GEN|clk_int ;
;  seg_high[6]  ; Clock_Generator:U_CLK_GEN|clk_int ; 6.736 ; 7.002 ; Rise       ; Clock_Generator:U_CLK_GEN|clk_int ;
; seg_low[*]    ; Clock_Generator:U_CLK_GEN|clk_int ; 7.338 ; 7.475 ; Rise       ; Clock_Generator:U_CLK_GEN|clk_int ;
;  seg_low[0]   ; Clock_Generator:U_CLK_GEN|clk_int ; 7.936 ; 7.660 ; Rise       ; Clock_Generator:U_CLK_GEN|clk_int ;
;  seg_low[1]   ; Clock_Generator:U_CLK_GEN|clk_int ; 8.298 ; 7.967 ; Rise       ; Clock_Generator:U_CLK_GEN|clk_int ;
;  seg_low[2]   ; Clock_Generator:U_CLK_GEN|clk_int ; 7.823 ; 7.580 ; Rise       ; Clock_Generator:U_CLK_GEN|clk_int ;
;  seg_low[3]   ; Clock_Generator:U_CLK_GEN|clk_int ; 8.295 ; 7.990 ; Rise       ; Clock_Generator:U_CLK_GEN|clk_int ;
;  seg_low[4]   ; Clock_Generator:U_CLK_GEN|clk_int ; 7.771 ; 7.509 ; Rise       ; Clock_Generator:U_CLK_GEN|clk_int ;
;  seg_low[5]   ; Clock_Generator:U_CLK_GEN|clk_int ; 7.706 ; 7.475 ; Rise       ; Clock_Generator:U_CLK_GEN|clk_int ;
;  seg_low[6]   ; Clock_Generator:U_CLK_GEN|clk_int ; 7.338 ; 7.578 ; Rise       ; Clock_Generator:U_CLK_GEN|clk_int ;
+---------------+-----------------------------------+-------+-------+------------+-----------------------------------+


----------------------------------------------
; Slow 1200mV 85C Model Metastability Report ;
----------------------------------------------
No synchronizer chains to report.


+-------------------------------------------------------------------------+
; Slow 1200mV 0C Model Fmax Summary                                       ;
+------------+-----------------+-----------------------------------+------+
; Fmax       ; Restricted Fmax ; Clock Name                        ; Note ;
+------------+-----------------+-----------------------------------+------+
; 239.58 MHz ; 239.58 MHz      ; clk_50MHz                         ;      ;
; 365.23 MHz ; 365.23 MHz      ; Clock_Generator:U_CLK_GEN|clk_int ;      ;
+------------+-----------------+-----------------------------------+------+
This panel reports FMAX for every clock in the design, regardless of the user-specified clock periods.  FMAX is only computed for paths where the source and destination registers or ports are driven by the same clock.  Paths of different clocks, including generated clocks, are ignored.  For paths between a clock and its inversion, FMAX is computed as if the rising and falling edges are scaled along with FMAX, such that the duty cycle (in terms of a percentage) is maintained. Altera recommends that you always use clock constraints and other slack reports for sign-off analysis.


+------------------------------------------------------------+
; Slow 1200mV 0C Model Setup Summary                         ;
+-----------------------------------+--------+---------------+
; Clock                             ; Slack  ; End Point TNS ;
+-----------------------------------+--------+---------------+
; clk_50MHz                         ; -3.174 ; -43.321       ;
; Clock_Generator:U_CLK_GEN|clk_int ; -1.738 ; -18.987       ;
+-----------------------------------+--------+---------------+


+-----------------------------------------------------------+
; Slow 1200mV 0C Model Hold Summary                         ;
+-----------------------------------+-------+---------------+
; Clock                             ; Slack ; End Point TNS ;
+-----------------------------------+-------+---------------+
; clk_50MHz                         ; 0.206 ; 0.000         ;
; Clock_Generator:U_CLK_GEN|clk_int ; 0.403 ; 0.000         ;
+-----------------------------------+-------+---------------+


-----------------------------------------
; Slow 1200mV 0C Model Recovery Summary ;
-----------------------------------------
No paths to report.


----------------------------------------
; Slow 1200mV 0C Model Removal Summary ;
----------------------------------------
No paths to report.


+------------------------------------------------------------+
; Slow 1200mV 0C Model Minimum Pulse Width Summary           ;
+-----------------------------------+--------+---------------+
; Clock                             ; Slack  ; End Point TNS ;
+-----------------------------------+--------+---------------+
; clk_50MHz                         ; -3.000 ; -43.149       ;
; Clock_Generator:U_CLK_GEN|clk_int ; -1.487 ; -31.227       ;
+-----------------------------------+--------+---------------+


+--------------------------------------------------------------------------------------------------------------------------------------------------------------+
; Slow 1200mV 0C Model Setup: 'clk_50MHz'                                                                                                                      ;
+--------+---------------------------------------+---------------------------------------+--------------+-------------+--------------+------------+------------+
; Slack  ; From Node                             ; To Node                               ; Launch Clock ; Latch Clock ; Relationship ; Clock Skew ; Data Delay ;
+--------+---------------------------------------+---------------------------------------+--------------+-------------+--------------+------------+------------+
; -3.174 ; Clock_Generator:U_CLK_GEN|counter[16] ; Clock_Generator:U_CLK_GEN|clk_int     ; clk_50MHz    ; clk_50MHz   ; 1.000        ; -0.072     ; 4.104      ;
; -3.167 ; Clock_Generator:U_CLK_GEN|counter[15] ; Clock_Generator:U_CLK_GEN|clk_int     ; clk_50MHz    ; clk_50MHz   ; 1.000        ; -0.072     ; 4.097      ;
; -2.997 ; Clock_Generator:U_CLK_GEN|counter[17] ; Clock_Generator:U_CLK_GEN|clk_int     ; clk_50MHz    ; clk_50MHz   ; 1.000        ; -0.072     ; 3.927      ;
; -2.873 ; Clock_Generator:U_CLK_GEN|counter[14] ; Clock_Generator:U_CLK_GEN|clk_int     ; clk_50MHz    ; clk_50MHz   ; 1.000        ; -0.072     ; 3.803      ;
; -2.835 ; Clock_Generator:U_CLK_GEN|counter[19] ; Clock_Generator:U_CLK_GEN|clk_int     ; clk_50MHz    ; clk_50MHz   ; 1.000        ; -0.072     ; 3.765      ;
; -2.827 ; Clock_Generator:U_CLK_GEN|counter[21] ; Clock_Generator:U_CLK_GEN|clk_int     ; clk_50MHz    ; clk_50MHz   ; 1.000        ; -0.072     ; 3.757      ;
; -2.726 ; Clock_Generator:U_CLK_GEN|counter[24] ; Clock_Generator:U_CLK_GEN|clk_int     ; clk_50MHz    ; clk_50MHz   ; 1.000        ; -0.072     ; 3.656      ;
; -2.719 ; Clock_Generator:U_CLK_GEN|counter[22] ; Clock_Generator:U_CLK_GEN|clk_int     ; clk_50MHz    ; clk_50MHz   ; 1.000        ; -0.072     ; 3.649      ;
; -2.696 ; Clock_Generator:U_CLK_GEN|counter[25] ; Clock_Generator:U_CLK_GEN|clk_int     ; clk_50MHz    ; clk_50MHz   ; 1.000        ; -0.072     ; 3.626      ;
; -2.658 ; Clock_Generator:U_CLK_GEN|counter[20] ; Clock_Generator:U_CLK_GEN|clk_int     ; clk_50MHz    ; clk_50MHz   ; 1.000        ; -0.072     ; 3.588      ;
; -2.627 ; Clock_Generator:U_CLK_GEN|counter[16] ; Clock_Generator:U_CLK_GEN|counter[1]  ; clk_50MHz    ; clk_50MHz   ; 1.000        ; -0.072     ; 3.557      ;
; -2.620 ; Clock_Generator:U_CLK_GEN|counter[15] ; Clock_Generator:U_CLK_GEN|counter[1]  ; clk_50MHz    ; clk_50MHz   ; 1.000        ; -0.072     ; 3.550      ;
; -2.589 ; Clock_Generator:U_CLK_GEN|counter[10] ; Clock_Generator:U_CLK_GEN|clk_int     ; clk_50MHz    ; clk_50MHz   ; 1.000        ; -0.072     ; 3.519      ;
; -2.535 ; Clock_Generator:U_CLK_GEN|counter[18] ; Clock_Generator:U_CLK_GEN|clk_int     ; clk_50MHz    ; clk_50MHz   ; 1.000        ; -0.072     ; 3.465      ;
; -2.524 ; Clock_Generator:U_CLK_GEN|counter[12] ; Clock_Generator:U_CLK_GEN|clk_int     ; clk_50MHz    ; clk_50MHz   ; 1.000        ; -0.072     ; 3.454      ;
; -2.522 ; Clock_Generator:U_CLK_GEN|counter[11] ; Clock_Generator:U_CLK_GEN|clk_int     ; clk_50MHz    ; clk_50MHz   ; 1.000        ; -0.072     ; 3.452      ;
; -2.482 ; Clock_Generator:U_CLK_GEN|counter[13] ; Clock_Generator:U_CLK_GEN|clk_int     ; clk_50MHz    ; clk_50MHz   ; 1.000        ; -0.072     ; 3.412      ;
; -2.450 ; Clock_Generator:U_CLK_GEN|counter[17] ; Clock_Generator:U_CLK_GEN|counter[1]  ; clk_50MHz    ; clk_50MHz   ; 1.000        ; -0.072     ; 3.380      ;
; -2.425 ; Clock_Generator:U_CLK_GEN|counter[23] ; Clock_Generator:U_CLK_GEN|clk_int     ; clk_50MHz    ; clk_50MHz   ; 1.000        ; -0.072     ; 3.355      ;
; -2.379 ; Clock_Generator:U_CLK_GEN|counter[2]  ; Clock_Generator:U_CLK_GEN|clk_int     ; clk_50MHz    ; clk_50MHz   ; 1.000        ; -0.072     ; 3.309      ;
; -2.373 ; Clock_Generator:U_CLK_GEN|counter[5]  ; Clock_Generator:U_CLK_GEN|clk_int     ; clk_50MHz    ; clk_50MHz   ; 1.000        ; -0.072     ; 3.303      ;
; -2.326 ; Clock_Generator:U_CLK_GEN|counter[14] ; Clock_Generator:U_CLK_GEN|counter[1]  ; clk_50MHz    ; clk_50MHz   ; 1.000        ; -0.072     ; 3.256      ;
; -2.288 ; Clock_Generator:U_CLK_GEN|counter[19] ; Clock_Generator:U_CLK_GEN|counter[1]  ; clk_50MHz    ; clk_50MHz   ; 1.000        ; -0.072     ; 3.218      ;
; -2.280 ; Clock_Generator:U_CLK_GEN|counter[21] ; Clock_Generator:U_CLK_GEN|counter[1]  ; clk_50MHz    ; clk_50MHz   ; 1.000        ; -0.072     ; 3.210      ;
; -2.268 ; Clock_Generator:U_CLK_GEN|counter[0]  ; Clock_Generator:U_CLK_GEN|counter[25] ; clk_50MHz    ; clk_50MHz   ; 1.000        ; -0.072     ; 3.198      ;
; -2.225 ; Clock_Generator:U_CLK_GEN|counter[1]  ; Clock_Generator:U_CLK_GEN|counter[24] ; clk_50MHz    ; clk_50MHz   ; 1.000        ; -0.072     ; 3.155      ;
; -2.202 ; Clock_Generator:U_CLK_GEN|counter[4]  ; Clock_Generator:U_CLK_GEN|clk_int     ; clk_50MHz    ; clk_50MHz   ; 1.000        ; -0.072     ; 3.132      ;
; -2.188 ; Clock_Generator:U_CLK_GEN|counter[8]  ; Clock_Generator:U_CLK_GEN|clk_int     ; clk_50MHz    ; clk_50MHz   ; 1.000        ; -0.072     ; 3.118      ;
; -2.186 ; Clock_Generator:U_CLK_GEN|counter[1]  ; Clock_Generator:U_CLK_GEN|counter[25] ; clk_50MHz    ; clk_50MHz   ; 1.000        ; -0.072     ; 3.116      ;
; -2.181 ; Clock_Generator:U_CLK_GEN|counter[6]  ; Clock_Generator:U_CLK_GEN|clk_int     ; clk_50MHz    ; clk_50MHz   ; 1.000        ; -0.072     ; 3.111      ;
; -2.179 ; Clock_Generator:U_CLK_GEN|counter[24] ; Clock_Generator:U_CLK_GEN|counter[1]  ; clk_50MHz    ; clk_50MHz   ; 1.000        ; -0.072     ; 3.109      ;
; -2.172 ; Clock_Generator:U_CLK_GEN|counter[22] ; Clock_Generator:U_CLK_GEN|counter[1]  ; clk_50MHz    ; clk_50MHz   ; 1.000        ; -0.072     ; 3.102      ;
; -2.159 ; Clock_Generator:U_CLK_GEN|counter[9]  ; Clock_Generator:U_CLK_GEN|clk_int     ; clk_50MHz    ; clk_50MHz   ; 1.000        ; -0.072     ; 3.089      ;
; -2.155 ; Clock_Generator:U_CLK_GEN|counter[0]  ; Clock_Generator:U_CLK_GEN|clk_int     ; clk_50MHz    ; clk_50MHz   ; 1.000        ; -0.072     ; 3.085      ;
; -2.149 ; Clock_Generator:U_CLK_GEN|counter[25] ; Clock_Generator:U_CLK_GEN|counter[1]  ; clk_50MHz    ; clk_50MHz   ; 1.000        ; -0.072     ; 3.079      ;
; -2.142 ; Clock_Generator:U_CLK_GEN|counter[0]  ; Clock_Generator:U_CLK_GEN|counter[23] ; clk_50MHz    ; clk_50MHz   ; 1.000        ; -0.072     ; 3.072      ;
; -2.142 ; Clock_Generator:U_CLK_GEN|counter[0]  ; Clock_Generator:U_CLK_GEN|counter[24] ; clk_50MHz    ; clk_50MHz   ; 1.000        ; -0.072     ; 3.072      ;
; -2.130 ; Clock_Generator:U_CLK_GEN|counter[2]  ; Clock_Generator:U_CLK_GEN|counter[25] ; clk_50MHz    ; clk_50MHz   ; 1.000        ; -0.072     ; 3.060      ;
; -2.111 ; Clock_Generator:U_CLK_GEN|counter[20] ; Clock_Generator:U_CLK_GEN|counter[1]  ; clk_50MHz    ; clk_50MHz   ; 1.000        ; -0.072     ; 3.041      ;
; -2.099 ; Clock_Generator:U_CLK_GEN|counter[1]  ; Clock_Generator:U_CLK_GEN|counter[22] ; clk_50MHz    ; clk_50MHz   ; 1.000        ; -0.072     ; 3.029      ;
; -2.083 ; Clock_Generator:U_CLK_GEN|counter[3]  ; Clock_Generator:U_CLK_GEN|counter[24] ; clk_50MHz    ; clk_50MHz   ; 1.000        ; -0.072     ; 3.013      ;
; -2.079 ; Clock_Generator:U_CLK_GEN|counter[3]  ; Clock_Generator:U_CLK_GEN|clk_int     ; clk_50MHz    ; clk_50MHz   ; 1.000        ; -0.072     ; 3.009      ;
; -2.060 ; Clock_Generator:U_CLK_GEN|counter[1]  ; Clock_Generator:U_CLK_GEN|counter[23] ; clk_50MHz    ; clk_50MHz   ; 1.000        ; -0.072     ; 2.990      ;
; -2.044 ; Clock_Generator:U_CLK_GEN|counter[3]  ; Clock_Generator:U_CLK_GEN|counter[25] ; clk_50MHz    ; clk_50MHz   ; 1.000        ; -0.072     ; 2.974      ;
; -2.016 ; Clock_Generator:U_CLK_GEN|counter[0]  ; Clock_Generator:U_CLK_GEN|counter[21] ; clk_50MHz    ; clk_50MHz   ; 1.000        ; -0.072     ; 2.946      ;
; -2.016 ; Clock_Generator:U_CLK_GEN|counter[0]  ; Clock_Generator:U_CLK_GEN|counter[22] ; clk_50MHz    ; clk_50MHz   ; 1.000        ; -0.072     ; 2.946      ;
; -2.012 ; Clock_Generator:U_CLK_GEN|counter[1]  ; Clock_Generator:U_CLK_GEN|clk_int     ; clk_50MHz    ; clk_50MHz   ; 1.000        ; -0.072     ; 2.942      ;
; -2.008 ; Clock_Generator:U_CLK_GEN|counter[4]  ; Clock_Generator:U_CLK_GEN|counter[25] ; clk_50MHz    ; clk_50MHz   ; 1.000        ; -0.072     ; 2.938      ;
; -2.008 ; Clock_Generator:U_CLK_GEN|counter[2]  ; Clock_Generator:U_CLK_GEN|counter[24] ; clk_50MHz    ; clk_50MHz   ; 1.000        ; -0.072     ; 2.938      ;
; -2.004 ; Clock_Generator:U_CLK_GEN|counter[2]  ; Clock_Generator:U_CLK_GEN|counter[23] ; clk_50MHz    ; clk_50MHz   ; 1.000        ; -0.072     ; 2.934      ;
; -1.998 ; Clock_Generator:U_CLK_GEN|counter[10] ; Clock_Generator:U_CLK_GEN|counter[1]  ; clk_50MHz    ; clk_50MHz   ; 1.000        ; -0.072     ; 2.928      ;
; -1.988 ; Clock_Generator:U_CLK_GEN|counter[18] ; Clock_Generator:U_CLK_GEN|counter[1]  ; clk_50MHz    ; clk_50MHz   ; 1.000        ; -0.072     ; 2.918      ;
; -1.973 ; Clock_Generator:U_CLK_GEN|counter[1]  ; Clock_Generator:U_CLK_GEN|counter[20] ; clk_50MHz    ; clk_50MHz   ; 1.000        ; -0.072     ; 2.903      ;
; -1.963 ; Clock_Generator:U_CLK_GEN|counter[5]  ; Clock_Generator:U_CLK_GEN|counter[24] ; clk_50MHz    ; clk_50MHz   ; 1.000        ; -0.072     ; 2.893      ;
; -1.961 ; Clock_Generator:U_CLK_GEN|counter[12] ; Clock_Generator:U_CLK_GEN|counter[1]  ; clk_50MHz    ; clk_50MHz   ; 1.000        ; -0.072     ; 2.891      ;
; -1.957 ; Clock_Generator:U_CLK_GEN|counter[3]  ; Clock_Generator:U_CLK_GEN|counter[22] ; clk_50MHz    ; clk_50MHz   ; 1.000        ; -0.072     ; 2.887      ;
; -1.935 ; Clock_Generator:U_CLK_GEN|counter[11] ; Clock_Generator:U_CLK_GEN|counter[1]  ; clk_50MHz    ; clk_50MHz   ; 1.000        ; -0.072     ; 2.865      ;
; -1.934 ; Clock_Generator:U_CLK_GEN|counter[1]  ; Clock_Generator:U_CLK_GEN|counter[21] ; clk_50MHz    ; clk_50MHz   ; 1.000        ; -0.072     ; 2.864      ;
; -1.924 ; Clock_Generator:U_CLK_GEN|counter[5]  ; Clock_Generator:U_CLK_GEN|counter[25] ; clk_50MHz    ; clk_50MHz   ; 1.000        ; -0.072     ; 2.854      ;
; -1.918 ; Clock_Generator:U_CLK_GEN|counter[3]  ; Clock_Generator:U_CLK_GEN|counter[23] ; clk_50MHz    ; clk_50MHz   ; 1.000        ; -0.072     ; 2.848      ;
; -1.890 ; Clock_Generator:U_CLK_GEN|counter[0]  ; Clock_Generator:U_CLK_GEN|counter[19] ; clk_50MHz    ; clk_50MHz   ; 1.000        ; -0.072     ; 2.820      ;
; -1.890 ; Clock_Generator:U_CLK_GEN|counter[0]  ; Clock_Generator:U_CLK_GEN|counter[20] ; clk_50MHz    ; clk_50MHz   ; 1.000        ; -0.072     ; 2.820      ;
; -1.888 ; Clock_Generator:U_CLK_GEN|counter[13] ; Clock_Generator:U_CLK_GEN|counter[1]  ; clk_50MHz    ; clk_50MHz   ; 1.000        ; -0.072     ; 2.818      ;
; -1.886 ; Clock_Generator:U_CLK_GEN|counter[7]  ; Clock_Generator:U_CLK_GEN|clk_int     ; clk_50MHz    ; clk_50MHz   ; 1.000        ; -0.072     ; 2.816      ;
; -1.882 ; Clock_Generator:U_CLK_GEN|counter[4]  ; Clock_Generator:U_CLK_GEN|counter[23] ; clk_50MHz    ; clk_50MHz   ; 1.000        ; -0.072     ; 2.812      ;
; -1.882 ; Clock_Generator:U_CLK_GEN|counter[2]  ; Clock_Generator:U_CLK_GEN|counter[22] ; clk_50MHz    ; clk_50MHz   ; 1.000        ; -0.072     ; 2.812      ;
; -1.881 ; Clock_Generator:U_CLK_GEN|counter[6]  ; Clock_Generator:U_CLK_GEN|counter[25] ; clk_50MHz    ; clk_50MHz   ; 1.000        ; -0.072     ; 2.811      ;
; -1.878 ; Clock_Generator:U_CLK_GEN|counter[23] ; Clock_Generator:U_CLK_GEN|counter[1]  ; clk_50MHz    ; clk_50MHz   ; 1.000        ; -0.072     ; 2.808      ;
; -1.878 ; Clock_Generator:U_CLK_GEN|counter[2]  ; Clock_Generator:U_CLK_GEN|counter[21] ; clk_50MHz    ; clk_50MHz   ; 1.000        ; -0.072     ; 2.808      ;
; -1.872 ; Clock_Generator:U_CLK_GEN|counter[4]  ; Clock_Generator:U_CLK_GEN|counter[24] ; clk_50MHz    ; clk_50MHz   ; 1.000        ; -0.072     ; 2.802      ;
; -1.847 ; Clock_Generator:U_CLK_GEN|counter[1]  ; Clock_Generator:U_CLK_GEN|counter[18] ; clk_50MHz    ; clk_50MHz   ; 1.000        ; -0.072     ; 2.777      ;
; -1.837 ; Clock_Generator:U_CLK_GEN|counter[5]  ; Clock_Generator:U_CLK_GEN|counter[22] ; clk_50MHz    ; clk_50MHz   ; 1.000        ; -0.072     ; 2.767      ;
; -1.835 ; Clock_Generator:U_CLK_GEN|counter[7]  ; Clock_Generator:U_CLK_GEN|counter[24] ; clk_50MHz    ; clk_50MHz   ; 1.000        ; -0.072     ; 2.765      ;
; -1.832 ; Clock_Generator:U_CLK_GEN|counter[2]  ; Clock_Generator:U_CLK_GEN|counter[1]  ; clk_50MHz    ; clk_50MHz   ; 1.000        ; -0.072     ; 2.762      ;
; -1.831 ; Clock_Generator:U_CLK_GEN|counter[3]  ; Clock_Generator:U_CLK_GEN|counter[20] ; clk_50MHz    ; clk_50MHz   ; 1.000        ; -0.072     ; 2.761      ;
; -1.826 ; Clock_Generator:U_CLK_GEN|counter[5]  ; Clock_Generator:U_CLK_GEN|counter[1]  ; clk_50MHz    ; clk_50MHz   ; 1.000        ; -0.072     ; 2.756      ;
; -1.808 ; Clock_Generator:U_CLK_GEN|counter[1]  ; Clock_Generator:U_CLK_GEN|counter[19] ; clk_50MHz    ; clk_50MHz   ; 1.000        ; -0.072     ; 2.738      ;
; -1.798 ; Clock_Generator:U_CLK_GEN|counter[5]  ; Clock_Generator:U_CLK_GEN|counter[23] ; clk_50MHz    ; clk_50MHz   ; 1.000        ; -0.072     ; 2.728      ;
; -1.796 ; Clock_Generator:U_CLK_GEN|counter[7]  ; Clock_Generator:U_CLK_GEN|counter[25] ; clk_50MHz    ; clk_50MHz   ; 1.000        ; -0.072     ; 2.726      ;
; -1.792 ; Clock_Generator:U_CLK_GEN|counter[3]  ; Clock_Generator:U_CLK_GEN|counter[21] ; clk_50MHz    ; clk_50MHz   ; 1.000        ; -0.072     ; 2.722      ;
; -1.764 ; Clock_Generator:U_CLK_GEN|counter[0]  ; Clock_Generator:U_CLK_GEN|counter[17] ; clk_50MHz    ; clk_50MHz   ; 1.000        ; -0.072     ; 2.694      ;
; -1.764 ; Clock_Generator:U_CLK_GEN|counter[0]  ; Clock_Generator:U_CLK_GEN|counter[18] ; clk_50MHz    ; clk_50MHz   ; 1.000        ; -0.072     ; 2.694      ;
; -1.756 ; Clock_Generator:U_CLK_GEN|counter[4]  ; Clock_Generator:U_CLK_GEN|counter[21] ; clk_50MHz    ; clk_50MHz   ; 1.000        ; -0.072     ; 2.686      ;
; -1.756 ; Clock_Generator:U_CLK_GEN|counter[2]  ; Clock_Generator:U_CLK_GEN|counter[20] ; clk_50MHz    ; clk_50MHz   ; 1.000        ; -0.072     ; 2.686      ;
; -1.755 ; Clock_Generator:U_CLK_GEN|counter[6]  ; Clock_Generator:U_CLK_GEN|counter[23] ; clk_50MHz    ; clk_50MHz   ; 1.000        ; -0.072     ; 2.685      ;
; -1.752 ; Clock_Generator:U_CLK_GEN|counter[2]  ; Clock_Generator:U_CLK_GEN|counter[19] ; clk_50MHz    ; clk_50MHz   ; 1.000        ; -0.072     ; 2.682      ;
; -1.751 ; Clock_Generator:U_CLK_GEN|counter[8]  ; Clock_Generator:U_CLK_GEN|counter[25] ; clk_50MHz    ; clk_50MHz   ; 1.000        ; -0.072     ; 2.681      ;
; -1.747 ; Clock_Generator:U_CLK_GEN|counter[6]  ; Clock_Generator:U_CLK_GEN|counter[24] ; clk_50MHz    ; clk_50MHz   ; 1.000        ; -0.072     ; 2.677      ;
; -1.746 ; Clock_Generator:U_CLK_GEN|counter[4]  ; Clock_Generator:U_CLK_GEN|counter[22] ; clk_50MHz    ; clk_50MHz   ; 1.000        ; -0.072     ; 2.676      ;
; -1.722 ; Clock_Generator:U_CLK_GEN|counter[9]  ; Clock_Generator:U_CLK_GEN|counter[24] ; clk_50MHz    ; clk_50MHz   ; 1.000        ; -0.072     ; 2.652      ;
; -1.721 ; Clock_Generator:U_CLK_GEN|counter[1]  ; Clock_Generator:U_CLK_GEN|counter[16] ; clk_50MHz    ; clk_50MHz   ; 1.000        ; -0.072     ; 2.651      ;
; -1.711 ; Clock_Generator:U_CLK_GEN|counter[5]  ; Clock_Generator:U_CLK_GEN|counter[20] ; clk_50MHz    ; clk_50MHz   ; 1.000        ; -0.072     ; 2.641      ;
; -1.709 ; Clock_Generator:U_CLK_GEN|counter[7]  ; Clock_Generator:U_CLK_GEN|counter[22] ; clk_50MHz    ; clk_50MHz   ; 1.000        ; -0.072     ; 2.639      ;
; -1.705 ; Clock_Generator:U_CLK_GEN|counter[3]  ; Clock_Generator:U_CLK_GEN|counter[18] ; clk_50MHz    ; clk_50MHz   ; 1.000        ; -0.072     ; 2.635      ;
; -1.683 ; Clock_Generator:U_CLK_GEN|counter[9]  ; Clock_Generator:U_CLK_GEN|counter[25] ; clk_50MHz    ; clk_50MHz   ; 1.000        ; -0.072     ; 2.613      ;
; -1.682 ; Clock_Generator:U_CLK_GEN|counter[1]  ; Clock_Generator:U_CLK_GEN|counter[17] ; clk_50MHz    ; clk_50MHz   ; 1.000        ; -0.072     ; 2.612      ;
; -1.672 ; Clock_Generator:U_CLK_GEN|counter[5]  ; Clock_Generator:U_CLK_GEN|counter[21] ; clk_50MHz    ; clk_50MHz   ; 1.000        ; -0.072     ; 2.602      ;
; -1.670 ; Clock_Generator:U_CLK_GEN|counter[7]  ; Clock_Generator:U_CLK_GEN|counter[23] ; clk_50MHz    ; clk_50MHz   ; 1.000        ; -0.072     ; 2.600      ;
; -1.666 ; Clock_Generator:U_CLK_GEN|counter[3]  ; Clock_Generator:U_CLK_GEN|counter[19] ; clk_50MHz    ; clk_50MHz   ; 1.000        ; -0.072     ; 2.596      ;
; -1.655 ; Clock_Generator:U_CLK_GEN|counter[4]  ; Clock_Generator:U_CLK_GEN|counter[1]  ; clk_50MHz    ; clk_50MHz   ; 1.000        ; -0.072     ; 2.585      ;
+--------+---------------------------------------+---------------------------------------+--------------+-------------+--------------+------------+------------+


+-------------------------------------------------------------------------------------------------------------------------------------------------------------------------------------------------------------------------------------------+
; Slow 1200mV 0C Model Setup: 'Clock_Generator:U_CLK_GEN|clk_int'                                                                                                                                                                           ;
+--------+--------------------------------------------------------+--------------------------------------------------------+-----------------------------------+-----------------------------------+--------------+------------+------------+
; Slack  ; From Node                                              ; To Node                                                ; Launch Clock                      ; Latch Clock                       ; Relationship ; Clock Skew ; Data Delay ;
+--------+--------------------------------------------------------+--------------------------------------------------------+-----------------------------------+-----------------------------------+--------------+------------+------------+
; -1.738 ; BCD_Down_Counter:U_COUNTER|low_bcd[0]                  ; Traffic_Light_FSM:U_FSM|current_state.ST_BRANCH_YELLOW ; Clock_Generator:U_CLK_GEN|clk_int ; Clock_Generator:U_CLK_GEN|clk_int ; 1.000        ; -0.071     ; 2.669      ;
; -1.738 ; BCD_Down_Counter:U_COUNTER|low_bcd[0]                  ; Traffic_Light_FSM:U_FSM|current_state.ST_BRANCH_GREEN  ; Clock_Generator:U_CLK_GEN|clk_int ; Clock_Generator:U_CLK_GEN|clk_int ; 1.000        ; -0.071     ; 2.669      ;
; -1.738 ; BCD_Down_Counter:U_COUNTER|low_bcd[0]                  ; Traffic_Light_FSM:U_FSM|current_state.ST_MAIN_YELLOW   ; Clock_Generator:U_CLK_GEN|clk_int ; Clock_Generator:U_CLK_GEN|clk_int ; 1.000        ; -0.071     ; 2.669      ;
; -1.729 ; BCD_Down_Counter:U_COUNTER|low_bcd[1]                  ; Traffic_Light_FSM:U_FSM|current_state.ST_BRANCH_YELLOW ; Clock_Generator:U_CLK_GEN|clk_int ; Clock_Generator:U_CLK_GEN|clk_int ; 1.000        ; -0.071     ; 2.660      ;
; -1.729 ; BCD_Down_Counter:U_COUNTER|low_bcd[1]                  ; Traffic_Light_FSM:U_FSM|current_state.ST_BRANCH_GREEN  ; Clock_Generator:U_CLK_GEN|clk_int ; Clock_Generator:U_CLK_GEN|clk_int ; 1.000        ; -0.071     ; 2.660      ;
; -1.729 ; BCD_Down_Counter:U_COUNTER|low_bcd[1]                  ; Traffic_Light_FSM:U_FSM|current_state.ST_MAIN_YELLOW   ; Clock_Generator:U_CLK_GEN|clk_int ; Clock_Generator:U_CLK_GEN|clk_int ; 1.000        ; -0.071     ; 2.660      ;
; -1.686 ; BCD_Down_Counter:U_COUNTER|low_bcd[0]                  ; BCD_Down_Counter:U_COUNTER|high_bcd[0]                 ; Clock_Generator:U_CLK_GEN|clk_int ; Clock_Generator:U_CLK_GEN|clk_int ; 1.000        ; -0.071     ; 2.617      ;
; -1.686 ; BCD_Down_Counter:U_COUNTER|low_bcd[0]                  ; BCD_Down_Counter:U_COUNTER|high_bcd[1]                 ; Clock_Generator:U_CLK_GEN|clk_int ; Clock_Generator:U_CLK_GEN|clk_int ; 1.000        ; -0.071     ; 2.617      ;
; -1.686 ; BCD_Down_Counter:U_COUNTER|low_bcd[0]                  ; BCD_Down_Counter:U_COUNTER|high_bcd[2]                 ; Clock_Generator:U_CLK_GEN|clk_int ; Clock_Generator:U_CLK_GEN|clk_int ; 1.000        ; -0.071     ; 2.617      ;
; -1.677 ; BCD_Down_Counter:U_COUNTER|low_bcd[1]                  ; BCD_Down_Counter:U_COUNTER|high_bcd[0]                 ; Clock_Generator:U_CLK_GEN|clk_int ; Clock_Generator:U_CLK_GEN|clk_int ; 1.000        ; -0.071     ; 2.608      ;
; -1.677 ; BCD_Down_Counter:U_COUNTER|low_bcd[1]                  ; BCD_Down_Counter:U_COUNTER|high_bcd[1]                 ; Clock_Generator:U_CLK_GEN|clk_int ; Clock_Generator:U_CLK_GEN|clk_int ; 1.000        ; -0.071     ; 2.608      ;
; -1.677 ; BCD_Down_Counter:U_COUNTER|low_bcd[1]                  ; BCD_Down_Counter:U_COUNTER|high_bcd[2]                 ; Clock_Generator:U_CLK_GEN|clk_int ; Clock_Generator:U_CLK_GEN|clk_int ; 1.000        ; -0.071     ; 2.608      ;
; -1.558 ; BCD_Down_Counter:U_COUNTER|low_bcd[2]                  ; Traffic_Light_FSM:U_FSM|current_state.ST_BRANCH_YELLOW ; Clock_Generator:U_CLK_GEN|clk_int ; Clock_Generator:U_CLK_GEN|clk_int ; 1.000        ; -0.071     ; 2.489      ;
; -1.558 ; BCD_Down_Counter:U_COUNTER|low_bcd[2]                  ; Traffic_Light_FSM:U_FSM|current_state.ST_BRANCH_GREEN  ; Clock_Generator:U_CLK_GEN|clk_int ; Clock_Generator:U_CLK_GEN|clk_int ; 1.000        ; -0.071     ; 2.489      ;
; -1.558 ; BCD_Down_Counter:U_COUNTER|low_bcd[2]                  ; Traffic_Light_FSM:U_FSM|current_state.ST_MAIN_YELLOW   ; Clock_Generator:U_CLK_GEN|clk_int ; Clock_Generator:U_CLK_GEN|clk_int ; 1.000        ; -0.071     ; 2.489      ;
; -1.550 ; BCD_Down_Counter:U_COUNTER|high_bcd[0]                 ; Traffic_Light_FSM:U_FSM|current_state.ST_BRANCH_YELLOW ; Clock_Generator:U_CLK_GEN|clk_int ; Clock_Generator:U_CLK_GEN|clk_int ; 1.000        ; -0.071     ; 2.481      ;
; -1.550 ; BCD_Down_Counter:U_COUNTER|high_bcd[0]                 ; Traffic_Light_FSM:U_FSM|current_state.ST_BRANCH_GREEN  ; Clock_Generator:U_CLK_GEN|clk_int ; Clock_Generator:U_CLK_GEN|clk_int ; 1.000        ; -0.071     ; 2.481      ;
; -1.550 ; BCD_Down_Counter:U_COUNTER|high_bcd[0]                 ; Traffic_Light_FSM:U_FSM|current_state.ST_MAIN_YELLOW   ; Clock_Generator:U_CLK_GEN|clk_int ; Clock_Generator:U_CLK_GEN|clk_int ; 1.000        ; -0.071     ; 2.481      ;
; -1.546 ; BCD_Down_Counter:U_COUNTER|high_bcd[1]                 ; Traffic_Light_FSM:U_FSM|current_state.ST_BRANCH_YELLOW ; Clock_Generator:U_CLK_GEN|clk_int ; Clock_Generator:U_CLK_GEN|clk_int ; 1.000        ; -0.071     ; 2.477      ;
; -1.546 ; BCD_Down_Counter:U_COUNTER|high_bcd[1]                 ; Traffic_Light_FSM:U_FSM|current_state.ST_BRANCH_GREEN  ; Clock_Generator:U_CLK_GEN|clk_int ; Clock_Generator:U_CLK_GEN|clk_int ; 1.000        ; -0.071     ; 2.477      ;
; -1.546 ; BCD_Down_Counter:U_COUNTER|high_bcd[1]                 ; Traffic_Light_FSM:U_FSM|current_state.ST_MAIN_YELLOW   ; Clock_Generator:U_CLK_GEN|clk_int ; Clock_Generator:U_CLK_GEN|clk_int ; 1.000        ; -0.071     ; 2.477      ;
; -1.511 ; BCD_Down_Counter:U_COUNTER|low_bcd[2]                  ; BCD_Down_Counter:U_COUNTER|high_bcd[0]                 ; Clock_Generator:U_CLK_GEN|clk_int ; Clock_Generator:U_CLK_GEN|clk_int ; 1.000        ; -0.071     ; 2.442      ;
; -1.511 ; BCD_Down_Counter:U_COUNTER|low_bcd[2]                  ; BCD_Down_Counter:U_COUNTER|high_bcd[1]                 ; Clock_Generator:U_CLK_GEN|clk_int ; Clock_Generator:U_CLK_GEN|clk_int ; 1.000        ; -0.071     ; 2.442      ;
; -1.511 ; BCD_Down_Counter:U_COUNTER|low_bcd[2]                  ; BCD_Down_Counter:U_COUNTER|high_bcd[2]                 ; Clock_Generator:U_CLK_GEN|clk_int ; Clock_Generator:U_CLK_GEN|clk_int ; 1.000        ; -0.071     ; 2.442      ;
; -1.429 ; BCD_Down_Counter:U_COUNTER|low_bcd[3]                  ; Traffic_Light_FSM:U_FSM|current_state.ST_BRANCH_YELLOW ; Clock_Generator:U_CLK_GEN|clk_int ; Clock_Generator:U_CLK_GEN|clk_int ; 1.000        ; -0.071     ; 2.360      ;
; -1.429 ; BCD_Down_Counter:U_COUNTER|low_bcd[3]                  ; Traffic_Light_FSM:U_FSM|current_state.ST_BRANCH_GREEN  ; Clock_Generator:U_CLK_GEN|clk_int ; Clock_Generator:U_CLK_GEN|clk_int ; 1.000        ; -0.071     ; 2.360      ;
; -1.429 ; BCD_Down_Counter:U_COUNTER|low_bcd[3]                  ; Traffic_Light_FSM:U_FSM|current_state.ST_MAIN_YELLOW   ; Clock_Generator:U_CLK_GEN|clk_int ; Clock_Generator:U_CLK_GEN|clk_int ; 1.000        ; -0.071     ; 2.360      ;
; -1.389 ; BCD_Down_Counter:U_COUNTER|high_bcd[2]                 ; Traffic_Light_FSM:U_FSM|current_state.ST_BRANCH_YELLOW ; Clock_Generator:U_CLK_GEN|clk_int ; Clock_Generator:U_CLK_GEN|clk_int ; 1.000        ; -0.071     ; 2.320      ;
; -1.389 ; BCD_Down_Counter:U_COUNTER|high_bcd[2]                 ; Traffic_Light_FSM:U_FSM|current_state.ST_BRANCH_GREEN  ; Clock_Generator:U_CLK_GEN|clk_int ; Clock_Generator:U_CLK_GEN|clk_int ; 1.000        ; -0.071     ; 2.320      ;
; -1.389 ; BCD_Down_Counter:U_COUNTER|high_bcd[2]                 ; Traffic_Light_FSM:U_FSM|current_state.ST_MAIN_YELLOW   ; Clock_Generator:U_CLK_GEN|clk_int ; Clock_Generator:U_CLK_GEN|clk_int ; 1.000        ; -0.071     ; 2.320      ;
; -1.377 ; BCD_Down_Counter:U_COUNTER|low_bcd[3]                  ; BCD_Down_Counter:U_COUNTER|high_bcd[0]                 ; Clock_Generator:U_CLK_GEN|clk_int ; Clock_Generator:U_CLK_GEN|clk_int ; 1.000        ; -0.071     ; 2.308      ;
; -1.377 ; BCD_Down_Counter:U_COUNTER|low_bcd[3]                  ; BCD_Down_Counter:U_COUNTER|high_bcd[1]                 ; Clock_Generator:U_CLK_GEN|clk_int ; Clock_Generator:U_CLK_GEN|clk_int ; 1.000        ; -0.071     ; 2.308      ;
; -1.377 ; BCD_Down_Counter:U_COUNTER|low_bcd[3]                  ; BCD_Down_Counter:U_COUNTER|high_bcd[2]                 ; Clock_Generator:U_CLK_GEN|clk_int ; Clock_Generator:U_CLK_GEN|clk_int ; 1.000        ; -0.071     ; 2.308      ;
; -1.250 ; BCD_Down_Counter:U_COUNTER|low_bcd[0]                  ; Traffic_Light_FSM:U_FSM|current_state.ST_MAIN_GREEN    ; Clock_Generator:U_CLK_GEN|clk_int ; Clock_Generator:U_CLK_GEN|clk_int ; 1.000        ; -0.071     ; 2.181      ;
; -1.249 ; BCD_Down_Counter:U_COUNTER|low_bcd[0]                  ; Traffic_Light_FSM:U_FSM|current_state.ST_IDLE          ; Clock_Generator:U_CLK_GEN|clk_int ; Clock_Generator:U_CLK_GEN|clk_int ; 1.000        ; -0.071     ; 2.180      ;
; -1.241 ; BCD_Down_Counter:U_COUNTER|low_bcd[1]                  ; Traffic_Light_FSM:U_FSM|current_state.ST_MAIN_GREEN    ; Clock_Generator:U_CLK_GEN|clk_int ; Clock_Generator:U_CLK_GEN|clk_int ; 1.000        ; -0.071     ; 2.172      ;
; -1.240 ; BCD_Down_Counter:U_COUNTER|low_bcd[1]                  ; Traffic_Light_FSM:U_FSM|current_state.ST_IDLE          ; Clock_Generator:U_CLK_GEN|clk_int ; Clock_Generator:U_CLK_GEN|clk_int ; 1.000        ; -0.071     ; 2.171      ;
; -1.218 ; BCD_Down_Counter:U_COUNTER|high_bcd[1]                 ; BCD_Down_Counter:U_COUNTER|high_bcd[1]                 ; Clock_Generator:U_CLK_GEN|clk_int ; Clock_Generator:U_CLK_GEN|clk_int ; 1.000        ; -0.071     ; 2.149      ;
; -1.215 ; BCD_Down_Counter:U_COUNTER|high_bcd[0]                 ; BCD_Down_Counter:U_COUNTER|high_bcd[1]                 ; Clock_Generator:U_CLK_GEN|clk_int ; Clock_Generator:U_CLK_GEN|clk_int ; 1.000        ; -0.071     ; 2.146      ;
; -1.070 ; BCD_Down_Counter:U_COUNTER|low_bcd[2]                  ; Traffic_Light_FSM:U_FSM|current_state.ST_MAIN_GREEN    ; Clock_Generator:U_CLK_GEN|clk_int ; Clock_Generator:U_CLK_GEN|clk_int ; 1.000        ; -0.071     ; 2.001      ;
; -1.069 ; BCD_Down_Counter:U_COUNTER|low_bcd[2]                  ; Traffic_Light_FSM:U_FSM|current_state.ST_IDLE          ; Clock_Generator:U_CLK_GEN|clk_int ; Clock_Generator:U_CLK_GEN|clk_int ; 1.000        ; -0.071     ; 2.000      ;
; -1.062 ; BCD_Down_Counter:U_COUNTER|high_bcd[0]                 ; Traffic_Light_FSM:U_FSM|current_state.ST_MAIN_GREEN    ; Clock_Generator:U_CLK_GEN|clk_int ; Clock_Generator:U_CLK_GEN|clk_int ; 1.000        ; -0.071     ; 1.993      ;
; -1.061 ; BCD_Down_Counter:U_COUNTER|high_bcd[0]                 ; Traffic_Light_FSM:U_FSM|current_state.ST_IDLE          ; Clock_Generator:U_CLK_GEN|clk_int ; Clock_Generator:U_CLK_GEN|clk_int ; 1.000        ; -0.071     ; 1.992      ;
; -1.058 ; BCD_Down_Counter:U_COUNTER|high_bcd[1]                 ; Traffic_Light_FSM:U_FSM|current_state.ST_MAIN_GREEN    ; Clock_Generator:U_CLK_GEN|clk_int ; Clock_Generator:U_CLK_GEN|clk_int ; 1.000        ; -0.071     ; 1.989      ;
; -1.057 ; BCD_Down_Counter:U_COUNTER|high_bcd[1]                 ; Traffic_Light_FSM:U_FSM|current_state.ST_IDLE          ; Clock_Generator:U_CLK_GEN|clk_int ; Clock_Generator:U_CLK_GEN|clk_int ; 1.000        ; -0.071     ; 1.988      ;
; -0.998 ; BCD_Down_Counter:U_COUNTER|low_bcd[0]                  ; BCD_Down_Counter:U_COUNTER|low_bcd[2]                  ; Clock_Generator:U_CLK_GEN|clk_int ; Clock_Generator:U_CLK_GEN|clk_int ; 1.000        ; -0.071     ; 1.929      ;
; -0.986 ; BCD_Down_Counter:U_COUNTER|low_bcd[0]                  ; BCD_Down_Counter:U_COUNTER|low_bcd[0]                  ; Clock_Generator:U_CLK_GEN|clk_int ; Clock_Generator:U_CLK_GEN|clk_int ; 1.000        ; -0.071     ; 1.917      ;
; -0.985 ; BCD_Down_Counter:U_COUNTER|low_bcd[0]                  ; BCD_Down_Counter:U_COUNTER|low_bcd[1]                  ; Clock_Generator:U_CLK_GEN|clk_int ; Clock_Generator:U_CLK_GEN|clk_int ; 1.000        ; -0.071     ; 1.916      ;
; -0.985 ; BCD_Down_Counter:U_COUNTER|low_bcd[1]                  ; BCD_Down_Counter:U_COUNTER|low_bcd[2]                  ; Clock_Generator:U_CLK_GEN|clk_int ; Clock_Generator:U_CLK_GEN|clk_int ; 1.000        ; -0.071     ; 1.916      ;
; -0.981 ; BCD_Down_Counter:U_COUNTER|low_bcd[1]                  ; BCD_Down_Counter:U_COUNTER|low_bcd[0]                  ; Clock_Generator:U_CLK_GEN|clk_int ; Clock_Generator:U_CLK_GEN|clk_int ; 1.000        ; -0.071     ; 1.912      ;
; -0.980 ; BCD_Down_Counter:U_COUNTER|low_bcd[1]                  ; BCD_Down_Counter:U_COUNTER|low_bcd[1]                  ; Clock_Generator:U_CLK_GEN|clk_int ; Clock_Generator:U_CLK_GEN|clk_int ; 1.000        ; -0.071     ; 1.911      ;
; -0.941 ; BCD_Down_Counter:U_COUNTER|low_bcd[3]                  ; Traffic_Light_FSM:U_FSM|current_state.ST_MAIN_GREEN    ; Clock_Generator:U_CLK_GEN|clk_int ; Clock_Generator:U_CLK_GEN|clk_int ; 1.000        ; -0.071     ; 1.872      ;
; -0.940 ; BCD_Down_Counter:U_COUNTER|low_bcd[3]                  ; Traffic_Light_FSM:U_FSM|current_state.ST_IDLE          ; Clock_Generator:U_CLK_GEN|clk_int ; Clock_Generator:U_CLK_GEN|clk_int ; 1.000        ; -0.071     ; 1.871      ;
; -0.929 ; BCD_Down_Counter:U_COUNTER|low_bcd[1]                  ; BCD_Down_Counter:U_COUNTER|low_bcd[3]                  ; Clock_Generator:U_CLK_GEN|clk_int ; Clock_Generator:U_CLK_GEN|clk_int ; 1.000        ; -0.071     ; 1.860      ;
; -0.922 ; BCD_Down_Counter:U_COUNTER|low_bcd[0]                  ; BCD_Down_Counter:U_COUNTER|low_bcd[3]                  ; Clock_Generator:U_CLK_GEN|clk_int ; Clock_Generator:U_CLK_GEN|clk_int ; 1.000        ; -0.071     ; 1.853      ;
; -0.917 ; Traffic_Light_FSM:U_FSM|load_value[0]                  ; BCD_Down_Counter:U_COUNTER|high_bcd[0]                 ; Clock_Generator:U_CLK_GEN|clk_int ; Clock_Generator:U_CLK_GEN|clk_int ; 1.000        ; -0.071     ; 1.848      ;
; -0.917 ; Traffic_Light_FSM:U_FSM|load_value[0]                  ; BCD_Down_Counter:U_COUNTER|high_bcd[1]                 ; Clock_Generator:U_CLK_GEN|clk_int ; Clock_Generator:U_CLK_GEN|clk_int ; 1.000        ; -0.071     ; 1.848      ;
; -0.917 ; Traffic_Light_FSM:U_FSM|load_value[0]                  ; BCD_Down_Counter:U_COUNTER|high_bcd[2]                 ; Clock_Generator:U_CLK_GEN|clk_int ; Clock_Generator:U_CLK_GEN|clk_int ; 1.000        ; -0.071     ; 1.848      ;
; -0.913 ; BCD_Down_Counter:U_COUNTER|high_bcd[2]                 ; BCD_Down_Counter:U_COUNTER|high_bcd[1]                 ; Clock_Generator:U_CLK_GEN|clk_int ; Clock_Generator:U_CLK_GEN|clk_int ; 1.000        ; -0.071     ; 1.844      ;
; -0.901 ; BCD_Down_Counter:U_COUNTER|high_bcd[2]                 ; Traffic_Light_FSM:U_FSM|current_state.ST_MAIN_GREEN    ; Clock_Generator:U_CLK_GEN|clk_int ; Clock_Generator:U_CLK_GEN|clk_int ; 1.000        ; -0.071     ; 1.832      ;
; -0.900 ; BCD_Down_Counter:U_COUNTER|high_bcd[2]                 ; Traffic_Light_FSM:U_FSM|current_state.ST_IDLE          ; Clock_Generator:U_CLK_GEN|clk_int ; Clock_Generator:U_CLK_GEN|clk_int ; 1.000        ; -0.071     ; 1.831      ;
; -0.889 ; BCD_Down_Counter:U_COUNTER|high_bcd[2]                 ; BCD_Down_Counter:U_COUNTER|low_bcd[0]                  ; Clock_Generator:U_CLK_GEN|clk_int ; Clock_Generator:U_CLK_GEN|clk_int ; 1.000        ; -0.071     ; 1.820      ;
; -0.887 ; BCD_Down_Counter:U_COUNTER|high_bcd[2]                 ; BCD_Down_Counter:U_COUNTER|low_bcd[3]                  ; Clock_Generator:U_CLK_GEN|clk_int ; Clock_Generator:U_CLK_GEN|clk_int ; 1.000        ; -0.071     ; 1.818      ;
; -0.885 ; BCD_Down_Counter:U_COUNTER|high_bcd[1]                 ; BCD_Down_Counter:U_COUNTER|low_bcd[0]                  ; Clock_Generator:U_CLK_GEN|clk_int ; Clock_Generator:U_CLK_GEN|clk_int ; 1.000        ; -0.071     ; 1.816      ;
; -0.883 ; BCD_Down_Counter:U_COUNTER|high_bcd[1]                 ; BCD_Down_Counter:U_COUNTER|low_bcd[3]                  ; Clock_Generator:U_CLK_GEN|clk_int ; Clock_Generator:U_CLK_GEN|clk_int ; 1.000        ; -0.071     ; 1.814      ;
; -0.881 ; BCD_Down_Counter:U_COUNTER|low_bcd[2]                  ; BCD_Down_Counter:U_COUNTER|low_bcd[3]                  ; Clock_Generator:U_CLK_GEN|clk_int ; Clock_Generator:U_CLK_GEN|clk_int ; 1.000        ; -0.071     ; 1.812      ;
; -0.824 ; BCD_Down_Counter:U_COUNTER|low_bcd[2]                  ; BCD_Down_Counter:U_COUNTER|low_bcd[2]                  ; Clock_Generator:U_CLK_GEN|clk_int ; Clock_Generator:U_CLK_GEN|clk_int ; 1.000        ; -0.071     ; 1.755      ;
; -0.820 ; BCD_Down_Counter:U_COUNTER|low_bcd[2]                  ; BCD_Down_Counter:U_COUNTER|low_bcd[0]                  ; Clock_Generator:U_CLK_GEN|clk_int ; Clock_Generator:U_CLK_GEN|clk_int ; 1.000        ; -0.071     ; 1.751      ;
; -0.819 ; BCD_Down_Counter:U_COUNTER|low_bcd[2]                  ; BCD_Down_Counter:U_COUNTER|low_bcd[1]                  ; Clock_Generator:U_CLK_GEN|clk_int ; Clock_Generator:U_CLK_GEN|clk_int ; 1.000        ; -0.071     ; 1.750      ;
; -0.774 ; Traffic_Light_FSM:U_FSM|load_value[0]                  ; BCD_Down_Counter:U_COUNTER|low_bcd[1]                  ; Clock_Generator:U_CLK_GEN|clk_int ; Clock_Generator:U_CLK_GEN|clk_int ; 1.000        ; -0.071     ; 1.705      ;
; -0.762 ; Traffic_Light_FSM:U_FSM|load_value[0]                  ; BCD_Down_Counter:U_COUNTER|low_bcd[3]                  ; Clock_Generator:U_CLK_GEN|clk_int ; Clock_Generator:U_CLK_GEN|clk_int ; 1.000        ; -0.071     ; 1.693      ;
; -0.748 ; Traffic_Light_FSM:U_FSM|load_value[0]                  ; BCD_Down_Counter:U_COUNTER|low_bcd[0]                  ; Clock_Generator:U_CLK_GEN|clk_int ; Clock_Generator:U_CLK_GEN|clk_int ; 1.000        ; -0.071     ; 1.679      ;
; -0.743 ; Traffic_Light_FSM:U_FSM|load_value[0]                  ; BCD_Down_Counter:U_COUNTER|low_bcd[2]                  ; Clock_Generator:U_CLK_GEN|clk_int ; Clock_Generator:U_CLK_GEN|clk_int ; 1.000        ; -0.071     ; 1.674      ;
; -0.714 ; Traffic_Light_FSM:U_FSM|current_state.ST_BRANCH_YELLOW ; Traffic_Light_FSM:U_FSM|main_red                       ; Clock_Generator:U_CLK_GEN|clk_int ; Clock_Generator:U_CLK_GEN|clk_int ; 1.000        ; -0.071     ; 1.645      ;
; -0.702 ; BCD_Down_Counter:U_COUNTER|high_bcd[0]                 ; BCD_Down_Counter:U_COUNTER|low_bcd[0]                  ; Clock_Generator:U_CLK_GEN|clk_int ; Clock_Generator:U_CLK_GEN|clk_int ; 1.000        ; -0.071     ; 1.633      ;
; -0.700 ; BCD_Down_Counter:U_COUNTER|high_bcd[0]                 ; BCD_Down_Counter:U_COUNTER|low_bcd[3]                  ; Clock_Generator:U_CLK_GEN|clk_int ; Clock_Generator:U_CLK_GEN|clk_int ; 1.000        ; -0.071     ; 1.631      ;
; -0.667 ; BCD_Down_Counter:U_COUNTER|low_bcd[3]                  ; BCD_Down_Counter:U_COUNTER|low_bcd[2]                  ; Clock_Generator:U_CLK_GEN|clk_int ; Clock_Generator:U_CLK_GEN|clk_int ; 1.000        ; -0.071     ; 1.598      ;
; -0.663 ; BCD_Down_Counter:U_COUNTER|low_bcd[3]                  ; BCD_Down_Counter:U_COUNTER|low_bcd[0]                  ; Clock_Generator:U_CLK_GEN|clk_int ; Clock_Generator:U_CLK_GEN|clk_int ; 1.000        ; -0.071     ; 1.594      ;
; -0.662 ; BCD_Down_Counter:U_COUNTER|low_bcd[3]                  ; BCD_Down_Counter:U_COUNTER|low_bcd[1]                  ; Clock_Generator:U_CLK_GEN|clk_int ; Clock_Generator:U_CLK_GEN|clk_int ; 1.000        ; -0.071     ; 1.593      ;
; -0.656 ; Traffic_Light_FSM:U_FSM|current_state.ST_BRANCH_GREEN  ; Traffic_Light_FSM:U_FSM|main_red                       ; Clock_Generator:U_CLK_GEN|clk_int ; Clock_Generator:U_CLK_GEN|clk_int ; 1.000        ; -0.071     ; 1.587      ;
; -0.611 ; BCD_Down_Counter:U_COUNTER|high_bcd[1]                 ; BCD_Down_Counter:U_COUNTER|high_bcd[2]                 ; Clock_Generator:U_CLK_GEN|clk_int ; Clock_Generator:U_CLK_GEN|clk_int ; 1.000        ; -0.071     ; 1.542      ;
; -0.610 ; BCD_Down_Counter:U_COUNTER|low_bcd[3]                  ; BCD_Down_Counter:U_COUNTER|low_bcd[3]                  ; Clock_Generator:U_CLK_GEN|clk_int ; Clock_Generator:U_CLK_GEN|clk_int ; 1.000        ; -0.071     ; 1.541      ;
; -0.606 ; BCD_Down_Counter:U_COUNTER|high_bcd[0]                 ; BCD_Down_Counter:U_COUNTER|high_bcd[2]                 ; Clock_Generator:U_CLK_GEN|clk_int ; Clock_Generator:U_CLK_GEN|clk_int ; 1.000        ; -0.071     ; 1.537      ;
; -0.552 ; Traffic_Light_FSM:U_FSM|current_state.ST_IDLE          ; Traffic_Light_FSM:U_FSM|load_value[0]                  ; Clock_Generator:U_CLK_GEN|clk_int ; Clock_Generator:U_CLK_GEN|clk_int ; 1.000        ; -0.071     ; 1.483      ;
; -0.484 ; Traffic_Light_FSM:U_FSM|current_state.ST_BRANCH_YELLOW ; Traffic_Light_FSM:U_FSM|branch_red                     ; Clock_Generator:U_CLK_GEN|clk_int ; Clock_Generator:U_CLK_GEN|clk_int ; 1.000        ; -0.071     ; 1.415      ;
; -0.479 ; Traffic_Light_FSM:U_FSM|current_state.ST_BRANCH_GREEN  ; Traffic_Light_FSM:U_FSM|branch_red                     ; Clock_Generator:U_CLK_GEN|clk_int ; Clock_Generator:U_CLK_GEN|clk_int ; 1.000        ; -0.071     ; 1.410      ;
; -0.407 ; Traffic_Light_FSM:U_FSM|load_value[6]                  ; BCD_Down_Counter:U_COUNTER|high_bcd[2]                 ; Clock_Generator:U_CLK_GEN|clk_int ; Clock_Generator:U_CLK_GEN|clk_int ; 1.000        ; -0.071     ; 1.338      ;
; -0.372 ; BCD_Down_Counter:U_COUNTER|high_bcd[2]                 ; BCD_Down_Counter:U_COUNTER|high_bcd[2]                 ; Clock_Generator:U_CLK_GEN|clk_int ; Clock_Generator:U_CLK_GEN|clk_int ; 1.000        ; -0.071     ; 1.303      ;
; -0.357 ; BCD_Down_Counter:U_COUNTER|high_bcd[2]                 ; BCD_Down_Counter:U_COUNTER|high_bcd[0]                 ; Clock_Generator:U_CLK_GEN|clk_int ; Clock_Generator:U_CLK_GEN|clk_int ; 1.000        ; -0.071     ; 1.288      ;
; -0.339 ; BCD_Down_Counter:U_COUNTER|high_bcd[1]                 ; BCD_Down_Counter:U_COUNTER|high_bcd[0]                 ; Clock_Generator:U_CLK_GEN|clk_int ; Clock_Generator:U_CLK_GEN|clk_int ; 1.000        ; -0.071     ; 1.270      ;
; -0.311 ; Traffic_Light_FSM:U_FSM|load_value[5]                  ; BCD_Down_Counter:U_COUNTER|high_bcd[1]                 ; Clock_Generator:U_CLK_GEN|clk_int ; Clock_Generator:U_CLK_GEN|clk_int ; 1.000        ; -0.071     ; 1.242      ;
; -0.248 ; Traffic_Light_FSM:U_FSM|current_state.ST_IDLE          ; Traffic_Light_FSM:U_FSM|main_green                     ; Clock_Generator:U_CLK_GEN|clk_int ; Clock_Generator:U_CLK_GEN|clk_int ; 1.000        ; -0.071     ; 1.179      ;
; -0.247 ; Traffic_Light_FSM:U_FSM|current_state.ST_IDLE          ; Traffic_Light_FSM:U_FSM|current_state.ST_MAIN_GREEN    ; Clock_Generator:U_CLK_GEN|clk_int ; Clock_Generator:U_CLK_GEN|clk_int ; 1.000        ; -0.071     ; 1.178      ;
; -0.237 ; Traffic_Light_FSM:U_FSM|current_state.ST_BRANCH_YELLOW ; Traffic_Light_FSM:U_FSM|current_state.ST_IDLE          ; Clock_Generator:U_CLK_GEN|clk_int ; Clock_Generator:U_CLK_GEN|clk_int ; 1.000        ; -0.071     ; 1.168      ;
; -0.087 ; Traffic_Light_FSM:U_FSM|current_state.ST_BRANCH_GREEN  ; Traffic_Light_FSM:U_FSM|branch_green                   ; Clock_Generator:U_CLK_GEN|clk_int ; Clock_Generator:U_CLK_GEN|clk_int ; 1.000        ; -0.071     ; 1.018      ;
; -0.084 ; Traffic_Light_FSM:U_FSM|current_state.ST_BRANCH_GREEN  ; Traffic_Light_FSM:U_FSM|current_state.ST_BRANCH_YELLOW ; Clock_Generator:U_CLK_GEN|clk_int ; Clock_Generator:U_CLK_GEN|clk_int ; 1.000        ; -0.071     ; 1.015      ;
; -0.083 ; Traffic_Light_FSM:U_FSM|current_state.ST_BRANCH_YELLOW ; Traffic_Light_FSM:U_FSM|branch_yellow                  ; Clock_Generator:U_CLK_GEN|clk_int ; Clock_Generator:U_CLK_GEN|clk_int ; 1.000        ; -0.071     ; 1.014      ;
; -0.081 ; Traffic_Light_FSM:U_FSM|current_state.ST_MAIN_GREEN    ; Traffic_Light_FSM:U_FSM|load_value[6]                  ; Clock_Generator:U_CLK_GEN|clk_int ; Clock_Generator:U_CLK_GEN|clk_int ; 1.000        ; -0.071     ; 1.012      ;
; -0.070 ; Traffic_Light_FSM:U_FSM|current_state.ST_MAIN_GREEN    ; Traffic_Light_FSM:U_FSM|current_state.ST_MAIN_YELLOW   ; Clock_Generator:U_CLK_GEN|clk_int ; Clock_Generator:U_CLK_GEN|clk_int ; 1.000        ; -0.071     ; 1.001      ;
; -0.069 ; Traffic_Light_FSM:U_FSM|current_state.ST_BRANCH_GREEN  ; Traffic_Light_FSM:U_FSM|load_value[5]                  ; Clock_Generator:U_CLK_GEN|clk_int ; Clock_Generator:U_CLK_GEN|clk_int ; 1.000        ; -0.071     ; 1.000      ;
+--------+--------------------------------------------------------+--------------------------------------------------------+-----------------------------------+-----------------------------------+--------------+------------+------------+


+----------------------------------------------------------------------------------------------------------------------------------------------------------------------------------+
; Slow 1200mV 0C Model Hold: 'clk_50MHz'                                                                                                                                           ;
+-------+---------------------------------------+---------------------------------------+-----------------------------------+-------------+--------------+------------+------------+
; Slack ; From Node                             ; To Node                               ; Launch Clock                      ; Latch Clock ; Relationship ; Clock Skew ; Data Delay ;
+-------+---------------------------------------+---------------------------------------+-----------------------------------+-------------+--------------+------------+------------+
; 0.206 ; Clock_Generator:U_CLK_GEN|clk_int     ; Clock_Generator:U_CLK_GEN|clk_int     ; Clock_Generator:U_CLK_GEN|clk_int ; clk_50MHz   ; 0.000        ; 2.374      ; 3.045      ;
; 0.456 ; Clock_Generator:U_CLK_GEN|clk_int     ; Clock_Generator:U_CLK_GEN|clk_int     ; Clock_Generator:U_CLK_GEN|clk_int ; clk_50MHz   ; -0.500       ; 2.374      ; 2.795      ;
; 0.470 ; Clock_Generator:U_CLK_GEN|counter[25] ; Clock_Generator:U_CLK_GEN|counter[25] ; clk_50MHz                         ; clk_50MHz   ; 0.000        ; 0.072      ; 0.737      ;
; 0.692 ; Clock_Generator:U_CLK_GEN|counter[3]  ; Clock_Generator:U_CLK_GEN|counter[3]  ; clk_50MHz                         ; clk_50MHz   ; 0.000        ; 0.072      ; 0.959      ;
; 0.694 ; Clock_Generator:U_CLK_GEN|counter[19] ; Clock_Generator:U_CLK_GEN|counter[19] ; clk_50MHz                         ; clk_50MHz   ; 0.000        ; 0.072      ; 0.961      ;
; 0.694 ; Clock_Generator:U_CLK_GEN|counter[18] ; Clock_Generator:U_CLK_GEN|counter[18] ; clk_50MHz                         ; clk_50MHz   ; 0.000        ; 0.072      ; 0.961      ;
; 0.694 ; Clock_Generator:U_CLK_GEN|counter[16] ; Clock_Generator:U_CLK_GEN|counter[16] ; clk_50MHz                         ; clk_50MHz   ; 0.000        ; 0.072      ; 0.961      ;
; 0.694 ; Clock_Generator:U_CLK_GEN|counter[15] ; Clock_Generator:U_CLK_GEN|counter[15] ; clk_50MHz                         ; clk_50MHz   ; 0.000        ; 0.072      ; 0.961      ;
; 0.694 ; Clock_Generator:U_CLK_GEN|counter[8]  ; Clock_Generator:U_CLK_GEN|counter[8]  ; clk_50MHz                         ; clk_50MHz   ; 0.000        ; 0.072      ; 0.961      ;
; 0.694 ; Clock_Generator:U_CLK_GEN|counter[7]  ; Clock_Generator:U_CLK_GEN|counter[7]  ; clk_50MHz                         ; clk_50MHz   ; 0.000        ; 0.072      ; 0.961      ;
; 0.695 ; Clock_Generator:U_CLK_GEN|counter[17] ; Clock_Generator:U_CLK_GEN|counter[17] ; clk_50MHz                         ; clk_50MHz   ; 0.000        ; 0.072      ; 0.962      ;
; 0.695 ; Clock_Generator:U_CLK_GEN|counter[14] ; Clock_Generator:U_CLK_GEN|counter[14] ; clk_50MHz                         ; clk_50MHz   ; 0.000        ; 0.072      ; 0.962      ;
; 0.696 ; Clock_Generator:U_CLK_GEN|counter[23] ; Clock_Generator:U_CLK_GEN|counter[23] ; clk_50MHz                         ; clk_50MHz   ; 0.000        ; 0.072      ; 0.963      ;
; 0.696 ; Clock_Generator:U_CLK_GEN|counter[5]  ; Clock_Generator:U_CLK_GEN|counter[5]  ; clk_50MHz                         ; clk_50MHz   ; 0.000        ; 0.072      ; 0.963      ;
; 0.696 ; Clock_Generator:U_CLK_GEN|counter[2]  ; Clock_Generator:U_CLK_GEN|counter[2]  ; clk_50MHz                         ; clk_50MHz   ; 0.000        ; 0.072      ; 0.963      ;
; 0.697 ; Clock_Generator:U_CLK_GEN|counter[24] ; Clock_Generator:U_CLK_GEN|counter[24] ; clk_50MHz                         ; clk_50MHz   ; 0.000        ; 0.072      ; 0.964      ;
; 0.697 ; Clock_Generator:U_CLK_GEN|counter[21] ; Clock_Generator:U_CLK_GEN|counter[21] ; clk_50MHz                         ; clk_50MHz   ; 0.000        ; 0.072      ; 0.964      ;
; 0.698 ; Clock_Generator:U_CLK_GEN|counter[6]  ; Clock_Generator:U_CLK_GEN|counter[6]  ; clk_50MHz                         ; clk_50MHz   ; 0.000        ; 0.072      ; 0.965      ;
; 0.698 ; Clock_Generator:U_CLK_GEN|counter[4]  ; Clock_Generator:U_CLK_GEN|counter[4]  ; clk_50MHz                         ; clk_50MHz   ; 0.000        ; 0.072      ; 0.965      ;
; 0.699 ; Clock_Generator:U_CLK_GEN|counter[20] ; Clock_Generator:U_CLK_GEN|counter[20] ; clk_50MHz                         ; clk_50MHz   ; 0.000        ; 0.072      ; 0.966      ;
; 0.700 ; Clock_Generator:U_CLK_GEN|counter[22] ; Clock_Generator:U_CLK_GEN|counter[22] ; clk_50MHz                         ; clk_50MHz   ; 0.000        ; 0.072      ; 0.967      ;
; 0.707 ; Clock_Generator:U_CLK_GEN|counter[13] ; Clock_Generator:U_CLK_GEN|counter[13] ; clk_50MHz                         ; clk_50MHz   ; 0.000        ; 0.072      ; 0.974      ;
; 0.707 ; Clock_Generator:U_CLK_GEN|counter[12] ; Clock_Generator:U_CLK_GEN|counter[12] ; clk_50MHz                         ; clk_50MHz   ; 0.000        ; 0.072      ; 0.974      ;
; 0.707 ; Clock_Generator:U_CLK_GEN|counter[10] ; Clock_Generator:U_CLK_GEN|counter[10] ; clk_50MHz                         ; clk_50MHz   ; 0.000        ; 0.072      ; 0.974      ;
; 0.708 ; Clock_Generator:U_CLK_GEN|counter[11] ; Clock_Generator:U_CLK_GEN|counter[11] ; clk_50MHz                         ; clk_50MHz   ; 0.000        ; 0.072      ; 0.975      ;
; 0.708 ; Clock_Generator:U_CLK_GEN|counter[9]  ; Clock_Generator:U_CLK_GEN|counter[9]  ; clk_50MHz                         ; clk_50MHz   ; 0.000        ; 0.072      ; 0.975      ;
; 0.728 ; Clock_Generator:U_CLK_GEN|counter[0]  ; Clock_Generator:U_CLK_GEN|counter[0]  ; clk_50MHz                         ; clk_50MHz   ; 0.000        ; 0.072      ; 0.995      ;
; 1.013 ; Clock_Generator:U_CLK_GEN|counter[18] ; Clock_Generator:U_CLK_GEN|counter[19] ; clk_50MHz                         ; clk_50MHz   ; 0.000        ; 0.072      ; 1.280      ;
; 1.013 ; Clock_Generator:U_CLK_GEN|counter[16] ; Clock_Generator:U_CLK_GEN|counter[17] ; clk_50MHz                         ; clk_50MHz   ; 0.000        ; 0.072      ; 1.280      ;
; 1.013 ; Clock_Generator:U_CLK_GEN|counter[8]  ; Clock_Generator:U_CLK_GEN|counter[9]  ; clk_50MHz                         ; clk_50MHz   ; 0.000        ; 0.072      ; 1.280      ;
; 1.014 ; Clock_Generator:U_CLK_GEN|counter[3]  ; Clock_Generator:U_CLK_GEN|counter[4]  ; clk_50MHz                         ; clk_50MHz   ; 0.000        ; 0.072      ; 1.281      ;
; 1.014 ; Clock_Generator:U_CLK_GEN|counter[14] ; Clock_Generator:U_CLK_GEN|counter[15] ; clk_50MHz                         ; clk_50MHz   ; 0.000        ; 0.072      ; 1.281      ;
; 1.015 ; Clock_Generator:U_CLK_GEN|counter[2]  ; Clock_Generator:U_CLK_GEN|counter[3]  ; clk_50MHz                         ; clk_50MHz   ; 0.000        ; 0.072      ; 1.282      ;
; 1.016 ; Clock_Generator:U_CLK_GEN|counter[24] ; Clock_Generator:U_CLK_GEN|counter[25] ; clk_50MHz                         ; clk_50MHz   ; 0.000        ; 0.072      ; 1.283      ;
; 1.016 ; Clock_Generator:U_CLK_GEN|counter[19] ; Clock_Generator:U_CLK_GEN|counter[20] ; clk_50MHz                         ; clk_50MHz   ; 0.000        ; 0.072      ; 1.283      ;
; 1.017 ; Clock_Generator:U_CLK_GEN|counter[6]  ; Clock_Generator:U_CLK_GEN|counter[7]  ; clk_50MHz                         ; clk_50MHz   ; 0.000        ; 0.072      ; 1.284      ;
; 1.017 ; Clock_Generator:U_CLK_GEN|counter[4]  ; Clock_Generator:U_CLK_GEN|counter[5]  ; clk_50MHz                         ; clk_50MHz   ; 0.000        ; 0.072      ; 1.284      ;
; 1.018 ; Clock_Generator:U_CLK_GEN|counter[15] ; Clock_Generator:U_CLK_GEN|counter[16] ; clk_50MHz                         ; clk_50MHz   ; 0.000        ; 0.072      ; 1.285      ;
; 1.018 ; Clock_Generator:U_CLK_GEN|counter[7]  ; Clock_Generator:U_CLK_GEN|counter[8]  ; clk_50MHz                         ; clk_50MHz   ; 0.000        ; 0.072      ; 1.285      ;
; 1.018 ; Clock_Generator:U_CLK_GEN|counter[20] ; Clock_Generator:U_CLK_GEN|counter[21] ; clk_50MHz                         ; clk_50MHz   ; 0.000        ; 0.072      ; 1.285      ;
; 1.019 ; Clock_Generator:U_CLK_GEN|counter[17] ; Clock_Generator:U_CLK_GEN|counter[18] ; clk_50MHz                         ; clk_50MHz   ; 0.000        ; 0.072      ; 1.286      ;
; 1.019 ; Clock_Generator:U_CLK_GEN|counter[22] ; Clock_Generator:U_CLK_GEN|counter[23] ; clk_50MHz                         ; clk_50MHz   ; 0.000        ; 0.072      ; 1.286      ;
; 1.020 ; Clock_Generator:U_CLK_GEN|counter[23] ; Clock_Generator:U_CLK_GEN|counter[24] ; clk_50MHz                         ; clk_50MHz   ; 0.000        ; 0.072      ; 1.287      ;
; 1.020 ; Clock_Generator:U_CLK_GEN|counter[5]  ; Clock_Generator:U_CLK_GEN|counter[6]  ; clk_50MHz                         ; clk_50MHz   ; 0.000        ; 0.072      ; 1.287      ;
; 1.021 ; Clock_Generator:U_CLK_GEN|counter[21] ; Clock_Generator:U_CLK_GEN|counter[22] ; clk_50MHz                         ; clk_50MHz   ; 0.000        ; 0.072      ; 1.288      ;
; 1.026 ; Clock_Generator:U_CLK_GEN|counter[12] ; Clock_Generator:U_CLK_GEN|counter[13] ; clk_50MHz                         ; clk_50MHz   ; 0.000        ; 0.072      ; 1.293      ;
; 1.026 ; Clock_Generator:U_CLK_GEN|counter[10] ; Clock_Generator:U_CLK_GEN|counter[11] ; clk_50MHz                         ; clk_50MHz   ; 0.000        ; 0.072      ; 1.293      ;
; 1.028 ; Clock_Generator:U_CLK_GEN|counter[8]  ; Clock_Generator:U_CLK_GEN|counter[10] ; clk_50MHz                         ; clk_50MHz   ; 0.000        ; 0.072      ; 1.295      ;
; 1.028 ; Clock_Generator:U_CLK_GEN|counter[18] ; Clock_Generator:U_CLK_GEN|counter[20] ; clk_50MHz                         ; clk_50MHz   ; 0.000        ; 0.072      ; 1.295      ;
; 1.028 ; Clock_Generator:U_CLK_GEN|counter[16] ; Clock_Generator:U_CLK_GEN|counter[18] ; clk_50MHz                         ; clk_50MHz   ; 0.000        ; 0.072      ; 1.295      ;
; 1.029 ; Clock_Generator:U_CLK_GEN|counter[14] ; Clock_Generator:U_CLK_GEN|counter[16] ; clk_50MHz                         ; clk_50MHz   ; 0.000        ; 0.072      ; 1.296      ;
; 1.030 ; Clock_Generator:U_CLK_GEN|counter[2]  ; Clock_Generator:U_CLK_GEN|counter[4]  ; clk_50MHz                         ; clk_50MHz   ; 0.000        ; 0.072      ; 1.297      ;
; 1.031 ; Clock_Generator:U_CLK_GEN|counter[13] ; Clock_Generator:U_CLK_GEN|counter[14] ; clk_50MHz                         ; clk_50MHz   ; 0.000        ; 0.072      ; 1.298      ;
; 1.031 ; Clock_Generator:U_CLK_GEN|counter[1]  ; Clock_Generator:U_CLK_GEN|counter[2]  ; clk_50MHz                         ; clk_50MHz   ; 0.000        ; 0.072      ; 1.298      ;
; 1.032 ; Clock_Generator:U_CLK_GEN|counter[11] ; Clock_Generator:U_CLK_GEN|counter[12] ; clk_50MHz                         ; clk_50MHz   ; 0.000        ; 0.072      ; 1.299      ;
; 1.032 ; Clock_Generator:U_CLK_GEN|counter[6]  ; Clock_Generator:U_CLK_GEN|counter[8]  ; clk_50MHz                         ; clk_50MHz   ; 0.000        ; 0.072      ; 1.299      ;
; 1.032 ; Clock_Generator:U_CLK_GEN|counter[4]  ; Clock_Generator:U_CLK_GEN|counter[6]  ; clk_50MHz                         ; clk_50MHz   ; 0.000        ; 0.072      ; 1.299      ;
; 1.032 ; Clock_Generator:U_CLK_GEN|counter[9]  ; Clock_Generator:U_CLK_GEN|counter[10] ; clk_50MHz                         ; clk_50MHz   ; 0.000        ; 0.072      ; 1.299      ;
; 1.033 ; Clock_Generator:U_CLK_GEN|counter[20] ; Clock_Generator:U_CLK_GEN|counter[22] ; clk_50MHz                         ; clk_50MHz   ; 0.000        ; 0.072      ; 1.300      ;
; 1.034 ; Clock_Generator:U_CLK_GEN|counter[22] ; Clock_Generator:U_CLK_GEN|counter[24] ; clk_50MHz                         ; clk_50MHz   ; 0.000        ; 0.072      ; 1.301      ;
; 1.041 ; Clock_Generator:U_CLK_GEN|counter[12] ; Clock_Generator:U_CLK_GEN|counter[14] ; clk_50MHz                         ; clk_50MHz   ; 0.000        ; 0.072      ; 1.308      ;
; 1.041 ; Clock_Generator:U_CLK_GEN|counter[0]  ; Clock_Generator:U_CLK_GEN|counter[2]  ; clk_50MHz                         ; clk_50MHz   ; 0.000        ; 0.072      ; 1.308      ;
; 1.041 ; Clock_Generator:U_CLK_GEN|counter[10] ; Clock_Generator:U_CLK_GEN|counter[12] ; clk_50MHz                         ; clk_50MHz   ; 0.000        ; 0.072      ; 1.308      ;
; 1.109 ; Clock_Generator:U_CLK_GEN|counter[3]  ; Clock_Generator:U_CLK_GEN|counter[5]  ; clk_50MHz                         ; clk_50MHz   ; 0.000        ; 0.072      ; 1.376      ;
; 1.113 ; Clock_Generator:U_CLK_GEN|counter[19] ; Clock_Generator:U_CLK_GEN|counter[21] ; clk_50MHz                         ; clk_50MHz   ; 0.000        ; 0.072      ; 1.380      ;
; 1.114 ; Clock_Generator:U_CLK_GEN|counter[7]  ; Clock_Generator:U_CLK_GEN|counter[9]  ; clk_50MHz                         ; clk_50MHz   ; 0.000        ; 0.072      ; 1.381      ;
; 1.115 ; Clock_Generator:U_CLK_GEN|counter[17] ; Clock_Generator:U_CLK_GEN|counter[19] ; clk_50MHz                         ; clk_50MHz   ; 0.000        ; 0.072      ; 1.382      ;
; 1.115 ; Clock_Generator:U_CLK_GEN|counter[15] ; Clock_Generator:U_CLK_GEN|counter[17] ; clk_50MHz                         ; clk_50MHz   ; 0.000        ; 0.072      ; 1.382      ;
; 1.117 ; Clock_Generator:U_CLK_GEN|counter[5]  ; Clock_Generator:U_CLK_GEN|counter[7]  ; clk_50MHz                         ; clk_50MHz   ; 0.000        ; 0.072      ; 1.384      ;
; 1.117 ; Clock_Generator:U_CLK_GEN|counter[23] ; Clock_Generator:U_CLK_GEN|counter[25] ; clk_50MHz                         ; clk_50MHz   ; 0.000        ; 0.072      ; 1.384      ;
; 1.118 ; Clock_Generator:U_CLK_GEN|counter[21] ; Clock_Generator:U_CLK_GEN|counter[23] ; clk_50MHz                         ; clk_50MHz   ; 0.000        ; 0.072      ; 1.385      ;
; 1.126 ; Clock_Generator:U_CLK_GEN|counter[13] ; Clock_Generator:U_CLK_GEN|counter[15] ; clk_50MHz                         ; clk_50MHz   ; 0.000        ; 0.072      ; 1.393      ;
; 1.126 ; Clock_Generator:U_CLK_GEN|counter[1]  ; Clock_Generator:U_CLK_GEN|counter[3]  ; clk_50MHz                         ; clk_50MHz   ; 0.000        ; 0.072      ; 1.393      ;
; 1.126 ; Clock_Generator:U_CLK_GEN|counter[11] ; Clock_Generator:U_CLK_GEN|counter[13] ; clk_50MHz                         ; clk_50MHz   ; 0.000        ; 0.072      ; 1.393      ;
; 1.127 ; Clock_Generator:U_CLK_GEN|counter[9]  ; Clock_Generator:U_CLK_GEN|counter[11] ; clk_50MHz                         ; clk_50MHz   ; 0.000        ; 0.072      ; 1.394      ;
; 1.135 ; Clock_Generator:U_CLK_GEN|counter[8]  ; Clock_Generator:U_CLK_GEN|counter[11] ; clk_50MHz                         ; clk_50MHz   ; 0.000        ; 0.072      ; 1.402      ;
; 1.135 ; Clock_Generator:U_CLK_GEN|counter[18] ; Clock_Generator:U_CLK_GEN|counter[21] ; clk_50MHz                         ; clk_50MHz   ; 0.000        ; 0.072      ; 1.402      ;
; 1.135 ; Clock_Generator:U_CLK_GEN|counter[16] ; Clock_Generator:U_CLK_GEN|counter[19] ; clk_50MHz                         ; clk_50MHz   ; 0.000        ; 0.072      ; 1.402      ;
; 1.136 ; Clock_Generator:U_CLK_GEN|counter[3]  ; Clock_Generator:U_CLK_GEN|counter[6]  ; clk_50MHz                         ; clk_50MHz   ; 0.000        ; 0.072      ; 1.403      ;
; 1.136 ; Clock_Generator:U_CLK_GEN|counter[14] ; Clock_Generator:U_CLK_GEN|counter[17] ; clk_50MHz                         ; clk_50MHz   ; 0.000        ; 0.072      ; 1.403      ;
; 1.137 ; Clock_Generator:U_CLK_GEN|counter[2]  ; Clock_Generator:U_CLK_GEN|counter[5]  ; clk_50MHz                         ; clk_50MHz   ; 0.000        ; 0.072      ; 1.404      ;
; 1.138 ; Clock_Generator:U_CLK_GEN|counter[19] ; Clock_Generator:U_CLK_GEN|counter[22] ; clk_50MHz                         ; clk_50MHz   ; 0.000        ; 0.072      ; 1.405      ;
; 1.139 ; Clock_Generator:U_CLK_GEN|counter[6]  ; Clock_Generator:U_CLK_GEN|counter[9]  ; clk_50MHz                         ; clk_50MHz   ; 0.000        ; 0.072      ; 1.406      ;
; 1.139 ; Clock_Generator:U_CLK_GEN|counter[4]  ; Clock_Generator:U_CLK_GEN|counter[7]  ; clk_50MHz                         ; clk_50MHz   ; 0.000        ; 0.072      ; 1.406      ;
; 1.140 ; Clock_Generator:U_CLK_GEN|counter[7]  ; Clock_Generator:U_CLK_GEN|counter[10] ; clk_50MHz                         ; clk_50MHz   ; 0.000        ; 0.072      ; 1.407      ;
; 1.140 ; Clock_Generator:U_CLK_GEN|counter[15] ; Clock_Generator:U_CLK_GEN|counter[18] ; clk_50MHz                         ; clk_50MHz   ; 0.000        ; 0.072      ; 1.407      ;
; 1.140 ; Clock_Generator:U_CLK_GEN|counter[20] ; Clock_Generator:U_CLK_GEN|counter[23] ; clk_50MHz                         ; clk_50MHz   ; 0.000        ; 0.072      ; 1.407      ;
; 1.141 ; Clock_Generator:U_CLK_GEN|counter[17] ; Clock_Generator:U_CLK_GEN|counter[20] ; clk_50MHz                         ; clk_50MHz   ; 0.000        ; 0.072      ; 1.408      ;
; 1.141 ; Clock_Generator:U_CLK_GEN|counter[22] ; Clock_Generator:U_CLK_GEN|counter[25] ; clk_50MHz                         ; clk_50MHz   ; 0.000        ; 0.072      ; 1.408      ;
; 1.142 ; Clock_Generator:U_CLK_GEN|counter[5]  ; Clock_Generator:U_CLK_GEN|counter[8]  ; clk_50MHz                         ; clk_50MHz   ; 0.000        ; 0.072      ; 1.409      ;
; 1.143 ; Clock_Generator:U_CLK_GEN|counter[21] ; Clock_Generator:U_CLK_GEN|counter[24] ; clk_50MHz                         ; clk_50MHz   ; 0.000        ; 0.072      ; 1.410      ;
; 1.148 ; Clock_Generator:U_CLK_GEN|counter[12] ; Clock_Generator:U_CLK_GEN|counter[15] ; clk_50MHz                         ; clk_50MHz   ; 0.000        ; 0.072      ; 1.415      ;
; 1.148 ; Clock_Generator:U_CLK_GEN|counter[0]  ; Clock_Generator:U_CLK_GEN|counter[3]  ; clk_50MHz                         ; clk_50MHz   ; 0.000        ; 0.072      ; 1.415      ;
; 1.148 ; Clock_Generator:U_CLK_GEN|counter[10] ; Clock_Generator:U_CLK_GEN|counter[13] ; clk_50MHz                         ; clk_50MHz   ; 0.000        ; 0.072      ; 1.415      ;
; 1.150 ; Clock_Generator:U_CLK_GEN|counter[8]  ; Clock_Generator:U_CLK_GEN|counter[12] ; clk_50MHz                         ; clk_50MHz   ; 0.000        ; 0.072      ; 1.417      ;
; 1.150 ; Clock_Generator:U_CLK_GEN|counter[18] ; Clock_Generator:U_CLK_GEN|counter[22] ; clk_50MHz                         ; clk_50MHz   ; 0.000        ; 0.072      ; 1.417      ;
; 1.150 ; Clock_Generator:U_CLK_GEN|counter[16] ; Clock_Generator:U_CLK_GEN|counter[20] ; clk_50MHz                         ; clk_50MHz   ; 0.000        ; 0.072      ; 1.417      ;
; 1.151 ; Clock_Generator:U_CLK_GEN|counter[14] ; Clock_Generator:U_CLK_GEN|counter[18] ; clk_50MHz                         ; clk_50MHz   ; 0.000        ; 0.072      ; 1.418      ;
; 1.152 ; Clock_Generator:U_CLK_GEN|counter[2]  ; Clock_Generator:U_CLK_GEN|counter[6]  ; clk_50MHz                         ; clk_50MHz   ; 0.000        ; 0.072      ; 1.419      ;
; 1.153 ; Clock_Generator:U_CLK_GEN|counter[13] ; Clock_Generator:U_CLK_GEN|counter[16] ; clk_50MHz                         ; clk_50MHz   ; 0.000        ; 0.072      ; 1.420      ;
+-------+---------------------------------------+---------------------------------------+-----------------------------------+-------------+--------------+------------+------------+


+------------------------------------------------------------------------------------------------------------------------------------------------------------------------------------------------------------------------------------------+
; Slow 1200mV 0C Model Hold: 'Clock_Generator:U_CLK_GEN|clk_int'                                                                                                                                                                           ;
+-------+--------------------------------------------------------+--------------------------------------------------------+-----------------------------------+-----------------------------------+--------------+------------+------------+
; Slack ; From Node                                              ; To Node                                                ; Launch Clock                      ; Latch Clock                       ; Relationship ; Clock Skew ; Data Delay ;
+-------+--------------------------------------------------------+--------------------------------------------------------+-----------------------------------+-----------------------------------+--------------+------------+------------+
; 0.403 ; Traffic_Light_FSM:U_FSM|current_state.ST_IDLE          ; Traffic_Light_FSM:U_FSM|current_state.ST_IDLE          ; Clock_Generator:U_CLK_GEN|clk_int ; Clock_Generator:U_CLK_GEN|clk_int ; 0.000        ; 0.071      ; 0.669      ;
; 0.403 ; Traffic_Light_FSM:U_FSM|current_state.ST_MAIN_GREEN    ; Traffic_Light_FSM:U_FSM|current_state.ST_MAIN_GREEN    ; Clock_Generator:U_CLK_GEN|clk_int ; Clock_Generator:U_CLK_GEN|clk_int ; 0.000        ; 0.071      ; 0.669      ;
; 0.403 ; BCD_Down_Counter:U_COUNTER|low_bcd[1]                  ; BCD_Down_Counter:U_COUNTER|low_bcd[1]                  ; Clock_Generator:U_CLK_GEN|clk_int ; Clock_Generator:U_CLK_GEN|clk_int ; 0.000        ; 0.071      ; 0.669      ;
; 0.418 ; BCD_Down_Counter:U_COUNTER|high_bcd[0]                 ; BCD_Down_Counter:U_COUNTER|high_bcd[0]                 ; Clock_Generator:U_CLK_GEN|clk_int ; Clock_Generator:U_CLK_GEN|clk_int ; 0.000        ; 0.071      ; 0.684      ;
; 0.418 ; BCD_Down_Counter:U_COUNTER|low_bcd[0]                  ; BCD_Down_Counter:U_COUNTER|low_bcd[0]                  ; Clock_Generator:U_CLK_GEN|clk_int ; Clock_Generator:U_CLK_GEN|clk_int ; 0.000        ; 0.071      ; 0.684      ;
; 0.477 ; Traffic_Light_FSM:U_FSM|current_state.ST_MAIN_YELLOW   ; Traffic_Light_FSM:U_FSM|current_state.ST_BRANCH_GREEN  ; Clock_Generator:U_CLK_GEN|clk_int ; Clock_Generator:U_CLK_GEN|clk_int ; 0.000        ; 0.071      ; 0.743      ;
; 0.479 ; BCD_Down_Counter:U_COUNTER|low_bcd[0]                  ; BCD_Down_Counter:U_COUNTER|low_bcd[1]                  ; Clock_Generator:U_CLK_GEN|clk_int ; Clock_Generator:U_CLK_GEN|clk_int ; 0.000        ; 0.071      ; 0.745      ;
; 0.481 ; Traffic_Light_FSM:U_FSM|current_state.ST_MAIN_YELLOW   ; Traffic_Light_FSM:U_FSM|main_yellow                    ; Clock_Generator:U_CLK_GEN|clk_int ; Clock_Generator:U_CLK_GEN|clk_int ; 0.000        ; 0.071      ; 0.747      ;
; 0.625 ; Traffic_Light_FSM:U_FSM|current_state.ST_BRANCH_GREEN  ; Traffic_Light_FSM:U_FSM|load_value[5]                  ; Clock_Generator:U_CLK_GEN|clk_int ; Clock_Generator:U_CLK_GEN|clk_int ; 0.000        ; 0.071      ; 0.891      ;
; 0.629 ; Traffic_Light_FSM:U_FSM|current_state.ST_MAIN_GREEN    ; Traffic_Light_FSM:U_FSM|main_green                     ; Clock_Generator:U_CLK_GEN|clk_int ; Clock_Generator:U_CLK_GEN|clk_int ; 0.000        ; 0.071      ; 0.895      ;
; 0.630 ; Traffic_Light_FSM:U_FSM|current_state.ST_MAIN_GREEN    ; Traffic_Light_FSM:U_FSM|current_state.ST_MAIN_YELLOW   ; Clock_Generator:U_CLK_GEN|clk_int ; Clock_Generator:U_CLK_GEN|clk_int ; 0.000        ; 0.071      ; 0.896      ;
; 0.635 ; Traffic_Light_FSM:U_FSM|current_state.ST_MAIN_GREEN    ; Traffic_Light_FSM:U_FSM|load_value[6]                  ; Clock_Generator:U_CLK_GEN|clk_int ; Clock_Generator:U_CLK_GEN|clk_int ; 0.000        ; 0.071      ; 0.901      ;
; 0.638 ; Traffic_Light_FSM:U_FSM|load_value[0]                  ; BCD_Down_Counter:U_COUNTER|high_bcd[2]                 ; Clock_Generator:U_CLK_GEN|clk_int ; Clock_Generator:U_CLK_GEN|clk_int ; 0.000        ; 0.071      ; 0.904      ;
; 0.639 ; Traffic_Light_FSM:U_FSM|current_state.ST_BRANCH_GREEN  ; Traffic_Light_FSM:U_FSM|current_state.ST_BRANCH_YELLOW ; Clock_Generator:U_CLK_GEN|clk_int ; Clock_Generator:U_CLK_GEN|clk_int ; 0.000        ; 0.071      ; 0.905      ;
; 0.642 ; Traffic_Light_FSM:U_FSM|current_state.ST_BRANCH_GREEN  ; Traffic_Light_FSM:U_FSM|branch_green                   ; Clock_Generator:U_CLK_GEN|clk_int ; Clock_Generator:U_CLK_GEN|clk_int ; 0.000        ; 0.071      ; 0.908      ;
; 0.647 ; Traffic_Light_FSM:U_FSM|current_state.ST_BRANCH_YELLOW ; Traffic_Light_FSM:U_FSM|branch_yellow                  ; Clock_Generator:U_CLK_GEN|clk_int ; Clock_Generator:U_CLK_GEN|clk_int ; 0.000        ; 0.071      ; 0.913      ;
; 0.651 ; Traffic_Light_FSM:U_FSM|load_value[0]                  ; BCD_Down_Counter:U_COUNTER|high_bcd[1]                 ; Clock_Generator:U_CLK_GEN|clk_int ; Clock_Generator:U_CLK_GEN|clk_int ; 0.000        ; 0.071      ; 0.917      ;
; 0.681 ; Traffic_Light_FSM:U_FSM|load_value[0]                  ; BCD_Down_Counter:U_COUNTER|high_bcd[0]                 ; Clock_Generator:U_CLK_GEN|clk_int ; Clock_Generator:U_CLK_GEN|clk_int ; 0.000        ; 0.071      ; 0.947      ;
; 0.746 ; Traffic_Light_FSM:U_FSM|current_state.ST_IDLE          ; Traffic_Light_FSM:U_FSM|current_state.ST_MAIN_GREEN    ; Clock_Generator:U_CLK_GEN|clk_int ; Clock_Generator:U_CLK_GEN|clk_int ; 0.000        ; 0.071      ; 1.012      ;
; 0.749 ; Traffic_Light_FSM:U_FSM|current_state.ST_IDLE          ; Traffic_Light_FSM:U_FSM|main_green                     ; Clock_Generator:U_CLK_GEN|clk_int ; Clock_Generator:U_CLK_GEN|clk_int ; 0.000        ; 0.071      ; 1.015      ;
; 0.790 ; Traffic_Light_FSM:U_FSM|current_state.ST_BRANCH_YELLOW ; Traffic_Light_FSM:U_FSM|current_state.ST_IDLE          ; Clock_Generator:U_CLK_GEN|clk_int ; Clock_Generator:U_CLK_GEN|clk_int ; 0.000        ; 0.071      ; 1.056      ;
; 0.859 ; Traffic_Light_FSM:U_FSM|load_value[5]                  ; BCD_Down_Counter:U_COUNTER|high_bcd[1]                 ; Clock_Generator:U_CLK_GEN|clk_int ; Clock_Generator:U_CLK_GEN|clk_int ; 0.000        ; 0.071      ; 1.125      ;
; 0.881 ; BCD_Down_Counter:U_COUNTER|high_bcd[1]                 ; BCD_Down_Counter:U_COUNTER|high_bcd[0]                 ; Clock_Generator:U_CLK_GEN|clk_int ; Clock_Generator:U_CLK_GEN|clk_int ; 0.000        ; 0.071      ; 1.147      ;
; 0.883 ; BCD_Down_Counter:U_COUNTER|high_bcd[2]                 ; BCD_Down_Counter:U_COUNTER|high_bcd[0]                 ; Clock_Generator:U_CLK_GEN|clk_int ; Clock_Generator:U_CLK_GEN|clk_int ; 0.000        ; 0.071      ; 1.149      ;
; 0.919 ; Traffic_Light_FSM:U_FSM|load_value[6]                  ; BCD_Down_Counter:U_COUNTER|high_bcd[2]                 ; Clock_Generator:U_CLK_GEN|clk_int ; Clock_Generator:U_CLK_GEN|clk_int ; 0.000        ; 0.071      ; 1.185      ;
; 0.960 ; BCD_Down_Counter:U_COUNTER|high_bcd[2]                 ; BCD_Down_Counter:U_COUNTER|high_bcd[2]                 ; Clock_Generator:U_CLK_GEN|clk_int ; Clock_Generator:U_CLK_GEN|clk_int ; 0.000        ; 0.071      ; 1.226      ;
; 1.013 ; BCD_Down_Counter:U_COUNTER|low_bcd[3]                  ; BCD_Down_Counter:U_COUNTER|low_bcd[3]                  ; Clock_Generator:U_CLK_GEN|clk_int ; Clock_Generator:U_CLK_GEN|clk_int ; 0.000        ; 0.071      ; 1.279      ;
; 1.020 ; Traffic_Light_FSM:U_FSM|current_state.ST_BRANCH_GREEN  ; Traffic_Light_FSM:U_FSM|branch_red                     ; Clock_Generator:U_CLK_GEN|clk_int ; Clock_Generator:U_CLK_GEN|clk_int ; 0.000        ; 0.071      ; 1.286      ;
; 1.034 ; Traffic_Light_FSM:U_FSM|current_state.ST_BRANCH_YELLOW ; Traffic_Light_FSM:U_FSM|branch_red                     ; Clock_Generator:U_CLK_GEN|clk_int ; Clock_Generator:U_CLK_GEN|clk_int ; 0.000        ; 0.071      ; 1.300      ;
; 1.061 ; Traffic_Light_FSM:U_FSM|current_state.ST_IDLE          ; Traffic_Light_FSM:U_FSM|load_value[0]                  ; Clock_Generator:U_CLK_GEN|clk_int ; Clock_Generator:U_CLK_GEN|clk_int ; 0.000        ; 0.071      ; 1.327      ;
; 1.120 ; Traffic_Light_FSM:U_FSM|load_value[0]                  ; BCD_Down_Counter:U_COUNTER|low_bcd[2]                  ; Clock_Generator:U_CLK_GEN|clk_int ; Clock_Generator:U_CLK_GEN|clk_int ; 0.000        ; 0.071      ; 1.386      ;
; 1.141 ; BCD_Down_Counter:U_COUNTER|low_bcd[2]                  ; BCD_Down_Counter:U_COUNTER|low_bcd[2]                  ; Clock_Generator:U_CLK_GEN|clk_int ; Clock_Generator:U_CLK_GEN|clk_int ; 0.000        ; 0.071      ; 1.407      ;
; 1.141 ; Traffic_Light_FSM:U_FSM|load_value[0]                  ; BCD_Down_Counter:U_COUNTER|low_bcd[3]                  ; Clock_Generator:U_CLK_GEN|clk_int ; Clock_Generator:U_CLK_GEN|clk_int ; 0.000        ; 0.071      ; 1.407      ;
; 1.151 ; Traffic_Light_FSM:U_FSM|load_value[0]                  ; BCD_Down_Counter:U_COUNTER|low_bcd[0]                  ; Clock_Generator:U_CLK_GEN|clk_int ; Clock_Generator:U_CLK_GEN|clk_int ; 0.000        ; 0.071      ; 1.417      ;
; 1.152 ; Traffic_Light_FSM:U_FSM|current_state.ST_BRANCH_YELLOW ; Traffic_Light_FSM:U_FSM|main_red                       ; Clock_Generator:U_CLK_GEN|clk_int ; Clock_Generator:U_CLK_GEN|clk_int ; 0.000        ; 0.071      ; 1.418      ;
; 1.166 ; BCD_Down_Counter:U_COUNTER|low_bcd[3]                  ; BCD_Down_Counter:U_COUNTER|low_bcd[1]                  ; Clock_Generator:U_CLK_GEN|clk_int ; Clock_Generator:U_CLK_GEN|clk_int ; 0.000        ; 0.071      ; 1.432      ;
; 1.174 ; Traffic_Light_FSM:U_FSM|load_value[0]                  ; BCD_Down_Counter:U_COUNTER|low_bcd[1]                  ; Clock_Generator:U_CLK_GEN|clk_int ; Clock_Generator:U_CLK_GEN|clk_int ; 0.000        ; 0.071      ; 1.440      ;
; 1.179 ; BCD_Down_Counter:U_COUNTER|low_bcd[3]                  ; BCD_Down_Counter:U_COUNTER|low_bcd[2]                  ; Clock_Generator:U_CLK_GEN|clk_int ; Clock_Generator:U_CLK_GEN|clk_int ; 0.000        ; 0.071      ; 1.445      ;
; 1.190 ; BCD_Down_Counter:U_COUNTER|high_bcd[0]                 ; BCD_Down_Counter:U_COUNTER|high_bcd[2]                 ; Clock_Generator:U_CLK_GEN|clk_int ; Clock_Generator:U_CLK_GEN|clk_int ; 0.000        ; 0.071      ; 1.456      ;
; 1.193 ; BCD_Down_Counter:U_COUNTER|low_bcd[3]                  ; BCD_Down_Counter:U_COUNTER|low_bcd[0]                  ; Clock_Generator:U_CLK_GEN|clk_int ; Clock_Generator:U_CLK_GEN|clk_int ; 0.000        ; 0.071      ; 1.459      ;
; 1.198 ; BCD_Down_Counter:U_COUNTER|high_bcd[1]                 ; BCD_Down_Counter:U_COUNTER|high_bcd[2]                 ; Clock_Generator:U_CLK_GEN|clk_int ; Clock_Generator:U_CLK_GEN|clk_int ; 0.000        ; 0.071      ; 1.464      ;
; 1.200 ; Traffic_Light_FSM:U_FSM|current_state.ST_BRANCH_GREEN  ; Traffic_Light_FSM:U_FSM|main_red                       ; Clock_Generator:U_CLK_GEN|clk_int ; Clock_Generator:U_CLK_GEN|clk_int ; 0.000        ; 0.071      ; 1.466      ;
; 1.263 ; BCD_Down_Counter:U_COUNTER|high_bcd[0]                 ; BCD_Down_Counter:U_COUNTER|low_bcd[3]                  ; Clock_Generator:U_CLK_GEN|clk_int ; Clock_Generator:U_CLK_GEN|clk_int ; 0.000        ; 0.071      ; 1.529      ;
; 1.265 ; BCD_Down_Counter:U_COUNTER|high_bcd[0]                 ; BCD_Down_Counter:U_COUNTER|low_bcd[0]                  ; Clock_Generator:U_CLK_GEN|clk_int ; Clock_Generator:U_CLK_GEN|clk_int ; 0.000        ; 0.071      ; 1.531      ;
; 1.314 ; BCD_Down_Counter:U_COUNTER|low_bcd[2]                  ; BCD_Down_Counter:U_COUNTER|low_bcd[1]                  ; Clock_Generator:U_CLK_GEN|clk_int ; Clock_Generator:U_CLK_GEN|clk_int ; 0.000        ; 0.071      ; 1.580      ;
; 1.317 ; BCD_Down_Counter:U_COUNTER|low_bcd[2]                  ; BCD_Down_Counter:U_COUNTER|low_bcd[0]                  ; Clock_Generator:U_CLK_GEN|clk_int ; Clock_Generator:U_CLK_GEN|clk_int ; 0.000        ; 0.071      ; 1.583      ;
; 1.321 ; BCD_Down_Counter:U_COUNTER|low_bcd[2]                  ; BCD_Down_Counter:U_COUNTER|low_bcd[3]                  ; Clock_Generator:U_CLK_GEN|clk_int ; Clock_Generator:U_CLK_GEN|clk_int ; 0.000        ; 0.071      ; 1.587      ;
; 1.350 ; BCD_Down_Counter:U_COUNTER|high_bcd[2]                 ; Traffic_Light_FSM:U_FSM|current_state.ST_IDLE          ; Clock_Generator:U_CLK_GEN|clk_int ; Clock_Generator:U_CLK_GEN|clk_int ; 0.000        ; 0.071      ; 1.616      ;
; 1.351 ; BCD_Down_Counter:U_COUNTER|high_bcd[2]                 ; Traffic_Light_FSM:U_FSM|current_state.ST_MAIN_GREEN    ; Clock_Generator:U_CLK_GEN|clk_int ; Clock_Generator:U_CLK_GEN|clk_int ; 0.000        ; 0.071      ; 1.617      ;
; 1.351 ; BCD_Down_Counter:U_COUNTER|high_bcd[1]                 ; BCD_Down_Counter:U_COUNTER|low_bcd[3]                  ; Clock_Generator:U_CLK_GEN|clk_int ; Clock_Generator:U_CLK_GEN|clk_int ; 0.000        ; 0.071      ; 1.617      ;
; 1.353 ; BCD_Down_Counter:U_COUNTER|high_bcd[1]                 ; BCD_Down_Counter:U_COUNTER|low_bcd[0]                  ; Clock_Generator:U_CLK_GEN|clk_int ; Clock_Generator:U_CLK_GEN|clk_int ; 0.000        ; 0.071      ; 1.619      ;
; 1.368 ; BCD_Down_Counter:U_COUNTER|high_bcd[2]                 ; BCD_Down_Counter:U_COUNTER|low_bcd[3]                  ; Clock_Generator:U_CLK_GEN|clk_int ; Clock_Generator:U_CLK_GEN|clk_int ; 0.000        ; 0.071      ; 1.634      ;
; 1.370 ; BCD_Down_Counter:U_COUNTER|high_bcd[2]                 ; BCD_Down_Counter:U_COUNTER|low_bcd[0]                  ; Clock_Generator:U_CLK_GEN|clk_int ; Clock_Generator:U_CLK_GEN|clk_int ; 0.000        ; 0.071      ; 1.636      ;
; 1.401 ; BCD_Down_Counter:U_COUNTER|high_bcd[2]                 ; BCD_Down_Counter:U_COUNTER|high_bcd[1]                 ; Clock_Generator:U_CLK_GEN|clk_int ; Clock_Generator:U_CLK_GEN|clk_int ; 0.000        ; 0.071      ; 1.667      ;
; 1.402 ; BCD_Down_Counter:U_COUNTER|low_bcd[0]                  ; BCD_Down_Counter:U_COUNTER|low_bcd[3]                  ; Clock_Generator:U_CLK_GEN|clk_int ; Clock_Generator:U_CLK_GEN|clk_int ; 0.000        ; 0.071      ; 1.668      ;
; 1.406 ; BCD_Down_Counter:U_COUNTER|low_bcd[3]                  ; Traffic_Light_FSM:U_FSM|current_state.ST_IDLE          ; Clock_Generator:U_CLK_GEN|clk_int ; Clock_Generator:U_CLK_GEN|clk_int ; 0.000        ; 0.071      ; 1.672      ;
; 1.407 ; BCD_Down_Counter:U_COUNTER|low_bcd[3]                  ; Traffic_Light_FSM:U_FSM|current_state.ST_MAIN_GREEN    ; Clock_Generator:U_CLK_GEN|clk_int ; Clock_Generator:U_CLK_GEN|clk_int ; 0.000        ; 0.071      ; 1.673      ;
; 1.457 ; BCD_Down_Counter:U_COUNTER|low_bcd[1]                  ; BCD_Down_Counter:U_COUNTER|low_bcd[3]                  ; Clock_Generator:U_CLK_GEN|clk_int ; Clock_Generator:U_CLK_GEN|clk_int ; 0.000        ; 0.071      ; 1.723      ;
; 1.464 ; BCD_Down_Counter:U_COUNTER|low_bcd[1]                  ; BCD_Down_Counter:U_COUNTER|low_bcd[2]                  ; Clock_Generator:U_CLK_GEN|clk_int ; Clock_Generator:U_CLK_GEN|clk_int ; 0.000        ; 0.071      ; 1.730      ;
; 1.482 ; BCD_Down_Counter:U_COUNTER|high_bcd[1]                 ; Traffic_Light_FSM:U_FSM|current_state.ST_IDLE          ; Clock_Generator:U_CLK_GEN|clk_int ; Clock_Generator:U_CLK_GEN|clk_int ; 0.000        ; 0.071      ; 1.748      ;
; 1.483 ; BCD_Down_Counter:U_COUNTER|low_bcd[1]                  ; BCD_Down_Counter:U_COUNTER|low_bcd[0]                  ; Clock_Generator:U_CLK_GEN|clk_int ; Clock_Generator:U_CLK_GEN|clk_int ; 0.000        ; 0.071      ; 1.749      ;
; 1.483 ; BCD_Down_Counter:U_COUNTER|high_bcd[1]                 ; Traffic_Light_FSM:U_FSM|current_state.ST_MAIN_GREEN    ; Clock_Generator:U_CLK_GEN|clk_int ; Clock_Generator:U_CLK_GEN|clk_int ; 0.000        ; 0.071      ; 1.749      ;
; 1.487 ; BCD_Down_Counter:U_COUNTER|low_bcd[0]                  ; BCD_Down_Counter:U_COUNTER|low_bcd[2]                  ; Clock_Generator:U_CLK_GEN|clk_int ; Clock_Generator:U_CLK_GEN|clk_int ; 0.000        ; 0.071      ; 1.753      ;
; 1.493 ; BCD_Down_Counter:U_COUNTER|high_bcd[0]                 ; Traffic_Light_FSM:U_FSM|current_state.ST_IDLE          ; Clock_Generator:U_CLK_GEN|clk_int ; Clock_Generator:U_CLK_GEN|clk_int ; 0.000        ; 0.071      ; 1.759      ;
; 1.494 ; BCD_Down_Counter:U_COUNTER|high_bcd[0]                 ; Traffic_Light_FSM:U_FSM|current_state.ST_MAIN_GREEN    ; Clock_Generator:U_CLK_GEN|clk_int ; Clock_Generator:U_CLK_GEN|clk_int ; 0.000        ; 0.071      ; 1.760      ;
; 1.557 ; BCD_Down_Counter:U_COUNTER|low_bcd[2]                  ; Traffic_Light_FSM:U_FSM|current_state.ST_IDLE          ; Clock_Generator:U_CLK_GEN|clk_int ; Clock_Generator:U_CLK_GEN|clk_int ; 0.000        ; 0.071      ; 1.823      ;
; 1.558 ; BCD_Down_Counter:U_COUNTER|low_bcd[2]                  ; Traffic_Light_FSM:U_FSM|current_state.ST_MAIN_GREEN    ; Clock_Generator:U_CLK_GEN|clk_int ; Clock_Generator:U_CLK_GEN|clk_int ; 0.000        ; 0.071      ; 1.824      ;
; 1.590 ; BCD_Down_Counter:U_COUNTER|high_bcd[0]                 ; BCD_Down_Counter:U_COUNTER|high_bcd[1]                 ; Clock_Generator:U_CLK_GEN|clk_int ; Clock_Generator:U_CLK_GEN|clk_int ; 0.000        ; 0.071      ; 1.856      ;
; 1.596 ; BCD_Down_Counter:U_COUNTER|high_bcd[1]                 ; BCD_Down_Counter:U_COUNTER|high_bcd[1]                 ; Clock_Generator:U_CLK_GEN|clk_int ; Clock_Generator:U_CLK_GEN|clk_int ; 0.000        ; 0.071      ; 1.862      ;
; 1.711 ; BCD_Down_Counter:U_COUNTER|low_bcd[1]                  ; Traffic_Light_FSM:U_FSM|current_state.ST_IDLE          ; Clock_Generator:U_CLK_GEN|clk_int ; Clock_Generator:U_CLK_GEN|clk_int ; 0.000        ; 0.071      ; 1.977      ;
; 1.712 ; BCD_Down_Counter:U_COUNTER|low_bcd[1]                  ; Traffic_Light_FSM:U_FSM|current_state.ST_MAIN_GREEN    ; Clock_Generator:U_CLK_GEN|clk_int ; Clock_Generator:U_CLK_GEN|clk_int ; 0.000        ; 0.071      ; 1.978      ;
; 1.715 ; BCD_Down_Counter:U_COUNTER|low_bcd[0]                  ; Traffic_Light_FSM:U_FSM|current_state.ST_IDLE          ; Clock_Generator:U_CLK_GEN|clk_int ; Clock_Generator:U_CLK_GEN|clk_int ; 0.000        ; 0.071      ; 1.981      ;
; 1.716 ; BCD_Down_Counter:U_COUNTER|low_bcd[0]                  ; Traffic_Light_FSM:U_FSM|current_state.ST_MAIN_GREEN    ; Clock_Generator:U_CLK_GEN|clk_int ; Clock_Generator:U_CLK_GEN|clk_int ; 0.000        ; 0.071      ; 1.982      ;
; 1.984 ; BCD_Down_Counter:U_COUNTER|high_bcd[2]                 ; Traffic_Light_FSM:U_FSM|current_state.ST_BRANCH_YELLOW ; Clock_Generator:U_CLK_GEN|clk_int ; Clock_Generator:U_CLK_GEN|clk_int ; 0.000        ; 0.071      ; 2.250      ;
; 1.984 ; BCD_Down_Counter:U_COUNTER|high_bcd[2]                 ; Traffic_Light_FSM:U_FSM|current_state.ST_BRANCH_GREEN  ; Clock_Generator:U_CLK_GEN|clk_int ; Clock_Generator:U_CLK_GEN|clk_int ; 0.000        ; 0.071      ; 2.250      ;
; 1.984 ; BCD_Down_Counter:U_COUNTER|high_bcd[2]                 ; Traffic_Light_FSM:U_FSM|current_state.ST_MAIN_YELLOW   ; Clock_Generator:U_CLK_GEN|clk_int ; Clock_Generator:U_CLK_GEN|clk_int ; 0.000        ; 0.071      ; 2.250      ;
; 2.040 ; BCD_Down_Counter:U_COUNTER|low_bcd[3]                  ; Traffic_Light_FSM:U_FSM|current_state.ST_BRANCH_YELLOW ; Clock_Generator:U_CLK_GEN|clk_int ; Clock_Generator:U_CLK_GEN|clk_int ; 0.000        ; 0.071      ; 2.306      ;
; 2.040 ; BCD_Down_Counter:U_COUNTER|low_bcd[3]                  ; Traffic_Light_FSM:U_FSM|current_state.ST_BRANCH_GREEN  ; Clock_Generator:U_CLK_GEN|clk_int ; Clock_Generator:U_CLK_GEN|clk_int ; 0.000        ; 0.071      ; 2.306      ;
; 2.040 ; BCD_Down_Counter:U_COUNTER|low_bcd[3]                  ; Traffic_Light_FSM:U_FSM|current_state.ST_MAIN_YELLOW   ; Clock_Generator:U_CLK_GEN|clk_int ; Clock_Generator:U_CLK_GEN|clk_int ; 0.000        ; 0.071      ; 2.306      ;
; 2.066 ; BCD_Down_Counter:U_COUNTER|low_bcd[3]                  ; BCD_Down_Counter:U_COUNTER|high_bcd[0]                 ; Clock_Generator:U_CLK_GEN|clk_int ; Clock_Generator:U_CLK_GEN|clk_int ; 0.000        ; 0.071      ; 2.332      ;
; 2.066 ; BCD_Down_Counter:U_COUNTER|low_bcd[3]                  ; BCD_Down_Counter:U_COUNTER|high_bcd[1]                 ; Clock_Generator:U_CLK_GEN|clk_int ; Clock_Generator:U_CLK_GEN|clk_int ; 0.000        ; 0.071      ; 2.332      ;
; 2.066 ; BCD_Down_Counter:U_COUNTER|low_bcd[3]                  ; BCD_Down_Counter:U_COUNTER|high_bcd[2]                 ; Clock_Generator:U_CLK_GEN|clk_int ; Clock_Generator:U_CLK_GEN|clk_int ; 0.000        ; 0.071      ; 2.332      ;
; 2.116 ; BCD_Down_Counter:U_COUNTER|high_bcd[1]                 ; Traffic_Light_FSM:U_FSM|current_state.ST_BRANCH_YELLOW ; Clock_Generator:U_CLK_GEN|clk_int ; Clock_Generator:U_CLK_GEN|clk_int ; 0.000        ; 0.071      ; 2.382      ;
; 2.116 ; BCD_Down_Counter:U_COUNTER|high_bcd[1]                 ; Traffic_Light_FSM:U_FSM|current_state.ST_BRANCH_GREEN  ; Clock_Generator:U_CLK_GEN|clk_int ; Clock_Generator:U_CLK_GEN|clk_int ; 0.000        ; 0.071      ; 2.382      ;
; 2.116 ; BCD_Down_Counter:U_COUNTER|high_bcd[1]                 ; Traffic_Light_FSM:U_FSM|current_state.ST_MAIN_YELLOW   ; Clock_Generator:U_CLK_GEN|clk_int ; Clock_Generator:U_CLK_GEN|clk_int ; 0.000        ; 0.071      ; 2.382      ;
; 2.127 ; BCD_Down_Counter:U_COUNTER|high_bcd[0]                 ; Traffic_Light_FSM:U_FSM|current_state.ST_BRANCH_YELLOW ; Clock_Generator:U_CLK_GEN|clk_int ; Clock_Generator:U_CLK_GEN|clk_int ; 0.000        ; 0.071      ; 2.393      ;
; 2.127 ; BCD_Down_Counter:U_COUNTER|high_bcd[0]                 ; Traffic_Light_FSM:U_FSM|current_state.ST_BRANCH_GREEN  ; Clock_Generator:U_CLK_GEN|clk_int ; Clock_Generator:U_CLK_GEN|clk_int ; 0.000        ; 0.071      ; 2.393      ;
; 2.127 ; BCD_Down_Counter:U_COUNTER|high_bcd[0]                 ; Traffic_Light_FSM:U_FSM|current_state.ST_MAIN_YELLOW   ; Clock_Generator:U_CLK_GEN|clk_int ; Clock_Generator:U_CLK_GEN|clk_int ; 0.000        ; 0.071      ; 2.393      ;
; 2.191 ; BCD_Down_Counter:U_COUNTER|low_bcd[2]                  ; Traffic_Light_FSM:U_FSM|current_state.ST_BRANCH_YELLOW ; Clock_Generator:U_CLK_GEN|clk_int ; Clock_Generator:U_CLK_GEN|clk_int ; 0.000        ; 0.071      ; 2.457      ;
; 2.191 ; BCD_Down_Counter:U_COUNTER|low_bcd[2]                  ; Traffic_Light_FSM:U_FSM|current_state.ST_BRANCH_GREEN  ; Clock_Generator:U_CLK_GEN|clk_int ; Clock_Generator:U_CLK_GEN|clk_int ; 0.000        ; 0.071      ; 2.457      ;
; 2.191 ; BCD_Down_Counter:U_COUNTER|low_bcd[2]                  ; Traffic_Light_FSM:U_FSM|current_state.ST_MAIN_YELLOW   ; Clock_Generator:U_CLK_GEN|clk_int ; Clock_Generator:U_CLK_GEN|clk_int ; 0.000        ; 0.071      ; 2.457      ;
; 2.211 ; BCD_Down_Counter:U_COUNTER|low_bcd[2]                  ; BCD_Down_Counter:U_COUNTER|high_bcd[0]                 ; Clock_Generator:U_CLK_GEN|clk_int ; Clock_Generator:U_CLK_GEN|clk_int ; 0.000        ; 0.071      ; 2.477      ;
; 2.211 ; BCD_Down_Counter:U_COUNTER|low_bcd[2]                  ; BCD_Down_Counter:U_COUNTER|high_bcd[1]                 ; Clock_Generator:U_CLK_GEN|clk_int ; Clock_Generator:U_CLK_GEN|clk_int ; 0.000        ; 0.071      ; 2.477      ;
; 2.211 ; BCD_Down_Counter:U_COUNTER|low_bcd[2]                  ; BCD_Down_Counter:U_COUNTER|high_bcd[2]                 ; Clock_Generator:U_CLK_GEN|clk_int ; Clock_Generator:U_CLK_GEN|clk_int ; 0.000        ; 0.071      ; 2.477      ;
; 2.345 ; BCD_Down_Counter:U_COUNTER|low_bcd[1]                  ; Traffic_Light_FSM:U_FSM|current_state.ST_BRANCH_YELLOW ; Clock_Generator:U_CLK_GEN|clk_int ; Clock_Generator:U_CLK_GEN|clk_int ; 0.000        ; 0.071      ; 2.611      ;
; 2.345 ; BCD_Down_Counter:U_COUNTER|low_bcd[1]                  ; Traffic_Light_FSM:U_FSM|current_state.ST_BRANCH_GREEN  ; Clock_Generator:U_CLK_GEN|clk_int ; Clock_Generator:U_CLK_GEN|clk_int ; 0.000        ; 0.071      ; 2.611      ;
; 2.345 ; BCD_Down_Counter:U_COUNTER|low_bcd[1]                  ; Traffic_Light_FSM:U_FSM|current_state.ST_MAIN_YELLOW   ; Clock_Generator:U_CLK_GEN|clk_int ; Clock_Generator:U_CLK_GEN|clk_int ; 0.000        ; 0.071      ; 2.611      ;
; 2.349 ; BCD_Down_Counter:U_COUNTER|low_bcd[0]                  ; Traffic_Light_FSM:U_FSM|current_state.ST_BRANCH_YELLOW ; Clock_Generator:U_CLK_GEN|clk_int ; Clock_Generator:U_CLK_GEN|clk_int ; 0.000        ; 0.071      ; 2.615      ;
; 2.349 ; BCD_Down_Counter:U_COUNTER|low_bcd[0]                  ; Traffic_Light_FSM:U_FSM|current_state.ST_BRANCH_GREEN  ; Clock_Generator:U_CLK_GEN|clk_int ; Clock_Generator:U_CLK_GEN|clk_int ; 0.000        ; 0.071      ; 2.615      ;
; 2.349 ; BCD_Down_Counter:U_COUNTER|low_bcd[0]                  ; Traffic_Light_FSM:U_FSM|current_state.ST_MAIN_YELLOW   ; Clock_Generator:U_CLK_GEN|clk_int ; Clock_Generator:U_CLK_GEN|clk_int ; 0.000        ; 0.071      ; 2.615      ;
+-------+--------------------------------------------------------+--------------------------------------------------------+-----------------------------------+-----------------------------------+--------------+------------+------------+


+----------------------------------------------------------------------------------------------------------------------------+
; Slow 1200mV 0C Model Minimum Pulse Width: 'clk_50MHz'                                                                      ;
+--------+--------------+----------------+------------------+-----------+------------+---------------------------------------+
; Slack  ; Actual Width ; Required Width ; Type             ; Clock     ; Clock Edge ; Target                                ;
+--------+--------------+----------------+------------------+-----------+------------+---------------------------------------+
; -3.000 ; 1.000        ; 4.000          ; Port Rate        ; clk_50MHz ; Rise       ; clk_50MHz                             ;
; -1.487 ; 1.000        ; 2.487          ; Min Period       ; clk_50MHz ; Rise       ; Clock_Generator:U_CLK_GEN|clk_int     ;
; -1.487 ; 1.000        ; 2.487          ; Min Period       ; clk_50MHz ; Rise       ; Clock_Generator:U_CLK_GEN|counter[0]  ;
; -1.487 ; 1.000        ; 2.487          ; Min Period       ; clk_50MHz ; Rise       ; Clock_Generator:U_CLK_GEN|counter[10] ;
; -1.487 ; 1.000        ; 2.487          ; Min Period       ; clk_50MHz ; Rise       ; Clock_Generator:U_CLK_GEN|counter[11] ;
; -1.487 ; 1.000        ; 2.487          ; Min Period       ; clk_50MHz ; Rise       ; Clock_Generator:U_CLK_GEN|counter[12] ;
; -1.487 ; 1.000        ; 2.487          ; Min Period       ; clk_50MHz ; Rise       ; Clock_Generator:U_CLK_GEN|counter[13] ;
; -1.487 ; 1.000        ; 2.487          ; Min Period       ; clk_50MHz ; Rise       ; Clock_Generator:U_CLK_GEN|counter[14] ;
; -1.487 ; 1.000        ; 2.487          ; Min Period       ; clk_50MHz ; Rise       ; Clock_Generator:U_CLK_GEN|counter[15] ;
; -1.487 ; 1.000        ; 2.487          ; Min Period       ; clk_50MHz ; Rise       ; Clock_Generator:U_CLK_GEN|counter[16] ;
; -1.487 ; 1.000        ; 2.487          ; Min Period       ; clk_50MHz ; Rise       ; Clock_Generator:U_CLK_GEN|counter[17] ;
; -1.487 ; 1.000        ; 2.487          ; Min Period       ; clk_50MHz ; Rise       ; Clock_Generator:U_CLK_GEN|counter[18] ;
; -1.487 ; 1.000        ; 2.487          ; Min Period       ; clk_50MHz ; Rise       ; Clock_Generator:U_CLK_GEN|counter[19] ;
; -1.487 ; 1.000        ; 2.487          ; Min Period       ; clk_50MHz ; Rise       ; Clock_Generator:U_CLK_GEN|counter[1]  ;
; -1.487 ; 1.000        ; 2.487          ; Min Period       ; clk_50MHz ; Rise       ; Clock_Generator:U_CLK_GEN|counter[20] ;
; -1.487 ; 1.000        ; 2.487          ; Min Period       ; clk_50MHz ; Rise       ; Clock_Generator:U_CLK_GEN|counter[21] ;
; -1.487 ; 1.000        ; 2.487          ; Min Period       ; clk_50MHz ; Rise       ; Clock_Generator:U_CLK_GEN|counter[22] ;
; -1.487 ; 1.000        ; 2.487          ; Min Period       ; clk_50MHz ; Rise       ; Clock_Generator:U_CLK_GEN|counter[23] ;
; -1.487 ; 1.000        ; 2.487          ; Min Period       ; clk_50MHz ; Rise       ; Clock_Generator:U_CLK_GEN|counter[24] ;
; -1.487 ; 1.000        ; 2.487          ; Min Period       ; clk_50MHz ; Rise       ; Clock_Generator:U_CLK_GEN|counter[25] ;
; -1.487 ; 1.000        ; 2.487          ; Min Period       ; clk_50MHz ; Rise       ; Clock_Generator:U_CLK_GEN|counter[2]  ;
; -1.487 ; 1.000        ; 2.487          ; Min Period       ; clk_50MHz ; Rise       ; Clock_Generator:U_CLK_GEN|counter[3]  ;
; -1.487 ; 1.000        ; 2.487          ; Min Period       ; clk_50MHz ; Rise       ; Clock_Generator:U_CLK_GEN|counter[4]  ;
; -1.487 ; 1.000        ; 2.487          ; Min Period       ; clk_50MHz ; Rise       ; Clock_Generator:U_CLK_GEN|counter[5]  ;
; -1.487 ; 1.000        ; 2.487          ; Min Period       ; clk_50MHz ; Rise       ; Clock_Generator:U_CLK_GEN|counter[6]  ;
; -1.487 ; 1.000        ; 2.487          ; Min Period       ; clk_50MHz ; Rise       ; Clock_Generator:U_CLK_GEN|counter[7]  ;
; -1.487 ; 1.000        ; 2.487          ; Min Period       ; clk_50MHz ; Rise       ; Clock_Generator:U_CLK_GEN|counter[8]  ;
; -1.487 ; 1.000        ; 2.487          ; Min Period       ; clk_50MHz ; Rise       ; Clock_Generator:U_CLK_GEN|counter[9]  ;
; 0.253  ; 0.437        ; 0.184          ; Low Pulse Width  ; clk_50MHz ; Rise       ; Clock_Generator:U_CLK_GEN|clk_int     ;
; 0.253  ; 0.437        ; 0.184          ; Low Pulse Width  ; clk_50MHz ; Rise       ; Clock_Generator:U_CLK_GEN|counter[0]  ;
; 0.253  ; 0.437        ; 0.184          ; Low Pulse Width  ; clk_50MHz ; Rise       ; Clock_Generator:U_CLK_GEN|counter[10] ;
; 0.253  ; 0.437        ; 0.184          ; Low Pulse Width  ; clk_50MHz ; Rise       ; Clock_Generator:U_CLK_GEN|counter[11] ;
; 0.253  ; 0.437        ; 0.184          ; Low Pulse Width  ; clk_50MHz ; Rise       ; Clock_Generator:U_CLK_GEN|counter[12] ;
; 0.253  ; 0.437        ; 0.184          ; Low Pulse Width  ; clk_50MHz ; Rise       ; Clock_Generator:U_CLK_GEN|counter[13] ;
; 0.253  ; 0.437        ; 0.184          ; Low Pulse Width  ; clk_50MHz ; Rise       ; Clock_Generator:U_CLK_GEN|counter[14] ;
; 0.253  ; 0.437        ; 0.184          ; Low Pulse Width  ; clk_50MHz ; Rise       ; Clock_Generator:U_CLK_GEN|counter[15] ;
; 0.253  ; 0.437        ; 0.184          ; Low Pulse Width  ; clk_50MHz ; Rise       ; Clock_Generator:U_CLK_GEN|counter[16] ;
; 0.253  ; 0.437        ; 0.184          ; Low Pulse Width  ; clk_50MHz ; Rise       ; Clock_Generator:U_CLK_GEN|counter[17] ;
; 0.253  ; 0.437        ; 0.184          ; Low Pulse Width  ; clk_50MHz ; Rise       ; Clock_Generator:U_CLK_GEN|counter[18] ;
; 0.253  ; 0.437        ; 0.184          ; Low Pulse Width  ; clk_50MHz ; Rise       ; Clock_Generator:U_CLK_GEN|counter[19] ;
; 0.253  ; 0.437        ; 0.184          ; Low Pulse Width  ; clk_50MHz ; Rise       ; Clock_Generator:U_CLK_GEN|counter[1]  ;
; 0.253  ; 0.437        ; 0.184          ; Low Pulse Width  ; clk_50MHz ; Rise       ; Clock_Generator:U_CLK_GEN|counter[20] ;
; 0.253  ; 0.437        ; 0.184          ; Low Pulse Width  ; clk_50MHz ; Rise       ; Clock_Generator:U_CLK_GEN|counter[21] ;
; 0.253  ; 0.437        ; 0.184          ; Low Pulse Width  ; clk_50MHz ; Rise       ; Clock_Generator:U_CLK_GEN|counter[22] ;
; 0.253  ; 0.437        ; 0.184          ; Low Pulse Width  ; clk_50MHz ; Rise       ; Clock_Generator:U_CLK_GEN|counter[23] ;
; 0.253  ; 0.437        ; 0.184          ; Low Pulse Width  ; clk_50MHz ; Rise       ; Clock_Generator:U_CLK_GEN|counter[24] ;
; 0.253  ; 0.437        ; 0.184          ; Low Pulse Width  ; clk_50MHz ; Rise       ; Clock_Generator:U_CLK_GEN|counter[25] ;
; 0.253  ; 0.437        ; 0.184          ; Low Pulse Width  ; clk_50MHz ; Rise       ; Clock_Generator:U_CLK_GEN|counter[2]  ;
; 0.253  ; 0.437        ; 0.184          ; Low Pulse Width  ; clk_50MHz ; Rise       ; Clock_Generator:U_CLK_GEN|counter[3]  ;
; 0.253  ; 0.437        ; 0.184          ; Low Pulse Width  ; clk_50MHz ; Rise       ; Clock_Generator:U_CLK_GEN|counter[4]  ;
; 0.253  ; 0.437        ; 0.184          ; Low Pulse Width  ; clk_50MHz ; Rise       ; Clock_Generator:U_CLK_GEN|counter[5]  ;
; 0.253  ; 0.437        ; 0.184          ; Low Pulse Width  ; clk_50MHz ; Rise       ; Clock_Generator:U_CLK_GEN|counter[6]  ;
; 0.253  ; 0.437        ; 0.184          ; Low Pulse Width  ; clk_50MHz ; Rise       ; Clock_Generator:U_CLK_GEN|counter[7]  ;
; 0.253  ; 0.437        ; 0.184          ; Low Pulse Width  ; clk_50MHz ; Rise       ; Clock_Generator:U_CLK_GEN|counter[8]  ;
; 0.253  ; 0.437        ; 0.184          ; Low Pulse Width  ; clk_50MHz ; Rise       ; Clock_Generator:U_CLK_GEN|counter[9]  ;
; 0.345  ; 0.561        ; 0.216          ; High Pulse Width ; clk_50MHz ; Rise       ; Clock_Generator:U_CLK_GEN|clk_int     ;
; 0.345  ; 0.561        ; 0.216          ; High Pulse Width ; clk_50MHz ; Rise       ; Clock_Generator:U_CLK_GEN|counter[0]  ;
; 0.345  ; 0.561        ; 0.216          ; High Pulse Width ; clk_50MHz ; Rise       ; Clock_Generator:U_CLK_GEN|counter[10] ;
; 0.345  ; 0.561        ; 0.216          ; High Pulse Width ; clk_50MHz ; Rise       ; Clock_Generator:U_CLK_GEN|counter[11] ;
; 0.345  ; 0.561        ; 0.216          ; High Pulse Width ; clk_50MHz ; Rise       ; Clock_Generator:U_CLK_GEN|counter[12] ;
; 0.345  ; 0.561        ; 0.216          ; High Pulse Width ; clk_50MHz ; Rise       ; Clock_Generator:U_CLK_GEN|counter[13] ;
; 0.345  ; 0.561        ; 0.216          ; High Pulse Width ; clk_50MHz ; Rise       ; Clock_Generator:U_CLK_GEN|counter[14] ;
; 0.345  ; 0.561        ; 0.216          ; High Pulse Width ; clk_50MHz ; Rise       ; Clock_Generator:U_CLK_GEN|counter[15] ;
; 0.345  ; 0.561        ; 0.216          ; High Pulse Width ; clk_50MHz ; Rise       ; Clock_Generator:U_CLK_GEN|counter[16] ;
; 0.345  ; 0.561        ; 0.216          ; High Pulse Width ; clk_50MHz ; Rise       ; Clock_Generator:U_CLK_GEN|counter[17] ;
; 0.345  ; 0.561        ; 0.216          ; High Pulse Width ; clk_50MHz ; Rise       ; Clock_Generator:U_CLK_GEN|counter[18] ;
; 0.345  ; 0.561        ; 0.216          ; High Pulse Width ; clk_50MHz ; Rise       ; Clock_Generator:U_CLK_GEN|counter[19] ;
; 0.345  ; 0.561        ; 0.216          ; High Pulse Width ; clk_50MHz ; Rise       ; Clock_Generator:U_CLK_GEN|counter[1]  ;
; 0.345  ; 0.561        ; 0.216          ; High Pulse Width ; clk_50MHz ; Rise       ; Clock_Generator:U_CLK_GEN|counter[20] ;
; 0.345  ; 0.561        ; 0.216          ; High Pulse Width ; clk_50MHz ; Rise       ; Clock_Generator:U_CLK_GEN|counter[21] ;
; 0.345  ; 0.561        ; 0.216          ; High Pulse Width ; clk_50MHz ; Rise       ; Clock_Generator:U_CLK_GEN|counter[22] ;
; 0.345  ; 0.561        ; 0.216          ; High Pulse Width ; clk_50MHz ; Rise       ; Clock_Generator:U_CLK_GEN|counter[23] ;
; 0.345  ; 0.561        ; 0.216          ; High Pulse Width ; clk_50MHz ; Rise       ; Clock_Generator:U_CLK_GEN|counter[24] ;
; 0.345  ; 0.561        ; 0.216          ; High Pulse Width ; clk_50MHz ; Rise       ; Clock_Generator:U_CLK_GEN|counter[25] ;
; 0.345  ; 0.561        ; 0.216          ; High Pulse Width ; clk_50MHz ; Rise       ; Clock_Generator:U_CLK_GEN|counter[2]  ;
; 0.345  ; 0.561        ; 0.216          ; High Pulse Width ; clk_50MHz ; Rise       ; Clock_Generator:U_CLK_GEN|counter[3]  ;
; 0.345  ; 0.561        ; 0.216          ; High Pulse Width ; clk_50MHz ; Rise       ; Clock_Generator:U_CLK_GEN|counter[4]  ;
; 0.345  ; 0.561        ; 0.216          ; High Pulse Width ; clk_50MHz ; Rise       ; Clock_Generator:U_CLK_GEN|counter[5]  ;
; 0.345  ; 0.561        ; 0.216          ; High Pulse Width ; clk_50MHz ; Rise       ; Clock_Generator:U_CLK_GEN|counter[6]  ;
; 0.345  ; 0.561        ; 0.216          ; High Pulse Width ; clk_50MHz ; Rise       ; Clock_Generator:U_CLK_GEN|counter[7]  ;
; 0.345  ; 0.561        ; 0.216          ; High Pulse Width ; clk_50MHz ; Rise       ; Clock_Generator:U_CLK_GEN|counter[8]  ;
; 0.345  ; 0.561        ; 0.216          ; High Pulse Width ; clk_50MHz ; Rise       ; Clock_Generator:U_CLK_GEN|counter[9]  ;
; 0.385  ; 0.385        ; 0.000          ; Low Pulse Width  ; clk_50MHz ; Rise       ; U_CLK_GEN|clk_int|clk                 ;
; 0.385  ; 0.385        ; 0.000          ; Low Pulse Width  ; clk_50MHz ; Rise       ; U_CLK_GEN|counter[0]|clk              ;
; 0.385  ; 0.385        ; 0.000          ; Low Pulse Width  ; clk_50MHz ; Rise       ; U_CLK_GEN|counter[10]|clk             ;
; 0.385  ; 0.385        ; 0.000          ; Low Pulse Width  ; clk_50MHz ; Rise       ; U_CLK_GEN|counter[11]|clk             ;
; 0.385  ; 0.385        ; 0.000          ; Low Pulse Width  ; clk_50MHz ; Rise       ; U_CLK_GEN|counter[12]|clk             ;
; 0.385  ; 0.385        ; 0.000          ; Low Pulse Width  ; clk_50MHz ; Rise       ; U_CLK_GEN|counter[13]|clk             ;
; 0.385  ; 0.385        ; 0.000          ; Low Pulse Width  ; clk_50MHz ; Rise       ; U_CLK_GEN|counter[14]|clk             ;
; 0.385  ; 0.385        ; 0.000          ; Low Pulse Width  ; clk_50MHz ; Rise       ; U_CLK_GEN|counter[15]|clk             ;
; 0.385  ; 0.385        ; 0.000          ; Low Pulse Width  ; clk_50MHz ; Rise       ; U_CLK_GEN|counter[16]|clk             ;
; 0.385  ; 0.385        ; 0.000          ; Low Pulse Width  ; clk_50MHz ; Rise       ; U_CLK_GEN|counter[17]|clk             ;
; 0.385  ; 0.385        ; 0.000          ; Low Pulse Width  ; clk_50MHz ; Rise       ; U_CLK_GEN|counter[18]|clk             ;
; 0.385  ; 0.385        ; 0.000          ; Low Pulse Width  ; clk_50MHz ; Rise       ; U_CLK_GEN|counter[19]|clk             ;
; 0.385  ; 0.385        ; 0.000          ; Low Pulse Width  ; clk_50MHz ; Rise       ; U_CLK_GEN|counter[1]|clk              ;
; 0.385  ; 0.385        ; 0.000          ; Low Pulse Width  ; clk_50MHz ; Rise       ; U_CLK_GEN|counter[20]|clk             ;
; 0.385  ; 0.385        ; 0.000          ; Low Pulse Width  ; clk_50MHz ; Rise       ; U_CLK_GEN|counter[21]|clk             ;
; 0.385  ; 0.385        ; 0.000          ; Low Pulse Width  ; clk_50MHz ; Rise       ; U_CLK_GEN|counter[22]|clk             ;
; 0.385  ; 0.385        ; 0.000          ; Low Pulse Width  ; clk_50MHz ; Rise       ; U_CLK_GEN|counter[23]|clk             ;
; 0.385  ; 0.385        ; 0.000          ; Low Pulse Width  ; clk_50MHz ; Rise       ; U_CLK_GEN|counter[24]|clk             ;
+--------+--------------+----------------+------------------+-----------+------------+---------------------------------------+


+---------------------------------------------------------------------------------------------------------------------------------------------------------------------+
; Slow 1200mV 0C Model Minimum Pulse Width: 'Clock_Generator:U_CLK_GEN|clk_int'                                                                                       ;
+--------+--------------+----------------+------------------+-----------------------------------+------------+--------------------------------------------------------+
; Slack  ; Actual Width ; Required Width ; Type             ; Clock                             ; Clock Edge ; Target                                                 ;
+--------+--------------+----------------+------------------+-----------------------------------+------------+--------------------------------------------------------+
; -1.487 ; 1.000        ; 2.487          ; Min Period       ; Clock_Generator:U_CLK_GEN|clk_int ; Rise       ; BCD_Down_Counter:U_COUNTER|high_bcd[0]                 ;
; -1.487 ; 1.000        ; 2.487          ; Min Period       ; Clock_Generator:U_CLK_GEN|clk_int ; Rise       ; BCD_Down_Counter:U_COUNTER|high_bcd[1]                 ;
; -1.487 ; 1.000        ; 2.487          ; Min Period       ; Clock_Generator:U_CLK_GEN|clk_int ; Rise       ; BCD_Down_Counter:U_COUNTER|high_bcd[2]                 ;
; -1.487 ; 1.000        ; 2.487          ; Min Period       ; Clock_Generator:U_CLK_GEN|clk_int ; Rise       ; BCD_Down_Counter:U_COUNTER|low_bcd[0]                  ;
; -1.487 ; 1.000        ; 2.487          ; Min Period       ; Clock_Generator:U_CLK_GEN|clk_int ; Rise       ; BCD_Down_Counter:U_COUNTER|low_bcd[1]                  ;
; -1.487 ; 1.000        ; 2.487          ; Min Period       ; Clock_Generator:U_CLK_GEN|clk_int ; Rise       ; BCD_Down_Counter:U_COUNTER|low_bcd[2]                  ;
; -1.487 ; 1.000        ; 2.487          ; Min Period       ; Clock_Generator:U_CLK_GEN|clk_int ; Rise       ; BCD_Down_Counter:U_COUNTER|low_bcd[3]                  ;
; -1.487 ; 1.000        ; 2.487          ; Min Period       ; Clock_Generator:U_CLK_GEN|clk_int ; Rise       ; Traffic_Light_FSM:U_FSM|branch_green                   ;
; -1.487 ; 1.000        ; 2.487          ; Min Period       ; Clock_Generator:U_CLK_GEN|clk_int ; Rise       ; Traffic_Light_FSM:U_FSM|branch_red                     ;
; -1.487 ; 1.000        ; 2.487          ; Min Period       ; Clock_Generator:U_CLK_GEN|clk_int ; Rise       ; Traffic_Light_FSM:U_FSM|branch_yellow                  ;
; -1.487 ; 1.000        ; 2.487          ; Min Period       ; Clock_Generator:U_CLK_GEN|clk_int ; Rise       ; Traffic_Light_FSM:U_FSM|current_state.ST_BRANCH_GREEN  ;
; -1.487 ; 1.000        ; 2.487          ; Min Period       ; Clock_Generator:U_CLK_GEN|clk_int ; Rise       ; Traffic_Light_FSM:U_FSM|current_state.ST_BRANCH_YELLOW ;
; -1.487 ; 1.000        ; 2.487          ; Min Period       ; Clock_Generator:U_CLK_GEN|clk_int ; Rise       ; Traffic_Light_FSM:U_FSM|current_state.ST_IDLE          ;
; -1.487 ; 1.000        ; 2.487          ; Min Period       ; Clock_Generator:U_CLK_GEN|clk_int ; Rise       ; Traffic_Light_FSM:U_FSM|current_state.ST_MAIN_GREEN    ;
; -1.487 ; 1.000        ; 2.487          ; Min Period       ; Clock_Generator:U_CLK_GEN|clk_int ; Rise       ; Traffic_Light_FSM:U_FSM|current_state.ST_MAIN_YELLOW   ;
; -1.487 ; 1.000        ; 2.487          ; Min Period       ; Clock_Generator:U_CLK_GEN|clk_int ; Rise       ; Traffic_Light_FSM:U_FSM|load_value[0]                  ;
; -1.487 ; 1.000        ; 2.487          ; Min Period       ; Clock_Generator:U_CLK_GEN|clk_int ; Rise       ; Traffic_Light_FSM:U_FSM|load_value[5]                  ;
; -1.487 ; 1.000        ; 2.487          ; Min Period       ; Clock_Generator:U_CLK_GEN|clk_int ; Rise       ; Traffic_Light_FSM:U_FSM|load_value[6]                  ;
; -1.487 ; 1.000        ; 2.487          ; Min Period       ; Clock_Generator:U_CLK_GEN|clk_int ; Rise       ; Traffic_Light_FSM:U_FSM|main_green                     ;
; -1.487 ; 1.000        ; 2.487          ; Min Period       ; Clock_Generator:U_CLK_GEN|clk_int ; Rise       ; Traffic_Light_FSM:U_FSM|main_red                       ;
; -1.487 ; 1.000        ; 2.487          ; Min Period       ; Clock_Generator:U_CLK_GEN|clk_int ; Rise       ; Traffic_Light_FSM:U_FSM|main_yellow                    ;
; 0.199  ; 0.415        ; 0.216          ; High Pulse Width ; Clock_Generator:U_CLK_GEN|clk_int ; Rise       ; Traffic_Light_FSM:U_FSM|main_red                       ;
; 0.200  ; 0.416        ; 0.216          ; High Pulse Width ; Clock_Generator:U_CLK_GEN|clk_int ; Rise       ; BCD_Down_Counter:U_COUNTER|high_bcd[0]                 ;
; 0.200  ; 0.416        ; 0.216          ; High Pulse Width ; Clock_Generator:U_CLK_GEN|clk_int ; Rise       ; BCD_Down_Counter:U_COUNTER|high_bcd[1]                 ;
; 0.200  ; 0.416        ; 0.216          ; High Pulse Width ; Clock_Generator:U_CLK_GEN|clk_int ; Rise       ; BCD_Down_Counter:U_COUNTER|high_bcd[2]                 ;
; 0.200  ; 0.416        ; 0.216          ; High Pulse Width ; Clock_Generator:U_CLK_GEN|clk_int ; Rise       ; BCD_Down_Counter:U_COUNTER|low_bcd[0]                  ;
; 0.200  ; 0.416        ; 0.216          ; High Pulse Width ; Clock_Generator:U_CLK_GEN|clk_int ; Rise       ; BCD_Down_Counter:U_COUNTER|low_bcd[1]                  ;
; 0.200  ; 0.416        ; 0.216          ; High Pulse Width ; Clock_Generator:U_CLK_GEN|clk_int ; Rise       ; BCD_Down_Counter:U_COUNTER|low_bcd[2]                  ;
; 0.200  ; 0.416        ; 0.216          ; High Pulse Width ; Clock_Generator:U_CLK_GEN|clk_int ; Rise       ; BCD_Down_Counter:U_COUNTER|low_bcd[3]                  ;
; 0.200  ; 0.416        ; 0.216          ; High Pulse Width ; Clock_Generator:U_CLK_GEN|clk_int ; Rise       ; Traffic_Light_FSM:U_FSM|branch_green                   ;
; 0.200  ; 0.416        ; 0.216          ; High Pulse Width ; Clock_Generator:U_CLK_GEN|clk_int ; Rise       ; Traffic_Light_FSM:U_FSM|branch_red                     ;
; 0.200  ; 0.416        ; 0.216          ; High Pulse Width ; Clock_Generator:U_CLK_GEN|clk_int ; Rise       ; Traffic_Light_FSM:U_FSM|branch_yellow                  ;
; 0.200  ; 0.416        ; 0.216          ; High Pulse Width ; Clock_Generator:U_CLK_GEN|clk_int ; Rise       ; Traffic_Light_FSM:U_FSM|current_state.ST_BRANCH_GREEN  ;
; 0.200  ; 0.416        ; 0.216          ; High Pulse Width ; Clock_Generator:U_CLK_GEN|clk_int ; Rise       ; Traffic_Light_FSM:U_FSM|current_state.ST_BRANCH_YELLOW ;
; 0.200  ; 0.416        ; 0.216          ; High Pulse Width ; Clock_Generator:U_CLK_GEN|clk_int ; Rise       ; Traffic_Light_FSM:U_FSM|current_state.ST_IDLE          ;
; 0.200  ; 0.416        ; 0.216          ; High Pulse Width ; Clock_Generator:U_CLK_GEN|clk_int ; Rise       ; Traffic_Light_FSM:U_FSM|current_state.ST_MAIN_GREEN    ;
; 0.200  ; 0.416        ; 0.216          ; High Pulse Width ; Clock_Generator:U_CLK_GEN|clk_int ; Rise       ; Traffic_Light_FSM:U_FSM|current_state.ST_MAIN_YELLOW   ;
; 0.200  ; 0.416        ; 0.216          ; High Pulse Width ; Clock_Generator:U_CLK_GEN|clk_int ; Rise       ; Traffic_Light_FSM:U_FSM|load_value[0]                  ;
; 0.200  ; 0.416        ; 0.216          ; High Pulse Width ; Clock_Generator:U_CLK_GEN|clk_int ; Rise       ; Traffic_Light_FSM:U_FSM|load_value[5]                  ;
; 0.200  ; 0.416        ; 0.216          ; High Pulse Width ; Clock_Generator:U_CLK_GEN|clk_int ; Rise       ; Traffic_Light_FSM:U_FSM|load_value[6]                  ;
; 0.200  ; 0.416        ; 0.216          ; High Pulse Width ; Clock_Generator:U_CLK_GEN|clk_int ; Rise       ; Traffic_Light_FSM:U_FSM|main_green                     ;
; 0.200  ; 0.416        ; 0.216          ; High Pulse Width ; Clock_Generator:U_CLK_GEN|clk_int ; Rise       ; Traffic_Light_FSM:U_FSM|main_yellow                    ;
; 0.396  ; 0.580        ; 0.184          ; Low Pulse Width  ; Clock_Generator:U_CLK_GEN|clk_int ; Rise       ; BCD_Down_Counter:U_COUNTER|high_bcd[0]                 ;
; 0.396  ; 0.580        ; 0.184          ; Low Pulse Width  ; Clock_Generator:U_CLK_GEN|clk_int ; Rise       ; BCD_Down_Counter:U_COUNTER|high_bcd[1]                 ;
; 0.396  ; 0.580        ; 0.184          ; Low Pulse Width  ; Clock_Generator:U_CLK_GEN|clk_int ; Rise       ; BCD_Down_Counter:U_COUNTER|high_bcd[2]                 ;
; 0.396  ; 0.580        ; 0.184          ; Low Pulse Width  ; Clock_Generator:U_CLK_GEN|clk_int ; Rise       ; BCD_Down_Counter:U_COUNTER|low_bcd[0]                  ;
; 0.396  ; 0.580        ; 0.184          ; Low Pulse Width  ; Clock_Generator:U_CLK_GEN|clk_int ; Rise       ; BCD_Down_Counter:U_COUNTER|low_bcd[1]                  ;
; 0.396  ; 0.580        ; 0.184          ; Low Pulse Width  ; Clock_Generator:U_CLK_GEN|clk_int ; Rise       ; BCD_Down_Counter:U_COUNTER|low_bcd[2]                  ;
; 0.396  ; 0.580        ; 0.184          ; Low Pulse Width  ; Clock_Generator:U_CLK_GEN|clk_int ; Rise       ; BCD_Down_Counter:U_COUNTER|low_bcd[3]                  ;
; 0.396  ; 0.580        ; 0.184          ; Low Pulse Width  ; Clock_Generator:U_CLK_GEN|clk_int ; Rise       ; Traffic_Light_FSM:U_FSM|branch_green                   ;
; 0.396  ; 0.580        ; 0.184          ; Low Pulse Width  ; Clock_Generator:U_CLK_GEN|clk_int ; Rise       ; Traffic_Light_FSM:U_FSM|branch_red                     ;
; 0.396  ; 0.580        ; 0.184          ; Low Pulse Width  ; Clock_Generator:U_CLK_GEN|clk_int ; Rise       ; Traffic_Light_FSM:U_FSM|branch_yellow                  ;
; 0.396  ; 0.580        ; 0.184          ; Low Pulse Width  ; Clock_Generator:U_CLK_GEN|clk_int ; Rise       ; Traffic_Light_FSM:U_FSM|current_state.ST_BRANCH_GREEN  ;
; 0.396  ; 0.580        ; 0.184          ; Low Pulse Width  ; Clock_Generator:U_CLK_GEN|clk_int ; Rise       ; Traffic_Light_FSM:U_FSM|current_state.ST_BRANCH_YELLOW ;
; 0.396  ; 0.580        ; 0.184          ; Low Pulse Width  ; Clock_Generator:U_CLK_GEN|clk_int ; Rise       ; Traffic_Light_FSM:U_FSM|current_state.ST_IDLE          ;
; 0.396  ; 0.580        ; 0.184          ; Low Pulse Width  ; Clock_Generator:U_CLK_GEN|clk_int ; Rise       ; Traffic_Light_FSM:U_FSM|current_state.ST_MAIN_GREEN    ;
; 0.396  ; 0.580        ; 0.184          ; Low Pulse Width  ; Clock_Generator:U_CLK_GEN|clk_int ; Rise       ; Traffic_Light_FSM:U_FSM|current_state.ST_MAIN_YELLOW   ;
; 0.396  ; 0.580        ; 0.184          ; Low Pulse Width  ; Clock_Generator:U_CLK_GEN|clk_int ; Rise       ; Traffic_Light_FSM:U_FSM|load_value[0]                  ;
; 0.396  ; 0.580        ; 0.184          ; Low Pulse Width  ; Clock_Generator:U_CLK_GEN|clk_int ; Rise       ; Traffic_Light_FSM:U_FSM|load_value[5]                  ;
; 0.396  ; 0.580        ; 0.184          ; Low Pulse Width  ; Clock_Generator:U_CLK_GEN|clk_int ; Rise       ; Traffic_Light_FSM:U_FSM|load_value[6]                  ;
; 0.396  ; 0.580        ; 0.184          ; Low Pulse Width  ; Clock_Generator:U_CLK_GEN|clk_int ; Rise       ; Traffic_Light_FSM:U_FSM|main_green                     ;
; 0.396  ; 0.580        ; 0.184          ; Low Pulse Width  ; Clock_Generator:U_CLK_GEN|clk_int ; Rise       ; Traffic_Light_FSM:U_FSM|main_yellow                    ;
; 0.397  ; 0.581        ; 0.184          ; Low Pulse Width  ; Clock_Generator:U_CLK_GEN|clk_int ; Rise       ; Traffic_Light_FSM:U_FSM|main_red                       ;
; 0.446  ; 0.446        ; 0.000          ; High Pulse Width ; Clock_Generator:U_CLK_GEN|clk_int ; Rise       ; U_CLK_GEN|clk_int~clkctrl|inclk[0]                     ;
; 0.446  ; 0.446        ; 0.000          ; High Pulse Width ; Clock_Generator:U_CLK_GEN|clk_int ; Rise       ; U_CLK_GEN|clk_int~clkctrl|outclk                       ;
; 0.469  ; 0.469        ; 0.000          ; High Pulse Width ; Clock_Generator:U_CLK_GEN|clk_int ; Rise       ; U_FSM|main_red|clk                                     ;
; 0.470  ; 0.470        ; 0.000          ; High Pulse Width ; Clock_Generator:U_CLK_GEN|clk_int ; Rise       ; U_COUNTER|high_bcd[0]|clk                              ;
; 0.470  ; 0.470        ; 0.000          ; High Pulse Width ; Clock_Generator:U_CLK_GEN|clk_int ; Rise       ; U_COUNTER|high_bcd[1]|clk                              ;
; 0.470  ; 0.470        ; 0.000          ; High Pulse Width ; Clock_Generator:U_CLK_GEN|clk_int ; Rise       ; U_COUNTER|high_bcd[2]|clk                              ;
; 0.470  ; 0.470        ; 0.000          ; High Pulse Width ; Clock_Generator:U_CLK_GEN|clk_int ; Rise       ; U_COUNTER|low_bcd[0]|clk                               ;
; 0.470  ; 0.470        ; 0.000          ; High Pulse Width ; Clock_Generator:U_CLK_GEN|clk_int ; Rise       ; U_COUNTER|low_bcd[1]|clk                               ;
; 0.470  ; 0.470        ; 0.000          ; High Pulse Width ; Clock_Generator:U_CLK_GEN|clk_int ; Rise       ; U_COUNTER|low_bcd[2]|clk                               ;
; 0.470  ; 0.470        ; 0.000          ; High Pulse Width ; Clock_Generator:U_CLK_GEN|clk_int ; Rise       ; U_COUNTER|low_bcd[3]|clk                               ;
; 0.470  ; 0.470        ; 0.000          ; High Pulse Width ; Clock_Generator:U_CLK_GEN|clk_int ; Rise       ; U_FSM|branch_green|clk                                 ;
; 0.470  ; 0.470        ; 0.000          ; High Pulse Width ; Clock_Generator:U_CLK_GEN|clk_int ; Rise       ; U_FSM|branch_red|clk                                   ;
; 0.470  ; 0.470        ; 0.000          ; High Pulse Width ; Clock_Generator:U_CLK_GEN|clk_int ; Rise       ; U_FSM|branch_yellow|clk                                ;
; 0.470  ; 0.470        ; 0.000          ; High Pulse Width ; Clock_Generator:U_CLK_GEN|clk_int ; Rise       ; U_FSM|current_state.ST_BRANCH_GREEN|clk                ;
; 0.470  ; 0.470        ; 0.000          ; High Pulse Width ; Clock_Generator:U_CLK_GEN|clk_int ; Rise       ; U_FSM|current_state.ST_BRANCH_YELLOW|clk               ;
; 0.470  ; 0.470        ; 0.000          ; High Pulse Width ; Clock_Generator:U_CLK_GEN|clk_int ; Rise       ; U_FSM|current_state.ST_IDLE|clk                        ;
; 0.470  ; 0.470        ; 0.000          ; High Pulse Width ; Clock_Generator:U_CLK_GEN|clk_int ; Rise       ; U_FSM|current_state.ST_MAIN_GREEN|clk                  ;
; 0.470  ; 0.470        ; 0.000          ; High Pulse Width ; Clock_Generator:U_CLK_GEN|clk_int ; Rise       ; U_FSM|current_state.ST_MAIN_YELLOW|clk                 ;
; 0.470  ; 0.470        ; 0.000          ; High Pulse Width ; Clock_Generator:U_CLK_GEN|clk_int ; Rise       ; U_FSM|load_value[0]|clk                                ;
; 0.470  ; 0.470        ; 0.000          ; High Pulse Width ; Clock_Generator:U_CLK_GEN|clk_int ; Rise       ; U_FSM|load_value[5]|clk                                ;
; 0.470  ; 0.470        ; 0.000          ; High Pulse Width ; Clock_Generator:U_CLK_GEN|clk_int ; Rise       ; U_FSM|load_value[6]|clk                                ;
; 0.470  ; 0.470        ; 0.000          ; High Pulse Width ; Clock_Generator:U_CLK_GEN|clk_int ; Rise       ; U_FSM|main_green|clk                                   ;
; 0.470  ; 0.470        ; 0.000          ; High Pulse Width ; Clock_Generator:U_CLK_GEN|clk_int ; Rise       ; U_FSM|main_yellow|clk                                  ;
; 0.500  ; 0.500        ; 0.000          ; High Pulse Width ; Clock_Generator:U_CLK_GEN|clk_int ; Rise       ; U_CLK_GEN|clk_int|q                                    ;
; 0.500  ; 0.500        ; 0.000          ; Low Pulse Width  ; Clock_Generator:U_CLK_GEN|clk_int ; Rise       ; U_CLK_GEN|clk_int|q                                    ;
; 0.529  ; 0.529        ; 0.000          ; Low Pulse Width  ; Clock_Generator:U_CLK_GEN|clk_int ; Rise       ; U_COUNTER|high_bcd[0]|clk                              ;
; 0.529  ; 0.529        ; 0.000          ; Low Pulse Width  ; Clock_Generator:U_CLK_GEN|clk_int ; Rise       ; U_COUNTER|high_bcd[1]|clk                              ;
; 0.529  ; 0.529        ; 0.000          ; Low Pulse Width  ; Clock_Generator:U_CLK_GEN|clk_int ; Rise       ; U_COUNTER|high_bcd[2]|clk                              ;
; 0.529  ; 0.529        ; 0.000          ; Low Pulse Width  ; Clock_Generator:U_CLK_GEN|clk_int ; Rise       ; U_COUNTER|low_bcd[0]|clk                               ;
; 0.529  ; 0.529        ; 0.000          ; Low Pulse Width  ; Clock_Generator:U_CLK_GEN|clk_int ; Rise       ; U_COUNTER|low_bcd[1]|clk                               ;
; 0.529  ; 0.529        ; 0.000          ; Low Pulse Width  ; Clock_Generator:U_CLK_GEN|clk_int ; Rise       ; U_COUNTER|low_bcd[2]|clk                               ;
; 0.529  ; 0.529        ; 0.000          ; Low Pulse Width  ; Clock_Generator:U_CLK_GEN|clk_int ; Rise       ; U_COUNTER|low_bcd[3]|clk                               ;
; 0.529  ; 0.529        ; 0.000          ; Low Pulse Width  ; Clock_Generator:U_CLK_GEN|clk_int ; Rise       ; U_FSM|branch_green|clk                                 ;
; 0.529  ; 0.529        ; 0.000          ; Low Pulse Width  ; Clock_Generator:U_CLK_GEN|clk_int ; Rise       ; U_FSM|branch_red|clk                                   ;
; 0.529  ; 0.529        ; 0.000          ; Low Pulse Width  ; Clock_Generator:U_CLK_GEN|clk_int ; Rise       ; U_FSM|branch_yellow|clk                                ;
; 0.529  ; 0.529        ; 0.000          ; Low Pulse Width  ; Clock_Generator:U_CLK_GEN|clk_int ; Rise       ; U_FSM|current_state.ST_BRANCH_GREEN|clk                ;
; 0.529  ; 0.529        ; 0.000          ; Low Pulse Width  ; Clock_Generator:U_CLK_GEN|clk_int ; Rise       ; U_FSM|current_state.ST_BRANCH_YELLOW|clk               ;
+--------+--------------+----------------+------------------+-----------------------------------+------------+--------------------------------------------------------+


+-----------------------------------------------------------------------------------------------------------------------+
; Setup Times                                                                                                           ;
+------------------+-----------------------------------+-------+-------+------------+-----------------------------------+
; Data Port        ; Clock Port                        ; Rise  ; Fall  ; Clock Edge ; Clock Reference                   ;
+------------------+-----------------------------------+-------+-------+------------+-----------------------------------+
; vehicle_detected ; Clock_Generator:U_CLK_GEN|clk_int ; 2.278 ; 2.428 ; Rise       ; Clock_Generator:U_CLK_GEN|clk_int ;
+------------------+-----------------------------------+-------+-------+------------+-----------------------------------+


+-------------------------------------------------------------------------------------------------------------------------+
; Hold Times                                                                                                              ;
+------------------+-----------------------------------+--------+--------+------------+-----------------------------------+
; Data Port        ; Clock Port                        ; Rise   ; Fall   ; Clock Edge ; Clock Reference                   ;
+------------------+-----------------------------------+--------+--------+------------+-----------------------------------+
; vehicle_detected ; Clock_Generator:U_CLK_GEN|clk_int ; -1.723 ; -1.867 ; Rise       ; Clock_Generator:U_CLK_GEN|clk_int ;
+------------------+-----------------------------------+--------+--------+------------+-----------------------------------+


+--------------------------------------------------------------------------------------------------------------------+
; Clock to Output Times                                                                                              ;
+---------------+-----------------------------------+-------+-------+------------+-----------------------------------+
; Data Port     ; Clock Port                        ; Rise  ; Fall  ; Clock Edge ; Clock Reference                   ;
+---------------+-----------------------------------+-------+-------+------------+-----------------------------------+
; branch_green  ; Clock_Generator:U_CLK_GEN|clk_int ; 6.214 ; 5.978 ; Rise       ; Clock_Generator:U_CLK_GEN|clk_int ;
; branch_red    ; Clock_Generator:U_CLK_GEN|clk_int ; 6.823 ; 6.529 ; Rise       ; Clock_Generator:U_CLK_GEN|clk_int ;
; branch_yellow ; Clock_Generator:U_CLK_GEN|clk_int ; 6.580 ; 6.327 ; Rise       ; Clock_Generator:U_CLK_GEN|clk_int ;
; main_green    ; Clock_Generator:U_CLK_GEN|clk_int ; 6.833 ; 6.529 ; Rise       ; Clock_Generator:U_CLK_GEN|clk_int ;
; main_red      ; Clock_Generator:U_CLK_GEN|clk_int ; 6.822 ; 6.520 ; Rise       ; Clock_Generator:U_CLK_GEN|clk_int ;
; main_yellow   ; Clock_Generator:U_CLK_GEN|clk_int ; 6.754 ; 6.479 ; Rise       ; Clock_Generator:U_CLK_GEN|clk_int ;
; seg_high[*]   ; Clock_Generator:U_CLK_GEN|clk_int ; 8.987 ; 8.363 ; Rise       ; Clock_Generator:U_CLK_GEN|clk_int ;
;  seg_high[0]  ; Clock_Generator:U_CLK_GEN|clk_int ; 6.978 ; 6.716 ; Rise       ; Clock_Generator:U_CLK_GEN|clk_int ;
;  seg_high[1]  ; Clock_Generator:U_CLK_GEN|clk_int ; 7.400 ; 7.160 ; Rise       ; Clock_Generator:U_CLK_GEN|clk_int ;
;  seg_high[2]  ; Clock_Generator:U_CLK_GEN|clk_int ; 8.987 ; 8.363 ; Rise       ; Clock_Generator:U_CLK_GEN|clk_int ;
;  seg_high[3]  ; Clock_Generator:U_CLK_GEN|clk_int ; 7.552 ; 7.244 ; Rise       ; Clock_Generator:U_CLK_GEN|clk_int ;
;  seg_high[4]  ; Clock_Generator:U_CLK_GEN|clk_int ; 6.819 ; 6.599 ; Rise       ; Clock_Generator:U_CLK_GEN|clk_int ;
;  seg_high[5]  ; Clock_Generator:U_CLK_GEN|clk_int ; 6.835 ; 6.591 ; Rise       ; Clock_Generator:U_CLK_GEN|clk_int ;
;  seg_high[6]  ; Clock_Generator:U_CLK_GEN|clk_int ; 6.612 ; 6.823 ; Rise       ; Clock_Generator:U_CLK_GEN|clk_int ;
; seg_low[*]    ; Clock_Generator:U_CLK_GEN|clk_int ; 8.506 ; 8.123 ; Rise       ; Clock_Generator:U_CLK_GEN|clk_int ;
;  seg_low[0]   ; Clock_Generator:U_CLK_GEN|clk_int ; 8.132 ; 7.815 ; Rise       ; Clock_Generator:U_CLK_GEN|clk_int ;
;  seg_low[1]   ; Clock_Generator:U_CLK_GEN|clk_int ; 8.506 ; 7.913 ; Rise       ; Clock_Generator:U_CLK_GEN|clk_int ;
;  seg_low[2]   ; Clock_Generator:U_CLK_GEN|clk_int ; 8.094 ; 7.623 ; Rise       ; Clock_Generator:U_CLK_GEN|clk_int ;
;  seg_low[3]   ; Clock_Generator:U_CLK_GEN|clk_int ; 8.498 ; 8.123 ; Rise       ; Clock_Generator:U_CLK_GEN|clk_int ;
;  seg_low[4]   ; Clock_Generator:U_CLK_GEN|clk_int ; 8.006 ; 7.521 ; Rise       ; Clock_Generator:U_CLK_GEN|clk_int ;
;  seg_low[5]   ; Clock_Generator:U_CLK_GEN|clk_int ; 7.983 ; 7.689 ; Rise       ; Clock_Generator:U_CLK_GEN|clk_int ;
;  seg_low[6]   ; Clock_Generator:U_CLK_GEN|clk_int ; 7.562 ; 7.848 ; Rise       ; Clock_Generator:U_CLK_GEN|clk_int ;
+---------------+-----------------------------------+-------+-------+------------+-----------------------------------+


+--------------------------------------------------------------------------------------------------------------------+
; Minimum Clock to Output Times                                                                                      ;
+---------------+-----------------------------------+-------+-------+------------+-----------------------------------+
; Data Port     ; Clock Port                        ; Rise  ; Fall  ; Clock Edge ; Clock Reference                   ;
+---------------+-----------------------------------+-------+-------+------------+-----------------------------------+
; branch_green  ; Clock_Generator:U_CLK_GEN|clk_int ; 5.952 ; 5.720 ; Rise       ; Clock_Generator:U_CLK_GEN|clk_int ;
; branch_red    ; Clock_Generator:U_CLK_GEN|clk_int ; 6.536 ; 6.249 ; Rise       ; Clock_Generator:U_CLK_GEN|clk_int ;
; branch_yellow ; Clock_Generator:U_CLK_GEN|clk_int ; 6.303 ; 6.056 ; Rise       ; Clock_Generator:U_CLK_GEN|clk_int ;
; main_green    ; Clock_Generator:U_CLK_GEN|clk_int ; 6.542 ; 6.246 ; Rise       ; Clock_Generator:U_CLK_GEN|clk_int ;
; main_red      ; Clock_Generator:U_CLK_GEN|clk_int ; 6.535 ; 6.241 ; Rise       ; Clock_Generator:U_CLK_GEN|clk_int ;
; main_yellow   ; Clock_Generator:U_CLK_GEN|clk_int ; 6.466 ; 6.199 ; Rise       ; Clock_Generator:U_CLK_GEN|clk_int ;
; seg_high[*]   ; Clock_Generator:U_CLK_GEN|clk_int ; 6.046 ; 6.133 ; Rise       ; Clock_Generator:U_CLK_GEN|clk_int ;
;  seg_high[0]  ; Clock_Generator:U_CLK_GEN|clk_int ; 6.413 ; 6.148 ; Rise       ; Clock_Generator:U_CLK_GEN|clk_int ;
;  seg_high[1]  ; Clock_Generator:U_CLK_GEN|clk_int ; 6.831 ; 6.555 ; Rise       ; Clock_Generator:U_CLK_GEN|clk_int ;
;  seg_high[2]  ; Clock_Generator:U_CLK_GEN|clk_int ; 8.461 ; 7.801 ; Rise       ; Clock_Generator:U_CLK_GEN|clk_int ;
;  seg_high[3]  ; Clock_Generator:U_CLK_GEN|clk_int ; 6.964 ; 6.653 ; Rise       ; Clock_Generator:U_CLK_GEN|clk_int ;
;  seg_high[4]  ; Clock_Generator:U_CLK_GEN|clk_int ; 6.269 ; 6.133 ; Rise       ; Clock_Generator:U_CLK_GEN|clk_int ;
;  seg_high[5]  ; Clock_Generator:U_CLK_GEN|clk_int ; 6.267 ; 6.134 ; Rise       ; Clock_Generator:U_CLK_GEN|clk_int ;
;  seg_high[6]  ; Clock_Generator:U_CLK_GEN|clk_int ; 6.046 ; 6.326 ; Rise       ; Clock_Generator:U_CLK_GEN|clk_int ;
; seg_low[*]    ; Clock_Generator:U_CLK_GEN|clk_int ; 6.631 ; 6.736 ; Rise       ; Clock_Generator:U_CLK_GEN|clk_int ;
;  seg_low[0]   ; Clock_Generator:U_CLK_GEN|clk_int ; 7.252 ; 6.861 ; Rise       ; Clock_Generator:U_CLK_GEN|clk_int ;
;  seg_low[1]   ; Clock_Generator:U_CLK_GEN|clk_int ; 7.597 ; 7.140 ; Rise       ; Clock_Generator:U_CLK_GEN|clk_int ;
;  seg_low[2]   ; Clock_Generator:U_CLK_GEN|clk_int ; 7.211 ; 6.835 ; Rise       ; Clock_Generator:U_CLK_GEN|clk_int ;
;  seg_low[3]   ; Clock_Generator:U_CLK_GEN|clk_int ; 7.601 ; 7.154 ; Rise       ; Clock_Generator:U_CLK_GEN|clk_int ;
;  seg_low[4]   ; Clock_Generator:U_CLK_GEN|clk_int ; 7.142 ; 6.788 ; Rise       ; Clock_Generator:U_CLK_GEN|clk_int ;
;  seg_low[5]   ; Clock_Generator:U_CLK_GEN|clk_int ; 7.101 ; 6.736 ; Rise       ; Clock_Generator:U_CLK_GEN|clk_int ;
;  seg_low[6]   ; Clock_Generator:U_CLK_GEN|clk_int ; 6.631 ; 6.953 ; Rise       ; Clock_Generator:U_CLK_GEN|clk_int ;
+---------------+-----------------------------------+-------+-------+------------+-----------------------------------+


---------------------------------------------
; Slow 1200mV 0C Model Metastability Report ;
---------------------------------------------
No synchronizer chains to report.


+------------------------------------------------------------+
; Fast 1200mV 0C Model Setup Summary                         ;
+-----------------------------------+--------+---------------+
; Clock                             ; Slack  ; End Point TNS ;
+-----------------------------------+--------+---------------+
; clk_50MHz                         ; -0.850 ; -8.053        ;
; Clock_Generator:U_CLK_GEN|clk_int ; -0.276 ; -1.715        ;
+-----------------------------------+--------+---------------+


+------------------------------------------------------------+
; Fast 1200mV 0C Model Hold Summary                          ;
+-----------------------------------+--------+---------------+
; Clock                             ; Slack  ; End Point TNS ;
+-----------------------------------+--------+---------------+
; clk_50MHz                         ; -0.034 ; -0.034        ;
; Clock_Generator:U_CLK_GEN|clk_int ; 0.186  ; 0.000         ;
+-----------------------------------+--------+---------------+


-----------------------------------------
; Fast 1200mV 0C Model Recovery Summary ;
-----------------------------------------
No paths to report.


----------------------------------------
; Fast 1200mV 0C Model Removal Summary ;
----------------------------------------
No paths to report.


+------------------------------------------------------------+
; Fast 1200mV 0C Model Minimum Pulse Width Summary           ;
+-----------------------------------+--------+---------------+
; Clock                             ; Slack  ; End Point TNS ;
+-----------------------------------+--------+---------------+
; clk_50MHz                         ; -3.000 ; -38.056       ;
; Clock_Generator:U_CLK_GEN|clk_int ; -1.000 ; -21.000       ;
+-----------------------------------+--------+---------------+


+--------------------------------------------------------------------------------------------------------------------------------------------------------------+
; Fast 1200mV 0C Model Setup: 'clk_50MHz'                                                                                                                      ;
+--------+---------------------------------------+---------------------------------------+--------------+-------------+--------------+------------+------------+
; Slack  ; From Node                             ; To Node                               ; Launch Clock ; Latch Clock ; Relationship ; Clock Skew ; Data Delay ;
+--------+---------------------------------------+---------------------------------------+--------------+-------------+--------------+------------+------------+
; -0.850 ; Clock_Generator:U_CLK_GEN|counter[16] ; Clock_Generator:U_CLK_GEN|clk_int     ; clk_50MHz    ; clk_50MHz   ; 1.000        ; -0.037     ; 1.800      ;
; -0.850 ; Clock_Generator:U_CLK_GEN|counter[15] ; Clock_Generator:U_CLK_GEN|clk_int     ; clk_50MHz    ; clk_50MHz   ; 1.000        ; -0.037     ; 1.800      ;
; -0.762 ; Clock_Generator:U_CLK_GEN|counter[17] ; Clock_Generator:U_CLK_GEN|clk_int     ; clk_50MHz    ; clk_50MHz   ; 1.000        ; -0.037     ; 1.712      ;
; -0.706 ; Clock_Generator:U_CLK_GEN|counter[14] ; Clock_Generator:U_CLK_GEN|clk_int     ; clk_50MHz    ; clk_50MHz   ; 1.000        ; -0.037     ; 1.656      ;
; -0.703 ; Clock_Generator:U_CLK_GEN|counter[19] ; Clock_Generator:U_CLK_GEN|clk_int     ; clk_50MHz    ; clk_50MHz   ; 1.000        ; -0.037     ; 1.653      ;
; -0.702 ; Clock_Generator:U_CLK_GEN|counter[21] ; Clock_Generator:U_CLK_GEN|clk_int     ; clk_50MHz    ; clk_50MHz   ; 1.000        ; -0.037     ; 1.652      ;
; -0.643 ; Clock_Generator:U_CLK_GEN|counter[24] ; Clock_Generator:U_CLK_GEN|clk_int     ; clk_50MHz    ; clk_50MHz   ; 1.000        ; -0.037     ; 1.593      ;
; -0.643 ; Clock_Generator:U_CLK_GEN|counter[22] ; Clock_Generator:U_CLK_GEN|clk_int     ; clk_50MHz    ; clk_50MHz   ; 1.000        ; -0.037     ; 1.593      ;
; -0.638 ; Clock_Generator:U_CLK_GEN|counter[1]  ; Clock_Generator:U_CLK_GEN|counter[25] ; clk_50MHz    ; clk_50MHz   ; 1.000        ; -0.037     ; 1.588      ;
; -0.634 ; Clock_Generator:U_CLK_GEN|counter[1]  ; Clock_Generator:U_CLK_GEN|counter[24] ; clk_50MHz    ; clk_50MHz   ; 1.000        ; -0.037     ; 1.584      ;
; -0.633 ; Clock_Generator:U_CLK_GEN|counter[25] ; Clock_Generator:U_CLK_GEN|clk_int     ; clk_50MHz    ; clk_50MHz   ; 1.000        ; -0.037     ; 1.583      ;
; -0.623 ; Clock_Generator:U_CLK_GEN|counter[0]  ; Clock_Generator:U_CLK_GEN|counter[25] ; clk_50MHz    ; clk_50MHz   ; 1.000        ; -0.037     ; 1.573      ;
; -0.616 ; Clock_Generator:U_CLK_GEN|counter[20] ; Clock_Generator:U_CLK_GEN|clk_int     ; clk_50MHz    ; clk_50MHz   ; 1.000        ; -0.037     ; 1.566      ;
; -0.614 ; Clock_Generator:U_CLK_GEN|counter[10] ; Clock_Generator:U_CLK_GEN|clk_int     ; clk_50MHz    ; clk_50MHz   ; 1.000        ; -0.037     ; 1.564      ;
; -0.603 ; Clock_Generator:U_CLK_GEN|counter[16] ; Clock_Generator:U_CLK_GEN|counter[1]  ; clk_50MHz    ; clk_50MHz   ; 1.000        ; -0.037     ; 1.553      ;
; -0.603 ; Clock_Generator:U_CLK_GEN|counter[15] ; Clock_Generator:U_CLK_GEN|counter[1]  ; clk_50MHz    ; clk_50MHz   ; 1.000        ; -0.037     ; 1.553      ;
; -0.595 ; Clock_Generator:U_CLK_GEN|counter[12] ; Clock_Generator:U_CLK_GEN|clk_int     ; clk_50MHz    ; clk_50MHz   ; 1.000        ; -0.037     ; 1.545      ;
; -0.585 ; Clock_Generator:U_CLK_GEN|counter[0]  ; Clock_Generator:U_CLK_GEN|counter[24] ; clk_50MHz    ; clk_50MHz   ; 1.000        ; -0.037     ; 1.535      ;
; -0.582 ; Clock_Generator:U_CLK_GEN|counter[11] ; Clock_Generator:U_CLK_GEN|clk_int     ; clk_50MHz    ; clk_50MHz   ; 1.000        ; -0.037     ; 1.532      ;
; -0.570 ; Clock_Generator:U_CLK_GEN|counter[1]  ; Clock_Generator:U_CLK_GEN|counter[23] ; clk_50MHz    ; clk_50MHz   ; 1.000        ; -0.037     ; 1.520      ;
; -0.566 ; Clock_Generator:U_CLK_GEN|counter[1]  ; Clock_Generator:U_CLK_GEN|counter[22] ; clk_50MHz    ; clk_50MHz   ; 1.000        ; -0.037     ; 1.516      ;
; -0.560 ; Clock_Generator:U_CLK_GEN|counter[18] ; Clock_Generator:U_CLK_GEN|clk_int     ; clk_50MHz    ; clk_50MHz   ; 1.000        ; -0.037     ; 1.510      ;
; -0.559 ; Clock_Generator:U_CLK_GEN|counter[3]  ; Clock_Generator:U_CLK_GEN|counter[25] ; clk_50MHz    ; clk_50MHz   ; 1.000        ; -0.037     ; 1.509      ;
; -0.559 ; Clock_Generator:U_CLK_GEN|counter[13] ; Clock_Generator:U_CLK_GEN|clk_int     ; clk_50MHz    ; clk_50MHz   ; 1.000        ; -0.037     ; 1.509      ;
; -0.555 ; Clock_Generator:U_CLK_GEN|counter[3]  ; Clock_Generator:U_CLK_GEN|counter[24] ; clk_50MHz    ; clk_50MHz   ; 1.000        ; -0.037     ; 1.505      ;
; -0.555 ; Clock_Generator:U_CLK_GEN|counter[0]  ; Clock_Generator:U_CLK_GEN|counter[23] ; clk_50MHz    ; clk_50MHz   ; 1.000        ; -0.037     ; 1.505      ;
; -0.549 ; Clock_Generator:U_CLK_GEN|counter[2]  ; Clock_Generator:U_CLK_GEN|counter[25] ; clk_50MHz    ; clk_50MHz   ; 1.000        ; -0.037     ; 1.499      ;
; -0.517 ; Clock_Generator:U_CLK_GEN|counter[0]  ; Clock_Generator:U_CLK_GEN|counter[22] ; clk_50MHz    ; clk_50MHz   ; 1.000        ; -0.037     ; 1.467      ;
; -0.515 ; Clock_Generator:U_CLK_GEN|counter[17] ; Clock_Generator:U_CLK_GEN|counter[1]  ; clk_50MHz    ; clk_50MHz   ; 1.000        ; -0.037     ; 1.465      ;
; -0.512 ; Clock_Generator:U_CLK_GEN|counter[2]  ; Clock_Generator:U_CLK_GEN|counter[24] ; clk_50MHz    ; clk_50MHz   ; 1.000        ; -0.037     ; 1.462      ;
; -0.502 ; Clock_Generator:U_CLK_GEN|counter[1]  ; Clock_Generator:U_CLK_GEN|counter[21] ; clk_50MHz    ; clk_50MHz   ; 1.000        ; -0.037     ; 1.452      ;
; -0.499 ; Clock_Generator:U_CLK_GEN|counter[23] ; Clock_Generator:U_CLK_GEN|clk_int     ; clk_50MHz    ; clk_50MHz   ; 1.000        ; -0.037     ; 1.449      ;
; -0.498 ; Clock_Generator:U_CLK_GEN|counter[1]  ; Clock_Generator:U_CLK_GEN|counter[20] ; clk_50MHz    ; clk_50MHz   ; 1.000        ; -0.037     ; 1.448      ;
; -0.496 ; Clock_Generator:U_CLK_GEN|counter[5]  ; Clock_Generator:U_CLK_GEN|counter[25] ; clk_50MHz    ; clk_50MHz   ; 1.000        ; -0.037     ; 1.446      ;
; -0.492 ; Clock_Generator:U_CLK_GEN|counter[5]  ; Clock_Generator:U_CLK_GEN|counter[24] ; clk_50MHz    ; clk_50MHz   ; 1.000        ; -0.037     ; 1.442      ;
; -0.491 ; Clock_Generator:U_CLK_GEN|counter[3]  ; Clock_Generator:U_CLK_GEN|counter[23] ; clk_50MHz    ; clk_50MHz   ; 1.000        ; -0.037     ; 1.441      ;
; -0.487 ; Clock_Generator:U_CLK_GEN|counter[3]  ; Clock_Generator:U_CLK_GEN|counter[22] ; clk_50MHz    ; clk_50MHz   ; 1.000        ; -0.037     ; 1.437      ;
; -0.487 ; Clock_Generator:U_CLK_GEN|counter[0]  ; Clock_Generator:U_CLK_GEN|counter[21] ; clk_50MHz    ; clk_50MHz   ; 1.000        ; -0.037     ; 1.437      ;
; -0.481 ; Clock_Generator:U_CLK_GEN|counter[2]  ; Clock_Generator:U_CLK_GEN|counter[23] ; clk_50MHz    ; clk_50MHz   ; 1.000        ; -0.037     ; 1.431      ;
; -0.480 ; Clock_Generator:U_CLK_GEN|counter[4]  ; Clock_Generator:U_CLK_GEN|counter[25] ; clk_50MHz    ; clk_50MHz   ; 1.000        ; -0.037     ; 1.430      ;
; -0.472 ; Clock_Generator:U_CLK_GEN|counter[2]  ; Clock_Generator:U_CLK_GEN|clk_int     ; clk_50MHz    ; clk_50MHz   ; 1.000        ; -0.037     ; 1.422      ;
; -0.468 ; Clock_Generator:U_CLK_GEN|counter[5]  ; Clock_Generator:U_CLK_GEN|clk_int     ; clk_50MHz    ; clk_50MHz   ; 1.000        ; -0.037     ; 1.418      ;
; -0.459 ; Clock_Generator:U_CLK_GEN|counter[14] ; Clock_Generator:U_CLK_GEN|counter[1]  ; clk_50MHz    ; clk_50MHz   ; 1.000        ; -0.037     ; 1.409      ;
; -0.456 ; Clock_Generator:U_CLK_GEN|counter[19] ; Clock_Generator:U_CLK_GEN|counter[1]  ; clk_50MHz    ; clk_50MHz   ; 1.000        ; -0.037     ; 1.406      ;
; -0.455 ; Clock_Generator:U_CLK_GEN|counter[21] ; Clock_Generator:U_CLK_GEN|counter[1]  ; clk_50MHz    ; clk_50MHz   ; 1.000        ; -0.037     ; 1.405      ;
; -0.449 ; Clock_Generator:U_CLK_GEN|counter[0]  ; Clock_Generator:U_CLK_GEN|counter[20] ; clk_50MHz    ; clk_50MHz   ; 1.000        ; -0.037     ; 1.399      ;
; -0.444 ; Clock_Generator:U_CLK_GEN|counter[4]  ; Clock_Generator:U_CLK_GEN|counter[24] ; clk_50MHz    ; clk_50MHz   ; 1.000        ; -0.037     ; 1.394      ;
; -0.444 ; Clock_Generator:U_CLK_GEN|counter[2]  ; Clock_Generator:U_CLK_GEN|counter[22] ; clk_50MHz    ; clk_50MHz   ; 1.000        ; -0.037     ; 1.394      ;
; -0.434 ; Clock_Generator:U_CLK_GEN|counter[1]  ; Clock_Generator:U_CLK_GEN|counter[19] ; clk_50MHz    ; clk_50MHz   ; 1.000        ; -0.037     ; 1.384      ;
; -0.430 ; Clock_Generator:U_CLK_GEN|counter[1]  ; Clock_Generator:U_CLK_GEN|counter[18] ; clk_50MHz    ; clk_50MHz   ; 1.000        ; -0.037     ; 1.380      ;
; -0.428 ; Clock_Generator:U_CLK_GEN|counter[0]  ; Clock_Generator:U_CLK_GEN|clk_int     ; clk_50MHz    ; clk_50MHz   ; 1.000        ; -0.037     ; 1.378      ;
; -0.428 ; Clock_Generator:U_CLK_GEN|counter[5]  ; Clock_Generator:U_CLK_GEN|counter[23] ; clk_50MHz    ; clk_50MHz   ; 1.000        ; -0.037     ; 1.378      ;
; -0.427 ; Clock_Generator:U_CLK_GEN|counter[8]  ; Clock_Generator:U_CLK_GEN|clk_int     ; clk_50MHz    ; clk_50MHz   ; 1.000        ; -0.037     ; 1.377      ;
; -0.426 ; Clock_Generator:U_CLK_GEN|counter[7]  ; Clock_Generator:U_CLK_GEN|counter[25] ; clk_50MHz    ; clk_50MHz   ; 1.000        ; -0.037     ; 1.376      ;
; -0.426 ; Clock_Generator:U_CLK_GEN|counter[6]  ; Clock_Generator:U_CLK_GEN|clk_int     ; clk_50MHz    ; clk_50MHz   ; 1.000        ; -0.037     ; 1.376      ;
; -0.424 ; Clock_Generator:U_CLK_GEN|counter[5]  ; Clock_Generator:U_CLK_GEN|counter[22] ; clk_50MHz    ; clk_50MHz   ; 1.000        ; -0.037     ; 1.374      ;
; -0.423 ; Clock_Generator:U_CLK_GEN|counter[3]  ; Clock_Generator:U_CLK_GEN|counter[21] ; clk_50MHz    ; clk_50MHz   ; 1.000        ; -0.037     ; 1.373      ;
; -0.422 ; Clock_Generator:U_CLK_GEN|counter[7]  ; Clock_Generator:U_CLK_GEN|counter[24] ; clk_50MHz    ; clk_50MHz   ; 1.000        ; -0.037     ; 1.372      ;
; -0.419 ; Clock_Generator:U_CLK_GEN|counter[3]  ; Clock_Generator:U_CLK_GEN|counter[20] ; clk_50MHz    ; clk_50MHz   ; 1.000        ; -0.037     ; 1.369      ;
; -0.419 ; Clock_Generator:U_CLK_GEN|counter[0]  ; Clock_Generator:U_CLK_GEN|counter[19] ; clk_50MHz    ; clk_50MHz   ; 1.000        ; -0.037     ; 1.369      ;
; -0.418 ; Clock_Generator:U_CLK_GEN|counter[9]  ; Clock_Generator:U_CLK_GEN|clk_int     ; clk_50MHz    ; clk_50MHz   ; 1.000        ; -0.037     ; 1.368      ;
; -0.413 ; Clock_Generator:U_CLK_GEN|counter[2]  ; Clock_Generator:U_CLK_GEN|counter[21] ; clk_50MHz    ; clk_50MHz   ; 1.000        ; -0.037     ; 1.363      ;
; -0.412 ; Clock_Generator:U_CLK_GEN|counter[6]  ; Clock_Generator:U_CLK_GEN|counter[25] ; clk_50MHz    ; clk_50MHz   ; 1.000        ; -0.037     ; 1.362      ;
; -0.412 ; Clock_Generator:U_CLK_GEN|counter[4]  ; Clock_Generator:U_CLK_GEN|counter[23] ; clk_50MHz    ; clk_50MHz   ; 1.000        ; -0.037     ; 1.362      ;
; -0.396 ; Clock_Generator:U_CLK_GEN|counter[24] ; Clock_Generator:U_CLK_GEN|counter[1]  ; clk_50MHz    ; clk_50MHz   ; 1.000        ; -0.037     ; 1.346      ;
; -0.396 ; Clock_Generator:U_CLK_GEN|counter[22] ; Clock_Generator:U_CLK_GEN|counter[1]  ; clk_50MHz    ; clk_50MHz   ; 1.000        ; -0.037     ; 1.346      ;
; -0.386 ; Clock_Generator:U_CLK_GEN|counter[25] ; Clock_Generator:U_CLK_GEN|counter[1]  ; clk_50MHz    ; clk_50MHz   ; 1.000        ; -0.037     ; 1.336      ;
; -0.381 ; Clock_Generator:U_CLK_GEN|counter[0]  ; Clock_Generator:U_CLK_GEN|counter[18] ; clk_50MHz    ; clk_50MHz   ; 1.000        ; -0.037     ; 1.331      ;
; -0.380 ; Clock_Generator:U_CLK_GEN|counter[4]  ; Clock_Generator:U_CLK_GEN|clk_int     ; clk_50MHz    ; clk_50MHz   ; 1.000        ; -0.037     ; 1.330      ;
; -0.376 ; Clock_Generator:U_CLK_GEN|counter[6]  ; Clock_Generator:U_CLK_GEN|counter[24] ; clk_50MHz    ; clk_50MHz   ; 1.000        ; -0.037     ; 1.326      ;
; -0.376 ; Clock_Generator:U_CLK_GEN|counter[4]  ; Clock_Generator:U_CLK_GEN|counter[22] ; clk_50MHz    ; clk_50MHz   ; 1.000        ; -0.037     ; 1.326      ;
; -0.376 ; Clock_Generator:U_CLK_GEN|counter[2]  ; Clock_Generator:U_CLK_GEN|counter[20] ; clk_50MHz    ; clk_50MHz   ; 1.000        ; -0.037     ; 1.326      ;
; -0.369 ; Clock_Generator:U_CLK_GEN|counter[20] ; Clock_Generator:U_CLK_GEN|counter[1]  ; clk_50MHz    ; clk_50MHz   ; 1.000        ; -0.037     ; 1.319      ;
; -0.367 ; Clock_Generator:U_CLK_GEN|counter[10] ; Clock_Generator:U_CLK_GEN|counter[1]  ; clk_50MHz    ; clk_50MHz   ; 1.000        ; -0.037     ; 1.317      ;
; -0.366 ; Clock_Generator:U_CLK_GEN|counter[1]  ; Clock_Generator:U_CLK_GEN|counter[17] ; clk_50MHz    ; clk_50MHz   ; 1.000        ; -0.037     ; 1.316      ;
; -0.365 ; Clock_Generator:U_CLK_GEN|counter[9]  ; Clock_Generator:U_CLK_GEN|counter[25] ; clk_50MHz    ; clk_50MHz   ; 1.000        ; -0.037     ; 1.315      ;
; -0.362 ; Clock_Generator:U_CLK_GEN|counter[1]  ; Clock_Generator:U_CLK_GEN|counter[16] ; clk_50MHz    ; clk_50MHz   ; 1.000        ; -0.037     ; 1.312      ;
; -0.361 ; Clock_Generator:U_CLK_GEN|counter[9]  ; Clock_Generator:U_CLK_GEN|counter[24] ; clk_50MHz    ; clk_50MHz   ; 1.000        ; -0.037     ; 1.311      ;
; -0.360 ; Clock_Generator:U_CLK_GEN|counter[5]  ; Clock_Generator:U_CLK_GEN|counter[21] ; clk_50MHz    ; clk_50MHz   ; 1.000        ; -0.037     ; 1.310      ;
; -0.358 ; Clock_Generator:U_CLK_GEN|counter[7]  ; Clock_Generator:U_CLK_GEN|counter[23] ; clk_50MHz    ; clk_50MHz   ; 1.000        ; -0.037     ; 1.308      ;
; -0.356 ; Clock_Generator:U_CLK_GEN|counter[5]  ; Clock_Generator:U_CLK_GEN|counter[20] ; clk_50MHz    ; clk_50MHz   ; 1.000        ; -0.037     ; 1.306      ;
; -0.355 ; Clock_Generator:U_CLK_GEN|counter[3]  ; Clock_Generator:U_CLK_GEN|counter[19] ; clk_50MHz    ; clk_50MHz   ; 1.000        ; -0.037     ; 1.305      ;
; -0.354 ; Clock_Generator:U_CLK_GEN|counter[7]  ; Clock_Generator:U_CLK_GEN|counter[22] ; clk_50MHz    ; clk_50MHz   ; 1.000        ; -0.037     ; 1.304      ;
; -0.351 ; Clock_Generator:U_CLK_GEN|counter[3]  ; Clock_Generator:U_CLK_GEN|counter[18] ; clk_50MHz    ; clk_50MHz   ; 1.000        ; -0.037     ; 1.301      ;
; -0.351 ; Clock_Generator:U_CLK_GEN|counter[1]  ; Clock_Generator:U_CLK_GEN|clk_int     ; clk_50MHz    ; clk_50MHz   ; 1.000        ; -0.037     ; 1.301      ;
; -0.351 ; Clock_Generator:U_CLK_GEN|counter[0]  ; Clock_Generator:U_CLK_GEN|counter[17] ; clk_50MHz    ; clk_50MHz   ; 1.000        ; -0.037     ; 1.301      ;
; -0.348 ; Clock_Generator:U_CLK_GEN|counter[12] ; Clock_Generator:U_CLK_GEN|counter[1]  ; clk_50MHz    ; clk_50MHz   ; 1.000        ; -0.037     ; 1.298      ;
; -0.345 ; Clock_Generator:U_CLK_GEN|counter[8]  ; Clock_Generator:U_CLK_GEN|counter[25] ; clk_50MHz    ; clk_50MHz   ; 1.000        ; -0.037     ; 1.295      ;
; -0.345 ; Clock_Generator:U_CLK_GEN|counter[2]  ; Clock_Generator:U_CLK_GEN|counter[19] ; clk_50MHz    ; clk_50MHz   ; 1.000        ; -0.037     ; 1.295      ;
; -0.344 ; Clock_Generator:U_CLK_GEN|counter[6]  ; Clock_Generator:U_CLK_GEN|counter[23] ; clk_50MHz    ; clk_50MHz   ; 1.000        ; -0.037     ; 1.294      ;
; -0.344 ; Clock_Generator:U_CLK_GEN|counter[4]  ; Clock_Generator:U_CLK_GEN|counter[21] ; clk_50MHz    ; clk_50MHz   ; 1.000        ; -0.037     ; 1.294      ;
; -0.335 ; Clock_Generator:U_CLK_GEN|counter[11] ; Clock_Generator:U_CLK_GEN|counter[1]  ; clk_50MHz    ; clk_50MHz   ; 1.000        ; -0.037     ; 1.285      ;
; -0.323 ; Clock_Generator:U_CLK_GEN|counter[3]  ; Clock_Generator:U_CLK_GEN|clk_int     ; clk_50MHz    ; clk_50MHz   ; 1.000        ; -0.037     ; 1.273      ;
; -0.313 ; Clock_Generator:U_CLK_GEN|counter[18] ; Clock_Generator:U_CLK_GEN|counter[1]  ; clk_50MHz    ; clk_50MHz   ; 1.000        ; -0.037     ; 1.263      ;
; -0.313 ; Clock_Generator:U_CLK_GEN|counter[0]  ; Clock_Generator:U_CLK_GEN|counter[16] ; clk_50MHz    ; clk_50MHz   ; 1.000        ; -0.037     ; 1.263      ;
; -0.312 ; Clock_Generator:U_CLK_GEN|counter[13] ; Clock_Generator:U_CLK_GEN|counter[1]  ; clk_50MHz    ; clk_50MHz   ; 1.000        ; -0.037     ; 1.262      ;
; -0.308 ; Clock_Generator:U_CLK_GEN|counter[6]  ; Clock_Generator:U_CLK_GEN|counter[22] ; clk_50MHz    ; clk_50MHz   ; 1.000        ; -0.037     ; 1.258      ;
; -0.308 ; Clock_Generator:U_CLK_GEN|counter[4]  ; Clock_Generator:U_CLK_GEN|counter[20] ; clk_50MHz    ; clk_50MHz   ; 1.000        ; -0.037     ; 1.258      ;
; -0.308 ; Clock_Generator:U_CLK_GEN|counter[2]  ; Clock_Generator:U_CLK_GEN|counter[18] ; clk_50MHz    ; clk_50MHz   ; 1.000        ; -0.037     ; 1.258      ;
; -0.307 ; Clock_Generator:U_CLK_GEN|counter[8]  ; Clock_Generator:U_CLK_GEN|counter[24] ; clk_50MHz    ; clk_50MHz   ; 1.000        ; -0.037     ; 1.257      ;
+--------+---------------------------------------+---------------------------------------+--------------+-------------+--------------+------------+------------+


+-------------------------------------------------------------------------------------------------------------------------------------------------------------------------------------------------------------------------------------------+
; Fast 1200mV 0C Model Setup: 'Clock_Generator:U_CLK_GEN|clk_int'                                                                                                                                                                           ;
+--------+--------------------------------------------------------+--------------------------------------------------------+-----------------------------------+-----------------------------------+--------------+------------+------------+
; Slack  ; From Node                                              ; To Node                                                ; Launch Clock                      ; Latch Clock                       ; Relationship ; Clock Skew ; Data Delay ;
+--------+--------------------------------------------------------+--------------------------------------------------------+-----------------------------------+-----------------------------------+--------------+------------+------------+
; -0.276 ; BCD_Down_Counter:U_COUNTER|low_bcd[0]                  ; Traffic_Light_FSM:U_FSM|current_state.ST_BRANCH_YELLOW ; Clock_Generator:U_CLK_GEN|clk_int ; Clock_Generator:U_CLK_GEN|clk_int ; 1.000        ; -0.037     ; 1.226      ;
; -0.276 ; BCD_Down_Counter:U_COUNTER|low_bcd[0]                  ; Traffic_Light_FSM:U_FSM|current_state.ST_BRANCH_GREEN  ; Clock_Generator:U_CLK_GEN|clk_int ; Clock_Generator:U_CLK_GEN|clk_int ; 1.000        ; -0.037     ; 1.226      ;
; -0.276 ; BCD_Down_Counter:U_COUNTER|low_bcd[0]                  ; Traffic_Light_FSM:U_FSM|current_state.ST_MAIN_YELLOW   ; Clock_Generator:U_CLK_GEN|clk_int ; Clock_Generator:U_CLK_GEN|clk_int ; 1.000        ; -0.037     ; 1.226      ;
; -0.274 ; BCD_Down_Counter:U_COUNTER|low_bcd[1]                  ; Traffic_Light_FSM:U_FSM|current_state.ST_BRANCH_YELLOW ; Clock_Generator:U_CLK_GEN|clk_int ; Clock_Generator:U_CLK_GEN|clk_int ; 1.000        ; -0.037     ; 1.224      ;
; -0.274 ; BCD_Down_Counter:U_COUNTER|low_bcd[1]                  ; Traffic_Light_FSM:U_FSM|current_state.ST_BRANCH_GREEN  ; Clock_Generator:U_CLK_GEN|clk_int ; Clock_Generator:U_CLK_GEN|clk_int ; 1.000        ; -0.037     ; 1.224      ;
; -0.274 ; BCD_Down_Counter:U_COUNTER|low_bcd[1]                  ; Traffic_Light_FSM:U_FSM|current_state.ST_MAIN_YELLOW   ; Clock_Generator:U_CLK_GEN|clk_int ; Clock_Generator:U_CLK_GEN|clk_int ; 1.000        ; -0.037     ; 1.224      ;
; -0.260 ; BCD_Down_Counter:U_COUNTER|low_bcd[0]                  ; BCD_Down_Counter:U_COUNTER|high_bcd[0]                 ; Clock_Generator:U_CLK_GEN|clk_int ; Clock_Generator:U_CLK_GEN|clk_int ; 1.000        ; -0.037     ; 1.210      ;
; -0.260 ; BCD_Down_Counter:U_COUNTER|low_bcd[0]                  ; BCD_Down_Counter:U_COUNTER|high_bcd[1]                 ; Clock_Generator:U_CLK_GEN|clk_int ; Clock_Generator:U_CLK_GEN|clk_int ; 1.000        ; -0.037     ; 1.210      ;
; -0.260 ; BCD_Down_Counter:U_COUNTER|low_bcd[0]                  ; BCD_Down_Counter:U_COUNTER|high_bcd[2]                 ; Clock_Generator:U_CLK_GEN|clk_int ; Clock_Generator:U_CLK_GEN|clk_int ; 1.000        ; -0.037     ; 1.210      ;
; -0.258 ; BCD_Down_Counter:U_COUNTER|low_bcd[1]                  ; BCD_Down_Counter:U_COUNTER|high_bcd[0]                 ; Clock_Generator:U_CLK_GEN|clk_int ; Clock_Generator:U_CLK_GEN|clk_int ; 1.000        ; -0.037     ; 1.208      ;
; -0.258 ; BCD_Down_Counter:U_COUNTER|low_bcd[1]                  ; BCD_Down_Counter:U_COUNTER|high_bcd[1]                 ; Clock_Generator:U_CLK_GEN|clk_int ; Clock_Generator:U_CLK_GEN|clk_int ; 1.000        ; -0.037     ; 1.208      ;
; -0.258 ; BCD_Down_Counter:U_COUNTER|low_bcd[1]                  ; BCD_Down_Counter:U_COUNTER|high_bcd[2]                 ; Clock_Generator:U_CLK_GEN|clk_int ; Clock_Generator:U_CLK_GEN|clk_int ; 1.000        ; -0.037     ; 1.208      ;
; -0.192 ; BCD_Down_Counter:U_COUNTER|low_bcd[2]                  ; Traffic_Light_FSM:U_FSM|current_state.ST_BRANCH_YELLOW ; Clock_Generator:U_CLK_GEN|clk_int ; Clock_Generator:U_CLK_GEN|clk_int ; 1.000        ; -0.037     ; 1.142      ;
; -0.192 ; BCD_Down_Counter:U_COUNTER|low_bcd[2]                  ; Traffic_Light_FSM:U_FSM|current_state.ST_BRANCH_GREEN  ; Clock_Generator:U_CLK_GEN|clk_int ; Clock_Generator:U_CLK_GEN|clk_int ; 1.000        ; -0.037     ; 1.142      ;
; -0.192 ; BCD_Down_Counter:U_COUNTER|low_bcd[2]                  ; Traffic_Light_FSM:U_FSM|current_state.ST_MAIN_YELLOW   ; Clock_Generator:U_CLK_GEN|clk_int ; Clock_Generator:U_CLK_GEN|clk_int ; 1.000        ; -0.037     ; 1.142      ;
; -0.180 ; BCD_Down_Counter:U_COUNTER|high_bcd[0]                 ; Traffic_Light_FSM:U_FSM|current_state.ST_BRANCH_YELLOW ; Clock_Generator:U_CLK_GEN|clk_int ; Clock_Generator:U_CLK_GEN|clk_int ; 1.000        ; -0.037     ; 1.130      ;
; -0.180 ; BCD_Down_Counter:U_COUNTER|high_bcd[0]                 ; Traffic_Light_FSM:U_FSM|current_state.ST_BRANCH_GREEN  ; Clock_Generator:U_CLK_GEN|clk_int ; Clock_Generator:U_CLK_GEN|clk_int ; 1.000        ; -0.037     ; 1.130      ;
; -0.180 ; BCD_Down_Counter:U_COUNTER|high_bcd[0]                 ; Traffic_Light_FSM:U_FSM|current_state.ST_MAIN_YELLOW   ; Clock_Generator:U_CLK_GEN|clk_int ; Clock_Generator:U_CLK_GEN|clk_int ; 1.000        ; -0.037     ; 1.130      ;
; -0.176 ; BCD_Down_Counter:U_COUNTER|low_bcd[2]                  ; BCD_Down_Counter:U_COUNTER|high_bcd[0]                 ; Clock_Generator:U_CLK_GEN|clk_int ; Clock_Generator:U_CLK_GEN|clk_int ; 1.000        ; -0.037     ; 1.126      ;
; -0.176 ; BCD_Down_Counter:U_COUNTER|low_bcd[2]                  ; BCD_Down_Counter:U_COUNTER|high_bcd[1]                 ; Clock_Generator:U_CLK_GEN|clk_int ; Clock_Generator:U_CLK_GEN|clk_int ; 1.000        ; -0.037     ; 1.126      ;
; -0.176 ; BCD_Down_Counter:U_COUNTER|low_bcd[2]                  ; BCD_Down_Counter:U_COUNTER|high_bcd[2]                 ; Clock_Generator:U_CLK_GEN|clk_int ; Clock_Generator:U_CLK_GEN|clk_int ; 1.000        ; -0.037     ; 1.126      ;
; -0.174 ; BCD_Down_Counter:U_COUNTER|high_bcd[1]                 ; Traffic_Light_FSM:U_FSM|current_state.ST_BRANCH_YELLOW ; Clock_Generator:U_CLK_GEN|clk_int ; Clock_Generator:U_CLK_GEN|clk_int ; 1.000        ; -0.037     ; 1.124      ;
; -0.174 ; BCD_Down_Counter:U_COUNTER|high_bcd[1]                 ; Traffic_Light_FSM:U_FSM|current_state.ST_BRANCH_GREEN  ; Clock_Generator:U_CLK_GEN|clk_int ; Clock_Generator:U_CLK_GEN|clk_int ; 1.000        ; -0.037     ; 1.124      ;
; -0.174 ; BCD_Down_Counter:U_COUNTER|high_bcd[1]                 ; Traffic_Light_FSM:U_FSM|current_state.ST_MAIN_YELLOW   ; Clock_Generator:U_CLK_GEN|clk_int ; Clock_Generator:U_CLK_GEN|clk_int ; 1.000        ; -0.037     ; 1.124      ;
; -0.126 ; BCD_Down_Counter:U_COUNTER|low_bcd[3]                  ; Traffic_Light_FSM:U_FSM|current_state.ST_BRANCH_YELLOW ; Clock_Generator:U_CLK_GEN|clk_int ; Clock_Generator:U_CLK_GEN|clk_int ; 1.000        ; -0.037     ; 1.076      ;
; -0.126 ; BCD_Down_Counter:U_COUNTER|low_bcd[3]                  ; Traffic_Light_FSM:U_FSM|current_state.ST_BRANCH_GREEN  ; Clock_Generator:U_CLK_GEN|clk_int ; Clock_Generator:U_CLK_GEN|clk_int ; 1.000        ; -0.037     ; 1.076      ;
; -0.126 ; BCD_Down_Counter:U_COUNTER|low_bcd[3]                  ; Traffic_Light_FSM:U_FSM|current_state.ST_MAIN_YELLOW   ; Clock_Generator:U_CLK_GEN|clk_int ; Clock_Generator:U_CLK_GEN|clk_int ; 1.000        ; -0.037     ; 1.076      ;
; -0.110 ; BCD_Down_Counter:U_COUNTER|low_bcd[3]                  ; BCD_Down_Counter:U_COUNTER|high_bcd[0]                 ; Clock_Generator:U_CLK_GEN|clk_int ; Clock_Generator:U_CLK_GEN|clk_int ; 1.000        ; -0.037     ; 1.060      ;
; -0.110 ; BCD_Down_Counter:U_COUNTER|low_bcd[3]                  ; BCD_Down_Counter:U_COUNTER|high_bcd[1]                 ; Clock_Generator:U_CLK_GEN|clk_int ; Clock_Generator:U_CLK_GEN|clk_int ; 1.000        ; -0.037     ; 1.060      ;
; -0.110 ; BCD_Down_Counter:U_COUNTER|low_bcd[3]                  ; BCD_Down_Counter:U_COUNTER|high_bcd[2]                 ; Clock_Generator:U_CLK_GEN|clk_int ; Clock_Generator:U_CLK_GEN|clk_int ; 1.000        ; -0.037     ; 1.060      ;
; -0.102 ; BCD_Down_Counter:U_COUNTER|high_bcd[2]                 ; Traffic_Light_FSM:U_FSM|current_state.ST_BRANCH_YELLOW ; Clock_Generator:U_CLK_GEN|clk_int ; Clock_Generator:U_CLK_GEN|clk_int ; 1.000        ; -0.037     ; 1.052      ;
; -0.102 ; BCD_Down_Counter:U_COUNTER|high_bcd[2]                 ; Traffic_Light_FSM:U_FSM|current_state.ST_BRANCH_GREEN  ; Clock_Generator:U_CLK_GEN|clk_int ; Clock_Generator:U_CLK_GEN|clk_int ; 1.000        ; -0.037     ; 1.052      ;
; -0.102 ; BCD_Down_Counter:U_COUNTER|high_bcd[2]                 ; Traffic_Light_FSM:U_FSM|current_state.ST_MAIN_YELLOW   ; Clock_Generator:U_CLK_GEN|clk_int ; Clock_Generator:U_CLK_GEN|clk_int ; 1.000        ; -0.037     ; 1.052      ;
; -0.071 ; BCD_Down_Counter:U_COUNTER|high_bcd[0]                 ; BCD_Down_Counter:U_COUNTER|high_bcd[1]                 ; Clock_Generator:U_CLK_GEN|clk_int ; Clock_Generator:U_CLK_GEN|clk_int ; 1.000        ; -0.037     ; 1.021      ;
; -0.067 ; BCD_Down_Counter:U_COUNTER|high_bcd[1]                 ; BCD_Down_Counter:U_COUNTER|high_bcd[1]                 ; Clock_Generator:U_CLK_GEN|clk_int ; Clock_Generator:U_CLK_GEN|clk_int ; 1.000        ; -0.037     ; 1.017      ;
; -0.054 ; BCD_Down_Counter:U_COUNTER|low_bcd[0]                  ; Traffic_Light_FSM:U_FSM|current_state.ST_MAIN_GREEN    ; Clock_Generator:U_CLK_GEN|clk_int ; Clock_Generator:U_CLK_GEN|clk_int ; 1.000        ; -0.037     ; 1.004      ;
; -0.053 ; BCD_Down_Counter:U_COUNTER|low_bcd[0]                  ; Traffic_Light_FSM:U_FSM|current_state.ST_IDLE          ; Clock_Generator:U_CLK_GEN|clk_int ; Clock_Generator:U_CLK_GEN|clk_int ; 1.000        ; -0.037     ; 1.003      ;
; -0.052 ; BCD_Down_Counter:U_COUNTER|low_bcd[1]                  ; Traffic_Light_FSM:U_FSM|current_state.ST_MAIN_GREEN    ; Clock_Generator:U_CLK_GEN|clk_int ; Clock_Generator:U_CLK_GEN|clk_int ; 1.000        ; -0.037     ; 1.002      ;
; -0.051 ; BCD_Down_Counter:U_COUNTER|low_bcd[1]                  ; Traffic_Light_FSM:U_FSM|current_state.ST_IDLE          ; Clock_Generator:U_CLK_GEN|clk_int ; Clock_Generator:U_CLK_GEN|clk_int ; 1.000        ; -0.037     ; 1.001      ;
; 0.030  ; BCD_Down_Counter:U_COUNTER|low_bcd[2]                  ; Traffic_Light_FSM:U_FSM|current_state.ST_MAIN_GREEN    ; Clock_Generator:U_CLK_GEN|clk_int ; Clock_Generator:U_CLK_GEN|clk_int ; 1.000        ; -0.037     ; 0.920      ;
; 0.031  ; BCD_Down_Counter:U_COUNTER|low_bcd[0]                  ; BCD_Down_Counter:U_COUNTER|low_bcd[2]                  ; Clock_Generator:U_CLK_GEN|clk_int ; Clock_Generator:U_CLK_GEN|clk_int ; 1.000        ; -0.037     ; 0.919      ;
; 0.031  ; BCD_Down_Counter:U_COUNTER|low_bcd[2]                  ; Traffic_Light_FSM:U_FSM|current_state.ST_IDLE          ; Clock_Generator:U_CLK_GEN|clk_int ; Clock_Generator:U_CLK_GEN|clk_int ; 1.000        ; -0.037     ; 0.919      ;
; 0.033  ; BCD_Down_Counter:U_COUNTER|low_bcd[1]                  ; BCD_Down_Counter:U_COUNTER|low_bcd[2]                  ; Clock_Generator:U_CLK_GEN|clk_int ; Clock_Generator:U_CLK_GEN|clk_int ; 1.000        ; -0.037     ; 0.917      ;
; 0.035  ; BCD_Down_Counter:U_COUNTER|low_bcd[0]                  ; BCD_Down_Counter:U_COUNTER|low_bcd[0]                  ; Clock_Generator:U_CLK_GEN|clk_int ; Clock_Generator:U_CLK_GEN|clk_int ; 1.000        ; -0.037     ; 0.915      ;
; 0.037  ; BCD_Down_Counter:U_COUNTER|low_bcd[0]                  ; BCD_Down_Counter:U_COUNTER|low_bcd[1]                  ; Clock_Generator:U_CLK_GEN|clk_int ; Clock_Generator:U_CLK_GEN|clk_int ; 1.000        ; -0.037     ; 0.913      ;
; 0.037  ; BCD_Down_Counter:U_COUNTER|low_bcd[1]                  ; BCD_Down_Counter:U_COUNTER|low_bcd[0]                  ; Clock_Generator:U_CLK_GEN|clk_int ; Clock_Generator:U_CLK_GEN|clk_int ; 1.000        ; -0.037     ; 0.913      ;
; 0.039  ; BCD_Down_Counter:U_COUNTER|low_bcd[1]                  ; BCD_Down_Counter:U_COUNTER|low_bcd[1]                  ; Clock_Generator:U_CLK_GEN|clk_int ; Clock_Generator:U_CLK_GEN|clk_int ; 1.000        ; -0.037     ; 0.911      ;
; 0.042  ; BCD_Down_Counter:U_COUNTER|high_bcd[0]                 ; Traffic_Light_FSM:U_FSM|current_state.ST_MAIN_GREEN    ; Clock_Generator:U_CLK_GEN|clk_int ; Clock_Generator:U_CLK_GEN|clk_int ; 1.000        ; -0.037     ; 0.908      ;
; 0.043  ; BCD_Down_Counter:U_COUNTER|high_bcd[0]                 ; Traffic_Light_FSM:U_FSM|current_state.ST_IDLE          ; Clock_Generator:U_CLK_GEN|clk_int ; Clock_Generator:U_CLK_GEN|clk_int ; 1.000        ; -0.037     ; 0.907      ;
; 0.048  ; BCD_Down_Counter:U_COUNTER|high_bcd[1]                 ; Traffic_Light_FSM:U_FSM|current_state.ST_MAIN_GREEN    ; Clock_Generator:U_CLK_GEN|clk_int ; Clock_Generator:U_CLK_GEN|clk_int ; 1.000        ; -0.037     ; 0.902      ;
; 0.049  ; BCD_Down_Counter:U_COUNTER|high_bcd[1]                 ; Traffic_Light_FSM:U_FSM|current_state.ST_IDLE          ; Clock_Generator:U_CLK_GEN|clk_int ; Clock_Generator:U_CLK_GEN|clk_int ; 1.000        ; -0.037     ; 0.901      ;
; 0.068  ; BCD_Down_Counter:U_COUNTER|low_bcd[0]                  ; BCD_Down_Counter:U_COUNTER|low_bcd[3]                  ; Clock_Generator:U_CLK_GEN|clk_int ; Clock_Generator:U_CLK_GEN|clk_int ; 1.000        ; -0.037     ; 0.882      ;
; 0.070  ; BCD_Down_Counter:U_COUNTER|low_bcd[1]                  ; BCD_Down_Counter:U_COUNTER|low_bcd[3]                  ; Clock_Generator:U_CLK_GEN|clk_int ; Clock_Generator:U_CLK_GEN|clk_int ; 1.000        ; -0.037     ; 0.880      ;
; 0.075  ; BCD_Down_Counter:U_COUNTER|high_bcd[2]                 ; BCD_Down_Counter:U_COUNTER|low_bcd[0]                  ; Clock_Generator:U_CLK_GEN|clk_int ; Clock_Generator:U_CLK_GEN|clk_int ; 1.000        ; -0.037     ; 0.875      ;
; 0.077  ; BCD_Down_Counter:U_COUNTER|high_bcd[2]                 ; BCD_Down_Counter:U_COUNTER|low_bcd[3]                  ; Clock_Generator:U_CLK_GEN|clk_int ; Clock_Generator:U_CLK_GEN|clk_int ; 1.000        ; -0.037     ; 0.873      ;
; 0.083  ; BCD_Down_Counter:U_COUNTER|high_bcd[1]                 ; BCD_Down_Counter:U_COUNTER|low_bcd[0]                  ; Clock_Generator:U_CLK_GEN|clk_int ; Clock_Generator:U_CLK_GEN|clk_int ; 1.000        ; -0.037     ; 0.867      ;
; 0.085  ; BCD_Down_Counter:U_COUNTER|high_bcd[1]                 ; BCD_Down_Counter:U_COUNTER|low_bcd[3]                  ; Clock_Generator:U_CLK_GEN|clk_int ; Clock_Generator:U_CLK_GEN|clk_int ; 1.000        ; -0.037     ; 0.865      ;
; 0.096  ; BCD_Down_Counter:U_COUNTER|low_bcd[3]                  ; Traffic_Light_FSM:U_FSM|current_state.ST_MAIN_GREEN    ; Clock_Generator:U_CLK_GEN|clk_int ; Clock_Generator:U_CLK_GEN|clk_int ; 1.000        ; -0.037     ; 0.854      ;
; 0.097  ; BCD_Down_Counter:U_COUNTER|low_bcd[3]                  ; Traffic_Light_FSM:U_FSM|current_state.ST_IDLE          ; Clock_Generator:U_CLK_GEN|clk_int ; Clock_Generator:U_CLK_GEN|clk_int ; 1.000        ; -0.037     ; 0.853      ;
; 0.098  ; Traffic_Light_FSM:U_FSM|load_value[0]                  ; BCD_Down_Counter:U_COUNTER|high_bcd[0]                 ; Clock_Generator:U_CLK_GEN|clk_int ; Clock_Generator:U_CLK_GEN|clk_int ; 1.000        ; -0.037     ; 0.852      ;
; 0.098  ; Traffic_Light_FSM:U_FSM|load_value[0]                  ; BCD_Down_Counter:U_COUNTER|high_bcd[1]                 ; Clock_Generator:U_CLK_GEN|clk_int ; Clock_Generator:U_CLK_GEN|clk_int ; 1.000        ; -0.037     ; 0.852      ;
; 0.098  ; Traffic_Light_FSM:U_FSM|load_value[0]                  ; BCD_Down_Counter:U_COUNTER|high_bcd[2]                 ; Clock_Generator:U_CLK_GEN|clk_int ; Clock_Generator:U_CLK_GEN|clk_int ; 1.000        ; -0.037     ; 0.852      ;
; 0.100  ; BCD_Down_Counter:U_COUNTER|high_bcd[2]                 ; BCD_Down_Counter:U_COUNTER|high_bcd[1]                 ; Clock_Generator:U_CLK_GEN|clk_int ; Clock_Generator:U_CLK_GEN|clk_int ; 1.000        ; -0.037     ; 0.850      ;
; 0.101  ; BCD_Down_Counter:U_COUNTER|low_bcd[2]                  ; BCD_Down_Counter:U_COUNTER|low_bcd[3]                  ; Clock_Generator:U_CLK_GEN|clk_int ; Clock_Generator:U_CLK_GEN|clk_int ; 1.000        ; -0.037     ; 0.849      ;
; 0.115  ; BCD_Down_Counter:U_COUNTER|low_bcd[2]                  ; BCD_Down_Counter:U_COUNTER|low_bcd[2]                  ; Clock_Generator:U_CLK_GEN|clk_int ; Clock_Generator:U_CLK_GEN|clk_int ; 1.000        ; -0.037     ; 0.835      ;
; 0.119  ; BCD_Down_Counter:U_COUNTER|low_bcd[2]                  ; BCD_Down_Counter:U_COUNTER|low_bcd[0]                  ; Clock_Generator:U_CLK_GEN|clk_int ; Clock_Generator:U_CLK_GEN|clk_int ; 1.000        ; -0.037     ; 0.831      ;
; 0.120  ; BCD_Down_Counter:U_COUNTER|high_bcd[2]                 ; Traffic_Light_FSM:U_FSM|current_state.ST_MAIN_GREEN    ; Clock_Generator:U_CLK_GEN|clk_int ; Clock_Generator:U_CLK_GEN|clk_int ; 1.000        ; -0.037     ; 0.830      ;
; 0.121  ; BCD_Down_Counter:U_COUNTER|high_bcd[2]                 ; Traffic_Light_FSM:U_FSM|current_state.ST_IDLE          ; Clock_Generator:U_CLK_GEN|clk_int ; Clock_Generator:U_CLK_GEN|clk_int ; 1.000        ; -0.037     ; 0.829      ;
; 0.121  ; BCD_Down_Counter:U_COUNTER|low_bcd[2]                  ; BCD_Down_Counter:U_COUNTER|low_bcd[1]                  ; Clock_Generator:U_CLK_GEN|clk_int ; Clock_Generator:U_CLK_GEN|clk_int ; 1.000        ; -0.037     ; 0.829      ;
; 0.163  ; BCD_Down_Counter:U_COUNTER|high_bcd[0]                 ; BCD_Down_Counter:U_COUNTER|low_bcd[0]                  ; Clock_Generator:U_CLK_GEN|clk_int ; Clock_Generator:U_CLK_GEN|clk_int ; 1.000        ; -0.037     ; 0.787      ;
; 0.165  ; BCD_Down_Counter:U_COUNTER|high_bcd[0]                 ; BCD_Down_Counter:U_COUNTER|low_bcd[3]                  ; Clock_Generator:U_CLK_GEN|clk_int ; Clock_Generator:U_CLK_GEN|clk_int ; 1.000        ; -0.037     ; 0.785      ;
; 0.173  ; Traffic_Light_FSM:U_FSM|load_value[0]                  ; BCD_Down_Counter:U_COUNTER|low_bcd[1]                  ; Clock_Generator:U_CLK_GEN|clk_int ; Clock_Generator:U_CLK_GEN|clk_int ; 1.000        ; -0.037     ; 0.777      ;
; 0.181  ; BCD_Down_Counter:U_COUNTER|low_bcd[3]                  ; BCD_Down_Counter:U_COUNTER|low_bcd[2]                  ; Clock_Generator:U_CLK_GEN|clk_int ; Clock_Generator:U_CLK_GEN|clk_int ; 1.000        ; -0.037     ; 0.769      ;
; 0.182  ; Traffic_Light_FSM:U_FSM|load_value[0]                  ; BCD_Down_Counter:U_COUNTER|low_bcd[0]                  ; Clock_Generator:U_CLK_GEN|clk_int ; Clock_Generator:U_CLK_GEN|clk_int ; 1.000        ; -0.037     ; 0.768      ;
; 0.185  ; BCD_Down_Counter:U_COUNTER|low_bcd[3]                  ; BCD_Down_Counter:U_COUNTER|low_bcd[0]                  ; Clock_Generator:U_CLK_GEN|clk_int ; Clock_Generator:U_CLK_GEN|clk_int ; 1.000        ; -0.037     ; 0.765      ;
; 0.187  ; Traffic_Light_FSM:U_FSM|load_value[0]                  ; BCD_Down_Counter:U_COUNTER|low_bcd[2]                  ; Clock_Generator:U_CLK_GEN|clk_int ; Clock_Generator:U_CLK_GEN|clk_int ; 1.000        ; -0.037     ; 0.763      ;
; 0.187  ; BCD_Down_Counter:U_COUNTER|low_bcd[3]                  ; BCD_Down_Counter:U_COUNTER|low_bcd[1]                  ; Clock_Generator:U_CLK_GEN|clk_int ; Clock_Generator:U_CLK_GEN|clk_int ; 1.000        ; -0.037     ; 0.763      ;
; 0.188  ; Traffic_Light_FSM:U_FSM|load_value[0]                  ; BCD_Down_Counter:U_COUNTER|low_bcd[3]                  ; Clock_Generator:U_CLK_GEN|clk_int ; Clock_Generator:U_CLK_GEN|clk_int ; 1.000        ; -0.037     ; 0.762      ;
; 0.204  ; BCD_Down_Counter:U_COUNTER|high_bcd[0]                 ; BCD_Down_Counter:U_COUNTER|high_bcd[2]                 ; Clock_Generator:U_CLK_GEN|clk_int ; Clock_Generator:U_CLK_GEN|clk_int ; 1.000        ; -0.037     ; 0.746      ;
; 0.206  ; Traffic_Light_FSM:U_FSM|current_state.ST_BRANCH_GREEN  ; Traffic_Light_FSM:U_FSM|main_red                       ; Clock_Generator:U_CLK_GEN|clk_int ; Clock_Generator:U_CLK_GEN|clk_int ; 1.000        ; -0.036     ; 0.745      ;
; 0.209  ; BCD_Down_Counter:U_COUNTER|high_bcd[1]                 ; BCD_Down_Counter:U_COUNTER|high_bcd[2]                 ; Clock_Generator:U_CLK_GEN|clk_int ; Clock_Generator:U_CLK_GEN|clk_int ; 1.000        ; -0.037     ; 0.741      ;
; 0.218  ; BCD_Down_Counter:U_COUNTER|low_bcd[3]                  ; BCD_Down_Counter:U_COUNTER|low_bcd[3]                  ; Clock_Generator:U_CLK_GEN|clk_int ; Clock_Generator:U_CLK_GEN|clk_int ; 1.000        ; -0.037     ; 0.732      ;
; 0.218  ; Traffic_Light_FSM:U_FSM|current_state.ST_BRANCH_YELLOW ; Traffic_Light_FSM:U_FSM|main_red                       ; Clock_Generator:U_CLK_GEN|clk_int ; Clock_Generator:U_CLK_GEN|clk_int ; 1.000        ; -0.036     ; 0.733      ;
; 0.293  ; Traffic_Light_FSM:U_FSM|current_state.ST_BRANCH_GREEN  ; Traffic_Light_FSM:U_FSM|branch_red                     ; Clock_Generator:U_CLK_GEN|clk_int ; Clock_Generator:U_CLK_GEN|clk_int ; 1.000        ; -0.036     ; 0.658      ;
; 0.305  ; Traffic_Light_FSM:U_FSM|current_state.ST_BRANCH_YELLOW ; Traffic_Light_FSM:U_FSM|branch_red                     ; Clock_Generator:U_CLK_GEN|clk_int ; Clock_Generator:U_CLK_GEN|clk_int ; 1.000        ; -0.036     ; 0.646      ;
; 0.309  ; Traffic_Light_FSM:U_FSM|current_state.ST_IDLE          ; Traffic_Light_FSM:U_FSM|load_value[0]                  ; Clock_Generator:U_CLK_GEN|clk_int ; Clock_Generator:U_CLK_GEN|clk_int ; 1.000        ; -0.036     ; 0.642      ;
; 0.330  ; Traffic_Light_FSM:U_FSM|load_value[6]                  ; BCD_Down_Counter:U_COUNTER|high_bcd[2]                 ; Clock_Generator:U_CLK_GEN|clk_int ; Clock_Generator:U_CLK_GEN|clk_int ; 1.000        ; -0.037     ; 0.620      ;
; 0.330  ; BCD_Down_Counter:U_COUNTER|high_bcd[2]                 ; BCD_Down_Counter:U_COUNTER|high_bcd[2]                 ; Clock_Generator:U_CLK_GEN|clk_int ; Clock_Generator:U_CLK_GEN|clk_int ; 1.000        ; -0.037     ; 0.620      ;
; 0.333  ; BCD_Down_Counter:U_COUNTER|high_bcd[2]                 ; BCD_Down_Counter:U_COUNTER|high_bcd[0]                 ; Clock_Generator:U_CLK_GEN|clk_int ; Clock_Generator:U_CLK_GEN|clk_int ; 1.000        ; -0.037     ; 0.617      ;
; 0.340  ; BCD_Down_Counter:U_COUNTER|high_bcd[1]                 ; BCD_Down_Counter:U_COUNTER|high_bcd[0]                 ; Clock_Generator:U_CLK_GEN|clk_int ; Clock_Generator:U_CLK_GEN|clk_int ; 1.000        ; -0.037     ; 0.610      ;
; 0.361  ; Traffic_Light_FSM:U_FSM|load_value[5]                  ; BCD_Down_Counter:U_COUNTER|high_bcd[1]                 ; Clock_Generator:U_CLK_GEN|clk_int ; Clock_Generator:U_CLK_GEN|clk_int ; 1.000        ; -0.037     ; 0.589      ;
; 0.390  ; Traffic_Light_FSM:U_FSM|current_state.ST_IDLE          ; Traffic_Light_FSM:U_FSM|main_green                     ; Clock_Generator:U_CLK_GEN|clk_int ; Clock_Generator:U_CLK_GEN|clk_int ; 1.000        ; -0.036     ; 0.561      ;
; 0.391  ; Traffic_Light_FSM:U_FSM|current_state.ST_IDLE          ; Traffic_Light_FSM:U_FSM|current_state.ST_MAIN_GREEN    ; Clock_Generator:U_CLK_GEN|clk_int ; Clock_Generator:U_CLK_GEN|clk_int ; 1.000        ; -0.036     ; 0.560      ;
; 0.397  ; Traffic_Light_FSM:U_FSM|current_state.ST_BRANCH_YELLOW ; Traffic_Light_FSM:U_FSM|current_state.ST_IDLE          ; Clock_Generator:U_CLK_GEN|clk_int ; Clock_Generator:U_CLK_GEN|clk_int ; 1.000        ; -0.036     ; 0.554      ;
; 0.472  ; Traffic_Light_FSM:U_FSM|current_state.ST_BRANCH_GREEN  ; Traffic_Light_FSM:U_FSM|branch_green                   ; Clock_Generator:U_CLK_GEN|clk_int ; Clock_Generator:U_CLK_GEN|clk_int ; 1.000        ; -0.036     ; 0.479      ;
; 0.474  ; Traffic_Light_FSM:U_FSM|current_state.ST_BRANCH_GREEN  ; Traffic_Light_FSM:U_FSM|current_state.ST_BRANCH_YELLOW ; Clock_Generator:U_CLK_GEN|clk_int ; Clock_Generator:U_CLK_GEN|clk_int ; 1.000        ; -0.036     ; 0.477      ;
; 0.483  ; Traffic_Light_FSM:U_FSM|current_state.ST_BRANCH_YELLOW ; Traffic_Light_FSM:U_FSM|branch_yellow                  ; Clock_Generator:U_CLK_GEN|clk_int ; Clock_Generator:U_CLK_GEN|clk_int ; 1.000        ; -0.036     ; 0.468      ;
; 0.485  ; Traffic_Light_FSM:U_FSM|current_state.ST_MAIN_GREEN    ; Traffic_Light_FSM:U_FSM|current_state.ST_MAIN_YELLOW   ; Clock_Generator:U_CLK_GEN|clk_int ; Clock_Generator:U_CLK_GEN|clk_int ; 1.000        ; -0.036     ; 0.466      ;
; 0.488  ; Traffic_Light_FSM:U_FSM|current_state.ST_MAIN_GREEN    ; Traffic_Light_FSM:U_FSM|main_green                     ; Clock_Generator:U_CLK_GEN|clk_int ; Clock_Generator:U_CLK_GEN|clk_int ; 1.000        ; -0.036     ; 0.463      ;
; 0.489  ; Traffic_Light_FSM:U_FSM|current_state.ST_MAIN_GREEN    ; Traffic_Light_FSM:U_FSM|load_value[6]                  ; Clock_Generator:U_CLK_GEN|clk_int ; Clock_Generator:U_CLK_GEN|clk_int ; 1.000        ; -0.036     ; 0.462      ;
+--------+--------------------------------------------------------+--------------------------------------------------------+-----------------------------------+-----------------------------------+--------------+------------+------------+


+-----------------------------------------------------------------------------------------------------------------------------------------------------------------------------------+
; Fast 1200mV 0C Model Hold: 'clk_50MHz'                                                                                                                                            ;
+--------+---------------------------------------+---------------------------------------+-----------------------------------+-------------+--------------+------------+------------+
; Slack  ; From Node                             ; To Node                               ; Launch Clock                      ; Latch Clock ; Relationship ; Clock Skew ; Data Delay ;
+--------+---------------------------------------+---------------------------------------+-----------------------------------+-------------+--------------+------------+------------+
; -0.034 ; Clock_Generator:U_CLK_GEN|clk_int     ; Clock_Generator:U_CLK_GEN|clk_int     ; Clock_Generator:U_CLK_GEN|clk_int ; clk_50MHz   ; 0.000        ; 1.096      ; 1.281      ;
; 0.204  ; Clock_Generator:U_CLK_GEN|counter[25] ; Clock_Generator:U_CLK_GEN|counter[25] ; clk_50MHz                         ; clk_50MHz   ; 0.000        ; 0.037      ; 0.325      ;
; 0.296  ; Clock_Generator:U_CLK_GEN|counter[3]  ; Clock_Generator:U_CLK_GEN|counter[3]  ; clk_50MHz                         ; clk_50MHz   ; 0.000        ; 0.037      ; 0.417      ;
; 0.297  ; Clock_Generator:U_CLK_GEN|counter[15] ; Clock_Generator:U_CLK_GEN|counter[15] ; clk_50MHz                         ; clk_50MHz   ; 0.000        ; 0.037      ; 0.418      ;
; 0.297  ; Clock_Generator:U_CLK_GEN|counter[14] ; Clock_Generator:U_CLK_GEN|counter[14] ; clk_50MHz                         ; clk_50MHz   ; 0.000        ; 0.037      ; 0.418      ;
; 0.297  ; Clock_Generator:U_CLK_GEN|counter[7]  ; Clock_Generator:U_CLK_GEN|counter[7]  ; clk_50MHz                         ; clk_50MHz   ; 0.000        ; 0.037      ; 0.418      ;
; 0.298  ; Clock_Generator:U_CLK_GEN|counter[21] ; Clock_Generator:U_CLK_GEN|counter[21] ; clk_50MHz                         ; clk_50MHz   ; 0.000        ; 0.037      ; 0.419      ;
; 0.298  ; Clock_Generator:U_CLK_GEN|counter[19] ; Clock_Generator:U_CLK_GEN|counter[19] ; clk_50MHz                         ; clk_50MHz   ; 0.000        ; 0.037      ; 0.419      ;
; 0.298  ; Clock_Generator:U_CLK_GEN|counter[18] ; Clock_Generator:U_CLK_GEN|counter[18] ; clk_50MHz                         ; clk_50MHz   ; 0.000        ; 0.037      ; 0.419      ;
; 0.298  ; Clock_Generator:U_CLK_GEN|counter[17] ; Clock_Generator:U_CLK_GEN|counter[17] ; clk_50MHz                         ; clk_50MHz   ; 0.000        ; 0.037      ; 0.419      ;
; 0.298  ; Clock_Generator:U_CLK_GEN|counter[16] ; Clock_Generator:U_CLK_GEN|counter[16] ; clk_50MHz                         ; clk_50MHz   ; 0.000        ; 0.037      ; 0.419      ;
; 0.298  ; Clock_Generator:U_CLK_GEN|counter[8]  ; Clock_Generator:U_CLK_GEN|counter[8]  ; clk_50MHz                         ; clk_50MHz   ; 0.000        ; 0.037      ; 0.419      ;
; 0.298  ; Clock_Generator:U_CLK_GEN|counter[5]  ; Clock_Generator:U_CLK_GEN|counter[5]  ; clk_50MHz                         ; clk_50MHz   ; 0.000        ; 0.037      ; 0.419      ;
; 0.299  ; Clock_Generator:U_CLK_GEN|counter[23] ; Clock_Generator:U_CLK_GEN|counter[23] ; clk_50MHz                         ; clk_50MHz   ; 0.000        ; 0.037      ; 0.420      ;
; 0.299  ; Clock_Generator:U_CLK_GEN|counter[24] ; Clock_Generator:U_CLK_GEN|counter[24] ; clk_50MHz                         ; clk_50MHz   ; 0.000        ; 0.037      ; 0.420      ;
; 0.299  ; Clock_Generator:U_CLK_GEN|counter[20] ; Clock_Generator:U_CLK_GEN|counter[20] ; clk_50MHz                         ; clk_50MHz   ; 0.000        ; 0.037      ; 0.420      ;
; 0.299  ; Clock_Generator:U_CLK_GEN|counter[6]  ; Clock_Generator:U_CLK_GEN|counter[6]  ; clk_50MHz                         ; clk_50MHz   ; 0.000        ; 0.037      ; 0.420      ;
; 0.299  ; Clock_Generator:U_CLK_GEN|counter[4]  ; Clock_Generator:U_CLK_GEN|counter[4]  ; clk_50MHz                         ; clk_50MHz   ; 0.000        ; 0.037      ; 0.420      ;
; 0.299  ; Clock_Generator:U_CLK_GEN|counter[2]  ; Clock_Generator:U_CLK_GEN|counter[2]  ; clk_50MHz                         ; clk_50MHz   ; 0.000        ; 0.037      ; 0.420      ;
; 0.300  ; Clock_Generator:U_CLK_GEN|counter[22] ; Clock_Generator:U_CLK_GEN|counter[22] ; clk_50MHz                         ; clk_50MHz   ; 0.000        ; 0.037      ; 0.421      ;
; 0.304  ; Clock_Generator:U_CLK_GEN|counter[13] ; Clock_Generator:U_CLK_GEN|counter[13] ; clk_50MHz                         ; clk_50MHz   ; 0.000        ; 0.037      ; 0.425      ;
; 0.304  ; Clock_Generator:U_CLK_GEN|counter[12] ; Clock_Generator:U_CLK_GEN|counter[12] ; clk_50MHz                         ; clk_50MHz   ; 0.000        ; 0.037      ; 0.425      ;
; 0.304  ; Clock_Generator:U_CLK_GEN|counter[11] ; Clock_Generator:U_CLK_GEN|counter[11] ; clk_50MHz                         ; clk_50MHz   ; 0.000        ; 0.037      ; 0.425      ;
; 0.304  ; Clock_Generator:U_CLK_GEN|counter[10] ; Clock_Generator:U_CLK_GEN|counter[10] ; clk_50MHz                         ; clk_50MHz   ; 0.000        ; 0.037      ; 0.425      ;
; 0.305  ; Clock_Generator:U_CLK_GEN|counter[9]  ; Clock_Generator:U_CLK_GEN|counter[9]  ; clk_50MHz                         ; clk_50MHz   ; 0.000        ; 0.037      ; 0.426      ;
; 0.313  ; Clock_Generator:U_CLK_GEN|counter[0]  ; Clock_Generator:U_CLK_GEN|counter[0]  ; clk_50MHz                         ; clk_50MHz   ; 0.000        ; 0.037      ; 0.434      ;
; 0.445  ; Clock_Generator:U_CLK_GEN|counter[3]  ; Clock_Generator:U_CLK_GEN|counter[4]  ; clk_50MHz                         ; clk_50MHz   ; 0.000        ; 0.037      ; 0.566      ;
; 0.446  ; Clock_Generator:U_CLK_GEN|counter[15] ; Clock_Generator:U_CLK_GEN|counter[16] ; clk_50MHz                         ; clk_50MHz   ; 0.000        ; 0.037      ; 0.567      ;
; 0.446  ; Clock_Generator:U_CLK_GEN|counter[7]  ; Clock_Generator:U_CLK_GEN|counter[8]  ; clk_50MHz                         ; clk_50MHz   ; 0.000        ; 0.037      ; 0.567      ;
; 0.447  ; Clock_Generator:U_CLK_GEN|counter[17] ; Clock_Generator:U_CLK_GEN|counter[18] ; clk_50MHz                         ; clk_50MHz   ; 0.000        ; 0.037      ; 0.568      ;
; 0.447  ; Clock_Generator:U_CLK_GEN|counter[19] ; Clock_Generator:U_CLK_GEN|counter[20] ; clk_50MHz                         ; clk_50MHz   ; 0.000        ; 0.037      ; 0.568      ;
; 0.447  ; Clock_Generator:U_CLK_GEN|counter[5]  ; Clock_Generator:U_CLK_GEN|counter[6]  ; clk_50MHz                         ; clk_50MHz   ; 0.000        ; 0.037      ; 0.568      ;
; 0.447  ; Clock_Generator:U_CLK_GEN|counter[21] ; Clock_Generator:U_CLK_GEN|counter[22] ; clk_50MHz                         ; clk_50MHz   ; 0.000        ; 0.037      ; 0.568      ;
; 0.448  ; Clock_Generator:U_CLK_GEN|counter[23] ; Clock_Generator:U_CLK_GEN|counter[24] ; clk_50MHz                         ; clk_50MHz   ; 0.000        ; 0.037      ; 0.569      ;
; 0.453  ; Clock_Generator:U_CLK_GEN|counter[13] ; Clock_Generator:U_CLK_GEN|counter[14] ; clk_50MHz                         ; clk_50MHz   ; 0.000        ; 0.037      ; 0.574      ;
; 0.453  ; Clock_Generator:U_CLK_GEN|counter[11] ; Clock_Generator:U_CLK_GEN|counter[12] ; clk_50MHz                         ; clk_50MHz   ; 0.000        ; 0.037      ; 0.574      ;
; 0.454  ; Clock_Generator:U_CLK_GEN|counter[1]  ; Clock_Generator:U_CLK_GEN|counter[2]  ; clk_50MHz                         ; clk_50MHz   ; 0.000        ; 0.037      ; 0.575      ;
; 0.454  ; Clock_Generator:U_CLK_GEN|counter[9]  ; Clock_Generator:U_CLK_GEN|counter[10] ; clk_50MHz                         ; clk_50MHz   ; 0.000        ; 0.037      ; 0.575      ;
; 0.455  ; Clock_Generator:U_CLK_GEN|counter[14] ; Clock_Generator:U_CLK_GEN|counter[15] ; clk_50MHz                         ; clk_50MHz   ; 0.000        ; 0.037      ; 0.576      ;
; 0.456  ; Clock_Generator:U_CLK_GEN|counter[18] ; Clock_Generator:U_CLK_GEN|counter[19] ; clk_50MHz                         ; clk_50MHz   ; 0.000        ; 0.037      ; 0.577      ;
; 0.456  ; Clock_Generator:U_CLK_GEN|counter[16] ; Clock_Generator:U_CLK_GEN|counter[17] ; clk_50MHz                         ; clk_50MHz   ; 0.000        ; 0.037      ; 0.577      ;
; 0.456  ; Clock_Generator:U_CLK_GEN|counter[8]  ; Clock_Generator:U_CLK_GEN|counter[9]  ; clk_50MHz                         ; clk_50MHz   ; 0.000        ; 0.037      ; 0.577      ;
; 0.457  ; Clock_Generator:U_CLK_GEN|counter[24] ; Clock_Generator:U_CLK_GEN|counter[25] ; clk_50MHz                         ; clk_50MHz   ; 0.000        ; 0.037      ; 0.578      ;
; 0.457  ; Clock_Generator:U_CLK_GEN|counter[2]  ; Clock_Generator:U_CLK_GEN|counter[3]  ; clk_50MHz                         ; clk_50MHz   ; 0.000        ; 0.037      ; 0.578      ;
; 0.457  ; Clock_Generator:U_CLK_GEN|counter[6]  ; Clock_Generator:U_CLK_GEN|counter[7]  ; clk_50MHz                         ; clk_50MHz   ; 0.000        ; 0.037      ; 0.578      ;
; 0.457  ; Clock_Generator:U_CLK_GEN|counter[20] ; Clock_Generator:U_CLK_GEN|counter[21] ; clk_50MHz                         ; clk_50MHz   ; 0.000        ; 0.037      ; 0.578      ;
; 0.457  ; Clock_Generator:U_CLK_GEN|counter[4]  ; Clock_Generator:U_CLK_GEN|counter[5]  ; clk_50MHz                         ; clk_50MHz   ; 0.000        ; 0.037      ; 0.578      ;
; 0.458  ; Clock_Generator:U_CLK_GEN|counter[22] ; Clock_Generator:U_CLK_GEN|counter[23] ; clk_50MHz                         ; clk_50MHz   ; 0.000        ; 0.037      ; 0.579      ;
; 0.458  ; Clock_Generator:U_CLK_GEN|counter[14] ; Clock_Generator:U_CLK_GEN|counter[16] ; clk_50MHz                         ; clk_50MHz   ; 0.000        ; 0.037      ; 0.579      ;
; 0.459  ; Clock_Generator:U_CLK_GEN|counter[16] ; Clock_Generator:U_CLK_GEN|counter[18] ; clk_50MHz                         ; clk_50MHz   ; 0.000        ; 0.037      ; 0.580      ;
; 0.459  ; Clock_Generator:U_CLK_GEN|counter[18] ; Clock_Generator:U_CLK_GEN|counter[20] ; clk_50MHz                         ; clk_50MHz   ; 0.000        ; 0.037      ; 0.580      ;
; 0.459  ; Clock_Generator:U_CLK_GEN|counter[8]  ; Clock_Generator:U_CLK_GEN|counter[10] ; clk_50MHz                         ; clk_50MHz   ; 0.000        ; 0.037      ; 0.580      ;
; 0.460  ; Clock_Generator:U_CLK_GEN|counter[2]  ; Clock_Generator:U_CLK_GEN|counter[4]  ; clk_50MHz                         ; clk_50MHz   ; 0.000        ; 0.037      ; 0.581      ;
; 0.460  ; Clock_Generator:U_CLK_GEN|counter[6]  ; Clock_Generator:U_CLK_GEN|counter[8]  ; clk_50MHz                         ; clk_50MHz   ; 0.000        ; 0.037      ; 0.581      ;
; 0.460  ; Clock_Generator:U_CLK_GEN|counter[4]  ; Clock_Generator:U_CLK_GEN|counter[6]  ; clk_50MHz                         ; clk_50MHz   ; 0.000        ; 0.037      ; 0.581      ;
; 0.460  ; Clock_Generator:U_CLK_GEN|counter[20] ; Clock_Generator:U_CLK_GEN|counter[22] ; clk_50MHz                         ; clk_50MHz   ; 0.000        ; 0.037      ; 0.581      ;
; 0.461  ; Clock_Generator:U_CLK_GEN|counter[22] ; Clock_Generator:U_CLK_GEN|counter[24] ; clk_50MHz                         ; clk_50MHz   ; 0.000        ; 0.037      ; 0.582      ;
; 0.462  ; Clock_Generator:U_CLK_GEN|counter[12] ; Clock_Generator:U_CLK_GEN|counter[13] ; clk_50MHz                         ; clk_50MHz   ; 0.000        ; 0.037      ; 0.583      ;
; 0.462  ; Clock_Generator:U_CLK_GEN|counter[10] ; Clock_Generator:U_CLK_GEN|counter[11] ; clk_50MHz                         ; clk_50MHz   ; 0.000        ; 0.037      ; 0.583      ;
; 0.465  ; Clock_Generator:U_CLK_GEN|counter[12] ; Clock_Generator:U_CLK_GEN|counter[14] ; clk_50MHz                         ; clk_50MHz   ; 0.000        ; 0.037      ; 0.586      ;
; 0.465  ; Clock_Generator:U_CLK_GEN|counter[10] ; Clock_Generator:U_CLK_GEN|counter[12] ; clk_50MHz                         ; clk_50MHz   ; 0.000        ; 0.037      ; 0.586      ;
; 0.465  ; Clock_Generator:U_CLK_GEN|counter[0]  ; Clock_Generator:U_CLK_GEN|counter[2]  ; clk_50MHz                         ; clk_50MHz   ; 0.000        ; 0.037      ; 0.586      ;
; 0.508  ; Clock_Generator:U_CLK_GEN|counter[3]  ; Clock_Generator:U_CLK_GEN|counter[5]  ; clk_50MHz                         ; clk_50MHz   ; 0.000        ; 0.037      ; 0.629      ;
; 0.509  ; Clock_Generator:U_CLK_GEN|counter[15] ; Clock_Generator:U_CLK_GEN|counter[17] ; clk_50MHz                         ; clk_50MHz   ; 0.000        ; 0.037      ; 0.630      ;
; 0.509  ; Clock_Generator:U_CLK_GEN|counter[7]  ; Clock_Generator:U_CLK_GEN|counter[9]  ; clk_50MHz                         ; clk_50MHz   ; 0.000        ; 0.037      ; 0.630      ;
; 0.510  ; Clock_Generator:U_CLK_GEN|counter[17] ; Clock_Generator:U_CLK_GEN|counter[19] ; clk_50MHz                         ; clk_50MHz   ; 0.000        ; 0.037      ; 0.631      ;
; 0.510  ; Clock_Generator:U_CLK_GEN|counter[5]  ; Clock_Generator:U_CLK_GEN|counter[7]  ; clk_50MHz                         ; clk_50MHz   ; 0.000        ; 0.037      ; 0.631      ;
; 0.510  ; Clock_Generator:U_CLK_GEN|counter[19] ; Clock_Generator:U_CLK_GEN|counter[21] ; clk_50MHz                         ; clk_50MHz   ; 0.000        ; 0.037      ; 0.631      ;
; 0.510  ; Clock_Generator:U_CLK_GEN|counter[21] ; Clock_Generator:U_CLK_GEN|counter[23] ; clk_50MHz                         ; clk_50MHz   ; 0.000        ; 0.037      ; 0.631      ;
; 0.511  ; Clock_Generator:U_CLK_GEN|counter[23] ; Clock_Generator:U_CLK_GEN|counter[25] ; clk_50MHz                         ; clk_50MHz   ; 0.000        ; 0.037      ; 0.632      ;
; 0.511  ; Clock_Generator:U_CLK_GEN|counter[3]  ; Clock_Generator:U_CLK_GEN|counter[6]  ; clk_50MHz                         ; clk_50MHz   ; 0.000        ; 0.037      ; 0.632      ;
; 0.512  ; Clock_Generator:U_CLK_GEN|counter[15] ; Clock_Generator:U_CLK_GEN|counter[18] ; clk_50MHz                         ; clk_50MHz   ; 0.000        ; 0.037      ; 0.633      ;
; 0.512  ; Clock_Generator:U_CLK_GEN|counter[7]  ; Clock_Generator:U_CLK_GEN|counter[10] ; clk_50MHz                         ; clk_50MHz   ; 0.000        ; 0.037      ; 0.633      ;
; 0.513  ; Clock_Generator:U_CLK_GEN|counter[17] ; Clock_Generator:U_CLK_GEN|counter[20] ; clk_50MHz                         ; clk_50MHz   ; 0.000        ; 0.037      ; 0.634      ;
; 0.513  ; Clock_Generator:U_CLK_GEN|counter[5]  ; Clock_Generator:U_CLK_GEN|counter[8]  ; clk_50MHz                         ; clk_50MHz   ; 0.000        ; 0.037      ; 0.634      ;
; 0.513  ; Clock_Generator:U_CLK_GEN|counter[19] ; Clock_Generator:U_CLK_GEN|counter[22] ; clk_50MHz                         ; clk_50MHz   ; 0.000        ; 0.037      ; 0.634      ;
; 0.513  ; Clock_Generator:U_CLK_GEN|counter[21] ; Clock_Generator:U_CLK_GEN|counter[24] ; clk_50MHz                         ; clk_50MHz   ; 0.000        ; 0.037      ; 0.634      ;
; 0.516  ; Clock_Generator:U_CLK_GEN|counter[1]  ; Clock_Generator:U_CLK_GEN|counter[1]  ; clk_50MHz                         ; clk_50MHz   ; 0.000        ; 0.037      ; 0.637      ;
; 0.516  ; Clock_Generator:U_CLK_GEN|counter[13] ; Clock_Generator:U_CLK_GEN|counter[15] ; clk_50MHz                         ; clk_50MHz   ; 0.000        ; 0.037      ; 0.637      ;
; 0.516  ; Clock_Generator:U_CLK_GEN|counter[11] ; Clock_Generator:U_CLK_GEN|counter[13] ; clk_50MHz                         ; clk_50MHz   ; 0.000        ; 0.037      ; 0.637      ;
; 0.517  ; Clock_Generator:U_CLK_GEN|counter[1]  ; Clock_Generator:U_CLK_GEN|counter[3]  ; clk_50MHz                         ; clk_50MHz   ; 0.000        ; 0.037      ; 0.638      ;
; 0.517  ; Clock_Generator:U_CLK_GEN|counter[9]  ; Clock_Generator:U_CLK_GEN|counter[11] ; clk_50MHz                         ; clk_50MHz   ; 0.000        ; 0.037      ; 0.638      ;
; 0.519  ; Clock_Generator:U_CLK_GEN|counter[13] ; Clock_Generator:U_CLK_GEN|counter[16] ; clk_50MHz                         ; clk_50MHz   ; 0.000        ; 0.037      ; 0.640      ;
; 0.519  ; Clock_Generator:U_CLK_GEN|counter[11] ; Clock_Generator:U_CLK_GEN|counter[14] ; clk_50MHz                         ; clk_50MHz   ; 0.000        ; 0.037      ; 0.640      ;
; 0.520  ; Clock_Generator:U_CLK_GEN|counter[1]  ; Clock_Generator:U_CLK_GEN|counter[4]  ; clk_50MHz                         ; clk_50MHz   ; 0.000        ; 0.037      ; 0.641      ;
; 0.520  ; Clock_Generator:U_CLK_GEN|counter[9]  ; Clock_Generator:U_CLK_GEN|counter[12] ; clk_50MHz                         ; clk_50MHz   ; 0.000        ; 0.037      ; 0.641      ;
; 0.521  ; Clock_Generator:U_CLK_GEN|counter[14] ; Clock_Generator:U_CLK_GEN|counter[17] ; clk_50MHz                         ; clk_50MHz   ; 0.000        ; 0.037      ; 0.642      ;
; 0.522  ; Clock_Generator:U_CLK_GEN|counter[16] ; Clock_Generator:U_CLK_GEN|counter[19] ; clk_50MHz                         ; clk_50MHz   ; 0.000        ; 0.037      ; 0.643      ;
; 0.522  ; Clock_Generator:U_CLK_GEN|counter[18] ; Clock_Generator:U_CLK_GEN|counter[21] ; clk_50MHz                         ; clk_50MHz   ; 0.000        ; 0.037      ; 0.643      ;
; 0.522  ; Clock_Generator:U_CLK_GEN|counter[8]  ; Clock_Generator:U_CLK_GEN|counter[11] ; clk_50MHz                         ; clk_50MHz   ; 0.000        ; 0.037      ; 0.643      ;
; 0.523  ; Clock_Generator:U_CLK_GEN|counter[2]  ; Clock_Generator:U_CLK_GEN|counter[5]  ; clk_50MHz                         ; clk_50MHz   ; 0.000        ; 0.037      ; 0.644      ;
; 0.523  ; Clock_Generator:U_CLK_GEN|counter[6]  ; Clock_Generator:U_CLK_GEN|counter[9]  ; clk_50MHz                         ; clk_50MHz   ; 0.000        ; 0.037      ; 0.644      ;
; 0.523  ; Clock_Generator:U_CLK_GEN|counter[4]  ; Clock_Generator:U_CLK_GEN|counter[7]  ; clk_50MHz                         ; clk_50MHz   ; 0.000        ; 0.037      ; 0.644      ;
; 0.523  ; Clock_Generator:U_CLK_GEN|counter[20] ; Clock_Generator:U_CLK_GEN|counter[23] ; clk_50MHz                         ; clk_50MHz   ; 0.000        ; 0.037      ; 0.644      ;
; 0.524  ; Clock_Generator:U_CLK_GEN|counter[22] ; Clock_Generator:U_CLK_GEN|counter[25] ; clk_50MHz                         ; clk_50MHz   ; 0.000        ; 0.037      ; 0.645      ;
; 0.524  ; Clock_Generator:U_CLK_GEN|counter[14] ; Clock_Generator:U_CLK_GEN|counter[18] ; clk_50MHz                         ; clk_50MHz   ; 0.000        ; 0.037      ; 0.645      ;
; 0.525  ; Clock_Generator:U_CLK_GEN|counter[16] ; Clock_Generator:U_CLK_GEN|counter[20] ; clk_50MHz                         ; clk_50MHz   ; 0.000        ; 0.037      ; 0.646      ;
; 0.525  ; Clock_Generator:U_CLK_GEN|counter[18] ; Clock_Generator:U_CLK_GEN|counter[22] ; clk_50MHz                         ; clk_50MHz   ; 0.000        ; 0.037      ; 0.646      ;
; 0.525  ; Clock_Generator:U_CLK_GEN|counter[8]  ; Clock_Generator:U_CLK_GEN|counter[12] ; clk_50MHz                         ; clk_50MHz   ; 0.000        ; 0.037      ; 0.646      ;
; 0.526  ; Clock_Generator:U_CLK_GEN|counter[2]  ; Clock_Generator:U_CLK_GEN|counter[6]  ; clk_50MHz                         ; clk_50MHz   ; 0.000        ; 0.037      ; 0.647      ;
+--------+---------------------------------------+---------------------------------------+-----------------------------------+-------------+--------------+------------+------------+


+------------------------------------------------------------------------------------------------------------------------------------------------------------------------------------------------------------------------------------------+
; Fast 1200mV 0C Model Hold: 'Clock_Generator:U_CLK_GEN|clk_int'                                                                                                                                                                           ;
+-------+--------------------------------------------------------+--------------------------------------------------------+-----------------------------------+-----------------------------------+--------------+------------+------------+
; Slack ; From Node                                              ; To Node                                                ; Launch Clock                      ; Latch Clock                       ; Relationship ; Clock Skew ; Data Delay ;
+-------+--------------------------------------------------------+--------------------------------------------------------+-----------------------------------+-----------------------------------+--------------+------------+------------+
; 0.186 ; BCD_Down_Counter:U_COUNTER|low_bcd[1]                  ; BCD_Down_Counter:U_COUNTER|low_bcd[1]                  ; Clock_Generator:U_CLK_GEN|clk_int ; Clock_Generator:U_CLK_GEN|clk_int ; 0.000        ; 0.037      ; 0.307      ;
; 0.187 ; Traffic_Light_FSM:U_FSM|current_state.ST_IDLE          ; Traffic_Light_FSM:U_FSM|current_state.ST_IDLE          ; Clock_Generator:U_CLK_GEN|clk_int ; Clock_Generator:U_CLK_GEN|clk_int ; 0.000        ; 0.036      ; 0.307      ;
; 0.187 ; Traffic_Light_FSM:U_FSM|current_state.ST_MAIN_GREEN    ; Traffic_Light_FSM:U_FSM|current_state.ST_MAIN_GREEN    ; Clock_Generator:U_CLK_GEN|clk_int ; Clock_Generator:U_CLK_GEN|clk_int ; 0.000        ; 0.036      ; 0.307      ;
; 0.193 ; BCD_Down_Counter:U_COUNTER|high_bcd[0]                 ; BCD_Down_Counter:U_COUNTER|high_bcd[0]                 ; Clock_Generator:U_CLK_GEN|clk_int ; Clock_Generator:U_CLK_GEN|clk_int ; 0.000        ; 0.037      ; 0.314      ;
; 0.193 ; BCD_Down_Counter:U_COUNTER|low_bcd[0]                  ; BCD_Down_Counter:U_COUNTER|low_bcd[0]                  ; Clock_Generator:U_CLK_GEN|clk_int ; Clock_Generator:U_CLK_GEN|clk_int ; 0.000        ; 0.037      ; 0.314      ;
; 0.196 ; Traffic_Light_FSM:U_FSM|current_state.ST_MAIN_YELLOW   ; Traffic_Light_FSM:U_FSM|current_state.ST_BRANCH_GREEN  ; Clock_Generator:U_CLK_GEN|clk_int ; Clock_Generator:U_CLK_GEN|clk_int ; 0.000        ; 0.036      ; 0.316      ;
; 0.200 ; Traffic_Light_FSM:U_FSM|current_state.ST_MAIN_YELLOW   ; Traffic_Light_FSM:U_FSM|main_yellow                    ; Clock_Generator:U_CLK_GEN|clk_int ; Clock_Generator:U_CLK_GEN|clk_int ; 0.000        ; 0.036      ; 0.320      ;
; 0.209 ; BCD_Down_Counter:U_COUNTER|low_bcd[0]                  ; BCD_Down_Counter:U_COUNTER|low_bcd[1]                  ; Clock_Generator:U_CLK_GEN|clk_int ; Clock_Generator:U_CLK_GEN|clk_int ; 0.000        ; 0.037      ; 0.330      ;
; 0.268 ; Traffic_Light_FSM:U_FSM|current_state.ST_BRANCH_GREEN  ; Traffic_Light_FSM:U_FSM|load_value[5]                  ; Clock_Generator:U_CLK_GEN|clk_int ; Clock_Generator:U_CLK_GEN|clk_int ; 0.000        ; 0.037      ; 0.389      ;
; 0.268 ; Traffic_Light_FSM:U_FSM|current_state.ST_MAIN_GREEN    ; Traffic_Light_FSM:U_FSM|main_green                     ; Clock_Generator:U_CLK_GEN|clk_int ; Clock_Generator:U_CLK_GEN|clk_int ; 0.000        ; 0.036      ; 0.388      ;
; 0.270 ; Traffic_Light_FSM:U_FSM|current_state.ST_MAIN_GREEN    ; Traffic_Light_FSM:U_FSM|current_state.ST_MAIN_YELLOW   ; Clock_Generator:U_CLK_GEN|clk_int ; Clock_Generator:U_CLK_GEN|clk_int ; 0.000        ; 0.036      ; 0.390      ;
; 0.273 ; Traffic_Light_FSM:U_FSM|load_value[0]                  ; BCD_Down_Counter:U_COUNTER|high_bcd[2]                 ; Clock_Generator:U_CLK_GEN|clk_int ; Clock_Generator:U_CLK_GEN|clk_int ; 0.000        ; 0.037      ; 0.394      ;
; 0.274 ; Traffic_Light_FSM:U_FSM|current_state.ST_MAIN_GREEN    ; Traffic_Light_FSM:U_FSM|load_value[6]                  ; Clock_Generator:U_CLK_GEN|clk_int ; Clock_Generator:U_CLK_GEN|clk_int ; 0.000        ; 0.037      ; 0.395      ;
; 0.276 ; Traffic_Light_FSM:U_FSM|current_state.ST_BRANCH_YELLOW ; Traffic_Light_FSM:U_FSM|branch_yellow                  ; Clock_Generator:U_CLK_GEN|clk_int ; Clock_Generator:U_CLK_GEN|clk_int ; 0.000        ; 0.036      ; 0.396      ;
; 0.276 ; Traffic_Light_FSM:U_FSM|load_value[0]                  ; BCD_Down_Counter:U_COUNTER|high_bcd[1]                 ; Clock_Generator:U_CLK_GEN|clk_int ; Clock_Generator:U_CLK_GEN|clk_int ; 0.000        ; 0.037      ; 0.397      ;
; 0.277 ; Traffic_Light_FSM:U_FSM|current_state.ST_BRANCH_GREEN  ; Traffic_Light_FSM:U_FSM|current_state.ST_BRANCH_YELLOW ; Clock_Generator:U_CLK_GEN|clk_int ; Clock_Generator:U_CLK_GEN|clk_int ; 0.000        ; 0.036      ; 0.397      ;
; 0.278 ; Traffic_Light_FSM:U_FSM|current_state.ST_BRANCH_GREEN  ; Traffic_Light_FSM:U_FSM|branch_green                   ; Clock_Generator:U_CLK_GEN|clk_int ; Clock_Generator:U_CLK_GEN|clk_int ; 0.000        ; 0.036      ; 0.398      ;
; 0.283 ; Traffic_Light_FSM:U_FSM|load_value[0]                  ; BCD_Down_Counter:U_COUNTER|high_bcd[0]                 ; Clock_Generator:U_CLK_GEN|clk_int ; Clock_Generator:U_CLK_GEN|clk_int ; 0.000        ; 0.037      ; 0.404      ;
; 0.319 ; Traffic_Light_FSM:U_FSM|current_state.ST_IDLE          ; Traffic_Light_FSM:U_FSM|current_state.ST_MAIN_GREEN    ; Clock_Generator:U_CLK_GEN|clk_int ; Clock_Generator:U_CLK_GEN|clk_int ; 0.000        ; 0.036      ; 0.439      ;
; 0.325 ; Traffic_Light_FSM:U_FSM|current_state.ST_IDLE          ; Traffic_Light_FSM:U_FSM|main_green                     ; Clock_Generator:U_CLK_GEN|clk_int ; Clock_Generator:U_CLK_GEN|clk_int ; 0.000        ; 0.036      ; 0.445      ;
; 0.340 ; Traffic_Light_FSM:U_FSM|current_state.ST_BRANCH_YELLOW ; Traffic_Light_FSM:U_FSM|current_state.ST_IDLE          ; Clock_Generator:U_CLK_GEN|clk_int ; Clock_Generator:U_CLK_GEN|clk_int ; 0.000        ; 0.036      ; 0.460      ;
; 0.362 ; Traffic_Light_FSM:U_FSM|load_value[5]                  ; BCD_Down_Counter:U_COUNTER|high_bcd[1]                 ; Clock_Generator:U_CLK_GEN|clk_int ; Clock_Generator:U_CLK_GEN|clk_int ; 0.000        ; 0.037      ; 0.483      ;
; 0.390 ; BCD_Down_Counter:U_COUNTER|high_bcd[1]                 ; BCD_Down_Counter:U_COUNTER|high_bcd[0]                 ; Clock_Generator:U_CLK_GEN|clk_int ; Clock_Generator:U_CLK_GEN|clk_int ; 0.000        ; 0.037      ; 0.511      ;
; 0.391 ; BCD_Down_Counter:U_COUNTER|high_bcd[2]                 ; BCD_Down_Counter:U_COUNTER|high_bcd[0]                 ; Clock_Generator:U_CLK_GEN|clk_int ; Clock_Generator:U_CLK_GEN|clk_int ; 0.000        ; 0.037      ; 0.512      ;
; 0.397 ; Traffic_Light_FSM:U_FSM|load_value[6]                  ; BCD_Down_Counter:U_COUNTER|high_bcd[2]                 ; Clock_Generator:U_CLK_GEN|clk_int ; Clock_Generator:U_CLK_GEN|clk_int ; 0.000        ; 0.037      ; 0.518      ;
; 0.401 ; BCD_Down_Counter:U_COUNTER|high_bcd[2]                 ; BCD_Down_Counter:U_COUNTER|high_bcd[2]                 ; Clock_Generator:U_CLK_GEN|clk_int ; Clock_Generator:U_CLK_GEN|clk_int ; 0.000        ; 0.037      ; 0.522      ;
; 0.425 ; BCD_Down_Counter:U_COUNTER|low_bcd[3]                  ; BCD_Down_Counter:U_COUNTER|low_bcd[3]                  ; Clock_Generator:U_CLK_GEN|clk_int ; Clock_Generator:U_CLK_GEN|clk_int ; 0.000        ; 0.037      ; 0.546      ;
; 0.442 ; Traffic_Light_FSM:U_FSM|current_state.ST_BRANCH_YELLOW ; Traffic_Light_FSM:U_FSM|branch_red                     ; Clock_Generator:U_CLK_GEN|clk_int ; Clock_Generator:U_CLK_GEN|clk_int ; 0.000        ; 0.036      ; 0.562      ;
; 0.445 ; Traffic_Light_FSM:U_FSM|current_state.ST_BRANCH_GREEN  ; Traffic_Light_FSM:U_FSM|branch_red                     ; Clock_Generator:U_CLK_GEN|clk_int ; Clock_Generator:U_CLK_GEN|clk_int ; 0.000        ; 0.036      ; 0.565      ;
; 0.446 ; Traffic_Light_FSM:U_FSM|current_state.ST_IDLE          ; Traffic_Light_FSM:U_FSM|load_value[0]                  ; Clock_Generator:U_CLK_GEN|clk_int ; Clock_Generator:U_CLK_GEN|clk_int ; 0.000        ; 0.037      ; 0.567      ;
; 0.491 ; BCD_Down_Counter:U_COUNTER|low_bcd[2]                  ; BCD_Down_Counter:U_COUNTER|low_bcd[2]                  ; Clock_Generator:U_CLK_GEN|clk_int ; Clock_Generator:U_CLK_GEN|clk_int ; 0.000        ; 0.037      ; 0.612      ;
; 0.496 ; Traffic_Light_FSM:U_FSM|load_value[0]                  ; BCD_Down_Counter:U_COUNTER|low_bcd[2]                  ; Clock_Generator:U_CLK_GEN|clk_int ; Clock_Generator:U_CLK_GEN|clk_int ; 0.000        ; 0.037      ; 0.617      ;
; 0.499 ; Traffic_Light_FSM:U_FSM|load_value[0]                  ; BCD_Down_Counter:U_COUNTER|low_bcd[0]                  ; Clock_Generator:U_CLK_GEN|clk_int ; Clock_Generator:U_CLK_GEN|clk_int ; 0.000        ; 0.037      ; 0.620      ;
; 0.505 ; Traffic_Light_FSM:U_FSM|load_value[0]                  ; BCD_Down_Counter:U_COUNTER|low_bcd[3]                  ; Clock_Generator:U_CLK_GEN|clk_int ; Clock_Generator:U_CLK_GEN|clk_int ; 0.000        ; 0.037      ; 0.626      ;
; 0.508 ; Traffic_Light_FSM:U_FSM|current_state.ST_BRANCH_YELLOW ; Traffic_Light_FSM:U_FSM|main_red                       ; Clock_Generator:U_CLK_GEN|clk_int ; Clock_Generator:U_CLK_GEN|clk_int ; 0.000        ; 0.036      ; 0.628      ;
; 0.508 ; BCD_Down_Counter:U_COUNTER|high_bcd[0]                 ; BCD_Down_Counter:U_COUNTER|high_bcd[2]                 ; Clock_Generator:U_CLK_GEN|clk_int ; Clock_Generator:U_CLK_GEN|clk_int ; 0.000        ; 0.037      ; 0.629      ;
; 0.509 ; BCD_Down_Counter:U_COUNTER|low_bcd[3]                  ; BCD_Down_Counter:U_COUNTER|low_bcd[1]                  ; Clock_Generator:U_CLK_GEN|clk_int ; Clock_Generator:U_CLK_GEN|clk_int ; 0.000        ; 0.037      ; 0.630      ;
; 0.509 ; BCD_Down_Counter:U_COUNTER|high_bcd[1]                 ; BCD_Down_Counter:U_COUNTER|high_bcd[2]                 ; Clock_Generator:U_CLK_GEN|clk_int ; Clock_Generator:U_CLK_GEN|clk_int ; 0.000        ; 0.037      ; 0.630      ;
; 0.511 ; Traffic_Light_FSM:U_FSM|current_state.ST_BRANCH_GREEN  ; Traffic_Light_FSM:U_FSM|main_red                       ; Clock_Generator:U_CLK_GEN|clk_int ; Clock_Generator:U_CLK_GEN|clk_int ; 0.000        ; 0.036      ; 0.631      ;
; 0.513 ; BCD_Down_Counter:U_COUNTER|low_bcd[3]                  ; BCD_Down_Counter:U_COUNTER|low_bcd[2]                  ; Clock_Generator:U_CLK_GEN|clk_int ; Clock_Generator:U_CLK_GEN|clk_int ; 0.000        ; 0.037      ; 0.634      ;
; 0.515 ; BCD_Down_Counter:U_COUNTER|low_bcd[3]                  ; BCD_Down_Counter:U_COUNTER|low_bcd[0]                  ; Clock_Generator:U_CLK_GEN|clk_int ; Clock_Generator:U_CLK_GEN|clk_int ; 0.000        ; 0.037      ; 0.636      ;
; 0.526 ; Traffic_Light_FSM:U_FSM|load_value[0]                  ; BCD_Down_Counter:U_COUNTER|low_bcd[1]                  ; Clock_Generator:U_CLK_GEN|clk_int ; Clock_Generator:U_CLK_GEN|clk_int ; 0.000        ; 0.037      ; 0.647      ;
; 0.532 ; BCD_Down_Counter:U_COUNTER|high_bcd[0]                 ; BCD_Down_Counter:U_COUNTER|low_bcd[3]                  ; Clock_Generator:U_CLK_GEN|clk_int ; Clock_Generator:U_CLK_GEN|clk_int ; 0.000        ; 0.037      ; 0.653      ;
; 0.534 ; BCD_Down_Counter:U_COUNTER|high_bcd[0]                 ; BCD_Down_Counter:U_COUNTER|low_bcd[0]                  ; Clock_Generator:U_CLK_GEN|clk_int ; Clock_Generator:U_CLK_GEN|clk_int ; 0.000        ; 0.037      ; 0.655      ;
; 0.564 ; BCD_Down_Counter:U_COUNTER|low_bcd[2]                  ; BCD_Down_Counter:U_COUNTER|low_bcd[1]                  ; Clock_Generator:U_CLK_GEN|clk_int ; Clock_Generator:U_CLK_GEN|clk_int ; 0.000        ; 0.037      ; 0.685      ;
; 0.570 ; BCD_Down_Counter:U_COUNTER|low_bcd[2]                  ; BCD_Down_Counter:U_COUNTER|low_bcd[0]                  ; Clock_Generator:U_CLK_GEN|clk_int ; Clock_Generator:U_CLK_GEN|clk_int ; 0.000        ; 0.037      ; 0.691      ;
; 0.574 ; BCD_Down_Counter:U_COUNTER|low_bcd[2]                  ; BCD_Down_Counter:U_COUNTER|low_bcd[3]                  ; Clock_Generator:U_CLK_GEN|clk_int ; Clock_Generator:U_CLK_GEN|clk_int ; 0.000        ; 0.037      ; 0.695      ;
; 0.582 ; BCD_Down_Counter:U_COUNTER|high_bcd[1]                 ; BCD_Down_Counter:U_COUNTER|low_bcd[3]                  ; Clock_Generator:U_CLK_GEN|clk_int ; Clock_Generator:U_CLK_GEN|clk_int ; 0.000        ; 0.037      ; 0.703      ;
; 0.583 ; BCD_Down_Counter:U_COUNTER|low_bcd[0]                  ; BCD_Down_Counter:U_COUNTER|low_bcd[3]                  ; Clock_Generator:U_CLK_GEN|clk_int ; Clock_Generator:U_CLK_GEN|clk_int ; 0.000        ; 0.037      ; 0.704      ;
; 0.584 ; BCD_Down_Counter:U_COUNTER|high_bcd[2]                 ; BCD_Down_Counter:U_COUNTER|low_bcd[3]                  ; Clock_Generator:U_CLK_GEN|clk_int ; Clock_Generator:U_CLK_GEN|clk_int ; 0.000        ; 0.037      ; 0.705      ;
; 0.584 ; BCD_Down_Counter:U_COUNTER|high_bcd[1]                 ; BCD_Down_Counter:U_COUNTER|low_bcd[0]                  ; Clock_Generator:U_CLK_GEN|clk_int ; Clock_Generator:U_CLK_GEN|clk_int ; 0.000        ; 0.037      ; 0.705      ;
; 0.586 ; BCD_Down_Counter:U_COUNTER|high_bcd[2]                 ; BCD_Down_Counter:U_COUNTER|low_bcd[0]                  ; Clock_Generator:U_CLK_GEN|clk_int ; Clock_Generator:U_CLK_GEN|clk_int ; 0.000        ; 0.037      ; 0.707      ;
; 0.594 ; BCD_Down_Counter:U_COUNTER|high_bcd[2]                 ; Traffic_Light_FSM:U_FSM|current_state.ST_IDLE          ; Clock_Generator:U_CLK_GEN|clk_int ; Clock_Generator:U_CLK_GEN|clk_int ; 0.000        ; 0.036      ; 0.714      ;
; 0.594 ; BCD_Down_Counter:U_COUNTER|high_bcd[2]                 ; Traffic_Light_FSM:U_FSM|current_state.ST_MAIN_GREEN    ; Clock_Generator:U_CLK_GEN|clk_int ; Clock_Generator:U_CLK_GEN|clk_int ; 0.000        ; 0.036      ; 0.714      ;
; 0.600 ; BCD_Down_Counter:U_COUNTER|high_bcd[2]                 ; BCD_Down_Counter:U_COUNTER|high_bcd[1]                 ; Clock_Generator:U_CLK_GEN|clk_int ; Clock_Generator:U_CLK_GEN|clk_int ; 0.000        ; 0.037      ; 0.721      ;
; 0.618 ; BCD_Down_Counter:U_COUNTER|low_bcd[3]                  ; Traffic_Light_FSM:U_FSM|current_state.ST_IDLE          ; Clock_Generator:U_CLK_GEN|clk_int ; Clock_Generator:U_CLK_GEN|clk_int ; 0.000        ; 0.036      ; 0.738      ;
; 0.618 ; BCD_Down_Counter:U_COUNTER|low_bcd[3]                  ; Traffic_Light_FSM:U_FSM|current_state.ST_MAIN_GREEN    ; Clock_Generator:U_CLK_GEN|clk_int ; Clock_Generator:U_CLK_GEN|clk_int ; 0.000        ; 0.036      ; 0.738      ;
; 0.625 ; BCD_Down_Counter:U_COUNTER|low_bcd[1]                  ; BCD_Down_Counter:U_COUNTER|low_bcd[3]                  ; Clock_Generator:U_CLK_GEN|clk_int ; Clock_Generator:U_CLK_GEN|clk_int ; 0.000        ; 0.037      ; 0.746      ;
; 0.642 ; BCD_Down_Counter:U_COUNTER|low_bcd[1]                  ; BCD_Down_Counter:U_COUNTER|low_bcd[2]                  ; Clock_Generator:U_CLK_GEN|clk_int ; Clock_Generator:U_CLK_GEN|clk_int ; 0.000        ; 0.037      ; 0.763      ;
; 0.644 ; BCD_Down_Counter:U_COUNTER|low_bcd[0]                  ; BCD_Down_Counter:U_COUNTER|low_bcd[2]                  ; Clock_Generator:U_CLK_GEN|clk_int ; Clock_Generator:U_CLK_GEN|clk_int ; 0.000        ; 0.037      ; 0.765      ;
; 0.644 ; BCD_Down_Counter:U_COUNTER|low_bcd[1]                  ; BCD_Down_Counter:U_COUNTER|low_bcd[0]                  ; Clock_Generator:U_CLK_GEN|clk_int ; Clock_Generator:U_CLK_GEN|clk_int ; 0.000        ; 0.037      ; 0.765      ;
; 0.663 ; BCD_Down_Counter:U_COUNTER|high_bcd[1]                 ; Traffic_Light_FSM:U_FSM|current_state.ST_IDLE          ; Clock_Generator:U_CLK_GEN|clk_int ; Clock_Generator:U_CLK_GEN|clk_int ; 0.000        ; 0.036      ; 0.783      ;
; 0.663 ; BCD_Down_Counter:U_COUNTER|high_bcd[1]                 ; Traffic_Light_FSM:U_FSM|current_state.ST_MAIN_GREEN    ; Clock_Generator:U_CLK_GEN|clk_int ; Clock_Generator:U_CLK_GEN|clk_int ; 0.000        ; 0.036      ; 0.783      ;
; 0.665 ; BCD_Down_Counter:U_COUNTER|high_bcd[0]                 ; Traffic_Light_FSM:U_FSM|current_state.ST_IDLE          ; Clock_Generator:U_CLK_GEN|clk_int ; Clock_Generator:U_CLK_GEN|clk_int ; 0.000        ; 0.036      ; 0.785      ;
; 0.665 ; BCD_Down_Counter:U_COUNTER|high_bcd[0]                 ; Traffic_Light_FSM:U_FSM|current_state.ST_MAIN_GREEN    ; Clock_Generator:U_CLK_GEN|clk_int ; Clock_Generator:U_CLK_GEN|clk_int ; 0.000        ; 0.036      ; 0.785      ;
; 0.673 ; BCD_Down_Counter:U_COUNTER|low_bcd[2]                  ; Traffic_Light_FSM:U_FSM|current_state.ST_IDLE          ; Clock_Generator:U_CLK_GEN|clk_int ; Clock_Generator:U_CLK_GEN|clk_int ; 0.000        ; 0.036      ; 0.793      ;
; 0.673 ; BCD_Down_Counter:U_COUNTER|low_bcd[2]                  ; Traffic_Light_FSM:U_FSM|current_state.ST_MAIN_GREEN    ; Clock_Generator:U_CLK_GEN|clk_int ; Clock_Generator:U_CLK_GEN|clk_int ; 0.000        ; 0.036      ; 0.793      ;
; 0.700 ; BCD_Down_Counter:U_COUNTER|high_bcd[1]                 ; BCD_Down_Counter:U_COUNTER|high_bcd[1]                 ; Clock_Generator:U_CLK_GEN|clk_int ; Clock_Generator:U_CLK_GEN|clk_int ; 0.000        ; 0.037      ; 0.821      ;
; 0.702 ; BCD_Down_Counter:U_COUNTER|high_bcd[0]                 ; BCD_Down_Counter:U_COUNTER|high_bcd[1]                 ; Clock_Generator:U_CLK_GEN|clk_int ; Clock_Generator:U_CLK_GEN|clk_int ; 0.000        ; 0.037      ; 0.823      ;
; 0.747 ; BCD_Down_Counter:U_COUNTER|low_bcd[1]                  ; Traffic_Light_FSM:U_FSM|current_state.ST_IDLE          ; Clock_Generator:U_CLK_GEN|clk_int ; Clock_Generator:U_CLK_GEN|clk_int ; 0.000        ; 0.036      ; 0.867      ;
; 0.747 ; BCD_Down_Counter:U_COUNTER|low_bcd[1]                  ; Traffic_Light_FSM:U_FSM|current_state.ST_MAIN_GREEN    ; Clock_Generator:U_CLK_GEN|clk_int ; Clock_Generator:U_CLK_GEN|clk_int ; 0.000        ; 0.036      ; 0.867      ;
; 0.752 ; BCD_Down_Counter:U_COUNTER|low_bcd[0]                  ; Traffic_Light_FSM:U_FSM|current_state.ST_IDLE          ; Clock_Generator:U_CLK_GEN|clk_int ; Clock_Generator:U_CLK_GEN|clk_int ; 0.000        ; 0.036      ; 0.872      ;
; 0.752 ; BCD_Down_Counter:U_COUNTER|low_bcd[0]                  ; Traffic_Light_FSM:U_FSM|current_state.ST_MAIN_GREEN    ; Clock_Generator:U_CLK_GEN|clk_int ; Clock_Generator:U_CLK_GEN|clk_int ; 0.000        ; 0.036      ; 0.872      ;
; 0.877 ; BCD_Down_Counter:U_COUNTER|high_bcd[2]                 ; Traffic_Light_FSM:U_FSM|current_state.ST_BRANCH_YELLOW ; Clock_Generator:U_CLK_GEN|clk_int ; Clock_Generator:U_CLK_GEN|clk_int ; 0.000        ; 0.036      ; 0.997      ;
; 0.877 ; BCD_Down_Counter:U_COUNTER|high_bcd[2]                 ; Traffic_Light_FSM:U_FSM|current_state.ST_BRANCH_GREEN  ; Clock_Generator:U_CLK_GEN|clk_int ; Clock_Generator:U_CLK_GEN|clk_int ; 0.000        ; 0.036      ; 0.997      ;
; 0.877 ; BCD_Down_Counter:U_COUNTER|high_bcd[2]                 ; Traffic_Light_FSM:U_FSM|current_state.ST_MAIN_YELLOW   ; Clock_Generator:U_CLK_GEN|clk_int ; Clock_Generator:U_CLK_GEN|clk_int ; 0.000        ; 0.036      ; 0.997      ;
; 0.897 ; BCD_Down_Counter:U_COUNTER|low_bcd[3]                  ; BCD_Down_Counter:U_COUNTER|high_bcd[0]                 ; Clock_Generator:U_CLK_GEN|clk_int ; Clock_Generator:U_CLK_GEN|clk_int ; 0.000        ; 0.037      ; 1.018      ;
; 0.897 ; BCD_Down_Counter:U_COUNTER|low_bcd[3]                  ; BCD_Down_Counter:U_COUNTER|high_bcd[1]                 ; Clock_Generator:U_CLK_GEN|clk_int ; Clock_Generator:U_CLK_GEN|clk_int ; 0.000        ; 0.037      ; 1.018      ;
; 0.897 ; BCD_Down_Counter:U_COUNTER|low_bcd[3]                  ; BCD_Down_Counter:U_COUNTER|high_bcd[2]                 ; Clock_Generator:U_CLK_GEN|clk_int ; Clock_Generator:U_CLK_GEN|clk_int ; 0.000        ; 0.037      ; 1.018      ;
; 0.901 ; BCD_Down_Counter:U_COUNTER|low_bcd[3]                  ; Traffic_Light_FSM:U_FSM|current_state.ST_BRANCH_YELLOW ; Clock_Generator:U_CLK_GEN|clk_int ; Clock_Generator:U_CLK_GEN|clk_int ; 0.000        ; 0.036      ; 1.021      ;
; 0.901 ; BCD_Down_Counter:U_COUNTER|low_bcd[3]                  ; Traffic_Light_FSM:U_FSM|current_state.ST_BRANCH_GREEN  ; Clock_Generator:U_CLK_GEN|clk_int ; Clock_Generator:U_CLK_GEN|clk_int ; 0.000        ; 0.036      ; 1.021      ;
; 0.901 ; BCD_Down_Counter:U_COUNTER|low_bcd[3]                  ; Traffic_Light_FSM:U_FSM|current_state.ST_MAIN_YELLOW   ; Clock_Generator:U_CLK_GEN|clk_int ; Clock_Generator:U_CLK_GEN|clk_int ; 0.000        ; 0.036      ; 1.021      ;
; 0.946 ; BCD_Down_Counter:U_COUNTER|high_bcd[1]                 ; Traffic_Light_FSM:U_FSM|current_state.ST_BRANCH_YELLOW ; Clock_Generator:U_CLK_GEN|clk_int ; Clock_Generator:U_CLK_GEN|clk_int ; 0.000        ; 0.036      ; 1.066      ;
; 0.946 ; BCD_Down_Counter:U_COUNTER|high_bcd[1]                 ; Traffic_Light_FSM:U_FSM|current_state.ST_BRANCH_GREEN  ; Clock_Generator:U_CLK_GEN|clk_int ; Clock_Generator:U_CLK_GEN|clk_int ; 0.000        ; 0.036      ; 1.066      ;
; 0.946 ; BCD_Down_Counter:U_COUNTER|high_bcd[1]                 ; Traffic_Light_FSM:U_FSM|current_state.ST_MAIN_YELLOW   ; Clock_Generator:U_CLK_GEN|clk_int ; Clock_Generator:U_CLK_GEN|clk_int ; 0.000        ; 0.036      ; 1.066      ;
; 0.948 ; BCD_Down_Counter:U_COUNTER|high_bcd[0]                 ; Traffic_Light_FSM:U_FSM|current_state.ST_BRANCH_YELLOW ; Clock_Generator:U_CLK_GEN|clk_int ; Clock_Generator:U_CLK_GEN|clk_int ; 0.000        ; 0.036      ; 1.068      ;
; 0.948 ; BCD_Down_Counter:U_COUNTER|high_bcd[0]                 ; Traffic_Light_FSM:U_FSM|current_state.ST_BRANCH_GREEN  ; Clock_Generator:U_CLK_GEN|clk_int ; Clock_Generator:U_CLK_GEN|clk_int ; 0.000        ; 0.036      ; 1.068      ;
; 0.948 ; BCD_Down_Counter:U_COUNTER|high_bcd[0]                 ; Traffic_Light_FSM:U_FSM|current_state.ST_MAIN_YELLOW   ; Clock_Generator:U_CLK_GEN|clk_int ; Clock_Generator:U_CLK_GEN|clk_int ; 0.000        ; 0.036      ; 1.068      ;
; 0.952 ; BCD_Down_Counter:U_COUNTER|low_bcd[2]                  ; BCD_Down_Counter:U_COUNTER|high_bcd[0]                 ; Clock_Generator:U_CLK_GEN|clk_int ; Clock_Generator:U_CLK_GEN|clk_int ; 0.000        ; 0.037      ; 1.073      ;
; 0.952 ; BCD_Down_Counter:U_COUNTER|low_bcd[2]                  ; BCD_Down_Counter:U_COUNTER|high_bcd[1]                 ; Clock_Generator:U_CLK_GEN|clk_int ; Clock_Generator:U_CLK_GEN|clk_int ; 0.000        ; 0.037      ; 1.073      ;
; 0.952 ; BCD_Down_Counter:U_COUNTER|low_bcd[2]                  ; BCD_Down_Counter:U_COUNTER|high_bcd[2]                 ; Clock_Generator:U_CLK_GEN|clk_int ; Clock_Generator:U_CLK_GEN|clk_int ; 0.000        ; 0.037      ; 1.073      ;
; 0.956 ; BCD_Down_Counter:U_COUNTER|low_bcd[2]                  ; Traffic_Light_FSM:U_FSM|current_state.ST_BRANCH_YELLOW ; Clock_Generator:U_CLK_GEN|clk_int ; Clock_Generator:U_CLK_GEN|clk_int ; 0.000        ; 0.036      ; 1.076      ;
; 0.956 ; BCD_Down_Counter:U_COUNTER|low_bcd[2]                  ; Traffic_Light_FSM:U_FSM|current_state.ST_BRANCH_GREEN  ; Clock_Generator:U_CLK_GEN|clk_int ; Clock_Generator:U_CLK_GEN|clk_int ; 0.000        ; 0.036      ; 1.076      ;
; 0.956 ; BCD_Down_Counter:U_COUNTER|low_bcd[2]                  ; Traffic_Light_FSM:U_FSM|current_state.ST_MAIN_YELLOW   ; Clock_Generator:U_CLK_GEN|clk_int ; Clock_Generator:U_CLK_GEN|clk_int ; 0.000        ; 0.036      ; 1.076      ;
; 1.026 ; BCD_Down_Counter:U_COUNTER|low_bcd[1]                  ; BCD_Down_Counter:U_COUNTER|high_bcd[0]                 ; Clock_Generator:U_CLK_GEN|clk_int ; Clock_Generator:U_CLK_GEN|clk_int ; 0.000        ; 0.037      ; 1.147      ;
; 1.026 ; BCD_Down_Counter:U_COUNTER|low_bcd[1]                  ; BCD_Down_Counter:U_COUNTER|high_bcd[1]                 ; Clock_Generator:U_CLK_GEN|clk_int ; Clock_Generator:U_CLK_GEN|clk_int ; 0.000        ; 0.037      ; 1.147      ;
; 1.026 ; BCD_Down_Counter:U_COUNTER|low_bcd[1]                  ; BCD_Down_Counter:U_COUNTER|high_bcd[2]                 ; Clock_Generator:U_CLK_GEN|clk_int ; Clock_Generator:U_CLK_GEN|clk_int ; 0.000        ; 0.037      ; 1.147      ;
; 1.030 ; BCD_Down_Counter:U_COUNTER|low_bcd[1]                  ; Traffic_Light_FSM:U_FSM|current_state.ST_BRANCH_YELLOW ; Clock_Generator:U_CLK_GEN|clk_int ; Clock_Generator:U_CLK_GEN|clk_int ; 0.000        ; 0.036      ; 1.150      ;
; 1.030 ; BCD_Down_Counter:U_COUNTER|low_bcd[1]                  ; Traffic_Light_FSM:U_FSM|current_state.ST_BRANCH_GREEN  ; Clock_Generator:U_CLK_GEN|clk_int ; Clock_Generator:U_CLK_GEN|clk_int ; 0.000        ; 0.036      ; 1.150      ;
; 1.030 ; BCD_Down_Counter:U_COUNTER|low_bcd[1]                  ; Traffic_Light_FSM:U_FSM|current_state.ST_MAIN_YELLOW   ; Clock_Generator:U_CLK_GEN|clk_int ; Clock_Generator:U_CLK_GEN|clk_int ; 0.000        ; 0.036      ; 1.150      ;
+-------+--------------------------------------------------------+--------------------------------------------------------+-----------------------------------+-----------------------------------+--------------+------------+------------+


+----------------------------------------------------------------------------------------------------------------------------+
; Fast 1200mV 0C Model Minimum Pulse Width: 'clk_50MHz'                                                                      ;
+--------+--------------+----------------+------------------+-----------+------------+---------------------------------------+
; Slack  ; Actual Width ; Required Width ; Type             ; Clock     ; Clock Edge ; Target                                ;
+--------+--------------+----------------+------------------+-----------+------------+---------------------------------------+
; -3.000 ; 1.000        ; 4.000          ; Port Rate        ; clk_50MHz ; Rise       ; clk_50MHz                             ;
; -1.000 ; 1.000        ; 2.000          ; Min Period       ; clk_50MHz ; Rise       ; Clock_Generator:U_CLK_GEN|clk_int     ;
; -1.000 ; 1.000        ; 2.000          ; Min Period       ; clk_50MHz ; Rise       ; Clock_Generator:U_CLK_GEN|counter[0]  ;
; -1.000 ; 1.000        ; 2.000          ; Min Period       ; clk_50MHz ; Rise       ; Clock_Generator:U_CLK_GEN|counter[10] ;
; -1.000 ; 1.000        ; 2.000          ; Min Period       ; clk_50MHz ; Rise       ; Clock_Generator:U_CLK_GEN|counter[11] ;
; -1.000 ; 1.000        ; 2.000          ; Min Period       ; clk_50MHz ; Rise       ; Clock_Generator:U_CLK_GEN|counter[12] ;
; -1.000 ; 1.000        ; 2.000          ; Min Period       ; clk_50MHz ; Rise       ; Clock_Generator:U_CLK_GEN|counter[13] ;
; -1.000 ; 1.000        ; 2.000          ; Min Period       ; clk_50MHz ; Rise       ; Clock_Generator:U_CLK_GEN|counter[14] ;
; -1.000 ; 1.000        ; 2.000          ; Min Period       ; clk_50MHz ; Rise       ; Clock_Generator:U_CLK_GEN|counter[15] ;
; -1.000 ; 1.000        ; 2.000          ; Min Period       ; clk_50MHz ; Rise       ; Clock_Generator:U_CLK_GEN|counter[16] ;
; -1.000 ; 1.000        ; 2.000          ; Min Period       ; clk_50MHz ; Rise       ; Clock_Generator:U_CLK_GEN|counter[17] ;
; -1.000 ; 1.000        ; 2.000          ; Min Period       ; clk_50MHz ; Rise       ; Clock_Generator:U_CLK_GEN|counter[18] ;
; -1.000 ; 1.000        ; 2.000          ; Min Period       ; clk_50MHz ; Rise       ; Clock_Generator:U_CLK_GEN|counter[19] ;
; -1.000 ; 1.000        ; 2.000          ; Min Period       ; clk_50MHz ; Rise       ; Clock_Generator:U_CLK_GEN|counter[1]  ;
; -1.000 ; 1.000        ; 2.000          ; Min Period       ; clk_50MHz ; Rise       ; Clock_Generator:U_CLK_GEN|counter[20] ;
; -1.000 ; 1.000        ; 2.000          ; Min Period       ; clk_50MHz ; Rise       ; Clock_Generator:U_CLK_GEN|counter[21] ;
; -1.000 ; 1.000        ; 2.000          ; Min Period       ; clk_50MHz ; Rise       ; Clock_Generator:U_CLK_GEN|counter[22] ;
; -1.000 ; 1.000        ; 2.000          ; Min Period       ; clk_50MHz ; Rise       ; Clock_Generator:U_CLK_GEN|counter[23] ;
; -1.000 ; 1.000        ; 2.000          ; Min Period       ; clk_50MHz ; Rise       ; Clock_Generator:U_CLK_GEN|counter[24] ;
; -1.000 ; 1.000        ; 2.000          ; Min Period       ; clk_50MHz ; Rise       ; Clock_Generator:U_CLK_GEN|counter[25] ;
; -1.000 ; 1.000        ; 2.000          ; Min Period       ; clk_50MHz ; Rise       ; Clock_Generator:U_CLK_GEN|counter[2]  ;
; -1.000 ; 1.000        ; 2.000          ; Min Period       ; clk_50MHz ; Rise       ; Clock_Generator:U_CLK_GEN|counter[3]  ;
; -1.000 ; 1.000        ; 2.000          ; Min Period       ; clk_50MHz ; Rise       ; Clock_Generator:U_CLK_GEN|counter[4]  ;
; -1.000 ; 1.000        ; 2.000          ; Min Period       ; clk_50MHz ; Rise       ; Clock_Generator:U_CLK_GEN|counter[5]  ;
; -1.000 ; 1.000        ; 2.000          ; Min Period       ; clk_50MHz ; Rise       ; Clock_Generator:U_CLK_GEN|counter[6]  ;
; -1.000 ; 1.000        ; 2.000          ; Min Period       ; clk_50MHz ; Rise       ; Clock_Generator:U_CLK_GEN|counter[7]  ;
; -1.000 ; 1.000        ; 2.000          ; Min Period       ; clk_50MHz ; Rise       ; Clock_Generator:U_CLK_GEN|counter[8]  ;
; -1.000 ; 1.000        ; 2.000          ; Min Period       ; clk_50MHz ; Rise       ; Clock_Generator:U_CLK_GEN|counter[9]  ;
; -0.237 ; -0.053       ; 0.184          ; Low Pulse Width  ; clk_50MHz ; Rise       ; Clock_Generator:U_CLK_GEN|clk_int     ;
; -0.237 ; -0.053       ; 0.184          ; Low Pulse Width  ; clk_50MHz ; Rise       ; Clock_Generator:U_CLK_GEN|counter[0]  ;
; -0.237 ; -0.053       ; 0.184          ; Low Pulse Width  ; clk_50MHz ; Rise       ; Clock_Generator:U_CLK_GEN|counter[10] ;
; -0.237 ; -0.053       ; 0.184          ; Low Pulse Width  ; clk_50MHz ; Rise       ; Clock_Generator:U_CLK_GEN|counter[11] ;
; -0.237 ; -0.053       ; 0.184          ; Low Pulse Width  ; clk_50MHz ; Rise       ; Clock_Generator:U_CLK_GEN|counter[12] ;
; -0.237 ; -0.053       ; 0.184          ; Low Pulse Width  ; clk_50MHz ; Rise       ; Clock_Generator:U_CLK_GEN|counter[13] ;
; -0.237 ; -0.053       ; 0.184          ; Low Pulse Width  ; clk_50MHz ; Rise       ; Clock_Generator:U_CLK_GEN|counter[14] ;
; -0.237 ; -0.053       ; 0.184          ; Low Pulse Width  ; clk_50MHz ; Rise       ; Clock_Generator:U_CLK_GEN|counter[15] ;
; -0.237 ; -0.053       ; 0.184          ; Low Pulse Width  ; clk_50MHz ; Rise       ; Clock_Generator:U_CLK_GEN|counter[16] ;
; -0.237 ; -0.053       ; 0.184          ; Low Pulse Width  ; clk_50MHz ; Rise       ; Clock_Generator:U_CLK_GEN|counter[17] ;
; -0.237 ; -0.053       ; 0.184          ; Low Pulse Width  ; clk_50MHz ; Rise       ; Clock_Generator:U_CLK_GEN|counter[18] ;
; -0.237 ; -0.053       ; 0.184          ; Low Pulse Width  ; clk_50MHz ; Rise       ; Clock_Generator:U_CLK_GEN|counter[19] ;
; -0.237 ; -0.053       ; 0.184          ; Low Pulse Width  ; clk_50MHz ; Rise       ; Clock_Generator:U_CLK_GEN|counter[1]  ;
; -0.237 ; -0.053       ; 0.184          ; Low Pulse Width  ; clk_50MHz ; Rise       ; Clock_Generator:U_CLK_GEN|counter[20] ;
; -0.237 ; -0.053       ; 0.184          ; Low Pulse Width  ; clk_50MHz ; Rise       ; Clock_Generator:U_CLK_GEN|counter[21] ;
; -0.237 ; -0.053       ; 0.184          ; Low Pulse Width  ; clk_50MHz ; Rise       ; Clock_Generator:U_CLK_GEN|counter[22] ;
; -0.237 ; -0.053       ; 0.184          ; Low Pulse Width  ; clk_50MHz ; Rise       ; Clock_Generator:U_CLK_GEN|counter[23] ;
; -0.237 ; -0.053       ; 0.184          ; Low Pulse Width  ; clk_50MHz ; Rise       ; Clock_Generator:U_CLK_GEN|counter[24] ;
; -0.237 ; -0.053       ; 0.184          ; Low Pulse Width  ; clk_50MHz ; Rise       ; Clock_Generator:U_CLK_GEN|counter[25] ;
; -0.237 ; -0.053       ; 0.184          ; Low Pulse Width  ; clk_50MHz ; Rise       ; Clock_Generator:U_CLK_GEN|counter[2]  ;
; -0.237 ; -0.053       ; 0.184          ; Low Pulse Width  ; clk_50MHz ; Rise       ; Clock_Generator:U_CLK_GEN|counter[3]  ;
; -0.237 ; -0.053       ; 0.184          ; Low Pulse Width  ; clk_50MHz ; Rise       ; Clock_Generator:U_CLK_GEN|counter[4]  ;
; -0.237 ; -0.053       ; 0.184          ; Low Pulse Width  ; clk_50MHz ; Rise       ; Clock_Generator:U_CLK_GEN|counter[5]  ;
; -0.237 ; -0.053       ; 0.184          ; Low Pulse Width  ; clk_50MHz ; Rise       ; Clock_Generator:U_CLK_GEN|counter[6]  ;
; -0.237 ; -0.053       ; 0.184          ; Low Pulse Width  ; clk_50MHz ; Rise       ; Clock_Generator:U_CLK_GEN|counter[7]  ;
; -0.237 ; -0.053       ; 0.184          ; Low Pulse Width  ; clk_50MHz ; Rise       ; Clock_Generator:U_CLK_GEN|counter[8]  ;
; -0.237 ; -0.053       ; 0.184          ; Low Pulse Width  ; clk_50MHz ; Rise       ; Clock_Generator:U_CLK_GEN|counter[9]  ;
; -0.057 ; -0.057       ; 0.000          ; Low Pulse Width  ; clk_50MHz ; Rise       ; U_CLK_GEN|clk_int|clk                 ;
; -0.057 ; -0.057       ; 0.000          ; Low Pulse Width  ; clk_50MHz ; Rise       ; U_CLK_GEN|counter[0]|clk              ;
; -0.057 ; -0.057       ; 0.000          ; Low Pulse Width  ; clk_50MHz ; Rise       ; U_CLK_GEN|counter[10]|clk             ;
; -0.057 ; -0.057       ; 0.000          ; Low Pulse Width  ; clk_50MHz ; Rise       ; U_CLK_GEN|counter[11]|clk             ;
; -0.057 ; -0.057       ; 0.000          ; Low Pulse Width  ; clk_50MHz ; Rise       ; U_CLK_GEN|counter[12]|clk             ;
; -0.057 ; -0.057       ; 0.000          ; Low Pulse Width  ; clk_50MHz ; Rise       ; U_CLK_GEN|counter[13]|clk             ;
; -0.057 ; -0.057       ; 0.000          ; Low Pulse Width  ; clk_50MHz ; Rise       ; U_CLK_GEN|counter[14]|clk             ;
; -0.057 ; -0.057       ; 0.000          ; Low Pulse Width  ; clk_50MHz ; Rise       ; U_CLK_GEN|counter[15]|clk             ;
; -0.057 ; -0.057       ; 0.000          ; Low Pulse Width  ; clk_50MHz ; Rise       ; U_CLK_GEN|counter[16]|clk             ;
; -0.057 ; -0.057       ; 0.000          ; Low Pulse Width  ; clk_50MHz ; Rise       ; U_CLK_GEN|counter[17]|clk             ;
; -0.057 ; -0.057       ; 0.000          ; Low Pulse Width  ; clk_50MHz ; Rise       ; U_CLK_GEN|counter[18]|clk             ;
; -0.057 ; -0.057       ; 0.000          ; Low Pulse Width  ; clk_50MHz ; Rise       ; U_CLK_GEN|counter[19]|clk             ;
; -0.057 ; -0.057       ; 0.000          ; Low Pulse Width  ; clk_50MHz ; Rise       ; U_CLK_GEN|counter[1]|clk              ;
; -0.057 ; -0.057       ; 0.000          ; Low Pulse Width  ; clk_50MHz ; Rise       ; U_CLK_GEN|counter[20]|clk             ;
; -0.057 ; -0.057       ; 0.000          ; Low Pulse Width  ; clk_50MHz ; Rise       ; U_CLK_GEN|counter[21]|clk             ;
; -0.057 ; -0.057       ; 0.000          ; Low Pulse Width  ; clk_50MHz ; Rise       ; U_CLK_GEN|counter[22]|clk             ;
; -0.057 ; -0.057       ; 0.000          ; Low Pulse Width  ; clk_50MHz ; Rise       ; U_CLK_GEN|counter[23]|clk             ;
; -0.057 ; -0.057       ; 0.000          ; Low Pulse Width  ; clk_50MHz ; Rise       ; U_CLK_GEN|counter[24]|clk             ;
; -0.057 ; -0.057       ; 0.000          ; Low Pulse Width  ; clk_50MHz ; Rise       ; U_CLK_GEN|counter[25]|clk             ;
; -0.057 ; -0.057       ; 0.000          ; Low Pulse Width  ; clk_50MHz ; Rise       ; U_CLK_GEN|counter[2]|clk              ;
; -0.057 ; -0.057       ; 0.000          ; Low Pulse Width  ; clk_50MHz ; Rise       ; U_CLK_GEN|counter[3]|clk              ;
; -0.057 ; -0.057       ; 0.000          ; Low Pulse Width  ; clk_50MHz ; Rise       ; U_CLK_GEN|counter[4]|clk              ;
; -0.057 ; -0.057       ; 0.000          ; Low Pulse Width  ; clk_50MHz ; Rise       ; U_CLK_GEN|counter[5]|clk              ;
; -0.057 ; -0.057       ; 0.000          ; Low Pulse Width  ; clk_50MHz ; Rise       ; U_CLK_GEN|counter[6]|clk              ;
; -0.057 ; -0.057       ; 0.000          ; Low Pulse Width  ; clk_50MHz ; Rise       ; U_CLK_GEN|counter[7]|clk              ;
; -0.057 ; -0.057       ; 0.000          ; Low Pulse Width  ; clk_50MHz ; Rise       ; U_CLK_GEN|counter[8]|clk              ;
; -0.057 ; -0.057       ; 0.000          ; Low Pulse Width  ; clk_50MHz ; Rise       ; U_CLK_GEN|counter[9]|clk              ;
; -0.052 ; -0.052       ; 0.000          ; Low Pulse Width  ; clk_50MHz ; Rise       ; clk_50MHz~input|o                     ;
; -0.033 ; -0.033       ; 0.000          ; Low Pulse Width  ; clk_50MHz ; Rise       ; clk_50MHz~inputclkctrl|inclk[0]       ;
; -0.033 ; -0.033       ; 0.000          ; Low Pulse Width  ; clk_50MHz ; Rise       ; clk_50MHz~inputclkctrl|outclk         ;
; 0.500  ; 0.500        ; 0.000          ; High Pulse Width ; clk_50MHz ; Rise       ; clk_50MHz~input|i                     ;
; 0.500  ; 0.500        ; 0.000          ; Low Pulse Width  ; clk_50MHz ; Rise       ; clk_50MHz~input|i                     ;
; 0.835  ; 1.051        ; 0.216          ; High Pulse Width ; clk_50MHz ; Rise       ; Clock_Generator:U_CLK_GEN|clk_int     ;
; 0.835  ; 1.051        ; 0.216          ; High Pulse Width ; clk_50MHz ; Rise       ; Clock_Generator:U_CLK_GEN|counter[0]  ;
; 0.835  ; 1.051        ; 0.216          ; High Pulse Width ; clk_50MHz ; Rise       ; Clock_Generator:U_CLK_GEN|counter[10] ;
; 0.835  ; 1.051        ; 0.216          ; High Pulse Width ; clk_50MHz ; Rise       ; Clock_Generator:U_CLK_GEN|counter[11] ;
; 0.835  ; 1.051        ; 0.216          ; High Pulse Width ; clk_50MHz ; Rise       ; Clock_Generator:U_CLK_GEN|counter[12] ;
; 0.835  ; 1.051        ; 0.216          ; High Pulse Width ; clk_50MHz ; Rise       ; Clock_Generator:U_CLK_GEN|counter[13] ;
; 0.835  ; 1.051        ; 0.216          ; High Pulse Width ; clk_50MHz ; Rise       ; Clock_Generator:U_CLK_GEN|counter[14] ;
; 0.835  ; 1.051        ; 0.216          ; High Pulse Width ; clk_50MHz ; Rise       ; Clock_Generator:U_CLK_GEN|counter[15] ;
; 0.835  ; 1.051        ; 0.216          ; High Pulse Width ; clk_50MHz ; Rise       ; Clock_Generator:U_CLK_GEN|counter[16] ;
; 0.835  ; 1.051        ; 0.216          ; High Pulse Width ; clk_50MHz ; Rise       ; Clock_Generator:U_CLK_GEN|counter[17] ;
; 0.835  ; 1.051        ; 0.216          ; High Pulse Width ; clk_50MHz ; Rise       ; Clock_Generator:U_CLK_GEN|counter[18] ;
; 0.835  ; 1.051        ; 0.216          ; High Pulse Width ; clk_50MHz ; Rise       ; Clock_Generator:U_CLK_GEN|counter[19] ;
; 0.835  ; 1.051        ; 0.216          ; High Pulse Width ; clk_50MHz ; Rise       ; Clock_Generator:U_CLK_GEN|counter[1]  ;
+--------+--------------+----------------+------------------+-----------+------------+---------------------------------------+


+---------------------------------------------------------------------------------------------------------------------------------------------------------------------+
; Fast 1200mV 0C Model Minimum Pulse Width: 'Clock_Generator:U_CLK_GEN|clk_int'                                                                                       ;
+--------+--------------+----------------+------------------+-----------------------------------+------------+--------------------------------------------------------+
; Slack  ; Actual Width ; Required Width ; Type             ; Clock                             ; Clock Edge ; Target                                                 ;
+--------+--------------+----------------+------------------+-----------------------------------+------------+--------------------------------------------------------+
; -1.000 ; 1.000        ; 2.000          ; Min Period       ; Clock_Generator:U_CLK_GEN|clk_int ; Rise       ; BCD_Down_Counter:U_COUNTER|high_bcd[0]                 ;
; -1.000 ; 1.000        ; 2.000          ; Min Period       ; Clock_Generator:U_CLK_GEN|clk_int ; Rise       ; BCD_Down_Counter:U_COUNTER|high_bcd[1]                 ;
; -1.000 ; 1.000        ; 2.000          ; Min Period       ; Clock_Generator:U_CLK_GEN|clk_int ; Rise       ; BCD_Down_Counter:U_COUNTER|high_bcd[2]                 ;
; -1.000 ; 1.000        ; 2.000          ; Min Period       ; Clock_Generator:U_CLK_GEN|clk_int ; Rise       ; BCD_Down_Counter:U_COUNTER|low_bcd[0]                  ;
; -1.000 ; 1.000        ; 2.000          ; Min Period       ; Clock_Generator:U_CLK_GEN|clk_int ; Rise       ; BCD_Down_Counter:U_COUNTER|low_bcd[1]                  ;
; -1.000 ; 1.000        ; 2.000          ; Min Period       ; Clock_Generator:U_CLK_GEN|clk_int ; Rise       ; BCD_Down_Counter:U_COUNTER|low_bcd[2]                  ;
; -1.000 ; 1.000        ; 2.000          ; Min Period       ; Clock_Generator:U_CLK_GEN|clk_int ; Rise       ; BCD_Down_Counter:U_COUNTER|low_bcd[3]                  ;
; -1.000 ; 1.000        ; 2.000          ; Min Period       ; Clock_Generator:U_CLK_GEN|clk_int ; Rise       ; Traffic_Light_FSM:U_FSM|branch_green                   ;
; -1.000 ; 1.000        ; 2.000          ; Min Period       ; Clock_Generator:U_CLK_GEN|clk_int ; Rise       ; Traffic_Light_FSM:U_FSM|branch_red                     ;
; -1.000 ; 1.000        ; 2.000          ; Min Period       ; Clock_Generator:U_CLK_GEN|clk_int ; Rise       ; Traffic_Light_FSM:U_FSM|branch_yellow                  ;
; -1.000 ; 1.000        ; 2.000          ; Min Period       ; Clock_Generator:U_CLK_GEN|clk_int ; Rise       ; Traffic_Light_FSM:U_FSM|current_state.ST_BRANCH_GREEN  ;
; -1.000 ; 1.000        ; 2.000          ; Min Period       ; Clock_Generator:U_CLK_GEN|clk_int ; Rise       ; Traffic_Light_FSM:U_FSM|current_state.ST_BRANCH_YELLOW ;
; -1.000 ; 1.000        ; 2.000          ; Min Period       ; Clock_Generator:U_CLK_GEN|clk_int ; Rise       ; Traffic_Light_FSM:U_FSM|current_state.ST_IDLE          ;
; -1.000 ; 1.000        ; 2.000          ; Min Period       ; Clock_Generator:U_CLK_GEN|clk_int ; Rise       ; Traffic_Light_FSM:U_FSM|current_state.ST_MAIN_GREEN    ;
; -1.000 ; 1.000        ; 2.000          ; Min Period       ; Clock_Generator:U_CLK_GEN|clk_int ; Rise       ; Traffic_Light_FSM:U_FSM|current_state.ST_MAIN_YELLOW   ;
; -1.000 ; 1.000        ; 2.000          ; Min Period       ; Clock_Generator:U_CLK_GEN|clk_int ; Rise       ; Traffic_Light_FSM:U_FSM|load_value[0]                  ;
; -1.000 ; 1.000        ; 2.000          ; Min Period       ; Clock_Generator:U_CLK_GEN|clk_int ; Rise       ; Traffic_Light_FSM:U_FSM|load_value[5]                  ;
; -1.000 ; 1.000        ; 2.000          ; Min Period       ; Clock_Generator:U_CLK_GEN|clk_int ; Rise       ; Traffic_Light_FSM:U_FSM|load_value[6]                  ;
; -1.000 ; 1.000        ; 2.000          ; Min Period       ; Clock_Generator:U_CLK_GEN|clk_int ; Rise       ; Traffic_Light_FSM:U_FSM|main_green                     ;
; -1.000 ; 1.000        ; 2.000          ; Min Period       ; Clock_Generator:U_CLK_GEN|clk_int ; Rise       ; Traffic_Light_FSM:U_FSM|main_red                       ;
; -1.000 ; 1.000        ; 2.000          ; Min Period       ; Clock_Generator:U_CLK_GEN|clk_int ; Rise       ; Traffic_Light_FSM:U_FSM|main_yellow                    ;
; 0.258  ; 0.442        ; 0.184          ; Low Pulse Width  ; Clock_Generator:U_CLK_GEN|clk_int ; Rise       ; Traffic_Light_FSM:U_FSM|branch_green                   ;
; 0.258  ; 0.442        ; 0.184          ; Low Pulse Width  ; Clock_Generator:U_CLK_GEN|clk_int ; Rise       ; Traffic_Light_FSM:U_FSM|branch_red                     ;
; 0.258  ; 0.442        ; 0.184          ; Low Pulse Width  ; Clock_Generator:U_CLK_GEN|clk_int ; Rise       ; Traffic_Light_FSM:U_FSM|branch_yellow                  ;
; 0.258  ; 0.442        ; 0.184          ; Low Pulse Width  ; Clock_Generator:U_CLK_GEN|clk_int ; Rise       ; Traffic_Light_FSM:U_FSM|current_state.ST_BRANCH_GREEN  ;
; 0.258  ; 0.442        ; 0.184          ; Low Pulse Width  ; Clock_Generator:U_CLK_GEN|clk_int ; Rise       ; Traffic_Light_FSM:U_FSM|current_state.ST_BRANCH_YELLOW ;
; 0.258  ; 0.442        ; 0.184          ; Low Pulse Width  ; Clock_Generator:U_CLK_GEN|clk_int ; Rise       ; Traffic_Light_FSM:U_FSM|current_state.ST_IDLE          ;
; 0.258  ; 0.442        ; 0.184          ; Low Pulse Width  ; Clock_Generator:U_CLK_GEN|clk_int ; Rise       ; Traffic_Light_FSM:U_FSM|current_state.ST_MAIN_GREEN    ;
; 0.258  ; 0.442        ; 0.184          ; Low Pulse Width  ; Clock_Generator:U_CLK_GEN|clk_int ; Rise       ; Traffic_Light_FSM:U_FSM|current_state.ST_MAIN_YELLOW   ;
; 0.258  ; 0.442        ; 0.184          ; Low Pulse Width  ; Clock_Generator:U_CLK_GEN|clk_int ; Rise       ; Traffic_Light_FSM:U_FSM|main_green                     ;
; 0.258  ; 0.442        ; 0.184          ; Low Pulse Width  ; Clock_Generator:U_CLK_GEN|clk_int ; Rise       ; Traffic_Light_FSM:U_FSM|main_red                       ;
; 0.258  ; 0.442        ; 0.184          ; Low Pulse Width  ; Clock_Generator:U_CLK_GEN|clk_int ; Rise       ; Traffic_Light_FSM:U_FSM|main_yellow                    ;
; 0.259  ; 0.443        ; 0.184          ; Low Pulse Width  ; Clock_Generator:U_CLK_GEN|clk_int ; Rise       ; BCD_Down_Counter:U_COUNTER|high_bcd[0]                 ;
; 0.259  ; 0.443        ; 0.184          ; Low Pulse Width  ; Clock_Generator:U_CLK_GEN|clk_int ; Rise       ; BCD_Down_Counter:U_COUNTER|high_bcd[1]                 ;
; 0.259  ; 0.443        ; 0.184          ; Low Pulse Width  ; Clock_Generator:U_CLK_GEN|clk_int ; Rise       ; BCD_Down_Counter:U_COUNTER|high_bcd[2]                 ;
; 0.259  ; 0.443        ; 0.184          ; Low Pulse Width  ; Clock_Generator:U_CLK_GEN|clk_int ; Rise       ; BCD_Down_Counter:U_COUNTER|low_bcd[0]                  ;
; 0.259  ; 0.443        ; 0.184          ; Low Pulse Width  ; Clock_Generator:U_CLK_GEN|clk_int ; Rise       ; BCD_Down_Counter:U_COUNTER|low_bcd[1]                  ;
; 0.259  ; 0.443        ; 0.184          ; Low Pulse Width  ; Clock_Generator:U_CLK_GEN|clk_int ; Rise       ; BCD_Down_Counter:U_COUNTER|low_bcd[2]                  ;
; 0.259  ; 0.443        ; 0.184          ; Low Pulse Width  ; Clock_Generator:U_CLK_GEN|clk_int ; Rise       ; BCD_Down_Counter:U_COUNTER|low_bcd[3]                  ;
; 0.259  ; 0.443        ; 0.184          ; Low Pulse Width  ; Clock_Generator:U_CLK_GEN|clk_int ; Rise       ; Traffic_Light_FSM:U_FSM|load_value[0]                  ;
; 0.259  ; 0.443        ; 0.184          ; Low Pulse Width  ; Clock_Generator:U_CLK_GEN|clk_int ; Rise       ; Traffic_Light_FSM:U_FSM|load_value[5]                  ;
; 0.259  ; 0.443        ; 0.184          ; Low Pulse Width  ; Clock_Generator:U_CLK_GEN|clk_int ; Rise       ; Traffic_Light_FSM:U_FSM|load_value[6]                  ;
; 0.337  ; 0.553        ; 0.216          ; High Pulse Width ; Clock_Generator:U_CLK_GEN|clk_int ; Rise       ; Traffic_Light_FSM:U_FSM|main_red                       ;
; 0.338  ; 0.554        ; 0.216          ; High Pulse Width ; Clock_Generator:U_CLK_GEN|clk_int ; Rise       ; BCD_Down_Counter:U_COUNTER|high_bcd[0]                 ;
; 0.338  ; 0.554        ; 0.216          ; High Pulse Width ; Clock_Generator:U_CLK_GEN|clk_int ; Rise       ; BCD_Down_Counter:U_COUNTER|high_bcd[1]                 ;
; 0.338  ; 0.554        ; 0.216          ; High Pulse Width ; Clock_Generator:U_CLK_GEN|clk_int ; Rise       ; BCD_Down_Counter:U_COUNTER|high_bcd[2]                 ;
; 0.338  ; 0.554        ; 0.216          ; High Pulse Width ; Clock_Generator:U_CLK_GEN|clk_int ; Rise       ; BCD_Down_Counter:U_COUNTER|low_bcd[0]                  ;
; 0.338  ; 0.554        ; 0.216          ; High Pulse Width ; Clock_Generator:U_CLK_GEN|clk_int ; Rise       ; BCD_Down_Counter:U_COUNTER|low_bcd[1]                  ;
; 0.338  ; 0.554        ; 0.216          ; High Pulse Width ; Clock_Generator:U_CLK_GEN|clk_int ; Rise       ; BCD_Down_Counter:U_COUNTER|low_bcd[2]                  ;
; 0.338  ; 0.554        ; 0.216          ; High Pulse Width ; Clock_Generator:U_CLK_GEN|clk_int ; Rise       ; BCD_Down_Counter:U_COUNTER|low_bcd[3]                  ;
; 0.338  ; 0.554        ; 0.216          ; High Pulse Width ; Clock_Generator:U_CLK_GEN|clk_int ; Rise       ; Traffic_Light_FSM:U_FSM|branch_green                   ;
; 0.338  ; 0.554        ; 0.216          ; High Pulse Width ; Clock_Generator:U_CLK_GEN|clk_int ; Rise       ; Traffic_Light_FSM:U_FSM|branch_red                     ;
; 0.338  ; 0.554        ; 0.216          ; High Pulse Width ; Clock_Generator:U_CLK_GEN|clk_int ; Rise       ; Traffic_Light_FSM:U_FSM|branch_yellow                  ;
; 0.338  ; 0.554        ; 0.216          ; High Pulse Width ; Clock_Generator:U_CLK_GEN|clk_int ; Rise       ; Traffic_Light_FSM:U_FSM|current_state.ST_BRANCH_GREEN  ;
; 0.338  ; 0.554        ; 0.216          ; High Pulse Width ; Clock_Generator:U_CLK_GEN|clk_int ; Rise       ; Traffic_Light_FSM:U_FSM|current_state.ST_BRANCH_YELLOW ;
; 0.338  ; 0.554        ; 0.216          ; High Pulse Width ; Clock_Generator:U_CLK_GEN|clk_int ; Rise       ; Traffic_Light_FSM:U_FSM|current_state.ST_IDLE          ;
; 0.338  ; 0.554        ; 0.216          ; High Pulse Width ; Clock_Generator:U_CLK_GEN|clk_int ; Rise       ; Traffic_Light_FSM:U_FSM|current_state.ST_MAIN_GREEN    ;
; 0.338  ; 0.554        ; 0.216          ; High Pulse Width ; Clock_Generator:U_CLK_GEN|clk_int ; Rise       ; Traffic_Light_FSM:U_FSM|current_state.ST_MAIN_YELLOW   ;
; 0.338  ; 0.554        ; 0.216          ; High Pulse Width ; Clock_Generator:U_CLK_GEN|clk_int ; Rise       ; Traffic_Light_FSM:U_FSM|load_value[0]                  ;
; 0.338  ; 0.554        ; 0.216          ; High Pulse Width ; Clock_Generator:U_CLK_GEN|clk_int ; Rise       ; Traffic_Light_FSM:U_FSM|load_value[5]                  ;
; 0.338  ; 0.554        ; 0.216          ; High Pulse Width ; Clock_Generator:U_CLK_GEN|clk_int ; Rise       ; Traffic_Light_FSM:U_FSM|load_value[6]                  ;
; 0.338  ; 0.554        ; 0.216          ; High Pulse Width ; Clock_Generator:U_CLK_GEN|clk_int ; Rise       ; Traffic_Light_FSM:U_FSM|main_green                     ;
; 0.338  ; 0.554        ; 0.216          ; High Pulse Width ; Clock_Generator:U_CLK_GEN|clk_int ; Rise       ; Traffic_Light_FSM:U_FSM|main_yellow                    ;
; 0.438  ; 0.438        ; 0.000          ; Low Pulse Width  ; Clock_Generator:U_CLK_GEN|clk_int ; Rise       ; U_FSM|branch_green|clk                                 ;
; 0.438  ; 0.438        ; 0.000          ; Low Pulse Width  ; Clock_Generator:U_CLK_GEN|clk_int ; Rise       ; U_FSM|branch_red|clk                                   ;
; 0.438  ; 0.438        ; 0.000          ; Low Pulse Width  ; Clock_Generator:U_CLK_GEN|clk_int ; Rise       ; U_FSM|branch_yellow|clk                                ;
; 0.438  ; 0.438        ; 0.000          ; Low Pulse Width  ; Clock_Generator:U_CLK_GEN|clk_int ; Rise       ; U_FSM|current_state.ST_BRANCH_GREEN|clk                ;
; 0.438  ; 0.438        ; 0.000          ; Low Pulse Width  ; Clock_Generator:U_CLK_GEN|clk_int ; Rise       ; U_FSM|current_state.ST_BRANCH_YELLOW|clk               ;
; 0.438  ; 0.438        ; 0.000          ; Low Pulse Width  ; Clock_Generator:U_CLK_GEN|clk_int ; Rise       ; U_FSM|current_state.ST_IDLE|clk                        ;
; 0.438  ; 0.438        ; 0.000          ; Low Pulse Width  ; Clock_Generator:U_CLK_GEN|clk_int ; Rise       ; U_FSM|current_state.ST_MAIN_GREEN|clk                  ;
; 0.438  ; 0.438        ; 0.000          ; Low Pulse Width  ; Clock_Generator:U_CLK_GEN|clk_int ; Rise       ; U_FSM|current_state.ST_MAIN_YELLOW|clk                 ;
; 0.438  ; 0.438        ; 0.000          ; Low Pulse Width  ; Clock_Generator:U_CLK_GEN|clk_int ; Rise       ; U_FSM|main_green|clk                                   ;
; 0.438  ; 0.438        ; 0.000          ; Low Pulse Width  ; Clock_Generator:U_CLK_GEN|clk_int ; Rise       ; U_FSM|main_red|clk                                     ;
; 0.438  ; 0.438        ; 0.000          ; Low Pulse Width  ; Clock_Generator:U_CLK_GEN|clk_int ; Rise       ; U_FSM|main_yellow|clk                                  ;
; 0.439  ; 0.439        ; 0.000          ; Low Pulse Width  ; Clock_Generator:U_CLK_GEN|clk_int ; Rise       ; U_COUNTER|high_bcd[0]|clk                              ;
; 0.439  ; 0.439        ; 0.000          ; Low Pulse Width  ; Clock_Generator:U_CLK_GEN|clk_int ; Rise       ; U_COUNTER|high_bcd[1]|clk                              ;
; 0.439  ; 0.439        ; 0.000          ; Low Pulse Width  ; Clock_Generator:U_CLK_GEN|clk_int ; Rise       ; U_COUNTER|high_bcd[2]|clk                              ;
; 0.439  ; 0.439        ; 0.000          ; Low Pulse Width  ; Clock_Generator:U_CLK_GEN|clk_int ; Rise       ; U_COUNTER|low_bcd[0]|clk                               ;
; 0.439  ; 0.439        ; 0.000          ; Low Pulse Width  ; Clock_Generator:U_CLK_GEN|clk_int ; Rise       ; U_COUNTER|low_bcd[1]|clk                               ;
; 0.439  ; 0.439        ; 0.000          ; Low Pulse Width  ; Clock_Generator:U_CLK_GEN|clk_int ; Rise       ; U_COUNTER|low_bcd[2]|clk                               ;
; 0.439  ; 0.439        ; 0.000          ; Low Pulse Width  ; Clock_Generator:U_CLK_GEN|clk_int ; Rise       ; U_COUNTER|low_bcd[3]|clk                               ;
; 0.439  ; 0.439        ; 0.000          ; Low Pulse Width  ; Clock_Generator:U_CLK_GEN|clk_int ; Rise       ; U_FSM|load_value[0]|clk                                ;
; 0.439  ; 0.439        ; 0.000          ; Low Pulse Width  ; Clock_Generator:U_CLK_GEN|clk_int ; Rise       ; U_FSM|load_value[5]|clk                                ;
; 0.439  ; 0.439        ; 0.000          ; Low Pulse Width  ; Clock_Generator:U_CLK_GEN|clk_int ; Rise       ; U_FSM|load_value[6]|clk                                ;
; 0.463  ; 0.463        ; 0.000          ; Low Pulse Width  ; Clock_Generator:U_CLK_GEN|clk_int ; Rise       ; U_CLK_GEN|clk_int~clkctrl|inclk[0]                     ;
; 0.463  ; 0.463        ; 0.000          ; Low Pulse Width  ; Clock_Generator:U_CLK_GEN|clk_int ; Rise       ; U_CLK_GEN|clk_int~clkctrl|outclk                       ;
; 0.500  ; 0.500        ; 0.000          ; High Pulse Width ; Clock_Generator:U_CLK_GEN|clk_int ; Rise       ; U_CLK_GEN|clk_int|q                                    ;
; 0.500  ; 0.500        ; 0.000          ; Low Pulse Width  ; Clock_Generator:U_CLK_GEN|clk_int ; Rise       ; U_CLK_GEN|clk_int|q                                    ;
; 0.536  ; 0.536        ; 0.000          ; High Pulse Width ; Clock_Generator:U_CLK_GEN|clk_int ; Rise       ; U_CLK_GEN|clk_int~clkctrl|inclk[0]                     ;
; 0.536  ; 0.536        ; 0.000          ; High Pulse Width ; Clock_Generator:U_CLK_GEN|clk_int ; Rise       ; U_CLK_GEN|clk_int~clkctrl|outclk                       ;
; 0.559  ; 0.559        ; 0.000          ; High Pulse Width ; Clock_Generator:U_CLK_GEN|clk_int ; Rise       ; U_FSM|main_red|clk                                     ;
; 0.560  ; 0.560        ; 0.000          ; High Pulse Width ; Clock_Generator:U_CLK_GEN|clk_int ; Rise       ; U_COUNTER|high_bcd[0]|clk                              ;
; 0.560  ; 0.560        ; 0.000          ; High Pulse Width ; Clock_Generator:U_CLK_GEN|clk_int ; Rise       ; U_COUNTER|high_bcd[1]|clk                              ;
; 0.560  ; 0.560        ; 0.000          ; High Pulse Width ; Clock_Generator:U_CLK_GEN|clk_int ; Rise       ; U_COUNTER|high_bcd[2]|clk                              ;
; 0.560  ; 0.560        ; 0.000          ; High Pulse Width ; Clock_Generator:U_CLK_GEN|clk_int ; Rise       ; U_COUNTER|low_bcd[0]|clk                               ;
; 0.560  ; 0.560        ; 0.000          ; High Pulse Width ; Clock_Generator:U_CLK_GEN|clk_int ; Rise       ; U_COUNTER|low_bcd[1]|clk                               ;
; 0.560  ; 0.560        ; 0.000          ; High Pulse Width ; Clock_Generator:U_CLK_GEN|clk_int ; Rise       ; U_COUNTER|low_bcd[2]|clk                               ;
; 0.560  ; 0.560        ; 0.000          ; High Pulse Width ; Clock_Generator:U_CLK_GEN|clk_int ; Rise       ; U_COUNTER|low_bcd[3]|clk                               ;
; 0.560  ; 0.560        ; 0.000          ; High Pulse Width ; Clock_Generator:U_CLK_GEN|clk_int ; Rise       ; U_FSM|branch_green|clk                                 ;
; 0.560  ; 0.560        ; 0.000          ; High Pulse Width ; Clock_Generator:U_CLK_GEN|clk_int ; Rise       ; U_FSM|branch_red|clk                                   ;
+--------+--------------+----------------+------------------+-----------------------------------+------------+--------------------------------------------------------+


+-----------------------------------------------------------------------------------------------------------------------+
; Setup Times                                                                                                           ;
+------------------+-----------------------------------+-------+-------+------------+-----------------------------------+
; Data Port        ; Clock Port                        ; Rise  ; Fall  ; Clock Edge ; Clock Reference                   ;
+------------------+-----------------------------------+-------+-------+------------+-----------------------------------+
; vehicle_detected ; Clock_Generator:U_CLK_GEN|clk_int ; 1.128 ; 1.923 ; Rise       ; Clock_Generator:U_CLK_GEN|clk_int ;
+------------------+-----------------------------------+-------+-------+------------+-----------------------------------+


+-------------------------------------------------------------------------------------------------------------------------+
; Hold Times                                                                                                              ;
+------------------+-----------------------------------+--------+--------+------------+-----------------------------------+
; Data Port        ; Clock Port                        ; Rise   ; Fall   ; Clock Edge ; Clock Reference                   ;
+------------------+-----------------------------------+--------+--------+------------+-----------------------------------+
; vehicle_detected ; Clock_Generator:U_CLK_GEN|clk_int ; -0.868 ; -1.649 ; Rise       ; Clock_Generator:U_CLK_GEN|clk_int ;
+------------------+-----------------------------------+--------+--------+------------+-----------------------------------+


+--------------------------------------------------------------------------------------------------------------------+
; Clock to Output Times                                                                                              ;
+---------------+-----------------------------------+-------+-------+------------+-----------------------------------+
; Data Port     ; Clock Port                        ; Rise  ; Fall  ; Clock Edge ; Clock Reference                   ;
+---------------+-----------------------------------+-------+-------+------------+-----------------------------------+
; branch_green  ; Clock_Generator:U_CLK_GEN|clk_int ; 3.254 ; 3.232 ; Rise       ; Clock_Generator:U_CLK_GEN|clk_int ;
; branch_red    ; Clock_Generator:U_CLK_GEN|clk_int ; 3.518 ; 3.541 ; Rise       ; Clock_Generator:U_CLK_GEN|clk_int ;
; branch_yellow ; Clock_Generator:U_CLK_GEN|clk_int ; 3.406 ; 3.424 ; Rise       ; Clock_Generator:U_CLK_GEN|clk_int ;
; main_green    ; Clock_Generator:U_CLK_GEN|clk_int ; 3.497 ; 3.532 ; Rise       ; Clock_Generator:U_CLK_GEN|clk_int ;
; main_red      ; Clock_Generator:U_CLK_GEN|clk_int ; 3.511 ; 3.533 ; Rise       ; Clock_Generator:U_CLK_GEN|clk_int ;
; main_yellow   ; Clock_Generator:U_CLK_GEN|clk_int ; 3.467 ; 3.505 ; Rise       ; Clock_Generator:U_CLK_GEN|clk_int ;
; seg_high[*]   ; Clock_Generator:U_CLK_GEN|clk_int ; 5.187 ; 4.937 ; Rise       ; Clock_Generator:U_CLK_GEN|clk_int ;
;  seg_high[0]  ; Clock_Generator:U_CLK_GEN|clk_int ; 3.604 ; 3.561 ; Rise       ; Clock_Generator:U_CLK_GEN|clk_int ;
;  seg_high[1]  ; Clock_Generator:U_CLK_GEN|clk_int ; 3.815 ; 3.828 ; Rise       ; Clock_Generator:U_CLK_GEN|clk_int ;
;  seg_high[2]  ; Clock_Generator:U_CLK_GEN|clk_int ; 5.187 ; 4.937 ; Rise       ; Clock_Generator:U_CLK_GEN|clk_int ;
;  seg_high[3]  ; Clock_Generator:U_CLK_GEN|clk_int ; 3.925 ; 3.899 ; Rise       ; Clock_Generator:U_CLK_GEN|clk_int ;
;  seg_high[4]  ; Clock_Generator:U_CLK_GEN|clk_int ; 3.592 ; 3.524 ; Rise       ; Clock_Generator:U_CLK_GEN|clk_int ;
;  seg_high[5]  ; Clock_Generator:U_CLK_GEN|clk_int ; 3.596 ; 3.524 ; Rise       ; Clock_Generator:U_CLK_GEN|clk_int ;
;  seg_high[6]  ; Clock_Generator:U_CLK_GEN|clk_int ; 3.532 ; 3.591 ; Rise       ; Clock_Generator:U_CLK_GEN|clk_int ;
; seg_low[*]    ; Clock_Generator:U_CLK_GEN|clk_int ; 4.308 ; 4.304 ; Rise       ; Clock_Generator:U_CLK_GEN|clk_int ;
;  seg_low[0]   ; Clock_Generator:U_CLK_GEN|clk_int ; 4.155 ; 4.130 ; Rise       ; Clock_Generator:U_CLK_GEN|clk_int ;
;  seg_low[1]   ; Clock_Generator:U_CLK_GEN|clk_int ; 4.206 ; 4.273 ; Rise       ; Clock_Generator:U_CLK_GEN|clk_int ;
;  seg_low[2]   ; Clock_Generator:U_CLK_GEN|clk_int ; 3.995 ; 4.096 ; Rise       ; Clock_Generator:U_CLK_GEN|clk_int ;
;  seg_low[3]   ; Clock_Generator:U_CLK_GEN|clk_int ; 4.308 ; 4.304 ; Rise       ; Clock_Generator:U_CLK_GEN|clk_int ;
;  seg_low[4]   ; Clock_Generator:U_CLK_GEN|clk_int ; 3.950 ; 4.030 ; Rise       ; Clock_Generator:U_CLK_GEN|clk_int ;
;  seg_low[5]   ; Clock_Generator:U_CLK_GEN|clk_int ; 4.040 ; 4.034 ; Rise       ; Clock_Generator:U_CLK_GEN|clk_int ;
;  seg_low[6]   ; Clock_Generator:U_CLK_GEN|clk_int ; 3.986 ; 3.993 ; Rise       ; Clock_Generator:U_CLK_GEN|clk_int ;
+---------------+-----------------------------------+-------+-------+------------+-----------------------------------+


+--------------------------------------------------------------------------------------------------------------------+
; Minimum Clock to Output Times                                                                                      ;
+---------------+-----------------------------------+-------+-------+------------+-----------------------------------+
; Data Port     ; Clock Port                        ; Rise  ; Fall  ; Clock Edge ; Clock Reference                   ;
+---------------+-----------------------------------+-------+-------+------------+-----------------------------------+
; branch_green  ; Clock_Generator:U_CLK_GEN|clk_int ; 3.143 ; 3.120 ; Rise       ; Clock_Generator:U_CLK_GEN|clk_int ;
; branch_red    ; Clock_Generator:U_CLK_GEN|clk_int ; 3.393 ; 3.412 ; Rise       ; Clock_Generator:U_CLK_GEN|clk_int ;
; branch_yellow ; Clock_Generator:U_CLK_GEN|clk_int ; 3.285 ; 3.300 ; Rise       ; Clock_Generator:U_CLK_GEN|clk_int ;
; main_green    ; Clock_Generator:U_CLK_GEN|clk_int ; 3.373 ; 3.405 ; Rise       ; Clock_Generator:U_CLK_GEN|clk_int ;
; main_red      ; Clock_Generator:U_CLK_GEN|clk_int ; 3.386 ; 3.405 ; Rise       ; Clock_Generator:U_CLK_GEN|clk_int ;
; main_yellow   ; Clock_Generator:U_CLK_GEN|clk_int ; 3.345 ; 3.379 ; Rise       ; Clock_Generator:U_CLK_GEN|clk_int ;
; seg_high[*]   ; Clock_Generator:U_CLK_GEN|clk_int ; 3.244 ; 3.273 ; Rise       ; Clock_Generator:U_CLK_GEN|clk_int ;
;  seg_high[0]  ; Clock_Generator:U_CLK_GEN|clk_int ; 3.302 ; 3.273 ; Rise       ; Clock_Generator:U_CLK_GEN|clk_int ;
;  seg_high[1]  ; Clock_Generator:U_CLK_GEN|clk_int ; 3.512 ; 3.517 ; Rise       ; Clock_Generator:U_CLK_GEN|clk_int ;
;  seg_high[2]  ; Clock_Generator:U_CLK_GEN|clk_int ; 4.926 ; 4.647 ; Rise       ; Clock_Generator:U_CLK_GEN|clk_int ;
;  seg_high[3]  ; Clock_Generator:U_CLK_GEN|clk_int ; 3.612 ; 3.597 ; Rise       ; Clock_Generator:U_CLK_GEN|clk_int ;
;  seg_high[4]  ; Clock_Generator:U_CLK_GEN|clk_int ; 3.298 ; 3.311 ; Rise       ; Clock_Generator:U_CLK_GEN|clk_int ;
;  seg_high[5]  ; Clock_Generator:U_CLK_GEN|clk_int ; 3.294 ; 3.306 ; Rise       ; Clock_Generator:U_CLK_GEN|clk_int ;
;  seg_high[6]  ; Clock_Generator:U_CLK_GEN|clk_int ; 3.244 ; 3.344 ; Rise       ; Clock_Generator:U_CLK_GEN|clk_int ;
; seg_low[*]    ; Clock_Generator:U_CLK_GEN|clk_int ; 3.548 ; 3.553 ; Rise       ; Clock_Generator:U_CLK_GEN|clk_int ;
;  seg_low[0]   ; Clock_Generator:U_CLK_GEN|clk_int ; 3.697 ; 3.694 ; Rise       ; Clock_Generator:U_CLK_GEN|clk_int ;
;  seg_low[1]   ; Clock_Generator:U_CLK_GEN|clk_int ; 3.849 ; 3.855 ; Rise       ; Clock_Generator:U_CLK_GEN|clk_int ;
;  seg_low[2]   ; Clock_Generator:U_CLK_GEN|clk_int ; 3.636 ; 3.714 ; Rise       ; Clock_Generator:U_CLK_GEN|clk_int ;
;  seg_low[3]   ; Clock_Generator:U_CLK_GEN|clk_int ; 3.841 ; 3.859 ; Rise       ; Clock_Generator:U_CLK_GEN|clk_int ;
;  seg_low[4]   ; Clock_Generator:U_CLK_GEN|clk_int ; 3.607 ; 3.626 ; Rise       ; Clock_Generator:U_CLK_GEN|clk_int ;
;  seg_low[5]   ; Clock_Generator:U_CLK_GEN|clk_int ; 3.582 ; 3.650 ; Rise       ; Clock_Generator:U_CLK_GEN|clk_int ;
;  seg_low[6]   ; Clock_Generator:U_CLK_GEN|clk_int ; 3.548 ; 3.553 ; Rise       ; Clock_Generator:U_CLK_GEN|clk_int ;
+---------------+-----------------------------------+-------+-------+------------+-----------------------------------+


---------------------------------------------
; Fast 1200mV 0C Model Metastability Report ;
---------------------------------------------
No synchronizer chains to report.


+--------------------------------------------------------------------------------------------------+
; Multicorner Timing Analysis Summary                                                              ;
+------------------------------------+---------+--------+----------+---------+---------------------+
; Clock                              ; Setup   ; Hold   ; Recovery ; Removal ; Minimum Pulse Width ;
+------------------------------------+---------+--------+----------+---------+---------------------+
; Worst-case Slack                   ; -3.438  ; -0.034 ; N/A      ; N/A     ; -3.000              ;
;  Clock_Generator:U_CLK_GEN|clk_int ; -1.936  ; 0.186  ; N/A      ; N/A     ; -1.487              ;
;  clk_50MHz                         ; -3.438  ; -0.034 ; N/A      ; N/A     ; -3.000              ;
; Design-wide TNS                    ; -73.64  ; -0.034 ; 0.0      ; 0.0     ; -74.376             ;
;  Clock_Generator:U_CLK_GEN|clk_int ; -22.239 ; 0.000  ; N/A      ; N/A     ; -31.227             ;
;  clk_50MHz                         ; -51.401 ; -0.034 ; N/A      ; N/A     ; -43.149             ;
+------------------------------------+---------+--------+----------+---------+---------------------+


+-----------------------------------------------------------------------------------------------------------------------+
; Setup Times                                                                                                           ;
+------------------+-----------------------------------+-------+-------+------------+-----------------------------------+
; Data Port        ; Clock Port                        ; Rise  ; Fall  ; Clock Edge ; Clock Reference                   ;
+------------------+-----------------------------------+-------+-------+------------+-----------------------------------+
; vehicle_detected ; Clock_Generator:U_CLK_GEN|clk_int ; 2.548 ; 2.871 ; Rise       ; Clock_Generator:U_CLK_GEN|clk_int ;
+------------------+-----------------------------------+-------+-------+------------+-----------------------------------+


+-------------------------------------------------------------------------------------------------------------------------+
; Hold Times                                                                                                              ;
+------------------+-----------------------------------+--------+--------+------------+-----------------------------------+
; Data Port        ; Clock Port                        ; Rise   ; Fall   ; Clock Edge ; Clock Reference                   ;
+------------------+-----------------------------------+--------+--------+------------+-----------------------------------+
; vehicle_detected ; Clock_Generator:U_CLK_GEN|clk_int ; -0.868 ; -1.649 ; Rise       ; Clock_Generator:U_CLK_GEN|clk_int ;
+------------------+-----------------------------------+--------+--------+------------+-----------------------------------+


+--------------------------------------------------------------------------------------------------------------------+
; Clock to Output Times                                                                                              ;
+---------------+-----------------------------------+-------+-------+------------+-----------------------------------+
; Data Port     ; Clock Port                        ; Rise  ; Fall  ; Clock Edge ; Clock Reference                   ;
+---------------+-----------------------------------+-------+-------+------------+-----------------------------------+
; branch_green  ; Clock_Generator:U_CLK_GEN|clk_int ; 6.830 ; 6.664 ; Rise       ; Clock_Generator:U_CLK_GEN|clk_int ;
; branch_red    ; Clock_Generator:U_CLK_GEN|clk_int ; 7.416 ; 7.206 ; Rise       ; Clock_Generator:U_CLK_GEN|clk_int ;
; branch_yellow ; Clock_Generator:U_CLK_GEN|clk_int ; 7.161 ; 6.987 ; Rise       ; Clock_Generator:U_CLK_GEN|clk_int ;
; main_green    ; Clock_Generator:U_CLK_GEN|clk_int ; 7.425 ; 7.205 ; Rise       ; Clock_Generator:U_CLK_GEN|clk_int ;
; main_red      ; Clock_Generator:U_CLK_GEN|clk_int ; 7.409 ; 7.196 ; Rise       ; Clock_Generator:U_CLK_GEN|clk_int ;
; main_yellow   ; Clock_Generator:U_CLK_GEN|clk_int ; 7.341 ; 7.151 ; Rise       ; Clock_Generator:U_CLK_GEN|clk_int ;
; seg_high[*]   ; Clock_Generator:U_CLK_GEN|clk_int ; 9.971 ; 9.418 ; Rise       ; Clock_Generator:U_CLK_GEN|clk_int ;
;  seg_high[0]  ; Clock_Generator:U_CLK_GEN|clk_int ; 7.649 ; 7.415 ; Rise       ; Clock_Generator:U_CLK_GEN|clk_int ;
;  seg_high[1]  ; Clock_Generator:U_CLK_GEN|clk_int ; 8.097 ; 7.907 ; Rise       ; Clock_Generator:U_CLK_GEN|clk_int ;
;  seg_high[2]  ; Clock_Generator:U_CLK_GEN|clk_int ; 9.971 ; 9.418 ; Rise       ; Clock_Generator:U_CLK_GEN|clk_int ;
;  seg_high[3]  ; Clock_Generator:U_CLK_GEN|clk_int ; 8.310 ; 8.071 ; Rise       ; Clock_Generator:U_CLK_GEN|clk_int ;
;  seg_high[4]  ; Clock_Generator:U_CLK_GEN|clk_int ; 7.551 ; 7.357 ; Rise       ; Clock_Generator:U_CLK_GEN|clk_int ;
;  seg_high[5]  ; Clock_Generator:U_CLK_GEN|clk_int ; 7.552 ; 7.358 ; Rise       ; Clock_Generator:U_CLK_GEN|clk_int ;
;  seg_high[6]  ; Clock_Generator:U_CLK_GEN|clk_int ; 7.372 ; 7.541 ; Rise       ; Clock_Generator:U_CLK_GEN|clk_int ;
; seg_low[*]    ; Clock_Generator:U_CLK_GEN|clk_int ; 9.239 ; 8.958 ; Rise       ; Clock_Generator:U_CLK_GEN|clk_int ;
;  seg_low[0]   ; Clock_Generator:U_CLK_GEN|clk_int ; 8.861 ; 8.612 ; Rise       ; Clock_Generator:U_CLK_GEN|clk_int ;
;  seg_low[1]   ; Clock_Generator:U_CLK_GEN|clk_int ; 9.202 ; 8.832 ; Rise       ; Clock_Generator:U_CLK_GEN|clk_int ;
;  seg_low[2]   ; Clock_Generator:U_CLK_GEN|clk_int ; 8.718 ; 8.441 ; Rise       ; Clock_Generator:U_CLK_GEN|clk_int ;
;  seg_low[3]   ; Clock_Generator:U_CLK_GEN|clk_int ; 9.239 ; 8.958 ; Rise       ; Clock_Generator:U_CLK_GEN|clk_int ;
;  seg_low[4]   ; Clock_Generator:U_CLK_GEN|clk_int ; 8.626 ; 8.330 ; Rise       ; Clock_Generator:U_CLK_GEN|clk_int ;
;  seg_low[5]   ; Clock_Generator:U_CLK_GEN|clk_int ; 8.630 ; 8.406 ; Rise       ; Clock_Generator:U_CLK_GEN|clk_int ;
;  seg_low[6]   ; Clock_Generator:U_CLK_GEN|clk_int ; 8.260 ; 8.468 ; Rise       ; Clock_Generator:U_CLK_GEN|clk_int ;
+---------------+-----------------------------------+-------+-------+------------+-----------------------------------+


+--------------------------------------------------------------------------------------------------------------------+
; Minimum Clock to Output Times                                                                                      ;
+---------------+-----------------------------------+-------+-------+------------+-----------------------------------+
; Data Port     ; Clock Port                        ; Rise  ; Fall  ; Clock Edge ; Clock Reference                   ;
+---------------+-----------------------------------+-------+-------+------------+-----------------------------------+
; branch_green  ; Clock_Generator:U_CLK_GEN|clk_int ; 3.143 ; 3.120 ; Rise       ; Clock_Generator:U_CLK_GEN|clk_int ;
; branch_red    ; Clock_Generator:U_CLK_GEN|clk_int ; 3.393 ; 3.412 ; Rise       ; Clock_Generator:U_CLK_GEN|clk_int ;
; branch_yellow ; Clock_Generator:U_CLK_GEN|clk_int ; 3.285 ; 3.300 ; Rise       ; Clock_Generator:U_CLK_GEN|clk_int ;
; main_green    ; Clock_Generator:U_CLK_GEN|clk_int ; 3.373 ; 3.405 ; Rise       ; Clock_Generator:U_CLK_GEN|clk_int ;
; main_red      ; Clock_Generator:U_CLK_GEN|clk_int ; 3.386 ; 3.405 ; Rise       ; Clock_Generator:U_CLK_GEN|clk_int ;
; main_yellow   ; Clock_Generator:U_CLK_GEN|clk_int ; 3.345 ; 3.379 ; Rise       ; Clock_Generator:U_CLK_GEN|clk_int ;
; seg_high[*]   ; Clock_Generator:U_CLK_GEN|clk_int ; 3.244 ; 3.273 ; Rise       ; Clock_Generator:U_CLK_GEN|clk_int ;
;  seg_high[0]  ; Clock_Generator:U_CLK_GEN|clk_int ; 3.302 ; 3.273 ; Rise       ; Clock_Generator:U_CLK_GEN|clk_int ;
;  seg_high[1]  ; Clock_Generator:U_CLK_GEN|clk_int ; 3.512 ; 3.517 ; Rise       ; Clock_Generator:U_CLK_GEN|clk_int ;
;  seg_high[2]  ; Clock_Generator:U_CLK_GEN|clk_int ; 4.926 ; 4.647 ; Rise       ; Clock_Generator:U_CLK_GEN|clk_int ;
;  seg_high[3]  ; Clock_Generator:U_CLK_GEN|clk_int ; 3.612 ; 3.597 ; Rise       ; Clock_Generator:U_CLK_GEN|clk_int ;
;  seg_high[4]  ; Clock_Generator:U_CLK_GEN|clk_int ; 3.298 ; 3.311 ; Rise       ; Clock_Generator:U_CLK_GEN|clk_int ;
;  seg_high[5]  ; Clock_Generator:U_CLK_GEN|clk_int ; 3.294 ; 3.306 ; Rise       ; Clock_Generator:U_CLK_GEN|clk_int ;
;  seg_high[6]  ; Clock_Generator:U_CLK_GEN|clk_int ; 3.244 ; 3.344 ; Rise       ; Clock_Generator:U_CLK_GEN|clk_int ;
; seg_low[*]    ; Clock_Generator:U_CLK_GEN|clk_int ; 3.548 ; 3.553 ; Rise       ; Clock_Generator:U_CLK_GEN|clk_int ;
;  seg_low[0]   ; Clock_Generator:U_CLK_GEN|clk_int ; 3.697 ; 3.694 ; Rise       ; Clock_Generator:U_CLK_GEN|clk_int ;
;  seg_low[1]   ; Clock_Generator:U_CLK_GEN|clk_int ; 3.849 ; 3.855 ; Rise       ; Clock_Generator:U_CLK_GEN|clk_int ;
;  seg_low[2]   ; Clock_Generator:U_CLK_GEN|clk_int ; 3.636 ; 3.714 ; Rise       ; Clock_Generator:U_CLK_GEN|clk_int ;
;  seg_low[3]   ; Clock_Generator:U_CLK_GEN|clk_int ; 3.841 ; 3.859 ; Rise       ; Clock_Generator:U_CLK_GEN|clk_int ;
;  seg_low[4]   ; Clock_Generator:U_CLK_GEN|clk_int ; 3.607 ; 3.626 ; Rise       ; Clock_Generator:U_CLK_GEN|clk_int ;
;  seg_low[5]   ; Clock_Generator:U_CLK_GEN|clk_int ; 3.582 ; 3.650 ; Rise       ; Clock_Generator:U_CLK_GEN|clk_int ;
;  seg_low[6]   ; Clock_Generator:U_CLK_GEN|clk_int ; 3.548 ; 3.553 ; Rise       ; Clock_Generator:U_CLK_GEN|clk_int ;
+---------------+-----------------------------------+-------+-------+------------+-----------------------------------+


+------------------------------------------------------------------------------------------------------------------------------------------------------------------------------------------------------------------------------------------------------------------------------------------------------------------------------------------------------------------------------------------------------------------+
; Board Trace Model Assignments                                                                                                                                                                                                                                                                                                                                                                                    ;
+---------------+--------------+-------------------+-------------------------+-------------------------+---------------+---------------------+----------------+------------------+--------+------------------+------------------------+------------------------+--------------+---------------+-----------------+-------+---------------------+--------------------+---------------+-----------------+-------------+
; Pin           ; I/O Standard ; Near Tline Length ; Near Tline L per Length ; Near Tline C per Length ; Near Series R ; Near Differential R ; Near Pull-up R ; Near Pull-down R ; Near C ; Far Tline Length ; Far Tline L per Length ; Far Tline C per Length ; Far Series R ; Far Pull-up R ; Far Pull-down R ; Far C ; Termination Voltage ; Far Differential R ; EBD File Name ; EBD Signal Name ; EBD Far-end ;
+---------------+--------------+-------------------+-------------------------+-------------------------+---------------+---------------------+----------------+------------------+--------+------------------+------------------------+------------------------+--------------+---------------+-----------------+-------+---------------------+--------------------+---------------+-----------------+-------------+
; main_red      ; 3.3-V LVTTL  ; 0 in              ; 0 H/in                  ; 0 F/in                  ; short         ; -                   ; open           ; open             ; open   ; 0 in             ; 0 H/in                 ; 0 F/in                 ; short        ; open          ; open            ; open  ; 0 V                 ; -                  ; n/a           ; n/a             ; n/a         ;
; main_yellow   ; 3.3-V LVTTL  ; 0 in              ; 0 H/in                  ; 0 F/in                  ; short         ; -                   ; open           ; open             ; open   ; 0 in             ; 0 H/in                 ; 0 F/in                 ; short        ; open          ; open            ; open  ; 0 V                 ; -                  ; n/a           ; n/a             ; n/a         ;
; main_green    ; 3.3-V LVTTL  ; 0 in              ; 0 H/in                  ; 0 F/in                  ; short         ; -                   ; open           ; open             ; open   ; 0 in             ; 0 H/in                 ; 0 F/in                 ; short        ; open          ; open            ; open  ; 0 V                 ; -                  ; n/a           ; n/a             ; n/a         ;
; branch_red    ; 3.3-V LVTTL  ; 0 in              ; 0 H/in                  ; 0 F/in                  ; short         ; -                   ; open           ; open             ; open   ; 0 in             ; 0 H/in                 ; 0 F/in                 ; short        ; open          ; open            ; open  ; 0 V                 ; -                  ; n/a           ; n/a             ; n/a         ;
; branch_yellow ; 3.3-V LVTTL  ; 0 in              ; 0 H/in                  ; 0 F/in                  ; short         ; -                   ; open           ; open             ; open   ; 0 in             ; 0 H/in                 ; 0 F/in                 ; short        ; open          ; open            ; open  ; 0 V                 ; -                  ; n/a           ; n/a             ; n/a         ;
; branch_green  ; 3.3-V LVTTL  ; 0 in              ; 0 H/in                  ; 0 F/in                  ; short         ; -                   ; open           ; open             ; open   ; 0 in             ; 0 H/in                 ; 0 F/in                 ; short        ; open          ; open            ; open  ; 0 V                 ; -                  ; n/a           ; n/a             ; n/a         ;
; seg_high[0]   ; 3.3-V LVTTL  ; 0 in              ; 0 H/in                  ; 0 F/in                  ; short         ; -                   ; open           ; open             ; open   ; 0 in             ; 0 H/in                 ; 0 F/in                 ; short        ; open          ; open            ; open  ; 0 V                 ; -                  ; n/a           ; n/a             ; n/a         ;
; seg_high[1]   ; 3.3-V LVTTL  ; 0 in              ; 0 H/in                  ; 0 F/in                  ; short         ; -                   ; open           ; open             ; open   ; 0 in             ; 0 H/in                 ; 0 F/in                 ; short        ; open          ; open            ; open  ; 0 V                 ; -                  ; n/a           ; n/a             ; n/a         ;
; seg_high[2]   ; 3.3-V LVTTL  ; 0 in              ; 0 H/in                  ; 0 F/in                  ; short         ; -                   ; open           ; open             ; open   ; 0 in             ; 0 H/in                 ; 0 F/in                 ; short        ; open          ; open            ; open  ; 0 V                 ; -                  ; n/a           ; n/a             ; n/a         ;
; seg_high[3]   ; 3.3-V LVTTL  ; 0 in              ; 0 H/in                  ; 0 F/in                  ; short         ; -                   ; open           ; open             ; open   ; 0 in             ; 0 H/in                 ; 0 F/in                 ; short        ; open          ; open            ; open  ; 0 V                 ; -                  ; n/a           ; n/a             ; n/a         ;
; seg_high[4]   ; 3.3-V LVTTL  ; 0 in              ; 0 H/in                  ; 0 F/in                  ; short         ; -                   ; open           ; open             ; open   ; 0 in             ; 0 H/in                 ; 0 F/in                 ; short        ; open          ; open            ; open  ; 0 V                 ; -                  ; n/a           ; n/a             ; n/a         ;
; seg_high[5]   ; 3.3-V LVTTL  ; 0 in              ; 0 H/in                  ; 0 F/in                  ; short         ; -                   ; open           ; open             ; open   ; 0 in             ; 0 H/in                 ; 0 F/in                 ; short        ; open          ; open            ; open  ; 0 V                 ; -                  ; n/a           ; n/a             ; n/a         ;
; seg_high[6]   ; 3.3-V LVTTL  ; 0 in              ; 0 H/in                  ; 0 F/in                  ; short         ; -                   ; open           ; open             ; open   ; 0 in             ; 0 H/in                 ; 0 F/in                 ; short        ; open          ; open            ; open  ; 0 V                 ; -                  ; n/a           ; n/a             ; n/a         ;
; seg_low[0]    ; 3.3-V LVTTL  ; 0 in              ; 0 H/in                  ; 0 F/in                  ; short         ; -                   ; open           ; open             ; open   ; 0 in             ; 0 H/in                 ; 0 F/in                 ; short        ; open          ; open            ; open  ; 0 V                 ; -                  ; n/a           ; n/a             ; n/a         ;
; seg_low[1]    ; 3.3-V LVTTL  ; 0 in              ; 0 H/in                  ; 0 F/in                  ; short         ; -                   ; open           ; open             ; open   ; 0 in             ; 0 H/in                 ; 0 F/in                 ; short        ; open          ; open            ; open  ; 0 V                 ; -                  ; n/a           ; n/a             ; n/a         ;
; seg_low[2]    ; 3.3-V LVTTL  ; 0 in              ; 0 H/in                  ; 0 F/in                  ; short         ; -                   ; open           ; open             ; open   ; 0 in             ; 0 H/in                 ; 0 F/in                 ; short        ; open          ; open            ; open  ; 0 V                 ; -                  ; n/a           ; n/a             ; n/a         ;
; seg_low[3]    ; 3.3-V LVTTL  ; 0 in              ; 0 H/in                  ; 0 F/in                  ; short         ; -                   ; open           ; open             ; open   ; 0 in             ; 0 H/in                 ; 0 F/in                 ; short        ; open          ; open            ; open  ; 0 V                 ; -                  ; n/a           ; n/a             ; n/a         ;
; seg_low[4]    ; 3.3-V LVTTL  ; 0 in              ; 0 H/in                  ; 0 F/in                  ; short         ; -                   ; open           ; open             ; open   ; 0 in             ; 0 H/in                 ; 0 F/in                 ; short        ; open          ; open            ; open  ; 0 V                 ; -                  ; n/a           ; n/a             ; n/a         ;
; seg_low[5]    ; 3.3-V LVTTL  ; 0 in              ; 0 H/in                  ; 0 F/in                  ; short         ; -                   ; open           ; open             ; open   ; 0 in             ; 0 H/in                 ; 0 F/in                 ; short        ; open          ; open            ; open  ; 0 V                 ; -                  ; n/a           ; n/a             ; n/a         ;
; seg_low[6]    ; 3.3-V LVTTL  ; 0 in              ; 0 H/in                  ; 0 F/in                  ; short         ; -                   ; open           ; open             ; open   ; 0 in             ; 0 H/in                 ; 0 F/in                 ; short        ; open          ; open            ; open  ; 0 V                 ; -                  ; n/a           ; n/a             ; n/a         ;
; ~ALTERA_DCLK~ ; 3.3-V LVTTL  ; 0 in              ; 0 H/in                  ; 0 F/in                  ; short         ; -                   ; open           ; open             ; open   ; 0 in             ; 0 H/in                 ; 0 F/in                 ; short        ; open          ; open            ; open  ; 0 V                 ; -                  ; n/a           ; n/a             ; n/a         ;
+---------------+--------------+-------------------+-------------------------+-------------------------+---------------+---------------------+----------------+------------------+--------+------------------+------------------------+------------------------+--------------+---------------+-----------------+-------+---------------------+--------------------+---------------+-----------------+-------------+


+----------------------------------------------------------------------------+
; Input Transition Times                                                     ;
+-------------------------+--------------+-----------------+-----------------+
; Pin                     ; I/O Standard ; 10-90 Rise Time ; 90-10 Fall Time ;
+-------------------------+--------------+-----------------+-----------------+
; reset_n                 ; 3.3-V LVTTL  ; 2640 ps         ; 2640 ps         ;
; clk_50MHz               ; 3.3-V LVTTL  ; 2640 ps         ; 2640 ps         ;
; vehicle_detected        ; 3.3-V LVTTL  ; 2640 ps         ; 2640 ps         ;
; ~ALTERA_ASDO_DATA1~     ; 3.3-V LVTTL  ; 2640 ps         ; 2640 ps         ;
; ~ALTERA_FLASH_nCE_nCSO~ ; 3.3-V LVTTL  ; 2640 ps         ; 2640 ps         ;
; ~ALTERA_DATA0~          ; 3.3-V LVTTL  ; 2640 ps         ; 2640 ps         ;
+-------------------------+--------------+-----------------+-----------------+


+--------------------------------------------------------------------------------------------------------------------------------------------------------------------------------------------------------------------------------------------------------------------------------------------------------------------------------------------------------------------------------------------------------------------------------------------------------------------------------------------------------------------------------------------------------------------------------------------------------------------------------------------------------------------------------------------+
; Signal Integrity Metrics (Slow 1200mv 0c Model)                                                                                                                                                                                                                                                                                                                                                                                                                                                                                                                                                                                                                                            ;
+---------------+--------------+---------------------+---------------------+------------------------------+------------------------------+---------------------+---------------------+--------------------------------------+--------------------------------------+-----------------------------+-----------------------------+----------------------------+----------------------------+-----------------------------+-----------------------------+--------------------+--------------------+-------------------------------------+-------------------------------------+----------------------------+----------------------------+---------------------------+---------------------------+
; Pin           ; I/O Standard ; Board Delay on Rise ; Board Delay on Fall ; Steady State Voh at FPGA Pin ; Steady State Vol at FPGA Pin ; Voh Max at FPGA Pin ; Vol Min at FPGA Pin ; Ringback Voltage on Rise at FPGA Pin ; Ringback Voltage on Fall at FPGA Pin ; 10-90 Rise Time at FPGA Pin ; 90-10 Fall Time at FPGA Pin ; Monotonic Rise at FPGA Pin ; Monotonic Fall at FPGA Pin ; Steady State Voh at Far-end ; Steady State Vol at Far-end ; Voh Max at Far-end ; Vol Min at Far-end ; Ringback Voltage on Rise at Far-end ; Ringback Voltage on Fall at Far-end ; 10-90 Rise Time at Far-end ; 90-10 Fall Time at Far-end ; Monotonic Rise at Far-end ; Monotonic Fall at Far-end ;
+---------------+--------------+---------------------+---------------------+------------------------------+------------------------------+---------------------+---------------------+--------------------------------------+--------------------------------------+-----------------------------+-----------------------------+----------------------------+----------------------------+-----------------------------+-----------------------------+--------------------+--------------------+-------------------------------------+-------------------------------------+----------------------------+----------------------------+---------------------------+---------------------------+
; main_red      ; 3.3-V LVTTL  ; 0 s                 ; 0 s                 ; 3.08 V                       ; 8.89e-09 V                   ; 3.12 V              ; -0.11 V             ; 0.153 V                              ; 0.272 V                              ; 6.41e-10 s                  ; 4.57e-10 s                  ; No                         ; Yes                        ; 3.08 V                      ; 8.89e-09 V                  ; 3.12 V             ; -0.11 V            ; 0.153 V                             ; 0.272 V                             ; 6.41e-10 s                 ; 4.57e-10 s                 ; No                        ; Yes                       ;
; main_yellow   ; 3.3-V LVTTL  ; 0 s                 ; 0 s                 ; 3.08 V                       ; 6.38e-09 V                   ; 3.13 V              ; -0.117 V            ; 0.15 V                               ; 0.263 V                              ; 6.31e-10 s                  ; 4.46e-10 s                  ; No                         ; No                         ; 3.08 V                      ; 6.38e-09 V                  ; 3.13 V             ; -0.117 V           ; 0.15 V                              ; 0.263 V                             ; 6.31e-10 s                 ; 4.46e-10 s                 ; No                        ; No                        ;
; main_green    ; 3.3-V LVTTL  ; 0 s                 ; 0 s                 ; 3.08 V                       ; 6.38e-09 V                   ; 3.13 V              ; -0.117 V            ; 0.15 V                               ; 0.263 V                              ; 6.31e-10 s                  ; 4.46e-10 s                  ; No                         ; No                         ; 3.08 V                      ; 6.38e-09 V                  ; 3.13 V             ; -0.117 V           ; 0.15 V                              ; 0.263 V                             ; 6.31e-10 s                 ; 4.46e-10 s                 ; No                        ; No                        ;
; branch_red    ; 3.3-V LVTTL  ; 0 s                 ; 0 s                 ; 3.08 V                       ; 8.89e-09 V                   ; 3.12 V              ; -0.11 V             ; 0.153 V                              ; 0.272 V                              ; 6.41e-10 s                  ; 4.57e-10 s                  ; No                         ; Yes                        ; 3.08 V                      ; 8.89e-09 V                  ; 3.12 V             ; -0.11 V            ; 0.153 V                             ; 0.272 V                             ; 6.41e-10 s                 ; 4.57e-10 s                 ; No                        ; Yes                       ;
; branch_yellow ; 3.3-V LVTTL  ; 0 s                 ; 0 s                 ; 3.08 V                       ; 8.89e-09 V                   ; 3.12 V              ; -0.11 V             ; 0.153 V                              ; 0.272 V                              ; 6.41e-10 s                  ; 4.57e-10 s                  ; No                         ; Yes                        ; 3.08 V                      ; 8.89e-09 V                  ; 3.12 V             ; -0.11 V            ; 0.153 V                             ; 0.272 V                             ; 6.41e-10 s                 ; 4.57e-10 s                 ; No                        ; Yes                       ;
; branch_green  ; 3.3-V LVTTL  ; 0 s                 ; 0 s                 ; 3.08 V                       ; 6.38e-09 V                   ; 3.12 V              ; -0.0818 V           ; 0.205 V                              ; 0.244 V                              ; 8.86e-10 s                  ; 6.56e-10 s                  ; No                         ; No                         ; 3.08 V                      ; 6.38e-09 V                  ; 3.12 V             ; -0.0818 V          ; 0.205 V                             ; 0.244 V                             ; 8.86e-10 s                 ; 6.56e-10 s                 ; No                        ; No                        ;
; seg_high[0]   ; 3.3-V LVTTL  ; 0 s                 ; 0 s                 ; 3.08 V                       ; 6.38e-09 V                   ; 3.13 V              ; -0.117 V            ; 0.15 V                               ; 0.263 V                              ; 6.31e-10 s                  ; 4.46e-10 s                  ; No                         ; No                         ; 3.08 V                      ; 6.38e-09 V                  ; 3.13 V             ; -0.117 V           ; 0.15 V                              ; 0.263 V                             ; 6.31e-10 s                 ; 4.46e-10 s                 ; No                        ; No                        ;
; seg_high[1]   ; 3.3-V LVTTL  ; 0 s                 ; 0 s                 ; 3.08 V                       ; 6.38e-09 V                   ; 3.13 V              ; -0.117 V            ; 0.15 V                               ; 0.263 V                              ; 6.31e-10 s                  ; 4.46e-10 s                  ; No                         ; No                         ; 3.08 V                      ; 6.38e-09 V                  ; 3.13 V             ; -0.117 V           ; 0.15 V                              ; 0.263 V                             ; 6.31e-10 s                 ; 4.46e-10 s                 ; No                        ; No                        ;
; seg_high[2]   ; 3.3-V LVTTL  ; 0 s                 ; 0 s                 ; 3.08 V                       ; 6.38e-09 V                   ; 3.09 V              ; -0.011 V            ; 0.226 V                              ; 0.296 V                              ; 4.86e-09 s                  ; 3.55e-09 s                  ; Yes                        ; Yes                        ; 3.08 V                      ; 6.38e-09 V                  ; 3.09 V             ; -0.011 V           ; 0.226 V                             ; 0.296 V                             ; 4.86e-09 s                 ; 3.55e-09 s                 ; Yes                       ; Yes                       ;
; seg_high[3]   ; 3.3-V LVTTL  ; 0 s                 ; 0 s                 ; 3.08 V                       ; 6.38e-09 V                   ; 3.12 V              ; -0.0818 V           ; 0.205 V                              ; 0.244 V                              ; 8.86e-10 s                  ; 6.56e-10 s                  ; No                         ; No                         ; 3.08 V                      ; 6.38e-09 V                  ; 3.12 V             ; -0.0818 V          ; 0.205 V                             ; 0.244 V                             ; 8.86e-10 s                 ; 6.56e-10 s                 ; No                        ; No                        ;
; seg_high[4]   ; 3.3-V LVTTL  ; 0 s                 ; 0 s                 ; 3.08 V                       ; 6.38e-09 V                   ; 3.12 V              ; -0.0818 V           ; 0.205 V                              ; 0.244 V                              ; 8.86e-10 s                  ; 6.56e-10 s                  ; No                         ; No                         ; 3.08 V                      ; 6.38e-09 V                  ; 3.12 V             ; -0.0818 V          ; 0.205 V                             ; 0.244 V                             ; 8.86e-10 s                 ; 6.56e-10 s                 ; No                        ; No                        ;
; seg_high[5]   ; 3.3-V LVTTL  ; 0 s                 ; 0 s                 ; 3.08 V                       ; 6.38e-09 V                   ; 3.12 V              ; -0.0818 V           ; 0.205 V                              ; 0.244 V                              ; 8.86e-10 s                  ; 6.56e-10 s                  ; No                         ; No                         ; 3.08 V                      ; 6.38e-09 V                  ; 3.12 V             ; -0.0818 V          ; 0.205 V                             ; 0.244 V                             ; 8.86e-10 s                 ; 6.56e-10 s                 ; No                        ; No                        ;
; seg_high[6]   ; 3.3-V LVTTL  ; 0 s                 ; 0 s                 ; 3.08 V                       ; 6.38e-09 V                   ; 3.12 V              ; -0.0818 V           ; 0.205 V                              ; 0.244 V                              ; 8.86e-10 s                  ; 6.56e-10 s                  ; No                         ; No                         ; 3.08 V                      ; 6.38e-09 V                  ; 3.12 V             ; -0.0818 V          ; 0.205 V                             ; 0.244 V                             ; 8.86e-10 s                 ; 6.56e-10 s                 ; No                        ; No                        ;
; seg_low[0]    ; 3.3-V LVTTL  ; 0 s                 ; 0 s                 ; 3.08 V                       ; 6.38e-09 V                   ; 3.12 V              ; -0.0818 V           ; 0.205 V                              ; 0.244 V                              ; 8.86e-10 s                  ; 6.56e-10 s                  ; No                         ; No                         ; 3.08 V                      ; 6.38e-09 V                  ; 3.12 V             ; -0.0818 V          ; 0.205 V                             ; 0.244 V                             ; 8.86e-10 s                 ; 6.56e-10 s                 ; No                        ; No                        ;
; seg_low[1]    ; 3.3-V LVTTL  ; 0 s                 ; 0 s                 ; 3.08 V                       ; 6.38e-09 V                   ; 3.12 V              ; -0.0818 V           ; 0.205 V                              ; 0.244 V                              ; 8.86e-10 s                  ; 6.56e-10 s                  ; No                         ; No                         ; 3.08 V                      ; 6.38e-09 V                  ; 3.12 V             ; -0.0818 V          ; 0.205 V                             ; 0.244 V                             ; 8.86e-10 s                 ; 6.56e-10 s                 ; No                        ; No                        ;
; seg_low[2]    ; 3.3-V LVTTL  ; 0 s                 ; 0 s                 ; 3.08 V                       ; 6.38e-09 V                   ; 3.13 V              ; -0.117 V            ; 0.15 V                               ; 0.263 V                              ; 6.31e-10 s                  ; 4.46e-10 s                  ; No                         ; No                         ; 3.08 V                      ; 6.38e-09 V                  ; 3.13 V             ; -0.117 V           ; 0.15 V                              ; 0.263 V                             ; 6.31e-10 s                 ; 4.46e-10 s                 ; No                        ; No                        ;
; seg_low[3]    ; 3.3-V LVTTL  ; 0 s                 ; 0 s                 ; 3.08 V                       ; 6.38e-09 V                   ; 3.12 V              ; -0.0818 V           ; 0.205 V                              ; 0.244 V                              ; 8.86e-10 s                  ; 6.56e-10 s                  ; No                         ; No                         ; 3.08 V                      ; 6.38e-09 V                  ; 3.12 V             ; -0.0818 V          ; 0.205 V                             ; 0.244 V                             ; 8.86e-10 s                 ; 6.56e-10 s                 ; No                        ; No                        ;
; seg_low[4]    ; 3.3-V LVTTL  ; 0 s                 ; 0 s                 ; 3.08 V                       ; 6.38e-09 V                   ; 3.13 V              ; -0.117 V            ; 0.15 V                               ; 0.263 V                              ; 6.31e-10 s                  ; 4.46e-10 s                  ; No                         ; No                         ; 3.08 V                      ; 6.38e-09 V                  ; 3.13 V             ; -0.117 V           ; 0.15 V                              ; 0.263 V                             ; 6.31e-10 s                 ; 4.46e-10 s                 ; No                        ; No                        ;
; seg_low[5]    ; 3.3-V LVTTL  ; 0 s                 ; 0 s                 ; 3.08 V                       ; 6.38e-09 V                   ; 3.13 V              ; -0.117 V            ; 0.15 V                               ; 0.263 V                              ; 6.31e-10 s                  ; 4.46e-10 s                  ; No                         ; No                         ; 3.08 V                      ; 6.38e-09 V                  ; 3.13 V             ; -0.117 V           ; 0.15 V                              ; 0.263 V                             ; 6.31e-10 s                 ; 4.46e-10 s                 ; No                        ; No                        ;
; seg_low[6]    ; 3.3-V LVTTL  ; 0 s                 ; 0 s                 ; 3.08 V                       ; 8.89e-09 V                   ; 3.12 V              ; -0.11 V             ; 0.153 V                              ; 0.272 V                              ; 6.41e-10 s                  ; 4.57e-10 s                  ; No                         ; Yes                        ; 3.08 V                      ; 8.89e-09 V                  ; 3.12 V             ; -0.11 V            ; 0.153 V                             ; 0.272 V                             ; 6.41e-10 s                 ; 4.57e-10 s                 ; No                        ; Yes                       ;
; ~ALTERA_DCLK~ ; 3.3-V LVTTL  ; 0 s                 ; 0 s                 ; 3.08 V                       ; 3.51e-09 V                   ; 3.18 V              ; -0.157 V            ; 0.147 V                              ; 0.259 V                              ; 2.81e-10 s                  ; 2.53e-10 s                  ; Yes                        ; Yes                        ; 3.08 V                      ; 3.51e-09 V                  ; 3.18 V             ; -0.157 V           ; 0.147 V                             ; 0.259 V                             ; 2.81e-10 s                 ; 2.53e-10 s                 ; Yes                       ; Yes                       ;
+---------------+--------------+---------------------+---------------------+------------------------------+------------------------------+---------------------+---------------------+--------------------------------------+--------------------------------------+-----------------------------+-----------------------------+----------------------------+----------------------------+-----------------------------+-----------------------------+--------------------+--------------------+-------------------------------------+-------------------------------------+----------------------------+----------------------------+---------------------------+---------------------------+


+--------------------------------------------------------------------------------------------------------------------------------------------------------------------------------------------------------------------------------------------------------------------------------------------------------------------------------------------------------------------------------------------------------------------------------------------------------------------------------------------------------------------------------------------------------------------------------------------------------------------------------------------------------------------------------------------+
; Signal Integrity Metrics (Slow 1200mv 85c Model)                                                                                                                                                                                                                                                                                                                                                                                                                                                                                                                                                                                                                                           ;
+---------------+--------------+---------------------+---------------------+------------------------------+------------------------------+---------------------+---------------------+--------------------------------------+--------------------------------------+-----------------------------+-----------------------------+----------------------------+----------------------------+-----------------------------+-----------------------------+--------------------+--------------------+-------------------------------------+-------------------------------------+----------------------------+----------------------------+---------------------------+---------------------------+
; Pin           ; I/O Standard ; Board Delay on Rise ; Board Delay on Fall ; Steady State Voh at FPGA Pin ; Steady State Vol at FPGA Pin ; Voh Max at FPGA Pin ; Vol Min at FPGA Pin ; Ringback Voltage on Rise at FPGA Pin ; Ringback Voltage on Fall at FPGA Pin ; 10-90 Rise Time at FPGA Pin ; 90-10 Fall Time at FPGA Pin ; Monotonic Rise at FPGA Pin ; Monotonic Fall at FPGA Pin ; Steady State Voh at Far-end ; Steady State Vol at Far-end ; Voh Max at Far-end ; Vol Min at Far-end ; Ringback Voltage on Rise at Far-end ; Ringback Voltage on Fall at Far-end ; 10-90 Rise Time at Far-end ; 90-10 Fall Time at Far-end ; Monotonic Rise at Far-end ; Monotonic Fall at Far-end ;
+---------------+--------------+---------------------+---------------------+------------------------------+------------------------------+---------------------+---------------------+--------------------------------------+--------------------------------------+-----------------------------+-----------------------------+----------------------------+----------------------------+-----------------------------+-----------------------------+--------------------+--------------------+-------------------------------------+-------------------------------------+----------------------------+----------------------------+---------------------------+---------------------------+
; main_red      ; 3.3-V LVTTL  ; 0 s                 ; 0 s                 ; 3.08 V                       ; 7.5e-07 V                    ; 3.11 V              ; -0.0503 V           ; 0.122 V                              ; 0.172 V                              ; 7.08e-10 s                  ; 6.43e-10 s                  ; Yes                        ; Yes                        ; 3.08 V                      ; 7.5e-07 V                   ; 3.11 V             ; -0.0503 V          ; 0.122 V                             ; 0.172 V                             ; 7.08e-10 s                 ; 6.43e-10 s                 ; Yes                       ; Yes                       ;
; main_yellow   ; 3.3-V LVTTL  ; 0 s                 ; 0 s                 ; 3.08 V                       ; 5.04e-07 V                   ; 3.11 V              ; -0.0624 V           ; 0.233 V                              ; 0.172 V                              ; 6.86e-10 s                  ; 6.33e-10 s                  ; Yes                        ; No                         ; 3.08 V                      ; 5.04e-07 V                  ; 3.11 V             ; -0.0624 V          ; 0.233 V                             ; 0.172 V                             ; 6.86e-10 s                 ; 6.33e-10 s                 ; Yes                       ; No                        ;
; main_green    ; 3.3-V LVTTL  ; 0 s                 ; 0 s                 ; 3.08 V                       ; 5.04e-07 V                   ; 3.11 V              ; -0.0624 V           ; 0.233 V                              ; 0.172 V                              ; 6.86e-10 s                  ; 6.33e-10 s                  ; Yes                        ; No                         ; 3.08 V                      ; 5.04e-07 V                  ; 3.11 V             ; -0.0624 V          ; 0.233 V                             ; 0.172 V                             ; 6.86e-10 s                 ; 6.33e-10 s                 ; Yes                       ; No                        ;
; branch_red    ; 3.3-V LVTTL  ; 0 s                 ; 0 s                 ; 3.08 V                       ; 7.5e-07 V                    ; 3.11 V              ; -0.0503 V           ; 0.122 V                              ; 0.172 V                              ; 7.08e-10 s                  ; 6.43e-10 s                  ; Yes                        ; Yes                        ; 3.08 V                      ; 7.5e-07 V                   ; 3.11 V             ; -0.0503 V          ; 0.122 V                             ; 0.172 V                             ; 7.08e-10 s                 ; 6.43e-10 s                 ; Yes                       ; Yes                       ;
; branch_yellow ; 3.3-V LVTTL  ; 0 s                 ; 0 s                 ; 3.08 V                       ; 7.5e-07 V                    ; 3.11 V              ; -0.0503 V           ; 0.122 V                              ; 0.172 V                              ; 7.08e-10 s                  ; 6.43e-10 s                  ; Yes                        ; Yes                        ; 3.08 V                      ; 7.5e-07 V                   ; 3.11 V             ; -0.0503 V          ; 0.122 V                             ; 0.172 V                             ; 7.08e-10 s                 ; 6.43e-10 s                 ; Yes                       ; Yes                       ;
; branch_green  ; 3.3-V LVTTL  ; 0 s                 ; 0 s                 ; 3.08 V                       ; 5.04e-07 V                   ; 3.11 V              ; -0.0469 V           ; 0.191 V                              ; 0.215 V                              ; 1.08e-09 s                  ; 8.62e-10 s                  ; Yes                        ; No                         ; 3.08 V                      ; 5.04e-07 V                  ; 3.11 V             ; -0.0469 V          ; 0.191 V                             ; 0.215 V                             ; 1.08e-09 s                 ; 8.62e-10 s                 ; Yes                       ; No                        ;
; seg_high[0]   ; 3.3-V LVTTL  ; 0 s                 ; 0 s                 ; 3.08 V                       ; 5.04e-07 V                   ; 3.11 V              ; -0.0624 V           ; 0.233 V                              ; 0.172 V                              ; 6.86e-10 s                  ; 6.33e-10 s                  ; Yes                        ; No                         ; 3.08 V                      ; 5.04e-07 V                  ; 3.11 V             ; -0.0624 V          ; 0.233 V                             ; 0.172 V                             ; 6.86e-10 s                 ; 6.33e-10 s                 ; Yes                       ; No                        ;
; seg_high[1]   ; 3.3-V LVTTL  ; 0 s                 ; 0 s                 ; 3.08 V                       ; 5.04e-07 V                   ; 3.11 V              ; -0.0624 V           ; 0.233 V                              ; 0.172 V                              ; 6.86e-10 s                  ; 6.33e-10 s                  ; Yes                        ; No                         ; 3.08 V                      ; 5.04e-07 V                  ; 3.11 V             ; -0.0624 V          ; 0.233 V                             ; 0.172 V                             ; 6.86e-10 s                 ; 6.33e-10 s                 ; Yes                       ; No                        ;
; seg_high[2]   ; 3.3-V LVTTL  ; 0 s                 ; 0 s                 ; 3.08 V                       ; 5.04e-07 V                   ; 3.08 V              ; -0.0053 V           ; 0.206 V                              ; 0.247 V                              ; 5.77e-09 s                  ; 4.45e-09 s                  ; Yes                        ; Yes                        ; 3.08 V                      ; 5.04e-07 V                  ; 3.08 V             ; -0.0053 V          ; 0.206 V                             ; 0.247 V                             ; 5.77e-09 s                 ; 4.45e-09 s                 ; Yes                       ; Yes                       ;
; seg_high[3]   ; 3.3-V LVTTL  ; 0 s                 ; 0 s                 ; 3.08 V                       ; 5.04e-07 V                   ; 3.11 V              ; -0.0469 V           ; 0.191 V                              ; 0.215 V                              ; 1.08e-09 s                  ; 8.62e-10 s                  ; Yes                        ; No                         ; 3.08 V                      ; 5.04e-07 V                  ; 3.11 V             ; -0.0469 V          ; 0.191 V                             ; 0.215 V                             ; 1.08e-09 s                 ; 8.62e-10 s                 ; Yes                       ; No                        ;
; seg_high[4]   ; 3.3-V LVTTL  ; 0 s                 ; 0 s                 ; 3.08 V                       ; 5.04e-07 V                   ; 3.11 V              ; -0.0469 V           ; 0.191 V                              ; 0.215 V                              ; 1.08e-09 s                  ; 8.62e-10 s                  ; Yes                        ; No                         ; 3.08 V                      ; 5.04e-07 V                  ; 3.11 V             ; -0.0469 V          ; 0.191 V                             ; 0.215 V                             ; 1.08e-09 s                 ; 8.62e-10 s                 ; Yes                       ; No                        ;
; seg_high[5]   ; 3.3-V LVTTL  ; 0 s                 ; 0 s                 ; 3.08 V                       ; 5.04e-07 V                   ; 3.11 V              ; -0.0469 V           ; 0.191 V                              ; 0.215 V                              ; 1.08e-09 s                  ; 8.62e-10 s                  ; Yes                        ; No                         ; 3.08 V                      ; 5.04e-07 V                  ; 3.11 V             ; -0.0469 V          ; 0.191 V                             ; 0.215 V                             ; 1.08e-09 s                 ; 8.62e-10 s                 ; Yes                       ; No                        ;
; seg_high[6]   ; 3.3-V LVTTL  ; 0 s                 ; 0 s                 ; 3.08 V                       ; 5.04e-07 V                   ; 3.11 V              ; -0.0469 V           ; 0.191 V                              ; 0.215 V                              ; 1.08e-09 s                  ; 8.62e-10 s                  ; Yes                        ; No                         ; 3.08 V                      ; 5.04e-07 V                  ; 3.11 V             ; -0.0469 V          ; 0.191 V                             ; 0.215 V                             ; 1.08e-09 s                 ; 8.62e-10 s                 ; Yes                       ; No                        ;
; seg_low[0]    ; 3.3-V LVTTL  ; 0 s                 ; 0 s                 ; 3.08 V                       ; 5.04e-07 V                   ; 3.11 V              ; -0.0469 V           ; 0.191 V                              ; 0.215 V                              ; 1.08e-09 s                  ; 8.62e-10 s                  ; Yes                        ; No                         ; 3.08 V                      ; 5.04e-07 V                  ; 3.11 V             ; -0.0469 V          ; 0.191 V                             ; 0.215 V                             ; 1.08e-09 s                 ; 8.62e-10 s                 ; Yes                       ; No                        ;
; seg_low[1]    ; 3.3-V LVTTL  ; 0 s                 ; 0 s                 ; 3.08 V                       ; 5.04e-07 V                   ; 3.11 V              ; -0.0469 V           ; 0.191 V                              ; 0.215 V                              ; 1.08e-09 s                  ; 8.62e-10 s                  ; Yes                        ; No                         ; 3.08 V                      ; 5.04e-07 V                  ; 3.11 V             ; -0.0469 V          ; 0.191 V                             ; 0.215 V                             ; 1.08e-09 s                 ; 8.62e-10 s                 ; Yes                       ; No                        ;
; seg_low[2]    ; 3.3-V LVTTL  ; 0 s                 ; 0 s                 ; 3.08 V                       ; 5.04e-07 V                   ; 3.11 V              ; -0.0624 V           ; 0.233 V                              ; 0.172 V                              ; 6.86e-10 s                  ; 6.33e-10 s                  ; Yes                        ; No                         ; 3.08 V                      ; 5.04e-07 V                  ; 3.11 V             ; -0.0624 V          ; 0.233 V                             ; 0.172 V                             ; 6.86e-10 s                 ; 6.33e-10 s                 ; Yes                       ; No                        ;
; seg_low[3]    ; 3.3-V LVTTL  ; 0 s                 ; 0 s                 ; 3.08 V                       ; 5.04e-07 V                   ; 3.11 V              ; -0.0469 V           ; 0.191 V                              ; 0.215 V                              ; 1.08e-09 s                  ; 8.62e-10 s                  ; Yes                        ; No                         ; 3.08 V                      ; 5.04e-07 V                  ; 3.11 V             ; -0.0469 V          ; 0.191 V                             ; 0.215 V                             ; 1.08e-09 s                 ; 8.62e-10 s                 ; Yes                       ; No                        ;
; seg_low[4]    ; 3.3-V LVTTL  ; 0 s                 ; 0 s                 ; 3.08 V                       ; 5.04e-07 V                   ; 3.11 V              ; -0.0624 V           ; 0.233 V                              ; 0.172 V                              ; 6.86e-10 s                  ; 6.33e-10 s                  ; Yes                        ; No                         ; 3.08 V                      ; 5.04e-07 V                  ; 3.11 V             ; -0.0624 V          ; 0.233 V                             ; 0.172 V                             ; 6.86e-10 s                 ; 6.33e-10 s                 ; Yes                       ; No                        ;
; seg_low[5]    ; 3.3-V LVTTL  ; 0 s                 ; 0 s                 ; 3.08 V                       ; 5.04e-07 V                   ; 3.11 V              ; -0.0624 V           ; 0.233 V                              ; 0.172 V                              ; 6.86e-10 s                  ; 6.33e-10 s                  ; Yes                        ; No                         ; 3.08 V                      ; 5.04e-07 V                  ; 3.11 V             ; -0.0624 V          ; 0.233 V                             ; 0.172 V                             ; 6.86e-10 s                 ; 6.33e-10 s                 ; Yes                       ; No                        ;
; seg_low[6]    ; 3.3-V LVTTL  ; 0 s                 ; 0 s                 ; 3.08 V                       ; 7.5e-07 V                    ; 3.11 V              ; -0.0503 V           ; 0.122 V                              ; 0.172 V                              ; 7.08e-10 s                  ; 6.43e-10 s                  ; Yes                        ; Yes                        ; 3.08 V                      ; 7.5e-07 V                   ; 3.11 V             ; -0.0503 V          ; 0.122 V                             ; 0.172 V                             ; 7.08e-10 s                 ; 6.43e-10 s                 ; Yes                       ; Yes                       ;
; ~ALTERA_DCLK~ ; 3.3-V LVTTL  ; 0 s                 ; 0 s                 ; 3.08 V                       ; 2.6e-07 V                    ; 3.13 V              ; -0.103 V            ; 0.164 V                              ; 0.134 V                              ; 3.14e-10 s                  ; 4.05e-10 s                  ; Yes                        ; No                         ; 3.08 V                      ; 2.6e-07 V                   ; 3.13 V             ; -0.103 V           ; 0.164 V                             ; 0.134 V                             ; 3.14e-10 s                 ; 4.05e-10 s                 ; Yes                       ; No                        ;
+---------------+--------------+---------------------+---------------------+------------------------------+------------------------------+---------------------+---------------------+--------------------------------------+--------------------------------------+-----------------------------+-----------------------------+----------------------------+----------------------------+-----------------------------+-----------------------------+--------------------+--------------------+-------------------------------------+-------------------------------------+----------------------------+----------------------------+---------------------------+---------------------------+


+--------------------------------------------------------------------------------------------------------------------------------------------------------------------------------------------------------------------------------------------------------------------------------------------------------------------------------------------------------------------------------------------------------------------------------------------------------------------------------------------------------------------------------------------------------------------------------------------------------------------------------------------------------------------------------------------+
; Signal Integrity Metrics (Fast 1200mv 0c Model)                                                                                                                                                                                                                                                                                                                                                                                                                                                                                                                                                                                                                                            ;
+---------------+--------------+---------------------+---------------------+------------------------------+------------------------------+---------------------+---------------------+--------------------------------------+--------------------------------------+-----------------------------+-----------------------------+----------------------------+----------------------------+-----------------------------+-----------------------------+--------------------+--------------------+-------------------------------------+-------------------------------------+----------------------------+----------------------------+---------------------------+---------------------------+
; Pin           ; I/O Standard ; Board Delay on Rise ; Board Delay on Fall ; Steady State Voh at FPGA Pin ; Steady State Vol at FPGA Pin ; Voh Max at FPGA Pin ; Vol Min at FPGA Pin ; Ringback Voltage on Rise at FPGA Pin ; Ringback Voltage on Fall at FPGA Pin ; 10-90 Rise Time at FPGA Pin ; 90-10 Fall Time at FPGA Pin ; Monotonic Rise at FPGA Pin ; Monotonic Fall at FPGA Pin ; Steady State Voh at Far-end ; Steady State Vol at Far-end ; Voh Max at Far-end ; Vol Min at Far-end ; Ringback Voltage on Rise at Far-end ; Ringback Voltage on Fall at Far-end ; 10-90 Rise Time at Far-end ; 90-10 Fall Time at Far-end ; Monotonic Rise at Far-end ; Monotonic Fall at Far-end ;
+---------------+--------------+---------------------+---------------------+------------------------------+------------------------------+---------------------+---------------------+--------------------------------------+--------------------------------------+-----------------------------+-----------------------------+----------------------------+----------------------------+-----------------------------+-----------------------------+--------------------+--------------------+-------------------------------------+-------------------------------------+----------------------------+----------------------------+---------------------------+---------------------------+
; main_red      ; 3.3-V LVTTL  ; 0 s                 ; 0 s                 ; 3.46 V                       ; 1.85e-07 V                   ; 3.57 V              ; -0.141 V            ; 0.301 V                              ; 0.239 V                              ; 4.61e-10 s                  ; 4.2e-10 s                   ; No                         ; No                         ; 3.46 V                      ; 1.85e-07 V                  ; 3.57 V             ; -0.141 V           ; 0.301 V                             ; 0.239 V                             ; 4.61e-10 s                 ; 4.2e-10 s                  ; No                        ; No                        ;
; main_yellow   ; 3.3-V LVTTL  ; 0 s                 ; 0 s                 ; 3.46 V                       ; 1.25e-07 V                   ; 3.6 V               ; -0.127 V            ; 0.302 V                              ; 0.21 V                               ; 4.55e-10 s                  ; 4.11e-10 s                  ; No                         ; No                         ; 3.46 V                      ; 1.25e-07 V                  ; 3.6 V              ; -0.127 V           ; 0.302 V                             ; 0.21 V                              ; 4.55e-10 s                 ; 4.11e-10 s                 ; No                        ; No                        ;
; main_green    ; 3.3-V LVTTL  ; 0 s                 ; 0 s                 ; 3.46 V                       ; 1.25e-07 V                   ; 3.6 V               ; -0.127 V            ; 0.302 V                              ; 0.21 V                               ; 4.55e-10 s                  ; 4.11e-10 s                  ; No                         ; No                         ; 3.46 V                      ; 1.25e-07 V                  ; 3.6 V              ; -0.127 V           ; 0.302 V                             ; 0.21 V                              ; 4.55e-10 s                 ; 4.11e-10 s                 ; No                        ; No                        ;
; branch_red    ; 3.3-V LVTTL  ; 0 s                 ; 0 s                 ; 3.46 V                       ; 1.85e-07 V                   ; 3.57 V              ; -0.141 V            ; 0.301 V                              ; 0.239 V                              ; 4.61e-10 s                  ; 4.2e-10 s                   ; No                         ; No                         ; 3.46 V                      ; 1.85e-07 V                  ; 3.57 V             ; -0.141 V           ; 0.301 V                             ; 0.239 V                             ; 4.61e-10 s                 ; 4.2e-10 s                  ; No                        ; No                        ;
; branch_yellow ; 3.3-V LVTTL  ; 0 s                 ; 0 s                 ; 3.46 V                       ; 1.85e-07 V                   ; 3.57 V              ; -0.141 V            ; 0.301 V                              ; 0.239 V                              ; 4.61e-10 s                  ; 4.2e-10 s                   ; No                         ; No                         ; 3.46 V                      ; 1.85e-07 V                  ; 3.57 V             ; -0.141 V           ; 0.301 V                             ; 0.239 V                             ; 4.61e-10 s                 ; 4.2e-10 s                  ; No                        ; No                        ;
; branch_green  ; 3.3-V LVTTL  ; 0 s                 ; 0 s                 ; 3.46 V                       ; 1.25e-07 V                   ; 3.57 V              ; -0.0855 V           ; 0.315 V                              ; 0.175 V                              ; 6.79e-10 s                  ; 6.15e-10 s                  ; No                         ; No                         ; 3.46 V                      ; 1.25e-07 V                  ; 3.57 V             ; -0.0855 V          ; 0.315 V                             ; 0.175 V                             ; 6.79e-10 s                 ; 6.15e-10 s                 ; No                        ; No                        ;
; seg_high[0]   ; 3.3-V LVTTL  ; 0 s                 ; 0 s                 ; 3.46 V                       ; 1.25e-07 V                   ; 3.6 V               ; -0.127 V            ; 0.302 V                              ; 0.21 V                               ; 4.55e-10 s                  ; 4.11e-10 s                  ; No                         ; No                         ; 3.46 V                      ; 1.25e-07 V                  ; 3.6 V              ; -0.127 V           ; 0.302 V                             ; 0.21 V                              ; 4.55e-10 s                 ; 4.11e-10 s                 ; No                        ; No                        ;
; seg_high[1]   ; 3.3-V LVTTL  ; 0 s                 ; 0 s                 ; 3.46 V                       ; 1.25e-07 V                   ; 3.6 V               ; -0.127 V            ; 0.302 V                              ; 0.21 V                               ; 4.55e-10 s                  ; 4.11e-10 s                  ; No                         ; No                         ; 3.46 V                      ; 1.25e-07 V                  ; 3.6 V              ; -0.127 V           ; 0.302 V                             ; 0.21 V                              ; 4.55e-10 s                 ; 4.11e-10 s                 ; No                        ; No                        ;
; seg_high[2]   ; 3.3-V LVTTL  ; 0 s                 ; 0 s                 ; 3.46 V                       ; 1.25e-07 V                   ; 3.48 V              ; -0.0162 V           ; 0.354 V                              ; 0.317 V                              ; 3.88e-09 s                  ; 3.06e-09 s                  ; No                         ; No                         ; 3.46 V                      ; 1.25e-07 V                  ; 3.48 V             ; -0.0162 V          ; 0.354 V                             ; 0.317 V                             ; 3.88e-09 s                 ; 3.06e-09 s                 ; No                        ; No                        ;
; seg_high[3]   ; 3.3-V LVTTL  ; 0 s                 ; 0 s                 ; 3.46 V                       ; 1.25e-07 V                   ; 3.57 V              ; -0.0855 V           ; 0.315 V                              ; 0.175 V                              ; 6.79e-10 s                  ; 6.15e-10 s                  ; No                         ; No                         ; 3.46 V                      ; 1.25e-07 V                  ; 3.57 V             ; -0.0855 V          ; 0.315 V                             ; 0.175 V                             ; 6.79e-10 s                 ; 6.15e-10 s                 ; No                        ; No                        ;
; seg_high[4]   ; 3.3-V LVTTL  ; 0 s                 ; 0 s                 ; 3.46 V                       ; 1.25e-07 V                   ; 3.57 V              ; -0.0855 V           ; 0.315 V                              ; 0.175 V                              ; 6.79e-10 s                  ; 6.15e-10 s                  ; No                         ; No                         ; 3.46 V                      ; 1.25e-07 V                  ; 3.57 V             ; -0.0855 V          ; 0.315 V                             ; 0.175 V                             ; 6.79e-10 s                 ; 6.15e-10 s                 ; No                        ; No                        ;
; seg_high[5]   ; 3.3-V LVTTL  ; 0 s                 ; 0 s                 ; 3.46 V                       ; 1.25e-07 V                   ; 3.57 V              ; -0.0855 V           ; 0.315 V                              ; 0.175 V                              ; 6.79e-10 s                  ; 6.15e-10 s                  ; No                         ; No                         ; 3.46 V                      ; 1.25e-07 V                  ; 3.57 V             ; -0.0855 V          ; 0.315 V                             ; 0.175 V                             ; 6.79e-10 s                 ; 6.15e-10 s                 ; No                        ; No                        ;
; seg_high[6]   ; 3.3-V LVTTL  ; 0 s                 ; 0 s                 ; 3.46 V                       ; 1.25e-07 V                   ; 3.57 V              ; -0.0855 V           ; 0.315 V                              ; 0.175 V                              ; 6.79e-10 s                  ; 6.15e-10 s                  ; No                         ; No                         ; 3.46 V                      ; 1.25e-07 V                  ; 3.57 V             ; -0.0855 V          ; 0.315 V                             ; 0.175 V                             ; 6.79e-10 s                 ; 6.15e-10 s                 ; No                        ; No                        ;
; seg_low[0]    ; 3.3-V LVTTL  ; 0 s                 ; 0 s                 ; 3.46 V                       ; 1.25e-07 V                   ; 3.57 V              ; -0.0855 V           ; 0.315 V                              ; 0.175 V                              ; 6.79e-10 s                  ; 6.15e-10 s                  ; No                         ; No                         ; 3.46 V                      ; 1.25e-07 V                  ; 3.57 V             ; -0.0855 V          ; 0.315 V                             ; 0.175 V                             ; 6.79e-10 s                 ; 6.15e-10 s                 ; No                        ; No                        ;
; seg_low[1]    ; 3.3-V LVTTL  ; 0 s                 ; 0 s                 ; 3.46 V                       ; 1.25e-07 V                   ; 3.57 V              ; -0.0855 V           ; 0.315 V                              ; 0.175 V                              ; 6.79e-10 s                  ; 6.15e-10 s                  ; No                         ; No                         ; 3.46 V                      ; 1.25e-07 V                  ; 3.57 V             ; -0.0855 V          ; 0.315 V                             ; 0.175 V                             ; 6.79e-10 s                 ; 6.15e-10 s                 ; No                        ; No                        ;
; seg_low[2]    ; 3.3-V LVTTL  ; 0 s                 ; 0 s                 ; 3.46 V                       ; 1.25e-07 V                   ; 3.6 V               ; -0.127 V            ; 0.302 V                              ; 0.21 V                               ; 4.55e-10 s                  ; 4.11e-10 s                  ; No                         ; No                         ; 3.46 V                      ; 1.25e-07 V                  ; 3.6 V              ; -0.127 V           ; 0.302 V                             ; 0.21 V                              ; 4.55e-10 s                 ; 4.11e-10 s                 ; No                        ; No                        ;
; seg_low[3]    ; 3.3-V LVTTL  ; 0 s                 ; 0 s                 ; 3.46 V                       ; 1.25e-07 V                   ; 3.57 V              ; -0.0855 V           ; 0.315 V                              ; 0.175 V                              ; 6.79e-10 s                  ; 6.15e-10 s                  ; No                         ; No                         ; 3.46 V                      ; 1.25e-07 V                  ; 3.57 V             ; -0.0855 V          ; 0.315 V                             ; 0.175 V                             ; 6.79e-10 s                 ; 6.15e-10 s                 ; No                        ; No                        ;
; seg_low[4]    ; 3.3-V LVTTL  ; 0 s                 ; 0 s                 ; 3.46 V                       ; 1.25e-07 V                   ; 3.6 V               ; -0.127 V            ; 0.302 V                              ; 0.21 V                               ; 4.55e-10 s                  ; 4.11e-10 s                  ; No                         ; No                         ; 3.46 V                      ; 1.25e-07 V                  ; 3.6 V              ; -0.127 V           ; 0.302 V                             ; 0.21 V                              ; 4.55e-10 s                 ; 4.11e-10 s                 ; No                        ; No                        ;
; seg_low[5]    ; 3.3-V LVTTL  ; 0 s                 ; 0 s                 ; 3.46 V                       ; 1.25e-07 V                   ; 3.6 V               ; -0.127 V            ; 0.302 V                              ; 0.21 V                               ; 4.55e-10 s                  ; 4.11e-10 s                  ; No                         ; No                         ; 3.46 V                      ; 1.25e-07 V                  ; 3.6 V              ; -0.127 V           ; 0.302 V                             ; 0.21 V                              ; 4.55e-10 s                 ; 4.11e-10 s                 ; No                        ; No                        ;
; seg_low[6]    ; 3.3-V LVTTL  ; 0 s                 ; 0 s                 ; 3.46 V                       ; 1.85e-07 V                   ; 3.57 V              ; -0.141 V            ; 0.301 V                              ; 0.239 V                              ; 4.61e-10 s                  ; 4.2e-10 s                   ; No                         ; No                         ; 3.46 V                      ; 1.85e-07 V                  ; 3.57 V             ; -0.141 V           ; 0.301 V                             ; 0.239 V                             ; 4.61e-10 s                 ; 4.2e-10 s                  ; No                        ; No                        ;
; ~ALTERA_DCLK~ ; 3.3-V LVTTL  ; 0 s                 ; 0 s                 ; 3.46 V                       ; 6.54e-08 V                   ; 3.66 V              ; -0.26 V             ; 0.41 V                               ; 0.32 V                               ; 1.57e-10 s                  ; 2.15e-10 s                  ; No                         ; Yes                        ; 3.46 V                      ; 6.54e-08 V                  ; 3.66 V             ; -0.26 V            ; 0.41 V                              ; 0.32 V                              ; 1.57e-10 s                 ; 2.15e-10 s                 ; No                        ; Yes                       ;
+---------------+--------------+---------------------+---------------------+------------------------------+------------------------------+---------------------+---------------------+--------------------------------------+--------------------------------------+-----------------------------+-----------------------------+----------------------------+----------------------------+-----------------------------+-----------------------------+--------------------+--------------------+-------------------------------------+-------------------------------------+----------------------------+----------------------------+---------------------------+---------------------------+


+-------------------------------------------------------------------------------------------------------------------+
; Setup Transfers                                                                                                   ;
+-----------------------------------+-----------------------------------+----------+----------+----------+----------+
; From Clock                        ; To Clock                          ; RR Paths ; FR Paths ; RF Paths ; FF Paths ;
+-----------------------------------+-----------------------------------+----------+----------+----------+----------+
; clk_50MHz                         ; clk_50MHz                         ; 403      ; 0        ; 0        ; 0        ;
; Clock_Generator:U_CLK_GEN|clk_int ; clk_50MHz                         ; 1        ; 1        ; 0        ; 0        ;
; Clock_Generator:U_CLK_GEN|clk_int ; Clock_Generator:U_CLK_GEN|clk_int ; 121      ; 0        ; 0        ; 0        ;
+-----------------------------------+-----------------------------------+----------+----------+----------+----------+
Entries labeled "false path" only account for clock-to-clock false paths and not path-based false paths. As a result, actual path counts may be lower than reported.


+-------------------------------------------------------------------------------------------------------------------+
; Hold Transfers                                                                                                    ;
+-----------------------------------+-----------------------------------+----------+----------+----------+----------+
; From Clock                        ; To Clock                          ; RR Paths ; FR Paths ; RF Paths ; FF Paths ;
+-----------------------------------+-----------------------------------+----------+----------+----------+----------+
; clk_50MHz                         ; clk_50MHz                         ; 403      ; 0        ; 0        ; 0        ;
; Clock_Generator:U_CLK_GEN|clk_int ; clk_50MHz                         ; 1        ; 1        ; 0        ; 0        ;
; Clock_Generator:U_CLK_GEN|clk_int ; Clock_Generator:U_CLK_GEN|clk_int ; 121      ; 0        ; 0        ; 0        ;
+-----------------------------------+-----------------------------------+----------+----------+----------+----------+
Entries labeled "false path" only account for clock-to-clock false paths and not path-based false paths. As a result, actual path counts may be lower than reported.


---------------
; Report TCCS ;
---------------
No dedicated SERDES Transmitter circuitry present in device or used in design


---------------
; Report RSKM ;
---------------
No non-DPA dedicated SERDES Receiver circuitry present in device or used in design


+------------------------------------------------+
; Unconstrained Paths                            ;
+---------------------------------+-------+------+
; Property                        ; Setup ; Hold ;
+---------------------------------+-------+------+
; Illegal Clocks                  ; 0     ; 0    ;
; Unconstrained Clocks            ; 0     ; 0    ;
; Unconstrained Input Ports       ; 2     ; 2    ;
; Unconstrained Input Port Paths  ; 50    ; 50   ;
; Unconstrained Output Ports      ; 20    ; 20   ;
; Unconstrained Output Port Paths ; 55    ; 55   ;
+---------------------------------+-------+------+


+------------------------------------+
; TimeQuest Timing Analyzer Messages ;
+------------------------------------+
Info: *******************************************************************
Info: Running Quartus II 64-Bit TimeQuest Timing Analyzer
    Info: Version 13.1.0 Build 162 10/23/2013 SJ Full Version
    Info: Processing started: Tue Jun 16 18:08:57 2026
Info: Command: quartus_sta Traffic_Light_Controller -c Traffic_Light_Controller
Info: qsta_default_script.tcl version: #1
Info (11104): Parallel Compilation has detected 16 hyper-threaded processors. However, the extra hyper-threaded processors will not be used by default. Parallel Compilation will use 10 of the 10 physical processors detected instead.
Info (21077): Low junction temperature is 0 degrees C
Info (21077): High junction temperature is 85 degrees C
Critical Warning (332012): Synopsys Design Constraints File file not found: 'Traffic_Light_Controller.sdc'. A Synopsys Design Constraints File is required by the TimeQuest Timing Analyzer to get proper timing constraints. Without it, the Compiler will not properly optimize the design.
Info (332142): No user constrained base clocks found in the design. Calling "derive_clocks -period 1.0"
Info (332105): Deriving Clocks
    Info (332105): create_clock -period 1.000 -name clk_50MHz clk_50MHz
    Info (332105): create_clock -period 1.000 -name Clock_Generator:U_CLK_GEN|clk_int Clock_Generator:U_CLK_GEN|clk_int
Info (332143): No user constrained clock uncertainty found in the design. Calling "derive_clock_uncertainty"
Info (332123): Deriving Clock Uncertainty. Please refer to report_sdc in TimeQuest to see clock uncertainties.
Info: Found TIMEQUEST_REPORT_SCRIPT_INCLUDE_DEFAULT_ANALYSIS = ON
Info: Analyzing Slow 1200mV 85C Model
Critical Warning (332148): Timing requirements not met
    Info (11105): For recommendations on closing timing, run Report Timing Closure Recommendations in the TimeQuest Timing Analyzer.
Info (332146): Worst-case setup slack is -3.438
    Info (332119):     Slack       End Point TNS Clock 
    Info (332119): ========= =================== =====================
    Info (332119):    -3.438             -51.401 clk_50MHz 
    Info (332119):    -1.936             -22.239 Clock_Generator:U_CLK_GEN|clk_int 
Info (332146): Worst-case hold slack is 0.136
    Info (332119):     Slack       End Point TNS Clock 
    Info (332119): ========= =================== =====================
    Info (332119):     0.136               0.000 clk_50MHz 
    Info (332119):     0.454               0.000 Clock_Generator:U_CLK_GEN|clk_int 
Info (332140): No Recovery paths to report
Info (332140): No Removal paths to report
Info (332146): Worst-case minimum pulse width slack is -3.000
    Info (332119):     Slack       End Point TNS Clock 
    Info (332119): ========= =================== =====================
    Info (332119):    -3.000             -43.149 clk_50MHz 
    Info (332119):    -1.487             -31.227 Clock_Generator:U_CLK_GEN|clk_int 
Info: Analyzing Slow 1200mV 0C Model
Info (334003): Started post-fitting delay annotation
Info (334004): Delay annotation completed successfully
Info (332123): Deriving Clock Uncertainty. Please refer to report_sdc in TimeQuest to see clock uncertainties.
Critical Warning (332148): Timing requirements not met
    Info (11105): For recommendations on closing timing, run Report Timing Closure Recommendations in the TimeQuest Timing Analyzer.
Info (332146): Worst-case setup slack is -3.174
    Info (332119):     Slack       End Point TNS Clock 
    Info (332119): ========= =================== =====================
    Info (332119):    -3.174             -43.321 clk_50MHz 
    Info (332119):    -1.738             -18.987 Clock_Generator:U_CLK_GEN|clk_int 
Info (332146): Worst-case hold slack is 0.206
    Info (332119):     Slack       End Point TNS Clock 
    Info (332119): ========= =================== =====================
    Info (332119):     0.206               0.000 clk_50MHz 
    Info (332119):     0.403               0.000 Clock_Generator:U_CLK_GEN|clk_int 
Info (332140): No Recovery paths to report
Info (332140): No Removal paths to report
Info (332146): Worst-case minimum pulse width slack is -3.000
    Info (332119):     Slack       End Point TNS Clock 
    Info (332119): ========= =================== =====================
    Info (332119):    -3.000             -43.149 clk_50MHz 
    Info (332119):    -1.487             -31.227 Clock_Generator:U_CLK_GEN|clk_int 
Info: Analyzing Fast 1200mV 0C Model
Info (332123): Deriving Clock Uncertainty. Please refer to report_sdc in TimeQuest to see clock uncertainties.
Critical Warning (332148): Timing requirements not met
    Info (11105): For recommendations on closing timing, run Report Timing Closure Recommendations in the TimeQuest Timing Analyzer.
Info (332146): Worst-case setup slack is -0.850
    Info (332119):     Slack       End Point TNS Clock 
    Info (332119): ========= =================== =====================
    Info (332119):    -0.850              -8.053 clk_50MHz 
    Info (332119):    -0.276              -1.715 Clock_Generator:U_CLK_GEN|clk_int 
Info (332146): Worst-case hold slack is -0.034
    Info (332119):     Slack       End Point TNS Clock 
    Info (332119): ========= =================== =====================
    Info (332119):    -0.034              -0.034 clk_50MHz 
    Info (332119):     0.186               0.000 Clock_Generator:U_CLK_GEN|clk_int 
Info (332140): No Recovery paths to report
Info (332140): No Removal paths to report
Info (332146): Worst-case minimum pulse width slack is -3.000
    Info (332119):     Slack       End Point TNS Clock 
    Info (332119): ========= =================== =====================
    Info (332119):    -3.000             -38.056 clk_50MHz 
    Info (332119):    -1.000             -21.000 Clock_Generator:U_CLK_GEN|clk_int 
Info (332102): Design is not fully constrained for setup requirements
Info (332102): Design is not fully constrained for hold requirements
Info: Quartus II 64-Bit TimeQuest Timing Analyzer was successful. 0 errors, 4 warnings
    Info: Peak virtual memory: 4747 megabytes
    Info: Processing ended: Tue Jun 16 18:08:59 2026
    Info: Elapsed time: 00:00:02
    Info: Total CPU time (on all processors): 00:00:01


